episode_id	env_time	agent_id	action
0f501bec-ec75-4d2a-b7c2-5fdd6e7aad27	2	3	2
0f501bec-ec75-4d2a-b7c2-5fdd6e7aad27	2	4	2
0f501bec-ec75-4d2a-b7c2-5fdd6e7aad27	3	0	2
0f501bec-ec75-4d2a-b7c2-5fdd6e7aad27	3	3	1
0f501bec-ec75-4d2a-b7c2-5fdd6e7aad27	3	4	2
0f501bec-ec75-4d2a-b7c2-5fdd6e7aad27	3	5	2
0f501bec-ec75-4d2a-b7c2-5fdd6e7aad27	4	0	2
0f501bec-ec75-4d2a-b7c2-5fdd6e7aad27	4	3	3
0f501bec-ec75-4d2a-b7c2-5fdd6e7aad27	4	4	2
0f501bec-ec75-4d2a-b7c2-5fdd6e7aad27	4	5	2
0f501bec-ec75-4d2a-b7c2-5fdd6e7aad27	4	6	2
0f501bec-ec75-4d2a-b7c2-5fdd6e7aad27	5	0	2
0f501bec-ec75-4d2a-b7c2-5fdd6e7aad27	5	3	1
0f501bec-ec75-4d2a-b7c2-5fdd6e7aad27	5	4	2
0f501bec-ec75-4d2a-b7c2-5fdd6e7aad27	5	5	2
0f501bec-ec75-4d2a-b7c2-5fdd6e7aad27	5	6	2
0f501bec-ec75-4d2a-b7c2-5fdd6e7aad27	6	0	2
0f501bec-ec75-4d2a-b7c2-5fdd6e7aad27	6	1	2
0f501bec-ec75-4d2a-b7c2-5fdd6e7aad27	6	3	3
0f501bec-ec75-4d2a-b7c2-5fdd6e7aad27	6	4	2
0f501bec-ec75-4d2a-b7c2-5fdd6e7aad27	6	5	2
0f501bec-ec75-4d2a-b7c2-5fdd6e7aad27	6	6	2
0f501bec-ec75-4d2a-b7c2-5fdd6e7aad27	7	0	2
0f501bec-ec75-4d2a-b7c2-5fdd6e7aad27	7	1	2
0f501bec-ec75-4d2a-b7c2-5fdd6e7aad27	7	2	2
0f501bec-ec75-4d2a-b7c2-5fdd6e7aad27	7	3	2
0f501bec-ec75-4d2a-b7c2-5fdd6e7aad27	7	4	1
0f501bec-ec75-4d2a-b7c2-5fdd6e7aad27	7	5	2
0f501bec-ec75-4d2a-b7c2-5fdd6e7aad27	7	6	2
0f501bec-ec75-4d2a-b7c2-5fdd6e7aad27	7	8	2
0f501bec-ec75-4d2a-b7c2-5fdd6e7aad27	8	0	1
0f501bec-ec75-4d2a-b7c2-5fdd6e7aad27	8	1	2
0f501bec-ec75-4d2a-b7c2-5fdd6e7aad27	8	2	2
0f501bec-ec75-4d2a-b7c2-5fdd6e7aad27	8	3	2
0f501bec-ec75-4d2a-b7c2-5fdd6e7aad27	8	4	2
0f501bec-ec75-4d2a-b7c2-5fdd6e7aad27	8	5	3
0f501bec-ec75-4d2a-b7c2-5fdd6e7aad27	8	6	2
0f501bec-ec75-4d2a-b7c2-5fdd6e7aad27	8	7	2
0f501bec-ec75-4d2a-b7c2-5fdd6e7aad27	8	8	2
0f501bec-ec75-4d2a-b7c2-5fdd6e7aad27	9	0	2
0f501bec-ec75-4d2a-b7c2-5fdd6e7aad27	9	1	2
0f501bec-ec75-4d2a-b7c2-5fdd6e7aad27	9	2	2
0f501bec-ec75-4d2a-b7c2-5fdd6e7aad27	9	3	1
0f501bec-ec75-4d2a-b7c2-5fdd6e7aad27	9	4	2
0f501bec-ec75-4d2a-b7c2-5fdd6e7aad27	9	5	2
0f501bec-ec75-4d2a-b7c2-5fdd6e7aad27	9	6	2
0f501bec-ec75-4d2a-b7c2-5fdd6e7aad27	9	7	2
0f501bec-ec75-4d2a-b7c2-5fdd6e7aad27	9	8	2
0f501bec-ec75-4d2a-b7c2-5fdd6e7aad27	10	0	2
0f501bec-ec75-4d2a-b7c2-5fdd6e7aad27	10	1	2
0f501bec-ec75-4d2a-b7c2-5fdd6e7aad27	10	2	2
0f501bec-ec75-4d2a-b7c2-5fdd6e7aad27	10	3	2
0f501bec-ec75-4d2a-b7c2-5fdd6e7aad27	10	4	2
0f501bec-ec75-4d2a-b7c2-5fdd6e7aad27	10	5	2
0f501bec-ec75-4d2a-b7c2-5fdd6e7aad27	10	6	1
0f501bec-ec75-4d2a-b7c2-5fdd6e7aad27	10	7	2
0f501bec-ec75-4d2a-b7c2-5fdd6e7aad27	10	8	2
0f501bec-ec75-4d2a-b7c2-5fdd6e7aad27	11	0	2
0f501bec-ec75-4d2a-b7c2-5fdd6e7aad27	11	1	3
0f501bec-ec75-4d2a-b7c2-5fdd6e7aad27	11	2	2
0f501bec-ec75-4d2a-b7c2-5fdd6e7aad27	11	3	2
0f501bec-ec75-4d2a-b7c2-5fdd6e7aad27	11	4	1
0f501bec-ec75-4d2a-b7c2-5fdd6e7aad27	11	5	2
0f501bec-ec75-4d2a-b7c2-5fdd6e7aad27	11	6	2
0f501bec-ec75-4d2a-b7c2-5fdd6e7aad27	11	7	2
0f501bec-ec75-4d2a-b7c2-5fdd6e7aad27	11	8	2
0f501bec-ec75-4d2a-b7c2-5fdd6e7aad27	12	0	1
0f501bec-ec75-4d2a-b7c2-5fdd6e7aad27	12	1	2
0f501bec-ec75-4d2a-b7c2-5fdd6e7aad27	12	2	3
0f501bec-ec75-4d2a-b7c2-5fdd6e7aad27	12	3	2
0f501bec-ec75-4d2a-b7c2-5fdd6e7aad27	12	4	2
0f501bec-ec75-4d2a-b7c2-5fdd6e7aad27	12	5	2
0f501bec-ec75-4d2a-b7c2-5fdd6e7aad27	12	6	2
0f501bec-ec75-4d2a-b7c2-5fdd6e7aad27	12	7	2
0f501bec-ec75-4d2a-b7c2-5fdd6e7aad27	12	8	1
0f501bec-ec75-4d2a-b7c2-5fdd6e7aad27	13	0	2
0f501bec-ec75-4d2a-b7c2-5fdd6e7aad27	13	1	2
0f501bec-ec75-4d2a-b7c2-5fdd6e7aad27	13	2	2
0f501bec-ec75-4d2a-b7c2-5fdd6e7aad27	13	3	1
0f501bec-ec75-4d2a-b7c2-5fdd6e7aad27	13	4	2
0f501bec-ec75-4d2a-b7c2-5fdd6e7aad27	13	5	3
0f501bec-ec75-4d2a-b7c2-5fdd6e7aad27	13	6	2
0f501bec-ec75-4d2a-b7c2-5fdd6e7aad27	13	7	3
0f501bec-ec75-4d2a-b7c2-5fdd6e7aad27	13	8	2
0f501bec-ec75-4d2a-b7c2-5fdd6e7aad27	14	0	2
0f501bec-ec75-4d2a-b7c2-5fdd6e7aad27	14	1	2
0f501bec-ec75-4d2a-b7c2-5fdd6e7aad27	14	2	2
0f501bec-ec75-4d2a-b7c2-5fdd6e7aad27	14	3	2
0f501bec-ec75-4d2a-b7c2-5fdd6e7aad27	14	4	2
0f501bec-ec75-4d2a-b7c2-5fdd6e7aad27	14	5	2
0f501bec-ec75-4d2a-b7c2-5fdd6e7aad27	14	6	1
0f501bec-ec75-4d2a-b7c2-5fdd6e7aad27	14	7	2
0f501bec-ec75-4d2a-b7c2-5fdd6e7aad27	14	8	2
0f501bec-ec75-4d2a-b7c2-5fdd6e7aad27	14	9	2
0f501bec-ec75-4d2a-b7c2-5fdd6e7aad27	15	0	2
0f501bec-ec75-4d2a-b7c2-5fdd6e7aad27	15	1	2
0f501bec-ec75-4d2a-b7c2-5fdd6e7aad27	15	2	2
0f501bec-ec75-4d2a-b7c2-5fdd6e7aad27	15	3	2
0f501bec-ec75-4d2a-b7c2-5fdd6e7aad27	15	4	2
0f501bec-ec75-4d2a-b7c2-5fdd6e7aad27	15	5	2
0f501bec-ec75-4d2a-b7c2-5fdd6e7aad27	15	6	2
0f501bec-ec75-4d2a-b7c2-5fdd6e7aad27	15	7	2
0f501bec-ec75-4d2a-b7c2-5fdd6e7aad27	15	8	2
0f501bec-ec75-4d2a-b7c2-5fdd6e7aad27	15	9	2
0f501bec-ec75-4d2a-b7c2-5fdd6e7aad27	16	0	2
0f501bec-ec75-4d2a-b7c2-5fdd6e7aad27	16	1	3
0f501bec-ec75-4d2a-b7c2-5fdd6e7aad27	16	2	2
0f501bec-ec75-4d2a-b7c2-5fdd6e7aad27	16	3	2
0f501bec-ec75-4d2a-b7c2-5fdd6e7aad27	16	4	2
0f501bec-ec75-4d2a-b7c2-5fdd6e7aad27	16	5	2
0f501bec-ec75-4d2a-b7c2-5fdd6e7aad27	16	6	2
0f501bec-ec75-4d2a-b7c2-5fdd6e7aad27	16	7	2
0f501bec-ec75-4d2a-b7c2-5fdd6e7aad27	16	8	1
0f501bec-ec75-4d2a-b7c2-5fdd6e7aad27	16	9	2
0f501bec-ec75-4d2a-b7c2-5fdd6e7aad27	17	0	2
0f501bec-ec75-4d2a-b7c2-5fdd6e7aad27	17	1	2
0f501bec-ec75-4d2a-b7c2-5fdd6e7aad27	17	2	3
0f501bec-ec75-4d2a-b7c2-5fdd6e7aad27	17	3	2
0f501bec-ec75-4d2a-b7c2-5fdd6e7aad27	17	4	2
0f501bec-ec75-4d2a-b7c2-5fdd6e7aad27	17	5	2
0f501bec-ec75-4d2a-b7c2-5fdd6e7aad27	17	6	2
0f501bec-ec75-4d2a-b7c2-5fdd6e7aad27	17	7	2
0f501bec-ec75-4d2a-b7c2-5fdd6e7aad27	17	8	2
0f501bec-ec75-4d2a-b7c2-5fdd6e7aad27	17	9	2
0f501bec-ec75-4d2a-b7c2-5fdd6e7aad27	18	0	2
0f501bec-ec75-4d2a-b7c2-5fdd6e7aad27	18	1	2
0f501bec-ec75-4d2a-b7c2-5fdd6e7aad27	18	2	2
0f501bec-ec75-4d2a-b7c2-5fdd6e7aad27	18	3	2
0f501bec-ec75-4d2a-b7c2-5fdd6e7aad27	18	4	2
0f501bec-ec75-4d2a-b7c2-5fdd6e7aad27	18	5	2
0f501bec-ec75-4d2a-b7c2-5fdd6e7aad27	18	6	2
0f501bec-ec75-4d2a-b7c2-5fdd6e7aad27	18	7	3
0f501bec-ec75-4d2a-b7c2-5fdd6e7aad27	18	8	2
0f501bec-ec75-4d2a-b7c2-5fdd6e7aad27	18	9	2
0f501bec-ec75-4d2a-b7c2-5fdd6e7aad27	19	0	2
0f501bec-ec75-4d2a-b7c2-5fdd6e7aad27	19	1	2
0f501bec-ec75-4d2a-b7c2-5fdd6e7aad27	19	2	2
0f501bec-ec75-4d2a-b7c2-5fdd6e7aad27	19	3	2
0f501bec-ec75-4d2a-b7c2-5fdd6e7aad27	19	4	2
0f501bec-ec75-4d2a-b7c2-5fdd6e7aad27	19	5	2
0f501bec-ec75-4d2a-b7c2-5fdd6e7aad27	19	6	2
0f501bec-ec75-4d2a-b7c2-5fdd6e7aad27	19	7	2
0f501bec-ec75-4d2a-b7c2-5fdd6e7aad27	19	8	2
0f501bec-ec75-4d2a-b7c2-5fdd6e7aad27	19	9	2
0f501bec-ec75-4d2a-b7c2-5fdd6e7aad27	20	0	2
0f501bec-ec75-4d2a-b7c2-5fdd6e7aad27	20	1	2
0f501bec-ec75-4d2a-b7c2-5fdd6e7aad27	20	2	2
0f501bec-ec75-4d2a-b7c2-5fdd6e7aad27	20	3	2
0f501bec-ec75-4d2a-b7c2-5fdd6e7aad27	20	4	2
0f501bec-ec75-4d2a-b7c2-5fdd6e7aad27	20	5	2
0f501bec-ec75-4d2a-b7c2-5fdd6e7aad27	20	6	2
0f501bec-ec75-4d2a-b7c2-5fdd6e7aad27	20	7	2
0f501bec-ec75-4d2a-b7c2-5fdd6e7aad27	20	8	2
0f501bec-ec75-4d2a-b7c2-5fdd6e7aad27	20	9	2
0f501bec-ec75-4d2a-b7c2-5fdd6e7aad27	21	0	2
0f501bec-ec75-4d2a-b7c2-5fdd6e7aad27	21	1	2
0f501bec-ec75-4d2a-b7c2-5fdd6e7aad27	21	2	2
0f501bec-ec75-4d2a-b7c2-5fdd6e7aad27	21	3	2
0f501bec-ec75-4d2a-b7c2-5fdd6e7aad27	21	4	1
0f501bec-ec75-4d2a-b7c2-5fdd6e7aad27	21	5	2
0f501bec-ec75-4d2a-b7c2-5fdd6e7aad27	21	6	2
0f501bec-ec75-4d2a-b7c2-5fdd6e7aad27	21	7	2
0f501bec-ec75-4d2a-b7c2-5fdd6e7aad27	21	8	2
0f501bec-ec75-4d2a-b7c2-5fdd6e7aad27	21	9	2
0f501bec-ec75-4d2a-b7c2-5fdd6e7aad27	22	0	1
0f501bec-ec75-4d2a-b7c2-5fdd6e7aad27	22	1	2
0f501bec-ec75-4d2a-b7c2-5fdd6e7aad27	22	2	2
0f501bec-ec75-4d2a-b7c2-5fdd6e7aad27	22	3	2
0f501bec-ec75-4d2a-b7c2-5fdd6e7aad27	22	4	2
0f501bec-ec75-4d2a-b7c2-5fdd6e7aad27	22	5	2
0f501bec-ec75-4d2a-b7c2-5fdd6e7aad27	22	6	2
0f501bec-ec75-4d2a-b7c2-5fdd6e7aad27	22	7	2
0f501bec-ec75-4d2a-b7c2-5fdd6e7aad27	22	8	2
0f501bec-ec75-4d2a-b7c2-5fdd6e7aad27	22	9	2
0f501bec-ec75-4d2a-b7c2-5fdd6e7aad27	23	0	2
0f501bec-ec75-4d2a-b7c2-5fdd6e7aad27	23	1	2
0f501bec-ec75-4d2a-b7c2-5fdd6e7aad27	23	2	2
0f501bec-ec75-4d2a-b7c2-5fdd6e7aad27	23	3	1
0f501bec-ec75-4d2a-b7c2-5fdd6e7aad27	23	4	2
0f501bec-ec75-4d2a-b7c2-5fdd6e7aad27	23	5	2
0f501bec-ec75-4d2a-b7c2-5fdd6e7aad27	23	6	2
0f501bec-ec75-4d2a-b7c2-5fdd6e7aad27	23	7	2
0f501bec-ec75-4d2a-b7c2-5fdd6e7aad27	23	8	2
0f501bec-ec75-4d2a-b7c2-5fdd6e7aad27	23	9	2
0f501bec-ec75-4d2a-b7c2-5fdd6e7aad27	24	0	2
0f501bec-ec75-4d2a-b7c2-5fdd6e7aad27	24	1	2
0f501bec-ec75-4d2a-b7c2-5fdd6e7aad27	24	2	2
0f501bec-ec75-4d2a-b7c2-5fdd6e7aad27	24	3	2
0f501bec-ec75-4d2a-b7c2-5fdd6e7aad27	24	4	3
0f501bec-ec75-4d2a-b7c2-5fdd6e7aad27	24	5	3
0f501bec-ec75-4d2a-b7c2-5fdd6e7aad27	24	6	1
0f501bec-ec75-4d2a-b7c2-5fdd6e7aad27	24	7	2
0f501bec-ec75-4d2a-b7c2-5fdd6e7aad27	24	8	2
0f501bec-ec75-4d2a-b7c2-5fdd6e7aad27	24	9	2
0f501bec-ec75-4d2a-b7c2-5fdd6e7aad27	25	0	3
0f501bec-ec75-4d2a-b7c2-5fdd6e7aad27	25	1	2
0f501bec-ec75-4d2a-b7c2-5fdd6e7aad27	25	2	2
0f501bec-ec75-4d2a-b7c2-5fdd6e7aad27	25	3	2
0f501bec-ec75-4d2a-b7c2-5fdd6e7aad27	25	4	2
0f501bec-ec75-4d2a-b7c2-5fdd6e7aad27	25	5	2
0f501bec-ec75-4d2a-b7c2-5fdd6e7aad27	25	6	2
0f501bec-ec75-4d2a-b7c2-5fdd6e7aad27	25	7	2
0f501bec-ec75-4d2a-b7c2-5fdd6e7aad27	25	8	2
0f501bec-ec75-4d2a-b7c2-5fdd6e7aad27	25	9	2
0f501bec-ec75-4d2a-b7c2-5fdd6e7aad27	26	0	2
0f501bec-ec75-4d2a-b7c2-5fdd6e7aad27	26	1	2
0f501bec-ec75-4d2a-b7c2-5fdd6e7aad27	26	2	2
0f501bec-ec75-4d2a-b7c2-5fdd6e7aad27	26	3	3
0f501bec-ec75-4d2a-b7c2-5fdd6e7aad27	26	4	2
0f501bec-ec75-4d2a-b7c2-5fdd6e7aad27	26	5	2
0f501bec-ec75-4d2a-b7c2-5fdd6e7aad27	26	6	2
0f501bec-ec75-4d2a-b7c2-5fdd6e7aad27	26	7	2
0f501bec-ec75-4d2a-b7c2-5fdd6e7aad27	26	8	1
0f501bec-ec75-4d2a-b7c2-5fdd6e7aad27	26	9	2
0f501bec-ec75-4d2a-b7c2-5fdd6e7aad27	27	0	2
0f501bec-ec75-4d2a-b7c2-5fdd6e7aad27	27	1	3
0f501bec-ec75-4d2a-b7c2-5fdd6e7aad27	27	2	2
0f501bec-ec75-4d2a-b7c2-5fdd6e7aad27	27	3	2
0f501bec-ec75-4d2a-b7c2-5fdd6e7aad27	27	4	2
0f501bec-ec75-4d2a-b7c2-5fdd6e7aad27	27	5	1
0f501bec-ec75-4d2a-b7c2-5fdd6e7aad27	27	6	3
0f501bec-ec75-4d2a-b7c2-5fdd6e7aad27	27	7	2
0f501bec-ec75-4d2a-b7c2-5fdd6e7aad27	27	8	2
0f501bec-ec75-4d2a-b7c2-5fdd6e7aad27	27	9	1
0f501bec-ec75-4d2a-b7c2-5fdd6e7aad27	28	0	2
0f501bec-ec75-4d2a-b7c2-5fdd6e7aad27	28	1	2
0f501bec-ec75-4d2a-b7c2-5fdd6e7aad27	28	2	3
0f501bec-ec75-4d2a-b7c2-5fdd6e7aad27	28	3	2
0f501bec-ec75-4d2a-b7c2-5fdd6e7aad27	28	4	2
0f501bec-ec75-4d2a-b7c2-5fdd6e7aad27	28	5	2
0f501bec-ec75-4d2a-b7c2-5fdd6e7aad27	28	6	2
0f501bec-ec75-4d2a-b7c2-5fdd6e7aad27	28	7	2
0f501bec-ec75-4d2a-b7c2-5fdd6e7aad27	28	8	2
0f501bec-ec75-4d2a-b7c2-5fdd6e7aad27	28	9	2
0f501bec-ec75-4d2a-b7c2-5fdd6e7aad27	29	0	2
0f501bec-ec75-4d2a-b7c2-5fdd6e7aad27	29	1	2
0f501bec-ec75-4d2a-b7c2-5fdd6e7aad27	29	2	2
0f501bec-ec75-4d2a-b7c2-5fdd6e7aad27	29	3	2
0f501bec-ec75-4d2a-b7c2-5fdd6e7aad27	29	4	2
0f501bec-ec75-4d2a-b7c2-5fdd6e7aad27	29	5	2
0f501bec-ec75-4d2a-b7c2-5fdd6e7aad27	29	6	2
0f501bec-ec75-4d2a-b7c2-5fdd6e7aad27	29	7	3
0f501bec-ec75-4d2a-b7c2-5fdd6e7aad27	29	8	3
0f501bec-ec75-4d2a-b7c2-5fdd6e7aad27	29	9	3
0f501bec-ec75-4d2a-b7c2-5fdd6e7aad27	30	0	2
0f501bec-ec75-4d2a-b7c2-5fdd6e7aad27	30	1	1
0f501bec-ec75-4d2a-b7c2-5fdd6e7aad27	30	2	2
0f501bec-ec75-4d2a-b7c2-5fdd6e7aad27	30	3	2
0f501bec-ec75-4d2a-b7c2-5fdd6e7aad27	30	4	1
0f501bec-ec75-4d2a-b7c2-5fdd6e7aad27	30	5	2
0f501bec-ec75-4d2a-b7c2-5fdd6e7aad27	30	6	2
0f501bec-ec75-4d2a-b7c2-5fdd6e7aad27	30	7	2
0f501bec-ec75-4d2a-b7c2-5fdd6e7aad27	30	8	2
0f501bec-ec75-4d2a-b7c2-5fdd6e7aad27	30	9	2
0f501bec-ec75-4d2a-b7c2-5fdd6e7aad27	31	0	2
0f501bec-ec75-4d2a-b7c2-5fdd6e7aad27	31	1	2
0f501bec-ec75-4d2a-b7c2-5fdd6e7aad27	31	2	1
0f501bec-ec75-4d2a-b7c2-5fdd6e7aad27	31	3	2
0f501bec-ec75-4d2a-b7c2-5fdd6e7aad27	31	4	1
0f501bec-ec75-4d2a-b7c2-5fdd6e7aad27	31	5	2
0f501bec-ec75-4d2a-b7c2-5fdd6e7aad27	31	6	2
0f501bec-ec75-4d2a-b7c2-5fdd6e7aad27	31	7	2
0f501bec-ec75-4d2a-b7c2-5fdd6e7aad27	31	8	2
0f501bec-ec75-4d2a-b7c2-5fdd6e7aad27	31	9	2
0f501bec-ec75-4d2a-b7c2-5fdd6e7aad27	32	0	2
0f501bec-ec75-4d2a-b7c2-5fdd6e7aad27	32	1	2
0f501bec-ec75-4d2a-b7c2-5fdd6e7aad27	32	2	2
0f501bec-ec75-4d2a-b7c2-5fdd6e7aad27	32	3	2
0f501bec-ec75-4d2a-b7c2-5fdd6e7aad27	32	4	1
0f501bec-ec75-4d2a-b7c2-5fdd6e7aad27	32	5	2
0f501bec-ec75-4d2a-b7c2-5fdd6e7aad27	32	6	2
0f501bec-ec75-4d2a-b7c2-5fdd6e7aad27	32	7	1
0f501bec-ec75-4d2a-b7c2-5fdd6e7aad27	32	8	2
0f501bec-ec75-4d2a-b7c2-5fdd6e7aad27	32	9	3
0f501bec-ec75-4d2a-b7c2-5fdd6e7aad27	33	0	1
0f501bec-ec75-4d2a-b7c2-5fdd6e7aad27	33	1	2
0f501bec-ec75-4d2a-b7c2-5fdd6e7aad27	33	2	2
0f501bec-ec75-4d2a-b7c2-5fdd6e7aad27	33	3	2
0f501bec-ec75-4d2a-b7c2-5fdd6e7aad27	33	4	2
0f501bec-ec75-4d2a-b7c2-5fdd6e7aad27	33	5	2
0f501bec-ec75-4d2a-b7c2-5fdd6e7aad27	33	6	2
0f501bec-ec75-4d2a-b7c2-5fdd6e7aad27	33	7	1
0f501bec-ec75-4d2a-b7c2-5fdd6e7aad27	33	8	2
0f501bec-ec75-4d2a-b7c2-5fdd6e7aad27	33	9	1
0f501bec-ec75-4d2a-b7c2-5fdd6e7aad27	34	0	2
0f501bec-ec75-4d2a-b7c2-5fdd6e7aad27	34	1	2
0f501bec-ec75-4d2a-b7c2-5fdd6e7aad27	34	2	2
0f501bec-ec75-4d2a-b7c2-5fdd6e7aad27	34	3	1
0f501bec-ec75-4d2a-b7c2-5fdd6e7aad27	34	4	3
0f501bec-ec75-4d2a-b7c2-5fdd6e7aad27	34	5	3
0f501bec-ec75-4d2a-b7c2-5fdd6e7aad27	34	6	2
0f501bec-ec75-4d2a-b7c2-5fdd6e7aad27	34	7	1
0f501bec-ec75-4d2a-b7c2-5fdd6e7aad27	34	8	2
0f501bec-ec75-4d2a-b7c2-5fdd6e7aad27	34	9	2
0f501bec-ec75-4d2a-b7c2-5fdd6e7aad27	35	0	3
0f501bec-ec75-4d2a-b7c2-5fdd6e7aad27	35	1	2
0f501bec-ec75-4d2a-b7c2-5fdd6e7aad27	35	2	2
0f501bec-ec75-4d2a-b7c2-5fdd6e7aad27	35	3	2
0f501bec-ec75-4d2a-b7c2-5fdd6e7aad27	35	4	2
0f501bec-ec75-4d2a-b7c2-5fdd6e7aad27	35	5	1
0f501bec-ec75-4d2a-b7c2-5fdd6e7aad27	35	6	1
0f501bec-ec75-4d2a-b7c2-5fdd6e7aad27	35	7	1
0f501bec-ec75-4d2a-b7c2-5fdd6e7aad27	35	8	2
0f501bec-ec75-4d2a-b7c2-5fdd6e7aad27	35	9	0
0f501bec-ec75-4d2a-b7c2-5fdd6e7aad27	36	0	2
0f501bec-ec75-4d2a-b7c2-5fdd6e7aad27	36	1	2
0f501bec-ec75-4d2a-b7c2-5fdd6e7aad27	36	2	2
0f501bec-ec75-4d2a-b7c2-5fdd6e7aad27	36	3	3
0f501bec-ec75-4d2a-b7c2-5fdd6e7aad27	36	4	2
0f501bec-ec75-4d2a-b7c2-5fdd6e7aad27	36	5	2
0f501bec-ec75-4d2a-b7c2-5fdd6e7aad27	36	6	2
0f501bec-ec75-4d2a-b7c2-5fdd6e7aad27	36	7	1
0f501bec-ec75-4d2a-b7c2-5fdd6e7aad27	36	8	1
0f501bec-ec75-4d2a-b7c2-5fdd6e7aad27	36	9	0
0f501bec-ec75-4d2a-b7c2-5fdd6e7aad27	37	0	2
0f501bec-ec75-4d2a-b7c2-5fdd6e7aad27	37	1	3
0f501bec-ec75-4d2a-b7c2-5fdd6e7aad27	37	2	2
0f501bec-ec75-4d2a-b7c2-5fdd6e7aad27	37	3	2
0f501bec-ec75-4d2a-b7c2-5fdd6e7aad27	37	4	2
0f501bec-ec75-4d2a-b7c2-5fdd6e7aad27	37	5	1
0f501bec-ec75-4d2a-b7c2-5fdd6e7aad27	37	6	3
0f501bec-ec75-4d2a-b7c2-5fdd6e7aad27	37	7	2
0f501bec-ec75-4d2a-b7c2-5fdd6e7aad27	37	8	1
0f501bec-ec75-4d2a-b7c2-5fdd6e7aad27	37	9	0
0f501bec-ec75-4d2a-b7c2-5fdd6e7aad27	38	0	2
0f501bec-ec75-4d2a-b7c2-5fdd6e7aad27	38	1	1
0f501bec-ec75-4d2a-b7c2-5fdd6e7aad27	38	2	3
0f501bec-ec75-4d2a-b7c2-5fdd6e7aad27	38	3	2
0f501bec-ec75-4d2a-b7c2-5fdd6e7aad27	38	4	2
0f501bec-ec75-4d2a-b7c2-5fdd6e7aad27	38	5	3
0f501bec-ec75-4d2a-b7c2-5fdd6e7aad27	38	6	2
0f501bec-ec75-4d2a-b7c2-5fdd6e7aad27	38	7	2
0f501bec-ec75-4d2a-b7c2-5fdd6e7aad27	38	8	2
0f501bec-ec75-4d2a-b7c2-5fdd6e7aad27	38	9	0
0f501bec-ec75-4d2a-b7c2-5fdd6e7aad27	39	0	2
0f501bec-ec75-4d2a-b7c2-5fdd6e7aad27	39	1	2
0f501bec-ec75-4d2a-b7c2-5fdd6e7aad27	39	2	1
0f501bec-ec75-4d2a-b7c2-5fdd6e7aad27	39	3	2
0f501bec-ec75-4d2a-b7c2-5fdd6e7aad27	39	4	2
0f501bec-ec75-4d2a-b7c2-5fdd6e7aad27	39	5	2
0f501bec-ec75-4d2a-b7c2-5fdd6e7aad27	39	6	2
0f501bec-ec75-4d2a-b7c2-5fdd6e7aad27	39	7	2
0f501bec-ec75-4d2a-b7c2-5fdd6e7aad27	39	8	3
0f501bec-ec75-4d2a-b7c2-5fdd6e7aad27	39	9	0
0f501bec-ec75-4d2a-b7c2-5fdd6e7aad27	40	0	2
0f501bec-ec75-4d2a-b7c2-5fdd6e7aad27	40	1	2
0f501bec-ec75-4d2a-b7c2-5fdd6e7aad27	40	2	2
0f501bec-ec75-4d2a-b7c2-5fdd6e7aad27	40	3	2
0f501bec-ec75-4d2a-b7c2-5fdd6e7aad27	40	4	2
0f501bec-ec75-4d2a-b7c2-5fdd6e7aad27	40	5	1
0f501bec-ec75-4d2a-b7c2-5fdd6e7aad27	40	6	2
0f501bec-ec75-4d2a-b7c2-5fdd6e7aad27	40	7	2
0f501bec-ec75-4d2a-b7c2-5fdd6e7aad27	40	8	2
0f501bec-ec75-4d2a-b7c2-5fdd6e7aad27	40	9	0
0f501bec-ec75-4d2a-b7c2-5fdd6e7aad27	41	0	2
0f501bec-ec75-4d2a-b7c2-5fdd6e7aad27	41	1	2
0f501bec-ec75-4d2a-b7c2-5fdd6e7aad27	41	2	2
0f501bec-ec75-4d2a-b7c2-5fdd6e7aad27	41	3	2
0f501bec-ec75-4d2a-b7c2-5fdd6e7aad27	41	4	0
0f501bec-ec75-4d2a-b7c2-5fdd6e7aad27	41	5	3
0f501bec-ec75-4d2a-b7c2-5fdd6e7aad27	41	6	2
0f501bec-ec75-4d2a-b7c2-5fdd6e7aad27	41	7	2
0f501bec-ec75-4d2a-b7c2-5fdd6e7aad27	41	8	2
0f501bec-ec75-4d2a-b7c2-5fdd6e7aad27	41	9	0
0f501bec-ec75-4d2a-b7c2-5fdd6e7aad27	42	0	0
0f501bec-ec75-4d2a-b7c2-5fdd6e7aad27	42	1	2
0f501bec-ec75-4d2a-b7c2-5fdd6e7aad27	42	2	2
0f501bec-ec75-4d2a-b7c2-5fdd6e7aad27	42	3	2
0f501bec-ec75-4d2a-b7c2-5fdd6e7aad27	42	4	0
0f501bec-ec75-4d2a-b7c2-5fdd6e7aad27	42	5	0
0f501bec-ec75-4d2a-b7c2-5fdd6e7aad27	42	6	2
0f501bec-ec75-4d2a-b7c2-5fdd6e7aad27	42	7	2
0f501bec-ec75-4d2a-b7c2-5fdd6e7aad27	42	8	2
0f501bec-ec75-4d2a-b7c2-5fdd6e7aad27	42	9	0
0f501bec-ec75-4d2a-b7c2-5fdd6e7aad27	43	0	0
0f501bec-ec75-4d2a-b7c2-5fdd6e7aad27	43	1	0
0f501bec-ec75-4d2a-b7c2-5fdd6e7aad27	43	2	2
0f501bec-ec75-4d2a-b7c2-5fdd6e7aad27	43	3	0
0f501bec-ec75-4d2a-b7c2-5fdd6e7aad27	43	4	0
0f501bec-ec75-4d2a-b7c2-5fdd6e7aad27	43	5	0
0f501bec-ec75-4d2a-b7c2-5fdd6e7aad27	43	6	2
0f501bec-ec75-4d2a-b7c2-5fdd6e7aad27	43	7	3
0f501bec-ec75-4d2a-b7c2-5fdd6e7aad27	43	8	2
0f501bec-ec75-4d2a-b7c2-5fdd6e7aad27	43	9	0
0f501bec-ec75-4d2a-b7c2-5fdd6e7aad27	44	0	0
0f501bec-ec75-4d2a-b7c2-5fdd6e7aad27	44	1	0
0f501bec-ec75-4d2a-b7c2-5fdd6e7aad27	44	2	0
0f501bec-ec75-4d2a-b7c2-5fdd6e7aad27	44	3	0
0f501bec-ec75-4d2a-b7c2-5fdd6e7aad27	44	4	0
0f501bec-ec75-4d2a-b7c2-5fdd6e7aad27	44	5	0
0f501bec-ec75-4d2a-b7c2-5fdd6e7aad27	44	6	0
0f501bec-ec75-4d2a-b7c2-5fdd6e7aad27	44	7	1
0f501bec-ec75-4d2a-b7c2-5fdd6e7aad27	44	8	2
0f501bec-ec75-4d2a-b7c2-5fdd6e7aad27	44	9	0
0f501bec-ec75-4d2a-b7c2-5fdd6e7aad27	45	0	0
0f501bec-ec75-4d2a-b7c2-5fdd6e7aad27	45	1	0
0f501bec-ec75-4d2a-b7c2-5fdd6e7aad27	45	2	0
0f501bec-ec75-4d2a-b7c2-5fdd6e7aad27	45	3	0
0f501bec-ec75-4d2a-b7c2-5fdd6e7aad27	45	4	0
0f501bec-ec75-4d2a-b7c2-5fdd6e7aad27	45	5	0
0f501bec-ec75-4d2a-b7c2-5fdd6e7aad27	45	6	0
0f501bec-ec75-4d2a-b7c2-5fdd6e7aad27	45	7	2
0f501bec-ec75-4d2a-b7c2-5fdd6e7aad27	45	8	2
0f501bec-ec75-4d2a-b7c2-5fdd6e7aad27	45	9	0
0f501bec-ec75-4d2a-b7c2-5fdd6e7aad27	46	0	0
0f501bec-ec75-4d2a-b7c2-5fdd6e7aad27	46	1	0
0f501bec-ec75-4d2a-b7c2-5fdd6e7aad27	46	2	0
0f501bec-ec75-4d2a-b7c2-5fdd6e7aad27	46	3	0
0f501bec-ec75-4d2a-b7c2-5fdd6e7aad27	46	4	0
0f501bec-ec75-4d2a-b7c2-5fdd6e7aad27	46	5	0
0f501bec-ec75-4d2a-b7c2-5fdd6e7aad27	46	6	0
0f501bec-ec75-4d2a-b7c2-5fdd6e7aad27	46	7	2
0f501bec-ec75-4d2a-b7c2-5fdd6e7aad27	46	8	0
0f501bec-ec75-4d2a-b7c2-5fdd6e7aad27	46	9	0
0f501bec-ec75-4d2a-b7c2-5fdd6e7aad27	47	0	0
0f501bec-ec75-4d2a-b7c2-5fdd6e7aad27	47	1	0
0f501bec-ec75-4d2a-b7c2-5fdd6e7aad27	47	2	0
0f501bec-ec75-4d2a-b7c2-5fdd6e7aad27	47	3	0
0f501bec-ec75-4d2a-b7c2-5fdd6e7aad27	47	4	0
0f501bec-ec75-4d2a-b7c2-5fdd6e7aad27	47	5	0
0f501bec-ec75-4d2a-b7c2-5fdd6e7aad27	47	6	0
0f501bec-ec75-4d2a-b7c2-5fdd6e7aad27	47	7	2
0f501bec-ec75-4d2a-b7c2-5fdd6e7aad27	47	8	0
0f501bec-ec75-4d2a-b7c2-5fdd6e7aad27	47	9	0
0f501bec-ec75-4d2a-b7c2-5fdd6e7aad27	48	0	0
0f501bec-ec75-4d2a-b7c2-5fdd6e7aad27	48	1	0
0f501bec-ec75-4d2a-b7c2-5fdd6e7aad27	48	2	0
0f501bec-ec75-4d2a-b7c2-5fdd6e7aad27	48	3	0
0f501bec-ec75-4d2a-b7c2-5fdd6e7aad27	48	4	0
0f501bec-ec75-4d2a-b7c2-5fdd6e7aad27	48	5	0
0f501bec-ec75-4d2a-b7c2-5fdd6e7aad27	48	6	0
0f501bec-ec75-4d2a-b7c2-5fdd6e7aad27	48	7	2
0f501bec-ec75-4d2a-b7c2-5fdd6e7aad27	48	8	0
0f501bec-ec75-4d2a-b7c2-5fdd6e7aad27	48	9	0
e3e789f4-56ae-495c-b448-5a165f70d9ed	2	0	2
e3e789f4-56ae-495c-b448-5a165f70d9ed	3	0	2
e3e789f4-56ae-495c-b448-5a165f70d9ed	3	5	2
e3e789f4-56ae-495c-b448-5a165f70d9ed	3	9	2
e3e789f4-56ae-495c-b448-5a165f70d9ed	4	0	2
e3e789f4-56ae-495c-b448-5a165f70d9ed	4	5	2
e3e789f4-56ae-495c-b448-5a165f70d9ed	4	9	2
e3e789f4-56ae-495c-b448-5a165f70d9ed	5	0	2
e3e789f4-56ae-495c-b448-5a165f70d9ed	5	4	2
e3e789f4-56ae-495c-b448-5a165f70d9ed	5	5	2
e3e789f4-56ae-495c-b448-5a165f70d9ed	5	9	2
e3e789f4-56ae-495c-b448-5a165f70d9ed	6	0	2
e3e789f4-56ae-495c-b448-5a165f70d9ed	6	3	2
e3e789f4-56ae-495c-b448-5a165f70d9ed	6	4	3
e3e789f4-56ae-495c-b448-5a165f70d9ed	6	5	2
e3e789f4-56ae-495c-b448-5a165f70d9ed	6	9	2
e3e789f4-56ae-495c-b448-5a165f70d9ed	7	0	3
e3e789f4-56ae-495c-b448-5a165f70d9ed	7	1	2
e3e789f4-56ae-495c-b448-5a165f70d9ed	7	3	2
e3e789f4-56ae-495c-b448-5a165f70d9ed	7	4	1
e3e789f4-56ae-495c-b448-5a165f70d9ed	7	5	2
e3e789f4-56ae-495c-b448-5a165f70d9ed	7	9	2
e3e789f4-56ae-495c-b448-5a165f70d9ed	8	0	2
e3e789f4-56ae-495c-b448-5a165f70d9ed	8	1	2
e3e789f4-56ae-495c-b448-5a165f70d9ed	8	3	2
e3e789f4-56ae-495c-b448-5a165f70d9ed	8	4	2
e3e789f4-56ae-495c-b448-5a165f70d9ed	8	5	3
e3e789f4-56ae-495c-b448-5a165f70d9ed	8	9	1
e3e789f4-56ae-495c-b448-5a165f70d9ed	9	0	2
e3e789f4-56ae-495c-b448-5a165f70d9ed	9	1	2
e3e789f4-56ae-495c-b448-5a165f70d9ed	9	3	2
e3e789f4-56ae-495c-b448-5a165f70d9ed	9	4	2
e3e789f4-56ae-495c-b448-5a165f70d9ed	9	5	2
e3e789f4-56ae-495c-b448-5a165f70d9ed	9	9	2
e3e789f4-56ae-495c-b448-5a165f70d9ed	10	0	2
e3e789f4-56ae-495c-b448-5a165f70d9ed	10	1	2
e3e789f4-56ae-495c-b448-5a165f70d9ed	10	3	2
e3e789f4-56ae-495c-b448-5a165f70d9ed	10	4	2
e3e789f4-56ae-495c-b448-5a165f70d9ed	10	5	2
e3e789f4-56ae-495c-b448-5a165f70d9ed	10	9	2
e3e789f4-56ae-495c-b448-5a165f70d9ed	11	0	2
e3e789f4-56ae-495c-b448-5a165f70d9ed	11	1	2
e3e789f4-56ae-495c-b448-5a165f70d9ed	11	3	2
e3e789f4-56ae-495c-b448-5a165f70d9ed	11	4	1
e3e789f4-56ae-495c-b448-5a165f70d9ed	11	5	2
e3e789f4-56ae-495c-b448-5a165f70d9ed	11	8	2
e3e789f4-56ae-495c-b448-5a165f70d9ed	11	9	2
e3e789f4-56ae-495c-b448-5a165f70d9ed	12	0	2
e3e789f4-56ae-495c-b448-5a165f70d9ed	12	1	2
e3e789f4-56ae-495c-b448-5a165f70d9ed	12	3	3
e3e789f4-56ae-495c-b448-5a165f70d9ed	12	4	2
e3e789f4-56ae-495c-b448-5a165f70d9ed	12	5	2
e3e789f4-56ae-495c-b448-5a165f70d9ed	12	8	2
e3e789f4-56ae-495c-b448-5a165f70d9ed	12	9	1
e3e789f4-56ae-495c-b448-5a165f70d9ed	13	0	3
e3e789f4-56ae-495c-b448-5a165f70d9ed	13	1	2
e3e789f4-56ae-495c-b448-5a165f70d9ed	13	3	1
e3e789f4-56ae-495c-b448-5a165f70d9ed	13	4	3
e3e789f4-56ae-495c-b448-5a165f70d9ed	13	5	2
e3e789f4-56ae-495c-b448-5a165f70d9ed	13	8	2
e3e789f4-56ae-495c-b448-5a165f70d9ed	13	9	2
e3e789f4-56ae-495c-b448-5a165f70d9ed	14	0	2
e3e789f4-56ae-495c-b448-5a165f70d9ed	14	1	2
e3e789f4-56ae-495c-b448-5a165f70d9ed	14	3	2
e3e789f4-56ae-495c-b448-5a165f70d9ed	14	4	2
e3e789f4-56ae-495c-b448-5a165f70d9ed	14	5	3
e3e789f4-56ae-495c-b448-5a165f70d9ed	14	8	2
e3e789f4-56ae-495c-b448-5a165f70d9ed	14	9	2
e3e789f4-56ae-495c-b448-5a165f70d9ed	15	0	2
e3e789f4-56ae-495c-b448-5a165f70d9ed	15	1	3
e3e789f4-56ae-495c-b448-5a165f70d9ed	15	3	2
e3e789f4-56ae-495c-b448-5a165f70d9ed	15	4	2
e3e789f4-56ae-495c-b448-5a165f70d9ed	15	5	2
e3e789f4-56ae-495c-b448-5a165f70d9ed	15	8	2
e3e789f4-56ae-495c-b448-5a165f70d9ed	15	9	2
e3e789f4-56ae-495c-b448-5a165f70d9ed	16	0	2
e3e789f4-56ae-495c-b448-5a165f70d9ed	16	1	2
e3e789f4-56ae-495c-b448-5a165f70d9ed	16	3	2
e3e789f4-56ae-495c-b448-5a165f70d9ed	16	4	2
e3e789f4-56ae-495c-b448-5a165f70d9ed	16	5	2
e3e789f4-56ae-495c-b448-5a165f70d9ed	16	8	1
e3e789f4-56ae-495c-b448-5a165f70d9ed	16	9	2
e3e789f4-56ae-495c-b448-5a165f70d9ed	17	0	2
e3e789f4-56ae-495c-b448-5a165f70d9ed	17	1	2
e3e789f4-56ae-495c-b448-5a165f70d9ed	17	3	2
e3e789f4-56ae-495c-b448-5a165f70d9ed	17	4	1
e3e789f4-56ae-495c-b448-5a165f70d9ed	17	5	2
e3e789f4-56ae-495c-b448-5a165f70d9ed	17	7	2
e3e789f4-56ae-495c-b448-5a165f70d9ed	17	8	2
e3e789f4-56ae-495c-b448-5a165f70d9ed	17	9	2
e3e789f4-56ae-495c-b448-5a165f70d9ed	18	0	2
e3e789f4-56ae-495c-b448-5a165f70d9ed	18	1	2
e3e789f4-56ae-495c-b448-5a165f70d9ed	18	3	0
e3e789f4-56ae-495c-b448-5a165f70d9ed	18	4	2
e3e789f4-56ae-495c-b448-5a165f70d9ed	18	5	2
e3e789f4-56ae-495c-b448-5a165f70d9ed	18	7	2
e3e789f4-56ae-495c-b448-5a165f70d9ed	18	8	2
e3e789f4-56ae-495c-b448-5a165f70d9ed	18	9	2
e3e789f4-56ae-495c-b448-5a165f70d9ed	19	0	2
e3e789f4-56ae-495c-b448-5a165f70d9ed	19	1	2
e3e789f4-56ae-495c-b448-5a165f70d9ed	19	3	0
e3e789f4-56ae-495c-b448-5a165f70d9ed	19	4	2
e3e789f4-56ae-495c-b448-5a165f70d9ed	19	5	2
e3e789f4-56ae-495c-b448-5a165f70d9ed	19	7	3
e3e789f4-56ae-495c-b448-5a165f70d9ed	19	8	2
e3e789f4-56ae-495c-b448-5a165f70d9ed	19	9	2
e3e789f4-56ae-495c-b448-5a165f70d9ed	20	0	2
e3e789f4-56ae-495c-b448-5a165f70d9ed	20	1	2
e3e789f4-56ae-495c-b448-5a165f70d9ed	20	2	2
e3e789f4-56ae-495c-b448-5a165f70d9ed	20	3	0
e3e789f4-56ae-495c-b448-5a165f70d9ed	20	4	2
e3e789f4-56ae-495c-b448-5a165f70d9ed	20	5	2
e3e789f4-56ae-495c-b448-5a165f70d9ed	20	7	1
e3e789f4-56ae-495c-b448-5a165f70d9ed	20	8	2
e3e789f4-56ae-495c-b448-5a165f70d9ed	20	9	2
e3e789f4-56ae-495c-b448-5a165f70d9ed	21	0	2
e3e789f4-56ae-495c-b448-5a165f70d9ed	21	1	2
e3e789f4-56ae-495c-b448-5a165f70d9ed	21	2	2
e3e789f4-56ae-495c-b448-5a165f70d9ed	21	3	0
e3e789f4-56ae-495c-b448-5a165f70d9ed	21	4	2
e3e789f4-56ae-495c-b448-5a165f70d9ed	21	5	2
e3e789f4-56ae-495c-b448-5a165f70d9ed	21	6	2
e3e789f4-56ae-495c-b448-5a165f70d9ed	21	7	2
e3e789f4-56ae-495c-b448-5a165f70d9ed	21	8	1
e3e789f4-56ae-495c-b448-5a165f70d9ed	21	9	2
e3e789f4-56ae-495c-b448-5a165f70d9ed	22	0	2
e3e789f4-56ae-495c-b448-5a165f70d9ed	22	1	2
e3e789f4-56ae-495c-b448-5a165f70d9ed	22	2	2
e3e789f4-56ae-495c-b448-5a165f70d9ed	22	3	0
e3e789f4-56ae-495c-b448-5a165f70d9ed	22	4	3
e3e789f4-56ae-495c-b448-5a165f70d9ed	22	5	2
e3e789f4-56ae-495c-b448-5a165f70d9ed	22	6	2
e3e789f4-56ae-495c-b448-5a165f70d9ed	22	7	2
e3e789f4-56ae-495c-b448-5a165f70d9ed	22	8	2
e3e789f4-56ae-495c-b448-5a165f70d9ed	22	9	1
e3e789f4-56ae-495c-b448-5a165f70d9ed	23	0	2
e3e789f4-56ae-495c-b448-5a165f70d9ed	23	1	2
e3e789f4-56ae-495c-b448-5a165f70d9ed	23	2	2
e3e789f4-56ae-495c-b448-5a165f70d9ed	23	3	0
e3e789f4-56ae-495c-b448-5a165f70d9ed	23	4	2
e3e789f4-56ae-495c-b448-5a165f70d9ed	23	5	2
e3e789f4-56ae-495c-b448-5a165f70d9ed	23	6	2
e3e789f4-56ae-495c-b448-5a165f70d9ed	23	7	3
e3e789f4-56ae-495c-b448-5a165f70d9ed	23	8	2
e3e789f4-56ae-495c-b448-5a165f70d9ed	23	9	2
e3e789f4-56ae-495c-b448-5a165f70d9ed	24	0	2
e3e789f4-56ae-495c-b448-5a165f70d9ed	24	1	2
e3e789f4-56ae-495c-b448-5a165f70d9ed	24	2	2
e3e789f4-56ae-495c-b448-5a165f70d9ed	24	3	0
e3e789f4-56ae-495c-b448-5a165f70d9ed	24	4	2
e3e789f4-56ae-495c-b448-5a165f70d9ed	24	5	2
e3e789f4-56ae-495c-b448-5a165f70d9ed	24	6	2
e3e789f4-56ae-495c-b448-5a165f70d9ed	24	7	2
e3e789f4-56ae-495c-b448-5a165f70d9ed	24	8	2
e3e789f4-56ae-495c-b448-5a165f70d9ed	24	9	3
e3e789f4-56ae-495c-b448-5a165f70d9ed	25	0	1
e3e789f4-56ae-495c-b448-5a165f70d9ed	25	1	2
e3e789f4-56ae-495c-b448-5a165f70d9ed	25	2	2
e3e789f4-56ae-495c-b448-5a165f70d9ed	25	3	0
e3e789f4-56ae-495c-b448-5a165f70d9ed	25	4	2
e3e789f4-56ae-495c-b448-5a165f70d9ed	25	5	2
e3e789f4-56ae-495c-b448-5a165f70d9ed	25	6	2
e3e789f4-56ae-495c-b448-5a165f70d9ed	25	7	2
e3e789f4-56ae-495c-b448-5a165f70d9ed	25	8	2
e3e789f4-56ae-495c-b448-5a165f70d9ed	25	9	2
e3e789f4-56ae-495c-b448-5a165f70d9ed	26	0	2
e3e789f4-56ae-495c-b448-5a165f70d9ed	26	1	2
e3e789f4-56ae-495c-b448-5a165f70d9ed	26	2	3
e3e789f4-56ae-495c-b448-5a165f70d9ed	26	3	0
e3e789f4-56ae-495c-b448-5a165f70d9ed	26	4	2
e3e789f4-56ae-495c-b448-5a165f70d9ed	26	5	1
e3e789f4-56ae-495c-b448-5a165f70d9ed	26	6	2
e3e789f4-56ae-495c-b448-5a165f70d9ed	26	7	2
e3e789f4-56ae-495c-b448-5a165f70d9ed	26	8	2
e3e789f4-56ae-495c-b448-5a165f70d9ed	26	9	2
e3e789f4-56ae-495c-b448-5a165f70d9ed	27	0	3
e3e789f4-56ae-495c-b448-5a165f70d9ed	27	1	2
e3e789f4-56ae-495c-b448-5a165f70d9ed	27	2	2
e3e789f4-56ae-495c-b448-5a165f70d9ed	27	3	0
e3e789f4-56ae-495c-b448-5a165f70d9ed	27	4	2
e3e789f4-56ae-495c-b448-5a165f70d9ed	27	5	2
e3e789f4-56ae-495c-b448-5a165f70d9ed	27	6	2
e3e789f4-56ae-495c-b448-5a165f70d9ed	27	7	3
e3e789f4-56ae-495c-b448-5a165f70d9ed	27	8	3
e3e789f4-56ae-495c-b448-5a165f70d9ed	27	9	2
e3e789f4-56ae-495c-b448-5a165f70d9ed	28	0	1
e3e789f4-56ae-495c-b448-5a165f70d9ed	28	1	1
e3e789f4-56ae-495c-b448-5a165f70d9ed	28	2	1
e3e789f4-56ae-495c-b448-5a165f70d9ed	28	3	0
e3e789f4-56ae-495c-b448-5a165f70d9ed	28	4	3
e3e789f4-56ae-495c-b448-5a165f70d9ed	28	5	3
e3e789f4-56ae-495c-b448-5a165f70d9ed	28	6	2
e3e789f4-56ae-495c-b448-5a165f70d9ed	28	7	1
e3e789f4-56ae-495c-b448-5a165f70d9ed	28	8	2
e3e789f4-56ae-495c-b448-5a165f70d9ed	28	9	2
e3e789f4-56ae-495c-b448-5a165f70d9ed	29	0	2
e3e789f4-56ae-495c-b448-5a165f70d9ed	29	1	2
e3e789f4-56ae-495c-b448-5a165f70d9ed	29	2	2
e3e789f4-56ae-495c-b448-5a165f70d9ed	29	3	0
e3e789f4-56ae-495c-b448-5a165f70d9ed	29	4	2
e3e789f4-56ae-495c-b448-5a165f70d9ed	29	5	1
e3e789f4-56ae-495c-b448-5a165f70d9ed	29	6	2
e3e789f4-56ae-495c-b448-5a165f70d9ed	29	7	3
e3e789f4-56ae-495c-b448-5a165f70d9ed	29	8	2
e3e789f4-56ae-495c-b448-5a165f70d9ed	29	9	2
e3e789f4-56ae-495c-b448-5a165f70d9ed	30	0	2
e3e789f4-56ae-495c-b448-5a165f70d9ed	30	1	2
e3e789f4-56ae-495c-b448-5a165f70d9ed	30	2	3
e3e789f4-56ae-495c-b448-5a165f70d9ed	30	3	0
e3e789f4-56ae-495c-b448-5a165f70d9ed	30	4	2
e3e789f4-56ae-495c-b448-5a165f70d9ed	30	5	2
e3e789f4-56ae-495c-b448-5a165f70d9ed	30	6	2
e3e789f4-56ae-495c-b448-5a165f70d9ed	30	7	3
e3e789f4-56ae-495c-b448-5a165f70d9ed	30	8	2
e3e789f4-56ae-495c-b448-5a165f70d9ed	30	9	2
e3e789f4-56ae-495c-b448-5a165f70d9ed	31	0	2
e3e789f4-56ae-495c-b448-5a165f70d9ed	31	1	2
e3e789f4-56ae-495c-b448-5a165f70d9ed	31	2	1
e3e789f4-56ae-495c-b448-5a165f70d9ed	31	3	0
e3e789f4-56ae-495c-b448-5a165f70d9ed	31	4	2
e3e789f4-56ae-495c-b448-5a165f70d9ed	31	5	2
e3e789f4-56ae-495c-b448-5a165f70d9ed	31	6	3
e3e789f4-56ae-495c-b448-5a165f70d9ed	31	7	2
e3e789f4-56ae-495c-b448-5a165f70d9ed	31	8	2
e3e789f4-56ae-495c-b448-5a165f70d9ed	31	9	2
e3e789f4-56ae-495c-b448-5a165f70d9ed	32	0	1
e3e789f4-56ae-495c-b448-5a165f70d9ed	32	1	1
e3e789f4-56ae-495c-b448-5a165f70d9ed	32	2	2
e3e789f4-56ae-495c-b448-5a165f70d9ed	32	3	0
e3e789f4-56ae-495c-b448-5a165f70d9ed	32	4	2
e3e789f4-56ae-495c-b448-5a165f70d9ed	32	5	2
e3e789f4-56ae-495c-b448-5a165f70d9ed	32	6	2
e3e789f4-56ae-495c-b448-5a165f70d9ed	32	7	1
e3e789f4-56ae-495c-b448-5a165f70d9ed	32	8	1
e3e789f4-56ae-495c-b448-5a165f70d9ed	32	9	2
e3e789f4-56ae-495c-b448-5a165f70d9ed	33	0	3
e3e789f4-56ae-495c-b448-5a165f70d9ed	33	1	2
e3e789f4-56ae-495c-b448-5a165f70d9ed	33	2	2
e3e789f4-56ae-495c-b448-5a165f70d9ed	33	3	0
e3e789f4-56ae-495c-b448-5a165f70d9ed	33	4	2
e3e789f4-56ae-495c-b448-5a165f70d9ed	33	5	1
e3e789f4-56ae-495c-b448-5a165f70d9ed	33	6	1
e3e789f4-56ae-495c-b448-5a165f70d9ed	33	7	2
e3e789f4-56ae-495c-b448-5a165f70d9ed	33	8	3
e3e789f4-56ae-495c-b448-5a165f70d9ed	33	9	1
e3e789f4-56ae-495c-b448-5a165f70d9ed	34	0	0
e3e789f4-56ae-495c-b448-5a165f70d9ed	34	1	2
e3e789f4-56ae-495c-b448-5a165f70d9ed	34	2	0
e3e789f4-56ae-495c-b448-5a165f70d9ed	34	3	0
e3e789f4-56ae-495c-b448-5a165f70d9ed	34	4	2
e3e789f4-56ae-495c-b448-5a165f70d9ed	34	5	3
e3e789f4-56ae-495c-b448-5a165f70d9ed	34	6	2
e3e789f4-56ae-495c-b448-5a165f70d9ed	34	7	2
e3e789f4-56ae-495c-b448-5a165f70d9ed	34	8	2
e3e789f4-56ae-495c-b448-5a165f70d9ed	34	9	2
e3e789f4-56ae-495c-b448-5a165f70d9ed	35	0	0
e3e789f4-56ae-495c-b448-5a165f70d9ed	35	1	2
e3e789f4-56ae-495c-b448-5a165f70d9ed	35	2	0
e3e789f4-56ae-495c-b448-5a165f70d9ed	35	3	0
e3e789f4-56ae-495c-b448-5a165f70d9ed	35	4	2
e3e789f4-56ae-495c-b448-5a165f70d9ed	35	5	0
e3e789f4-56ae-495c-b448-5a165f70d9ed	35	6	2
e3e789f4-56ae-495c-b448-5a165f70d9ed	35	7	2
e3e789f4-56ae-495c-b448-5a165f70d9ed	35	8	1
e3e789f4-56ae-495c-b448-5a165f70d9ed	35	9	2
e3e789f4-56ae-495c-b448-5a165f70d9ed	36	0	0
e3e789f4-56ae-495c-b448-5a165f70d9ed	36	1	2
e3e789f4-56ae-495c-b448-5a165f70d9ed	36	2	0
e3e789f4-56ae-495c-b448-5a165f70d9ed	36	3	0
e3e789f4-56ae-495c-b448-5a165f70d9ed	36	4	2
e3e789f4-56ae-495c-b448-5a165f70d9ed	36	5	0
e3e789f4-56ae-495c-b448-5a165f70d9ed	36	6	2
e3e789f4-56ae-495c-b448-5a165f70d9ed	36	7	2
e3e789f4-56ae-495c-b448-5a165f70d9ed	36	8	3
e3e789f4-56ae-495c-b448-5a165f70d9ed	36	9	2
e3e789f4-56ae-495c-b448-5a165f70d9ed	37	0	0
e3e789f4-56ae-495c-b448-5a165f70d9ed	37	1	0
e3e789f4-56ae-495c-b448-5a165f70d9ed	37	2	0
e3e789f4-56ae-495c-b448-5a165f70d9ed	37	3	0
e3e789f4-56ae-495c-b448-5a165f70d9ed	37	4	2
e3e789f4-56ae-495c-b448-5a165f70d9ed	37	5	0
e3e789f4-56ae-495c-b448-5a165f70d9ed	37	6	1
e3e789f4-56ae-495c-b448-5a165f70d9ed	37	7	2
e3e789f4-56ae-495c-b448-5a165f70d9ed	37	8	2
e3e789f4-56ae-495c-b448-5a165f70d9ed	37	9	2
e3e789f4-56ae-495c-b448-5a165f70d9ed	38	0	0
e3e789f4-56ae-495c-b448-5a165f70d9ed	38	1	0
e3e789f4-56ae-495c-b448-5a165f70d9ed	38	2	0
e3e789f4-56ae-495c-b448-5a165f70d9ed	38	3	0
e3e789f4-56ae-495c-b448-5a165f70d9ed	38	4	2
e3e789f4-56ae-495c-b448-5a165f70d9ed	38	5	0
e3e789f4-56ae-495c-b448-5a165f70d9ed	38	6	2
e3e789f4-56ae-495c-b448-5a165f70d9ed	38	7	1
e3e789f4-56ae-495c-b448-5a165f70d9ed	38	8	1
e3e789f4-56ae-495c-b448-5a165f70d9ed	38	9	0
e3e789f4-56ae-495c-b448-5a165f70d9ed	39	0	0
e3e789f4-56ae-495c-b448-5a165f70d9ed	39	1	0
e3e789f4-56ae-495c-b448-5a165f70d9ed	39	2	0
e3e789f4-56ae-495c-b448-5a165f70d9ed	39	3	0
e3e789f4-56ae-495c-b448-5a165f70d9ed	39	4	3
e3e789f4-56ae-495c-b448-5a165f70d9ed	39	5	0
e3e789f4-56ae-495c-b448-5a165f70d9ed	39	6	2
e3e789f4-56ae-495c-b448-5a165f70d9ed	39	7	3
e3e789f4-56ae-495c-b448-5a165f70d9ed	39	8	3
e3e789f4-56ae-495c-b448-5a165f70d9ed	39	9	0
e3e789f4-56ae-495c-b448-5a165f70d9ed	40	0	0
e3e789f4-56ae-495c-b448-5a165f70d9ed	40	1	0
e3e789f4-56ae-495c-b448-5a165f70d9ed	40	2	0
e3e789f4-56ae-495c-b448-5a165f70d9ed	40	3	0
e3e789f4-56ae-495c-b448-5a165f70d9ed	40	4	2
e3e789f4-56ae-495c-b448-5a165f70d9ed	40	5	0
e3e789f4-56ae-495c-b448-5a165f70d9ed	40	6	2
e3e789f4-56ae-495c-b448-5a165f70d9ed	40	7	2
e3e789f4-56ae-495c-b448-5a165f70d9ed	40	8	0
e3e789f4-56ae-495c-b448-5a165f70d9ed	40	9	0
e3e789f4-56ae-495c-b448-5a165f70d9ed	41	0	0
e3e789f4-56ae-495c-b448-5a165f70d9ed	41	1	0
e3e789f4-56ae-495c-b448-5a165f70d9ed	41	2	0
e3e789f4-56ae-495c-b448-5a165f70d9ed	41	3	0
e3e789f4-56ae-495c-b448-5a165f70d9ed	41	4	2
e3e789f4-56ae-495c-b448-5a165f70d9ed	41	5	0
e3e789f4-56ae-495c-b448-5a165f70d9ed	41	6	2
e3e789f4-56ae-495c-b448-5a165f70d9ed	41	7	1
e3e789f4-56ae-495c-b448-5a165f70d9ed	41	8	0
e3e789f4-56ae-495c-b448-5a165f70d9ed	41	9	0
e3e789f4-56ae-495c-b448-5a165f70d9ed	42	0	0
e3e789f4-56ae-495c-b448-5a165f70d9ed	42	1	0
e3e789f4-56ae-495c-b448-5a165f70d9ed	42	2	0
e3e789f4-56ae-495c-b448-5a165f70d9ed	42	3	0
e3e789f4-56ae-495c-b448-5a165f70d9ed	42	4	1
e3e789f4-56ae-495c-b448-5a165f70d9ed	42	5	0
e3e789f4-56ae-495c-b448-5a165f70d9ed	42	6	0
e3e789f4-56ae-495c-b448-5a165f70d9ed	42	7	3
e3e789f4-56ae-495c-b448-5a165f70d9ed	42	8	0
e3e789f4-56ae-495c-b448-5a165f70d9ed	42	9	0
e3e789f4-56ae-495c-b448-5a165f70d9ed	43	0	0
e3e789f4-56ae-495c-b448-5a165f70d9ed	43	1	0
e3e789f4-56ae-495c-b448-5a165f70d9ed	43	2	0
e3e789f4-56ae-495c-b448-5a165f70d9ed	43	3	0
e3e789f4-56ae-495c-b448-5a165f70d9ed	43	4	2
e3e789f4-56ae-495c-b448-5a165f70d9ed	43	5	0
e3e789f4-56ae-495c-b448-5a165f70d9ed	43	6	0
e3e789f4-56ae-495c-b448-5a165f70d9ed	43	7	0
e3e789f4-56ae-495c-b448-5a165f70d9ed	43	8	0
e3e789f4-56ae-495c-b448-5a165f70d9ed	43	9	0
e3e789f4-56ae-495c-b448-5a165f70d9ed	44	0	0
e3e789f4-56ae-495c-b448-5a165f70d9ed	44	1	0
e3e789f4-56ae-495c-b448-5a165f70d9ed	44	2	0
e3e789f4-56ae-495c-b448-5a165f70d9ed	44	3	0
e3e789f4-56ae-495c-b448-5a165f70d9ed	44	4	2
e3e789f4-56ae-495c-b448-5a165f70d9ed	44	5	0
e3e789f4-56ae-495c-b448-5a165f70d9ed	44	6	0
e3e789f4-56ae-495c-b448-5a165f70d9ed	44	7	0
e3e789f4-56ae-495c-b448-5a165f70d9ed	44	8	0
e3e789f4-56ae-495c-b448-5a165f70d9ed	44	9	0
e3e789f4-56ae-495c-b448-5a165f70d9ed	45	0	0
e3e789f4-56ae-495c-b448-5a165f70d9ed	45	1	0
e3e789f4-56ae-495c-b448-5a165f70d9ed	45	2	0
e3e789f4-56ae-495c-b448-5a165f70d9ed	45	3	0
e3e789f4-56ae-495c-b448-5a165f70d9ed	45	4	2
e3e789f4-56ae-495c-b448-5a165f70d9ed	45	5	0
e3e789f4-56ae-495c-b448-5a165f70d9ed	45	6	0
e3e789f4-56ae-495c-b448-5a165f70d9ed	45	7	0
e3e789f4-56ae-495c-b448-5a165f70d9ed	45	8	0
e3e789f4-56ae-495c-b448-5a165f70d9ed	45	9	0
e3e789f4-56ae-495c-b448-5a165f70d9ed	46	0	0
e3e789f4-56ae-495c-b448-5a165f70d9ed	46	1	0
e3e789f4-56ae-495c-b448-5a165f70d9ed	46	2	0
e3e789f4-56ae-495c-b448-5a165f70d9ed	46	3	0
e3e789f4-56ae-495c-b448-5a165f70d9ed	46	4	2
e3e789f4-56ae-495c-b448-5a165f70d9ed	46	5	0
e3e789f4-56ae-495c-b448-5a165f70d9ed	46	6	0
e3e789f4-56ae-495c-b448-5a165f70d9ed	46	7	0
e3e789f4-56ae-495c-b448-5a165f70d9ed	46	8	0
e3e789f4-56ae-495c-b448-5a165f70d9ed	46	9	0
6e7e8453-a311-43ae-91a4-f2604951a69e	2	5	2
6e7e8453-a311-43ae-91a4-f2604951a69e	3	5	2
6e7e8453-a311-43ae-91a4-f2604951a69e	4	5	2
6e7e8453-a311-43ae-91a4-f2604951a69e	5	4	2
6e7e8453-a311-43ae-91a4-f2604951a69e	5	5	2
6e7e8453-a311-43ae-91a4-f2604951a69e	6	4	2
6e7e8453-a311-43ae-91a4-f2604951a69e	6	5	2
6e7e8453-a311-43ae-91a4-f2604951a69e	7	3	2
6e7e8453-a311-43ae-91a4-f2604951a69e	7	4	2
6e7e8453-a311-43ae-91a4-f2604951a69e	7	5	1
6e7e8453-a311-43ae-91a4-f2604951a69e	8	3	2
6e7e8453-a311-43ae-91a4-f2604951a69e	8	4	2
6e7e8453-a311-43ae-91a4-f2604951a69e	8	5	2
6e7e8453-a311-43ae-91a4-f2604951a69e	9	3	2
6e7e8453-a311-43ae-91a4-f2604951a69e	9	4	2
6e7e8453-a311-43ae-91a4-f2604951a69e	9	5	2
6e7e8453-a311-43ae-91a4-f2604951a69e	9	9	2
6e7e8453-a311-43ae-91a4-f2604951a69e	10	3	2
6e7e8453-a311-43ae-91a4-f2604951a69e	10	4	3
6e7e8453-a311-43ae-91a4-f2604951a69e	10	5	2
6e7e8453-a311-43ae-91a4-f2604951a69e	10	9	2
6e7e8453-a311-43ae-91a4-f2604951a69e	11	2	2
6e7e8453-a311-43ae-91a4-f2604951a69e	11	3	2
6e7e8453-a311-43ae-91a4-f2604951a69e	11	4	2
6e7e8453-a311-43ae-91a4-f2604951a69e	11	5	2
6e7e8453-a311-43ae-91a4-f2604951a69e	11	9	2
6e7e8453-a311-43ae-91a4-f2604951a69e	12	2	2
6e7e8453-a311-43ae-91a4-f2604951a69e	12	3	3
6e7e8453-a311-43ae-91a4-f2604951a69e	12	4	2
6e7e8453-a311-43ae-91a4-f2604951a69e	12	5	1
6e7e8453-a311-43ae-91a4-f2604951a69e	12	9	2
6e7e8453-a311-43ae-91a4-f2604951a69e	13	2	2
6e7e8453-a311-43ae-91a4-f2604951a69e	13	3	2
6e7e8453-a311-43ae-91a4-f2604951a69e	13	4	2
6e7e8453-a311-43ae-91a4-f2604951a69e	13	5	2
6e7e8453-a311-43ae-91a4-f2604951a69e	13	9	2
6e7e8453-a311-43ae-91a4-f2604951a69e	14	2	2
6e7e8453-a311-43ae-91a4-f2604951a69e	14	3	2
6e7e8453-a311-43ae-91a4-f2604951a69e	14	4	2
6e7e8453-a311-43ae-91a4-f2604951a69e	14	5	2
6e7e8453-a311-43ae-91a4-f2604951a69e	14	9	3
6e7e8453-a311-43ae-91a4-f2604951a69e	15	2	2
6e7e8453-a311-43ae-91a4-f2604951a69e	15	3	1
6e7e8453-a311-43ae-91a4-f2604951a69e	15	4	3
6e7e8453-a311-43ae-91a4-f2604951a69e	15	5	2
6e7e8453-a311-43ae-91a4-f2604951a69e	15	8	2
6e7e8453-a311-43ae-91a4-f2604951a69e	15	9	2
6e7e8453-a311-43ae-91a4-f2604951a69e	16	2	3
6e7e8453-a311-43ae-91a4-f2604951a69e	16	3	1
6e7e8453-a311-43ae-91a4-f2604951a69e	16	4	2
6e7e8453-a311-43ae-91a4-f2604951a69e	16	5	2
6e7e8453-a311-43ae-91a4-f2604951a69e	16	8	2
6e7e8453-a311-43ae-91a4-f2604951a69e	16	9	2
6e7e8453-a311-43ae-91a4-f2604951a69e	17	2	2
6e7e8453-a311-43ae-91a4-f2604951a69e	17	3	2
6e7e8453-a311-43ae-91a4-f2604951a69e	17	4	2
6e7e8453-a311-43ae-91a4-f2604951a69e	17	5	2
6e7e8453-a311-43ae-91a4-f2604951a69e	17	8	2
6e7e8453-a311-43ae-91a4-f2604951a69e	17	9	2
6e7e8453-a311-43ae-91a4-f2604951a69e	18	2	2
6e7e8453-a311-43ae-91a4-f2604951a69e	18	3	1
6e7e8453-a311-43ae-91a4-f2604951a69e	18	4	2
6e7e8453-a311-43ae-91a4-f2604951a69e	18	5	2
6e7e8453-a311-43ae-91a4-f2604951a69e	18	8	2
6e7e8453-a311-43ae-91a4-f2604951a69e	18	9	2
6e7e8453-a311-43ae-91a4-f2604951a69e	19	2	2
6e7e8453-a311-43ae-91a4-f2604951a69e	19	3	2
6e7e8453-a311-43ae-91a4-f2604951a69e	19	4	2
6e7e8453-a311-43ae-91a4-f2604951a69e	19	5	2
6e7e8453-a311-43ae-91a4-f2604951a69e	19	8	2
6e7e8453-a311-43ae-91a4-f2604951a69e	19	9	3
6e7e8453-a311-43ae-91a4-f2604951a69e	20	2	2
6e7e8453-a311-43ae-91a4-f2604951a69e	20	3	2
6e7e8453-a311-43ae-91a4-f2604951a69e	20	4	2
6e7e8453-a311-43ae-91a4-f2604951a69e	20	5	2
6e7e8453-a311-43ae-91a4-f2604951a69e	20	8	3
6e7e8453-a311-43ae-91a4-f2604951a69e	20	9	2
6e7e8453-a311-43ae-91a4-f2604951a69e	21	2	3
6e7e8453-a311-43ae-91a4-f2604951a69e	21	3	2
6e7e8453-a311-43ae-91a4-f2604951a69e	21	4	2
6e7e8453-a311-43ae-91a4-f2604951a69e	21	5	2
6e7e8453-a311-43ae-91a4-f2604951a69e	21	8	2
6e7e8453-a311-43ae-91a4-f2604951a69e	21	9	2
6e7e8453-a311-43ae-91a4-f2604951a69e	22	2	2
6e7e8453-a311-43ae-91a4-f2604951a69e	22	3	2
6e7e8453-a311-43ae-91a4-f2604951a69e	22	4	2
6e7e8453-a311-43ae-91a4-f2604951a69e	22	5	1
6e7e8453-a311-43ae-91a4-f2604951a69e	22	8	2
6e7e8453-a311-43ae-91a4-f2604951a69e	22	9	2
6e7e8453-a311-43ae-91a4-f2604951a69e	23	2	2
6e7e8453-a311-43ae-91a4-f2604951a69e	23	3	2
6e7e8453-a311-43ae-91a4-f2604951a69e	23	4	2
6e7e8453-a311-43ae-91a4-f2604951a69e	23	5	2
6e7e8453-a311-43ae-91a4-f2604951a69e	23	8	1
6e7e8453-a311-43ae-91a4-f2604951a69e	23	9	2
6e7e8453-a311-43ae-91a4-f2604951a69e	24	2	2
6e7e8453-a311-43ae-91a4-f2604951a69e	24	3	2
6e7e8453-a311-43ae-91a4-f2604951a69e	24	4	2
6e7e8453-a311-43ae-91a4-f2604951a69e	24	5	2
6e7e8453-a311-43ae-91a4-f2604951a69e	24	8	1
6e7e8453-a311-43ae-91a4-f2604951a69e	24	9	2
6e7e8453-a311-43ae-91a4-f2604951a69e	25	1	2
6e7e8453-a311-43ae-91a4-f2604951a69e	25	2	2
6e7e8453-a311-43ae-91a4-f2604951a69e	25	3	2
6e7e8453-a311-43ae-91a4-f2604951a69e	25	4	2
6e7e8453-a311-43ae-91a4-f2604951a69e	25	5	2
6e7e8453-a311-43ae-91a4-f2604951a69e	25	8	2
6e7e8453-a311-43ae-91a4-f2604951a69e	25	9	2
6e7e8453-a311-43ae-91a4-f2604951a69e	26	1	2
6e7e8453-a311-43ae-91a4-f2604951a69e	26	2	2
6e7e8453-a311-43ae-91a4-f2604951a69e	26	3	2
6e7e8453-a311-43ae-91a4-f2604951a69e	26	4	2
6e7e8453-a311-43ae-91a4-f2604951a69e	26	5	3
6e7e8453-a311-43ae-91a4-f2604951a69e	26	8	2
6e7e8453-a311-43ae-91a4-f2604951a69e	26	9	2
6e7e8453-a311-43ae-91a4-f2604951a69e	27	1	2
6e7e8453-a311-43ae-91a4-f2604951a69e	27	2	2
6e7e8453-a311-43ae-91a4-f2604951a69e	27	3	2
6e7e8453-a311-43ae-91a4-f2604951a69e	27	4	2
6e7e8453-a311-43ae-91a4-f2604951a69e	27	5	2
6e7e8453-a311-43ae-91a4-f2604951a69e	27	8	1
6e7e8453-a311-43ae-91a4-f2604951a69e	27	9	2
6e7e8453-a311-43ae-91a4-f2604951a69e	28	1	2
6e7e8453-a311-43ae-91a4-f2604951a69e	28	2	2
6e7e8453-a311-43ae-91a4-f2604951a69e	28	3	2
6e7e8453-a311-43ae-91a4-f2604951a69e	28	4	2
6e7e8453-a311-43ae-91a4-f2604951a69e	28	5	2
6e7e8453-a311-43ae-91a4-f2604951a69e	28	8	2
6e7e8453-a311-43ae-91a4-f2604951a69e	28	9	2
6e7e8453-a311-43ae-91a4-f2604951a69e	29	1	2
6e7e8453-a311-43ae-91a4-f2604951a69e	29	2	2
6e7e8453-a311-43ae-91a4-f2604951a69e	29	3	2
6e7e8453-a311-43ae-91a4-f2604951a69e	29	4	2
6e7e8453-a311-43ae-91a4-f2604951a69e	29	5	2
6e7e8453-a311-43ae-91a4-f2604951a69e	29	8	2
6e7e8453-a311-43ae-91a4-f2604951a69e	29	9	2
6e7e8453-a311-43ae-91a4-f2604951a69e	30	1	1
6e7e8453-a311-43ae-91a4-f2604951a69e	30	2	2
6e7e8453-a311-43ae-91a4-f2604951a69e	30	3	3
6e7e8453-a311-43ae-91a4-f2604951a69e	30	4	1
6e7e8453-a311-43ae-91a4-f2604951a69e	30	5	2
6e7e8453-a311-43ae-91a4-f2604951a69e	30	8	2
6e7e8453-a311-43ae-91a4-f2604951a69e	30	9	2
6e7e8453-a311-43ae-91a4-f2604951a69e	31	1	3
6e7e8453-a311-43ae-91a4-f2604951a69e	31	2	2
6e7e8453-a311-43ae-91a4-f2604951a69e	31	3	2
6e7e8453-a311-43ae-91a4-f2604951a69e	31	4	2
6e7e8453-a311-43ae-91a4-f2604951a69e	31	5	2
6e7e8453-a311-43ae-91a4-f2604951a69e	31	8	2
6e7e8453-a311-43ae-91a4-f2604951a69e	31	9	2
6e7e8453-a311-43ae-91a4-f2604951a69e	32	1	2
6e7e8453-a311-43ae-91a4-f2604951a69e	32	2	2
6e7e8453-a311-43ae-91a4-f2604951a69e	32	3	2
6e7e8453-a311-43ae-91a4-f2604951a69e	32	4	2
6e7e8453-a311-43ae-91a4-f2604951a69e	32	5	2
6e7e8453-a311-43ae-91a4-f2604951a69e	32	8	2
6e7e8453-a311-43ae-91a4-f2604951a69e	32	9	2
6e7e8453-a311-43ae-91a4-f2604951a69e	33	1	2
6e7e8453-a311-43ae-91a4-f2604951a69e	33	2	2
6e7e8453-a311-43ae-91a4-f2604951a69e	33	3	2
6e7e8453-a311-43ae-91a4-f2604951a69e	33	4	2
6e7e8453-a311-43ae-91a4-f2604951a69e	33	5	2
6e7e8453-a311-43ae-91a4-f2604951a69e	33	8	2
6e7e8453-a311-43ae-91a4-f2604951a69e	33	9	2
6e7e8453-a311-43ae-91a4-f2604951a69e	34	0	2
6e7e8453-a311-43ae-91a4-f2604951a69e	34	1	2
6e7e8453-a311-43ae-91a4-f2604951a69e	34	2	2
6e7e8453-a311-43ae-91a4-f2604951a69e	34	3	2
6e7e8453-a311-43ae-91a4-f2604951a69e	34	4	2
6e7e8453-a311-43ae-91a4-f2604951a69e	34	5	2
6e7e8453-a311-43ae-91a4-f2604951a69e	34	8	2
6e7e8453-a311-43ae-91a4-f2604951a69e	34	9	1
6e7e8453-a311-43ae-91a4-f2604951a69e	35	0	2
6e7e8453-a311-43ae-91a4-f2604951a69e	35	1	2
6e7e8453-a311-43ae-91a4-f2604951a69e	35	2	2
6e7e8453-a311-43ae-91a4-f2604951a69e	35	3	2
6e7e8453-a311-43ae-91a4-f2604951a69e	35	4	2
6e7e8453-a311-43ae-91a4-f2604951a69e	35	5	2
6e7e8453-a311-43ae-91a4-f2604951a69e	35	8	2
6e7e8453-a311-43ae-91a4-f2604951a69e	35	9	2
6e7e8453-a311-43ae-91a4-f2604951a69e	36	0	2
6e7e8453-a311-43ae-91a4-f2604951a69e	36	1	2
6e7e8453-a311-43ae-91a4-f2604951a69e	36	2	1
6e7e8453-a311-43ae-91a4-f2604951a69e	36	3	2
6e7e8453-a311-43ae-91a4-f2604951a69e	36	4	3
6e7e8453-a311-43ae-91a4-f2604951a69e	36	5	2
6e7e8453-a311-43ae-91a4-f2604951a69e	36	8	2
6e7e8453-a311-43ae-91a4-f2604951a69e	36	9	2
6e7e8453-a311-43ae-91a4-f2604951a69e	37	0	2
6e7e8453-a311-43ae-91a4-f2604951a69e	37	1	2
6e7e8453-a311-43ae-91a4-f2604951a69e	37	2	2
6e7e8453-a311-43ae-91a4-f2604951a69e	37	3	2
6e7e8453-a311-43ae-91a4-f2604951a69e	37	4	2
6e7e8453-a311-43ae-91a4-f2604951a69e	37	5	2
6e7e8453-a311-43ae-91a4-f2604951a69e	37	7	2
6e7e8453-a311-43ae-91a4-f2604951a69e	37	8	2
6e7e8453-a311-43ae-91a4-f2604951a69e	37	9	2
6e7e8453-a311-43ae-91a4-f2604951a69e	38	0	2
6e7e8453-a311-43ae-91a4-f2604951a69e	38	1	2
6e7e8453-a311-43ae-91a4-f2604951a69e	38	2	2
6e7e8453-a311-43ae-91a4-f2604951a69e	38	3	2
6e7e8453-a311-43ae-91a4-f2604951a69e	38	4	2
6e7e8453-a311-43ae-91a4-f2604951a69e	38	5	3
6e7e8453-a311-43ae-91a4-f2604951a69e	38	7	2
6e7e8453-a311-43ae-91a4-f2604951a69e	38	8	2
6e7e8453-a311-43ae-91a4-f2604951a69e	38	9	2
6e7e8453-a311-43ae-91a4-f2604951a69e	39	0	2
6e7e8453-a311-43ae-91a4-f2604951a69e	39	1	2
6e7e8453-a311-43ae-91a4-f2604951a69e	39	2	2
6e7e8453-a311-43ae-91a4-f2604951a69e	39	3	2
6e7e8453-a311-43ae-91a4-f2604951a69e	39	4	2
6e7e8453-a311-43ae-91a4-f2604951a69e	39	5	2
6e7e8453-a311-43ae-91a4-f2604951a69e	39	7	2
6e7e8453-a311-43ae-91a4-f2604951a69e	39	8	3
6e7e8453-a311-43ae-91a4-f2604951a69e	39	9	2
6e7e8453-a311-43ae-91a4-f2604951a69e	40	0	3
6e7e8453-a311-43ae-91a4-f2604951a69e	40	1	2
6e7e8453-a311-43ae-91a4-f2604951a69e	40	2	2
6e7e8453-a311-43ae-91a4-f2604951a69e	40	3	2
6e7e8453-a311-43ae-91a4-f2604951a69e	40	4	2
6e7e8453-a311-43ae-91a4-f2604951a69e	40	5	2
6e7e8453-a311-43ae-91a4-f2604951a69e	40	7	2
6e7e8453-a311-43ae-91a4-f2604951a69e	40	8	3
6e7e8453-a311-43ae-91a4-f2604951a69e	40	9	3
6e7e8453-a311-43ae-91a4-f2604951a69e	41	0	2
6e7e8453-a311-43ae-91a4-f2604951a69e	41	1	1
6e7e8453-a311-43ae-91a4-f2604951a69e	41	2	2
6e7e8453-a311-43ae-91a4-f2604951a69e	41	3	2
6e7e8453-a311-43ae-91a4-f2604951a69e	41	4	2
6e7e8453-a311-43ae-91a4-f2604951a69e	41	5	2
6e7e8453-a311-43ae-91a4-f2604951a69e	41	7	2
6e7e8453-a311-43ae-91a4-f2604951a69e	41	8	2
6e7e8453-a311-43ae-91a4-f2604951a69e	41	9	2
6e7e8453-a311-43ae-91a4-f2604951a69e	42	0	2
6e7e8453-a311-43ae-91a4-f2604951a69e	42	1	2
6e7e8453-a311-43ae-91a4-f2604951a69e	42	2	3
6e7e8453-a311-43ae-91a4-f2604951a69e	42	3	2
6e7e8453-a311-43ae-91a4-f2604951a69e	42	4	2
6e7e8453-a311-43ae-91a4-f2604951a69e	42	5	2
6e7e8453-a311-43ae-91a4-f2604951a69e	42	7	3
6e7e8453-a311-43ae-91a4-f2604951a69e	42	8	2
6e7e8453-a311-43ae-91a4-f2604951a69e	42	9	2
6e7e8453-a311-43ae-91a4-f2604951a69e	43	0	2
6e7e8453-a311-43ae-91a4-f2604951a69e	43	1	3
6e7e8453-a311-43ae-91a4-f2604951a69e	43	2	2
6e7e8453-a311-43ae-91a4-f2604951a69e	43	3	1
6e7e8453-a311-43ae-91a4-f2604951a69e	43	4	2
6e7e8453-a311-43ae-91a4-f2604951a69e	43	5	2
6e7e8453-a311-43ae-91a4-f2604951a69e	43	7	2
6e7e8453-a311-43ae-91a4-f2604951a69e	43	8	2
6e7e8453-a311-43ae-91a4-f2604951a69e	43	9	2
6e7e8453-a311-43ae-91a4-f2604951a69e	44	0	2
6e7e8453-a311-43ae-91a4-f2604951a69e	44	1	1
6e7e8453-a311-43ae-91a4-f2604951a69e	44	2	2
6e7e8453-a311-43ae-91a4-f2604951a69e	44	3	3
6e7e8453-a311-43ae-91a4-f2604951a69e	44	4	1
6e7e8453-a311-43ae-91a4-f2604951a69e	44	5	2
6e7e8453-a311-43ae-91a4-f2604951a69e	44	7	2
6e7e8453-a311-43ae-91a4-f2604951a69e	44	8	2
6e7e8453-a311-43ae-91a4-f2604951a69e	44	9	2
6e7e8453-a311-43ae-91a4-f2604951a69e	45	0	2
6e7e8453-a311-43ae-91a4-f2604951a69e	45	1	2
6e7e8453-a311-43ae-91a4-f2604951a69e	45	2	2
6e7e8453-a311-43ae-91a4-f2604951a69e	45	3	2
6e7e8453-a311-43ae-91a4-f2604951a69e	45	4	2
6e7e8453-a311-43ae-91a4-f2604951a69e	45	5	2
6e7e8453-a311-43ae-91a4-f2604951a69e	45	7	1
6e7e8453-a311-43ae-91a4-f2604951a69e	45	8	2
6e7e8453-a311-43ae-91a4-f2604951a69e	45	9	2
6e7e8453-a311-43ae-91a4-f2604951a69e	46	0	2
6e7e8453-a311-43ae-91a4-f2604951a69e	46	1	2
6e7e8453-a311-43ae-91a4-f2604951a69e	46	2	2
6e7e8453-a311-43ae-91a4-f2604951a69e	46	3	2
6e7e8453-a311-43ae-91a4-f2604951a69e	46	4	2
6e7e8453-a311-43ae-91a4-f2604951a69e	46	5	2
6e7e8453-a311-43ae-91a4-f2604951a69e	46	7	2
6e7e8453-a311-43ae-91a4-f2604951a69e	46	8	2
6e7e8453-a311-43ae-91a4-f2604951a69e	46	9	2
6e7e8453-a311-43ae-91a4-f2604951a69e	47	0	2
6e7e8453-a311-43ae-91a4-f2604951a69e	47	1	0
6e7e8453-a311-43ae-91a4-f2604951a69e	47	2	2
6e7e8453-a311-43ae-91a4-f2604951a69e	47	3	0
6e7e8453-a311-43ae-91a4-f2604951a69e	47	4	2
6e7e8453-a311-43ae-91a4-f2604951a69e	47	5	2
6e7e8453-a311-43ae-91a4-f2604951a69e	47	7	2
6e7e8453-a311-43ae-91a4-f2604951a69e	47	8	2
6e7e8453-a311-43ae-91a4-f2604951a69e	47	9	2
6e7e8453-a311-43ae-91a4-f2604951a69e	48	0	2
6e7e8453-a311-43ae-91a4-f2604951a69e	48	1	0
6e7e8453-a311-43ae-91a4-f2604951a69e	48	2	2
6e7e8453-a311-43ae-91a4-f2604951a69e	48	3	0
6e7e8453-a311-43ae-91a4-f2604951a69e	48	4	2
6e7e8453-a311-43ae-91a4-f2604951a69e	48	5	2
6e7e8453-a311-43ae-91a4-f2604951a69e	48	7	2
6e7e8453-a311-43ae-91a4-f2604951a69e	48	8	2
6e7e8453-a311-43ae-91a4-f2604951a69e	48	9	1
6e7e8453-a311-43ae-91a4-f2604951a69e	49	0	2
6e7e8453-a311-43ae-91a4-f2604951a69e	49	1	0
6e7e8453-a311-43ae-91a4-f2604951a69e	49	2	2
6e7e8453-a311-43ae-91a4-f2604951a69e	49	3	0
6e7e8453-a311-43ae-91a4-f2604951a69e	49	4	2
6e7e8453-a311-43ae-91a4-f2604951a69e	49	5	2
6e7e8453-a311-43ae-91a4-f2604951a69e	49	7	2
6e7e8453-a311-43ae-91a4-f2604951a69e	49	8	2
6e7e8453-a311-43ae-91a4-f2604951a69e	49	9	1
6e7e8453-a311-43ae-91a4-f2604951a69e	50	0	2
6e7e8453-a311-43ae-91a4-f2604951a69e	50	1	0
6e7e8453-a311-43ae-91a4-f2604951a69e	50	2	1
6e7e8453-a311-43ae-91a4-f2604951a69e	50	3	0
6e7e8453-a311-43ae-91a4-f2604951a69e	50	4	0
6e7e8453-a311-43ae-91a4-f2604951a69e	50	5	2
6e7e8453-a311-43ae-91a4-f2604951a69e	50	7	2
6e7e8453-a311-43ae-91a4-f2604951a69e	50	8	2
6e7e8453-a311-43ae-91a4-f2604951a69e	50	9	2
6e7e8453-a311-43ae-91a4-f2604951a69e	51	0	2
6e7e8453-a311-43ae-91a4-f2604951a69e	51	1	0
6e7e8453-a311-43ae-91a4-f2604951a69e	51	2	1
6e7e8453-a311-43ae-91a4-f2604951a69e	51	3	0
6e7e8453-a311-43ae-91a4-f2604951a69e	51	4	0
6e7e8453-a311-43ae-91a4-f2604951a69e	51	5	1
6e7e8453-a311-43ae-91a4-f2604951a69e	51	7	0
6e7e8453-a311-43ae-91a4-f2604951a69e	51	8	2
6e7e8453-a311-43ae-91a4-f2604951a69e	51	9	1
6e7e8453-a311-43ae-91a4-f2604951a69e	52	0	1
6e7e8453-a311-43ae-91a4-f2604951a69e	52	1	0
6e7e8453-a311-43ae-91a4-f2604951a69e	52	2	2
6e7e8453-a311-43ae-91a4-f2604951a69e	52	3	0
6e7e8453-a311-43ae-91a4-f2604951a69e	52	4	0
6e7e8453-a311-43ae-91a4-f2604951a69e	52	5	3
6e7e8453-a311-43ae-91a4-f2604951a69e	52	7	0
6e7e8453-a311-43ae-91a4-f2604951a69e	52	8	2
6e7e8453-a311-43ae-91a4-f2604951a69e	52	9	2
6e7e8453-a311-43ae-91a4-f2604951a69e	53	0	3
6e7e8453-a311-43ae-91a4-f2604951a69e	53	1	0
6e7e8453-a311-43ae-91a4-f2604951a69e	53	2	1
6e7e8453-a311-43ae-91a4-f2604951a69e	53	3	0
6e7e8453-a311-43ae-91a4-f2604951a69e	53	4	0
6e7e8453-a311-43ae-91a4-f2604951a69e	53	5	2
6e7e8453-a311-43ae-91a4-f2604951a69e	53	7	0
6e7e8453-a311-43ae-91a4-f2604951a69e	53	8	1
6e7e8453-a311-43ae-91a4-f2604951a69e	53	9	2
6e7e8453-a311-43ae-91a4-f2604951a69e	54	0	2
6e7e8453-a311-43ae-91a4-f2604951a69e	54	1	0
6e7e8453-a311-43ae-91a4-f2604951a69e	54	2	2
6e7e8453-a311-43ae-91a4-f2604951a69e	54	3	0
6e7e8453-a311-43ae-91a4-f2604951a69e	54	4	0
6e7e8453-a311-43ae-91a4-f2604951a69e	54	5	2
6e7e8453-a311-43ae-91a4-f2604951a69e	54	7	0
6e7e8453-a311-43ae-91a4-f2604951a69e	54	8	3
6e7e8453-a311-43ae-91a4-f2604951a69e	54	9	2
6e7e8453-a311-43ae-91a4-f2604951a69e	55	0	2
6e7e8453-a311-43ae-91a4-f2604951a69e	55	1	0
6e7e8453-a311-43ae-91a4-f2604951a69e	55	2	2
6e7e8453-a311-43ae-91a4-f2604951a69e	55	3	0
6e7e8453-a311-43ae-91a4-f2604951a69e	55	4	0
6e7e8453-a311-43ae-91a4-f2604951a69e	55	5	0
6e7e8453-a311-43ae-91a4-f2604951a69e	55	7	0
6e7e8453-a311-43ae-91a4-f2604951a69e	55	8	2
6e7e8453-a311-43ae-91a4-f2604951a69e	55	9	2
6e7e8453-a311-43ae-91a4-f2604951a69e	56	0	0
6e7e8453-a311-43ae-91a4-f2604951a69e	56	1	0
6e7e8453-a311-43ae-91a4-f2604951a69e	56	2	2
6e7e8453-a311-43ae-91a4-f2604951a69e	56	3	0
6e7e8453-a311-43ae-91a4-f2604951a69e	56	4	0
6e7e8453-a311-43ae-91a4-f2604951a69e	56	5	0
6e7e8453-a311-43ae-91a4-f2604951a69e	56	6	2
6e7e8453-a311-43ae-91a4-f2604951a69e	56	7	0
6e7e8453-a311-43ae-91a4-f2604951a69e	56	8	2
6e7e8453-a311-43ae-91a4-f2604951a69e	56	9	2
6e7e8453-a311-43ae-91a4-f2604951a69e	57	0	0
6e7e8453-a311-43ae-91a4-f2604951a69e	57	1	0
6e7e8453-a311-43ae-91a4-f2604951a69e	57	2	2
6e7e8453-a311-43ae-91a4-f2604951a69e	57	3	0
6e7e8453-a311-43ae-91a4-f2604951a69e	57	4	0
6e7e8453-a311-43ae-91a4-f2604951a69e	57	5	0
6e7e8453-a311-43ae-91a4-f2604951a69e	57	6	2
6e7e8453-a311-43ae-91a4-f2604951a69e	57	7	0
6e7e8453-a311-43ae-91a4-f2604951a69e	57	8	0
6e7e8453-a311-43ae-91a4-f2604951a69e	57	9	0
6e7e8453-a311-43ae-91a4-f2604951a69e	58	0	0
6e7e8453-a311-43ae-91a4-f2604951a69e	58	1	0
6e7e8453-a311-43ae-91a4-f2604951a69e	58	2	2
6e7e8453-a311-43ae-91a4-f2604951a69e	58	3	0
6e7e8453-a311-43ae-91a4-f2604951a69e	58	4	0
6e7e8453-a311-43ae-91a4-f2604951a69e	58	5	0
6e7e8453-a311-43ae-91a4-f2604951a69e	58	6	2
6e7e8453-a311-43ae-91a4-f2604951a69e	58	7	0
6e7e8453-a311-43ae-91a4-f2604951a69e	58	8	0
6e7e8453-a311-43ae-91a4-f2604951a69e	58	9	0
6e7e8453-a311-43ae-91a4-f2604951a69e	59	0	0
6e7e8453-a311-43ae-91a4-f2604951a69e	59	1	0
6e7e8453-a311-43ae-91a4-f2604951a69e	59	2	0
6e7e8453-a311-43ae-91a4-f2604951a69e	59	3	0
6e7e8453-a311-43ae-91a4-f2604951a69e	59	4	0
6e7e8453-a311-43ae-91a4-f2604951a69e	59	5	0
6e7e8453-a311-43ae-91a4-f2604951a69e	59	6	2
6e7e8453-a311-43ae-91a4-f2604951a69e	59	7	0
6e7e8453-a311-43ae-91a4-f2604951a69e	59	8	0
6e7e8453-a311-43ae-91a4-f2604951a69e	59	9	0
6e7e8453-a311-43ae-91a4-f2604951a69e	60	0	0
6e7e8453-a311-43ae-91a4-f2604951a69e	60	1	0
6e7e8453-a311-43ae-91a4-f2604951a69e	60	2	0
6e7e8453-a311-43ae-91a4-f2604951a69e	60	3	0
6e7e8453-a311-43ae-91a4-f2604951a69e	60	4	0
6e7e8453-a311-43ae-91a4-f2604951a69e	60	5	0
6e7e8453-a311-43ae-91a4-f2604951a69e	60	6	2
6e7e8453-a311-43ae-91a4-f2604951a69e	60	7	0
6e7e8453-a311-43ae-91a4-f2604951a69e	60	8	0
6e7e8453-a311-43ae-91a4-f2604951a69e	60	9	0
6e7e8453-a311-43ae-91a4-f2604951a69e	61	0	0
6e7e8453-a311-43ae-91a4-f2604951a69e	61	1	0
6e7e8453-a311-43ae-91a4-f2604951a69e	61	2	0
6e7e8453-a311-43ae-91a4-f2604951a69e	61	3	0
6e7e8453-a311-43ae-91a4-f2604951a69e	61	4	0
6e7e8453-a311-43ae-91a4-f2604951a69e	61	5	0
6e7e8453-a311-43ae-91a4-f2604951a69e	61	6	2
6e7e8453-a311-43ae-91a4-f2604951a69e	61	7	0
6e7e8453-a311-43ae-91a4-f2604951a69e	61	8	0
6e7e8453-a311-43ae-91a4-f2604951a69e	61	9	0
6e7e8453-a311-43ae-91a4-f2604951a69e	62	0	0
6e7e8453-a311-43ae-91a4-f2604951a69e	62	1	0
6e7e8453-a311-43ae-91a4-f2604951a69e	62	2	0
6e7e8453-a311-43ae-91a4-f2604951a69e	62	3	0
6e7e8453-a311-43ae-91a4-f2604951a69e	62	4	0
6e7e8453-a311-43ae-91a4-f2604951a69e	62	5	0
6e7e8453-a311-43ae-91a4-f2604951a69e	62	6	3
6e7e8453-a311-43ae-91a4-f2604951a69e	62	7	0
6e7e8453-a311-43ae-91a4-f2604951a69e	62	8	0
6e7e8453-a311-43ae-91a4-f2604951a69e	62	9	0
6e7e8453-a311-43ae-91a4-f2604951a69e	63	0	0
6e7e8453-a311-43ae-91a4-f2604951a69e	63	1	0
6e7e8453-a311-43ae-91a4-f2604951a69e	63	2	0
6e7e8453-a311-43ae-91a4-f2604951a69e	63	3	0
6e7e8453-a311-43ae-91a4-f2604951a69e	63	4	0
6e7e8453-a311-43ae-91a4-f2604951a69e	63	5	0
6e7e8453-a311-43ae-91a4-f2604951a69e	63	6	1
6e7e8453-a311-43ae-91a4-f2604951a69e	63	7	0
6e7e8453-a311-43ae-91a4-f2604951a69e	63	8	0
6e7e8453-a311-43ae-91a4-f2604951a69e	63	9	0
6e7e8453-a311-43ae-91a4-f2604951a69e	64	0	0
6e7e8453-a311-43ae-91a4-f2604951a69e	64	1	0
6e7e8453-a311-43ae-91a4-f2604951a69e	64	2	0
6e7e8453-a311-43ae-91a4-f2604951a69e	64	3	0
6e7e8453-a311-43ae-91a4-f2604951a69e	64	4	0
6e7e8453-a311-43ae-91a4-f2604951a69e	64	5	0
6e7e8453-a311-43ae-91a4-f2604951a69e	64	6	2
6e7e8453-a311-43ae-91a4-f2604951a69e	64	7	0
6e7e8453-a311-43ae-91a4-f2604951a69e	64	8	0
6e7e8453-a311-43ae-91a4-f2604951a69e	64	9	0
6e7e8453-a311-43ae-91a4-f2604951a69e	65	0	0
6e7e8453-a311-43ae-91a4-f2604951a69e	65	1	0
6e7e8453-a311-43ae-91a4-f2604951a69e	65	2	0
6e7e8453-a311-43ae-91a4-f2604951a69e	65	3	0
6e7e8453-a311-43ae-91a4-f2604951a69e	65	4	0
6e7e8453-a311-43ae-91a4-f2604951a69e	65	5	0
6e7e8453-a311-43ae-91a4-f2604951a69e	65	6	2
6e7e8453-a311-43ae-91a4-f2604951a69e	65	7	0
6e7e8453-a311-43ae-91a4-f2604951a69e	65	8	0
6e7e8453-a311-43ae-91a4-f2604951a69e	65	9	0
6e7e8453-a311-43ae-91a4-f2604951a69e	66	0	0
6e7e8453-a311-43ae-91a4-f2604951a69e	66	1	0
6e7e8453-a311-43ae-91a4-f2604951a69e	66	2	0
6e7e8453-a311-43ae-91a4-f2604951a69e	66	3	0
6e7e8453-a311-43ae-91a4-f2604951a69e	66	4	0
6e7e8453-a311-43ae-91a4-f2604951a69e	66	5	0
6e7e8453-a311-43ae-91a4-f2604951a69e	66	6	2
6e7e8453-a311-43ae-91a4-f2604951a69e	66	7	0
6e7e8453-a311-43ae-91a4-f2604951a69e	66	8	0
6e7e8453-a311-43ae-91a4-f2604951a69e	66	9	0
6e7e8453-a311-43ae-91a4-f2604951a69e	67	0	0
6e7e8453-a311-43ae-91a4-f2604951a69e	67	1	0
6e7e8453-a311-43ae-91a4-f2604951a69e	67	2	0
6e7e8453-a311-43ae-91a4-f2604951a69e	67	3	0
6e7e8453-a311-43ae-91a4-f2604951a69e	67	4	0
6e7e8453-a311-43ae-91a4-f2604951a69e	67	5	0
6e7e8453-a311-43ae-91a4-f2604951a69e	67	6	2
6e7e8453-a311-43ae-91a4-f2604951a69e	67	7	0
6e7e8453-a311-43ae-91a4-f2604951a69e	67	8	0
6e7e8453-a311-43ae-91a4-f2604951a69e	67	9	0
dad1d6d9-83c1-4fde-8073-b4c8fd87455d	2	1	2
dad1d6d9-83c1-4fde-8073-b4c8fd87455d	3	1	2
dad1d6d9-83c1-4fde-8073-b4c8fd87455d	3	3	2
dad1d6d9-83c1-4fde-8073-b4c8fd87455d	4	0	2
dad1d6d9-83c1-4fde-8073-b4c8fd87455d	4	1	2
dad1d6d9-83c1-4fde-8073-b4c8fd87455d	4	3	2
dad1d6d9-83c1-4fde-8073-b4c8fd87455d	4	4	2
dad1d6d9-83c1-4fde-8073-b4c8fd87455d	5	0	2
dad1d6d9-83c1-4fde-8073-b4c8fd87455d	5	1	2
dad1d6d9-83c1-4fde-8073-b4c8fd87455d	5	3	2
dad1d6d9-83c1-4fde-8073-b4c8fd87455d	5	4	2
dad1d6d9-83c1-4fde-8073-b4c8fd87455d	5	8	2
dad1d6d9-83c1-4fde-8073-b4c8fd87455d	6	0	2
dad1d6d9-83c1-4fde-8073-b4c8fd87455d	6	1	2
dad1d6d9-83c1-4fde-8073-b4c8fd87455d	6	3	2
dad1d6d9-83c1-4fde-8073-b4c8fd87455d	6	4	2
dad1d6d9-83c1-4fde-8073-b4c8fd87455d	6	8	2
dad1d6d9-83c1-4fde-8073-b4c8fd87455d	7	0	3
dad1d6d9-83c1-4fde-8073-b4c8fd87455d	7	1	3
dad1d6d9-83c1-4fde-8073-b4c8fd87455d	7	3	2
dad1d6d9-83c1-4fde-8073-b4c8fd87455d	7	4	2
dad1d6d9-83c1-4fde-8073-b4c8fd87455d	7	5	2
dad1d6d9-83c1-4fde-8073-b4c8fd87455d	7	8	2
dad1d6d9-83c1-4fde-8073-b4c8fd87455d	8	0	1
dad1d6d9-83c1-4fde-8073-b4c8fd87455d	8	1	2
dad1d6d9-83c1-4fde-8073-b4c8fd87455d	8	2	2
dad1d6d9-83c1-4fde-8073-b4c8fd87455d	8	3	2
dad1d6d9-83c1-4fde-8073-b4c8fd87455d	8	4	2
dad1d6d9-83c1-4fde-8073-b4c8fd87455d	8	5	2
dad1d6d9-83c1-4fde-8073-b4c8fd87455d	8	8	2
dad1d6d9-83c1-4fde-8073-b4c8fd87455d	9	0	2
dad1d6d9-83c1-4fde-8073-b4c8fd87455d	9	1	2
dad1d6d9-83c1-4fde-8073-b4c8fd87455d	9	2	1
dad1d6d9-83c1-4fde-8073-b4c8fd87455d	9	3	1
dad1d6d9-83c1-4fde-8073-b4c8fd87455d	9	4	3
dad1d6d9-83c1-4fde-8073-b4c8fd87455d	9	5	2
dad1d6d9-83c1-4fde-8073-b4c8fd87455d	9	8	2
dad1d6d9-83c1-4fde-8073-b4c8fd87455d	10	0	2
dad1d6d9-83c1-4fde-8073-b4c8fd87455d	10	1	2
dad1d6d9-83c1-4fde-8073-b4c8fd87455d	10	2	3
dad1d6d9-83c1-4fde-8073-b4c8fd87455d	10	3	2
dad1d6d9-83c1-4fde-8073-b4c8fd87455d	10	4	2
dad1d6d9-83c1-4fde-8073-b4c8fd87455d	10	5	3
dad1d6d9-83c1-4fde-8073-b4c8fd87455d	10	6	2
dad1d6d9-83c1-4fde-8073-b4c8fd87455d	10	7	2
dad1d6d9-83c1-4fde-8073-b4c8fd87455d	10	8	3
dad1d6d9-83c1-4fde-8073-b4c8fd87455d	11	0	3
dad1d6d9-83c1-4fde-8073-b4c8fd87455d	11	1	2
dad1d6d9-83c1-4fde-8073-b4c8fd87455d	11	2	2
dad1d6d9-83c1-4fde-8073-b4c8fd87455d	11	3	2
dad1d6d9-83c1-4fde-8073-b4c8fd87455d	11	4	2
dad1d6d9-83c1-4fde-8073-b4c8fd87455d	11	5	1
dad1d6d9-83c1-4fde-8073-b4c8fd87455d	11	6	2
dad1d6d9-83c1-4fde-8073-b4c8fd87455d	11	7	2
dad1d6d9-83c1-4fde-8073-b4c8fd87455d	11	8	2
dad1d6d9-83c1-4fde-8073-b4c8fd87455d	12	0	2
dad1d6d9-83c1-4fde-8073-b4c8fd87455d	12	1	3
dad1d6d9-83c1-4fde-8073-b4c8fd87455d	12	2	2
dad1d6d9-83c1-4fde-8073-b4c8fd87455d	12	3	2
dad1d6d9-83c1-4fde-8073-b4c8fd87455d	12	4	2
dad1d6d9-83c1-4fde-8073-b4c8fd87455d	12	5	2
dad1d6d9-83c1-4fde-8073-b4c8fd87455d	12	6	2
dad1d6d9-83c1-4fde-8073-b4c8fd87455d	12	7	2
dad1d6d9-83c1-4fde-8073-b4c8fd87455d	12	8	2
dad1d6d9-83c1-4fde-8073-b4c8fd87455d	13	0	2
dad1d6d9-83c1-4fde-8073-b4c8fd87455d	13	1	2
dad1d6d9-83c1-4fde-8073-b4c8fd87455d	13	2	2
dad1d6d9-83c1-4fde-8073-b4c8fd87455d	13	3	3
dad1d6d9-83c1-4fde-8073-b4c8fd87455d	13	4	2
dad1d6d9-83c1-4fde-8073-b4c8fd87455d	13	5	2
dad1d6d9-83c1-4fde-8073-b4c8fd87455d	13	6	3
dad1d6d9-83c1-4fde-8073-b4c8fd87455d	13	7	2
dad1d6d9-83c1-4fde-8073-b4c8fd87455d	13	8	2
dad1d6d9-83c1-4fde-8073-b4c8fd87455d	14	0	2
dad1d6d9-83c1-4fde-8073-b4c8fd87455d	14	1	2
dad1d6d9-83c1-4fde-8073-b4c8fd87455d	14	2	2
dad1d6d9-83c1-4fde-8073-b4c8fd87455d	14	3	1
dad1d6d9-83c1-4fde-8073-b4c8fd87455d	14	4	3
dad1d6d9-83c1-4fde-8073-b4c8fd87455d	14	5	3
dad1d6d9-83c1-4fde-8073-b4c8fd87455d	14	6	1
dad1d6d9-83c1-4fde-8073-b4c8fd87455d	14	7	2
dad1d6d9-83c1-4fde-8073-b4c8fd87455d	14	8	2
dad1d6d9-83c1-4fde-8073-b4c8fd87455d	15	0	2
dad1d6d9-83c1-4fde-8073-b4c8fd87455d	15	1	2
dad1d6d9-83c1-4fde-8073-b4c8fd87455d	15	2	3
dad1d6d9-83c1-4fde-8073-b4c8fd87455d	15	3	2
dad1d6d9-83c1-4fde-8073-b4c8fd87455d	15	4	2
dad1d6d9-83c1-4fde-8073-b4c8fd87455d	15	5	2
dad1d6d9-83c1-4fde-8073-b4c8fd87455d	15	6	2
dad1d6d9-83c1-4fde-8073-b4c8fd87455d	15	7	2
dad1d6d9-83c1-4fde-8073-b4c8fd87455d	15	8	3
dad1d6d9-83c1-4fde-8073-b4c8fd87455d	16	0	2
dad1d6d9-83c1-4fde-8073-b4c8fd87455d	16	1	2
dad1d6d9-83c1-4fde-8073-b4c8fd87455d	16	2	2
dad1d6d9-83c1-4fde-8073-b4c8fd87455d	16	3	2
dad1d6d9-83c1-4fde-8073-b4c8fd87455d	16	4	2
dad1d6d9-83c1-4fde-8073-b4c8fd87455d	16	5	2
dad1d6d9-83c1-4fde-8073-b4c8fd87455d	16	6	2
dad1d6d9-83c1-4fde-8073-b4c8fd87455d	16	7	1
dad1d6d9-83c1-4fde-8073-b4c8fd87455d	16	8	2
dad1d6d9-83c1-4fde-8073-b4c8fd87455d	16	9	2
dad1d6d9-83c1-4fde-8073-b4c8fd87455d	17	0	2
dad1d6d9-83c1-4fde-8073-b4c8fd87455d	17	1	2
dad1d6d9-83c1-4fde-8073-b4c8fd87455d	17	2	2
dad1d6d9-83c1-4fde-8073-b4c8fd87455d	17	3	2
dad1d6d9-83c1-4fde-8073-b4c8fd87455d	17	4	2
dad1d6d9-83c1-4fde-8073-b4c8fd87455d	17	5	2
dad1d6d9-83c1-4fde-8073-b4c8fd87455d	17	6	3
dad1d6d9-83c1-4fde-8073-b4c8fd87455d	17	7	2
dad1d6d9-83c1-4fde-8073-b4c8fd87455d	17	8	2
dad1d6d9-83c1-4fde-8073-b4c8fd87455d	17	9	1
dad1d6d9-83c1-4fde-8073-b4c8fd87455d	18	0	2
dad1d6d9-83c1-4fde-8073-b4c8fd87455d	18	1	2
dad1d6d9-83c1-4fde-8073-b4c8fd87455d	18	2	2
dad1d6d9-83c1-4fde-8073-b4c8fd87455d	18	3	2
dad1d6d9-83c1-4fde-8073-b4c8fd87455d	18	4	2
dad1d6d9-83c1-4fde-8073-b4c8fd87455d	18	5	2
dad1d6d9-83c1-4fde-8073-b4c8fd87455d	18	6	2
dad1d6d9-83c1-4fde-8073-b4c8fd87455d	18	7	2
dad1d6d9-83c1-4fde-8073-b4c8fd87455d	18	8	2
dad1d6d9-83c1-4fde-8073-b4c8fd87455d	18	9	3
dad1d6d9-83c1-4fde-8073-b4c8fd87455d	19	0	2
dad1d6d9-83c1-4fde-8073-b4c8fd87455d	19	1	2
dad1d6d9-83c1-4fde-8073-b4c8fd87455d	19	2	2
dad1d6d9-83c1-4fde-8073-b4c8fd87455d	19	3	2
dad1d6d9-83c1-4fde-8073-b4c8fd87455d	19	4	2
dad1d6d9-83c1-4fde-8073-b4c8fd87455d	19	5	2
dad1d6d9-83c1-4fde-8073-b4c8fd87455d	19	6	2
dad1d6d9-83c1-4fde-8073-b4c8fd87455d	19	7	2
dad1d6d9-83c1-4fde-8073-b4c8fd87455d	19	8	2
dad1d6d9-83c1-4fde-8073-b4c8fd87455d	19	9	2
dad1d6d9-83c1-4fde-8073-b4c8fd87455d	20	0	2
dad1d6d9-83c1-4fde-8073-b4c8fd87455d	20	1	2
dad1d6d9-83c1-4fde-8073-b4c8fd87455d	20	2	2
dad1d6d9-83c1-4fde-8073-b4c8fd87455d	20	3	2
dad1d6d9-83c1-4fde-8073-b4c8fd87455d	20	4	2
dad1d6d9-83c1-4fde-8073-b4c8fd87455d	20	5	2
dad1d6d9-83c1-4fde-8073-b4c8fd87455d	20	6	2
dad1d6d9-83c1-4fde-8073-b4c8fd87455d	20	7	3
dad1d6d9-83c1-4fde-8073-b4c8fd87455d	20	8	2
dad1d6d9-83c1-4fde-8073-b4c8fd87455d	20	9	2
dad1d6d9-83c1-4fde-8073-b4c8fd87455d	21	0	3
dad1d6d9-83c1-4fde-8073-b4c8fd87455d	21	1	2
dad1d6d9-83c1-4fde-8073-b4c8fd87455d	21	2	2
dad1d6d9-83c1-4fde-8073-b4c8fd87455d	21	3	3
dad1d6d9-83c1-4fde-8073-b4c8fd87455d	21	4	2
dad1d6d9-83c1-4fde-8073-b4c8fd87455d	21	5	2
dad1d6d9-83c1-4fde-8073-b4c8fd87455d	21	6	2
dad1d6d9-83c1-4fde-8073-b4c8fd87455d	21	7	1
dad1d6d9-83c1-4fde-8073-b4c8fd87455d	21	8	2
dad1d6d9-83c1-4fde-8073-b4c8fd87455d	21	9	2
dad1d6d9-83c1-4fde-8073-b4c8fd87455d	22	0	1
dad1d6d9-83c1-4fde-8073-b4c8fd87455d	22	1	3
dad1d6d9-83c1-4fde-8073-b4c8fd87455d	22	2	2
dad1d6d9-83c1-4fde-8073-b4c8fd87455d	22	3	2
dad1d6d9-83c1-4fde-8073-b4c8fd87455d	22	4	2
dad1d6d9-83c1-4fde-8073-b4c8fd87455d	22	5	2
dad1d6d9-83c1-4fde-8073-b4c8fd87455d	22	6	2
dad1d6d9-83c1-4fde-8073-b4c8fd87455d	22	7	2
dad1d6d9-83c1-4fde-8073-b4c8fd87455d	22	8	2
dad1d6d9-83c1-4fde-8073-b4c8fd87455d	22	9	2
dad1d6d9-83c1-4fde-8073-b4c8fd87455d	23	0	2
dad1d6d9-83c1-4fde-8073-b4c8fd87455d	23	1	2
dad1d6d9-83c1-4fde-8073-b4c8fd87455d	23	2	2
dad1d6d9-83c1-4fde-8073-b4c8fd87455d	23	3	2
dad1d6d9-83c1-4fde-8073-b4c8fd87455d	23	4	2
dad1d6d9-83c1-4fde-8073-b4c8fd87455d	23	5	2
dad1d6d9-83c1-4fde-8073-b4c8fd87455d	23	6	2
dad1d6d9-83c1-4fde-8073-b4c8fd87455d	23	7	2
dad1d6d9-83c1-4fde-8073-b4c8fd87455d	23	8	2
dad1d6d9-83c1-4fde-8073-b4c8fd87455d	23	9	3
dad1d6d9-83c1-4fde-8073-b4c8fd87455d	24	0	2
dad1d6d9-83c1-4fde-8073-b4c8fd87455d	24	1	2
dad1d6d9-83c1-4fde-8073-b4c8fd87455d	24	2	2
dad1d6d9-83c1-4fde-8073-b4c8fd87455d	24	3	2
dad1d6d9-83c1-4fde-8073-b4c8fd87455d	24	4	3
dad1d6d9-83c1-4fde-8073-b4c8fd87455d	24	5	3
dad1d6d9-83c1-4fde-8073-b4c8fd87455d	24	6	2
dad1d6d9-83c1-4fde-8073-b4c8fd87455d	24	7	2
dad1d6d9-83c1-4fde-8073-b4c8fd87455d	24	8	2
dad1d6d9-83c1-4fde-8073-b4c8fd87455d	24	9	2
dad1d6d9-83c1-4fde-8073-b4c8fd87455d	25	0	0
dad1d6d9-83c1-4fde-8073-b4c8fd87455d	25	1	1
dad1d6d9-83c1-4fde-8073-b4c8fd87455d	25	2	3
dad1d6d9-83c1-4fde-8073-b4c8fd87455d	25	3	2
dad1d6d9-83c1-4fde-8073-b4c8fd87455d	25	4	2
dad1d6d9-83c1-4fde-8073-b4c8fd87455d	25	5	1
dad1d6d9-83c1-4fde-8073-b4c8fd87455d	25	6	2
dad1d6d9-83c1-4fde-8073-b4c8fd87455d	25	7	2
dad1d6d9-83c1-4fde-8073-b4c8fd87455d	25	8	3
dad1d6d9-83c1-4fde-8073-b4c8fd87455d	25	9	2
dad1d6d9-83c1-4fde-8073-b4c8fd87455d	26	0	0
dad1d6d9-83c1-4fde-8073-b4c8fd87455d	26	1	2
dad1d6d9-83c1-4fde-8073-b4c8fd87455d	26	2	1
dad1d6d9-83c1-4fde-8073-b4c8fd87455d	26	3	2
dad1d6d9-83c1-4fde-8073-b4c8fd87455d	26	4	2
dad1d6d9-83c1-4fde-8073-b4c8fd87455d	26	5	2
dad1d6d9-83c1-4fde-8073-b4c8fd87455d	26	6	2
dad1d6d9-83c1-4fde-8073-b4c8fd87455d	26	7	2
dad1d6d9-83c1-4fde-8073-b4c8fd87455d	26	8	2
dad1d6d9-83c1-4fde-8073-b4c8fd87455d	26	9	2
dad1d6d9-83c1-4fde-8073-b4c8fd87455d	27	0	0
dad1d6d9-83c1-4fde-8073-b4c8fd87455d	27	1	2
dad1d6d9-83c1-4fde-8073-b4c8fd87455d	27	2	2
dad1d6d9-83c1-4fde-8073-b4c8fd87455d	27	3	2
dad1d6d9-83c1-4fde-8073-b4c8fd87455d	27	4	1
dad1d6d9-83c1-4fde-8073-b4c8fd87455d	27	5	2
dad1d6d9-83c1-4fde-8073-b4c8fd87455d	27	6	3
dad1d6d9-83c1-4fde-8073-b4c8fd87455d	27	7	2
dad1d6d9-83c1-4fde-8073-b4c8fd87455d	27	8	2
dad1d6d9-83c1-4fde-8073-b4c8fd87455d	27	9	2
dad1d6d9-83c1-4fde-8073-b4c8fd87455d	28	0	0
dad1d6d9-83c1-4fde-8073-b4c8fd87455d	28	1	3
dad1d6d9-83c1-4fde-8073-b4c8fd87455d	28	2	2
dad1d6d9-83c1-4fde-8073-b4c8fd87455d	28	3	3
dad1d6d9-83c1-4fde-8073-b4c8fd87455d	28	4	2
dad1d6d9-83c1-4fde-8073-b4c8fd87455d	28	5	0
dad1d6d9-83c1-4fde-8073-b4c8fd87455d	28	6	1
dad1d6d9-83c1-4fde-8073-b4c8fd87455d	28	7	3
dad1d6d9-83c1-4fde-8073-b4c8fd87455d	28	8	1
dad1d6d9-83c1-4fde-8073-b4c8fd87455d	28	9	2
dad1d6d9-83c1-4fde-8073-b4c8fd87455d	29	0	0
dad1d6d9-83c1-4fde-8073-b4c8fd87455d	29	1	1
dad1d6d9-83c1-4fde-8073-b4c8fd87455d	29	2	0
dad1d6d9-83c1-4fde-8073-b4c8fd87455d	29	3	2
dad1d6d9-83c1-4fde-8073-b4c8fd87455d	29	4	2
dad1d6d9-83c1-4fde-8073-b4c8fd87455d	29	5	0
dad1d6d9-83c1-4fde-8073-b4c8fd87455d	29	6	2
dad1d6d9-83c1-4fde-8073-b4c8fd87455d	29	7	2
dad1d6d9-83c1-4fde-8073-b4c8fd87455d	29	8	2
dad1d6d9-83c1-4fde-8073-b4c8fd87455d	29	9	2
dad1d6d9-83c1-4fde-8073-b4c8fd87455d	30	0	0
dad1d6d9-83c1-4fde-8073-b4c8fd87455d	30	1	2
dad1d6d9-83c1-4fde-8073-b4c8fd87455d	30	2	0
dad1d6d9-83c1-4fde-8073-b4c8fd87455d	30	3	2
dad1d6d9-83c1-4fde-8073-b4c8fd87455d	30	4	3
dad1d6d9-83c1-4fde-8073-b4c8fd87455d	30	5	0
dad1d6d9-83c1-4fde-8073-b4c8fd87455d	30	6	2
dad1d6d9-83c1-4fde-8073-b4c8fd87455d	30	7	2
dad1d6d9-83c1-4fde-8073-b4c8fd87455d	30	8	2
dad1d6d9-83c1-4fde-8073-b4c8fd87455d	30	9	2
dad1d6d9-83c1-4fde-8073-b4c8fd87455d	31	0	0
dad1d6d9-83c1-4fde-8073-b4c8fd87455d	31	1	2
dad1d6d9-83c1-4fde-8073-b4c8fd87455d	31	2	0
dad1d6d9-83c1-4fde-8073-b4c8fd87455d	31	3	2
dad1d6d9-83c1-4fde-8073-b4c8fd87455d	31	4	1
dad1d6d9-83c1-4fde-8073-b4c8fd87455d	31	5	0
dad1d6d9-83c1-4fde-8073-b4c8fd87455d	31	6	0
dad1d6d9-83c1-4fde-8073-b4c8fd87455d	31	7	2
dad1d6d9-83c1-4fde-8073-b4c8fd87455d	31	8	3
dad1d6d9-83c1-4fde-8073-b4c8fd87455d	31	9	2
dad1d6d9-83c1-4fde-8073-b4c8fd87455d	32	0	0
dad1d6d9-83c1-4fde-8073-b4c8fd87455d	32	1	2
dad1d6d9-83c1-4fde-8073-b4c8fd87455d	32	2	0
dad1d6d9-83c1-4fde-8073-b4c8fd87455d	32	3	1
dad1d6d9-83c1-4fde-8073-b4c8fd87455d	32	4	2
dad1d6d9-83c1-4fde-8073-b4c8fd87455d	32	5	0
dad1d6d9-83c1-4fde-8073-b4c8fd87455d	32	6	0
dad1d6d9-83c1-4fde-8073-b4c8fd87455d	32	7	2
dad1d6d9-83c1-4fde-8073-b4c8fd87455d	32	8	1
dad1d6d9-83c1-4fde-8073-b4c8fd87455d	32	9	2
dad1d6d9-83c1-4fde-8073-b4c8fd87455d	33	0	0
dad1d6d9-83c1-4fde-8073-b4c8fd87455d	33	1	2
dad1d6d9-83c1-4fde-8073-b4c8fd87455d	33	2	0
dad1d6d9-83c1-4fde-8073-b4c8fd87455d	33	3	3
dad1d6d9-83c1-4fde-8073-b4c8fd87455d	33	4	2
dad1d6d9-83c1-4fde-8073-b4c8fd87455d	33	5	0
dad1d6d9-83c1-4fde-8073-b4c8fd87455d	33	6	0
dad1d6d9-83c1-4fde-8073-b4c8fd87455d	33	7	2
dad1d6d9-83c1-4fde-8073-b4c8fd87455d	33	8	2
dad1d6d9-83c1-4fde-8073-b4c8fd87455d	33	9	3
dad1d6d9-83c1-4fde-8073-b4c8fd87455d	34	0	0
dad1d6d9-83c1-4fde-8073-b4c8fd87455d	34	1	1
dad1d6d9-83c1-4fde-8073-b4c8fd87455d	34	2	0
dad1d6d9-83c1-4fde-8073-b4c8fd87455d	34	3	0
dad1d6d9-83c1-4fde-8073-b4c8fd87455d	34	4	2
dad1d6d9-83c1-4fde-8073-b4c8fd87455d	34	5	0
dad1d6d9-83c1-4fde-8073-b4c8fd87455d	34	6	0
dad1d6d9-83c1-4fde-8073-b4c8fd87455d	34	7	3
dad1d6d9-83c1-4fde-8073-b4c8fd87455d	34	8	2
dad1d6d9-83c1-4fde-8073-b4c8fd87455d	34	9	1
dad1d6d9-83c1-4fde-8073-b4c8fd87455d	35	0	0
dad1d6d9-83c1-4fde-8073-b4c8fd87455d	35	1	2
dad1d6d9-83c1-4fde-8073-b4c8fd87455d	35	2	0
dad1d6d9-83c1-4fde-8073-b4c8fd87455d	35	3	0
dad1d6d9-83c1-4fde-8073-b4c8fd87455d	35	4	2
dad1d6d9-83c1-4fde-8073-b4c8fd87455d	35	5	0
dad1d6d9-83c1-4fde-8073-b4c8fd87455d	35	6	0
dad1d6d9-83c1-4fde-8073-b4c8fd87455d	35	7	2
dad1d6d9-83c1-4fde-8073-b4c8fd87455d	35	8	2
dad1d6d9-83c1-4fde-8073-b4c8fd87455d	35	9	2
dad1d6d9-83c1-4fde-8073-b4c8fd87455d	36	0	0
dad1d6d9-83c1-4fde-8073-b4c8fd87455d	36	1	3
dad1d6d9-83c1-4fde-8073-b4c8fd87455d	36	2	0
dad1d6d9-83c1-4fde-8073-b4c8fd87455d	36	3	0
dad1d6d9-83c1-4fde-8073-b4c8fd87455d	36	4	1
dad1d6d9-83c1-4fde-8073-b4c8fd87455d	36	5	0
dad1d6d9-83c1-4fde-8073-b4c8fd87455d	36	6	0
dad1d6d9-83c1-4fde-8073-b4c8fd87455d	36	7	2
dad1d6d9-83c1-4fde-8073-b4c8fd87455d	36	8	2
dad1d6d9-83c1-4fde-8073-b4c8fd87455d	36	9	2
dad1d6d9-83c1-4fde-8073-b4c8fd87455d	37	0	0
dad1d6d9-83c1-4fde-8073-b4c8fd87455d	37	1	1
dad1d6d9-83c1-4fde-8073-b4c8fd87455d	37	2	0
dad1d6d9-83c1-4fde-8073-b4c8fd87455d	37	3	0
dad1d6d9-83c1-4fde-8073-b4c8fd87455d	37	4	2
dad1d6d9-83c1-4fde-8073-b4c8fd87455d	37	5	0
dad1d6d9-83c1-4fde-8073-b4c8fd87455d	37	6	0
dad1d6d9-83c1-4fde-8073-b4c8fd87455d	37	7	2
dad1d6d9-83c1-4fde-8073-b4c8fd87455d	37	8	1
dad1d6d9-83c1-4fde-8073-b4c8fd87455d	37	9	0
dad1d6d9-83c1-4fde-8073-b4c8fd87455d	38	0	0
dad1d6d9-83c1-4fde-8073-b4c8fd87455d	38	1	2
dad1d6d9-83c1-4fde-8073-b4c8fd87455d	38	2	0
dad1d6d9-83c1-4fde-8073-b4c8fd87455d	38	3	0
dad1d6d9-83c1-4fde-8073-b4c8fd87455d	38	4	3
dad1d6d9-83c1-4fde-8073-b4c8fd87455d	38	5	0
dad1d6d9-83c1-4fde-8073-b4c8fd87455d	38	6	0
dad1d6d9-83c1-4fde-8073-b4c8fd87455d	38	7	2
dad1d6d9-83c1-4fde-8073-b4c8fd87455d	38	8	2
dad1d6d9-83c1-4fde-8073-b4c8fd87455d	38	9	0
dad1d6d9-83c1-4fde-8073-b4c8fd87455d	39	0	0
dad1d6d9-83c1-4fde-8073-b4c8fd87455d	39	1	3
dad1d6d9-83c1-4fde-8073-b4c8fd87455d	39	2	0
dad1d6d9-83c1-4fde-8073-b4c8fd87455d	39	3	0
dad1d6d9-83c1-4fde-8073-b4c8fd87455d	39	4	1
dad1d6d9-83c1-4fde-8073-b4c8fd87455d	39	5	0
dad1d6d9-83c1-4fde-8073-b4c8fd87455d	39	6	0
dad1d6d9-83c1-4fde-8073-b4c8fd87455d	39	7	0
dad1d6d9-83c1-4fde-8073-b4c8fd87455d	39	8	3
dad1d6d9-83c1-4fde-8073-b4c8fd87455d	39	9	0
dad1d6d9-83c1-4fde-8073-b4c8fd87455d	40	0	0
dad1d6d9-83c1-4fde-8073-b4c8fd87455d	40	1	1
dad1d6d9-83c1-4fde-8073-b4c8fd87455d	40	2	0
dad1d6d9-83c1-4fde-8073-b4c8fd87455d	40	3	0
dad1d6d9-83c1-4fde-8073-b4c8fd87455d	40	4	2
dad1d6d9-83c1-4fde-8073-b4c8fd87455d	40	5	0
dad1d6d9-83c1-4fde-8073-b4c8fd87455d	40	6	0
dad1d6d9-83c1-4fde-8073-b4c8fd87455d	40	7	0
dad1d6d9-83c1-4fde-8073-b4c8fd87455d	40	8	1
dad1d6d9-83c1-4fde-8073-b4c8fd87455d	40	9	0
dad1d6d9-83c1-4fde-8073-b4c8fd87455d	41	0	0
dad1d6d9-83c1-4fde-8073-b4c8fd87455d	41	1	0
dad1d6d9-83c1-4fde-8073-b4c8fd87455d	41	2	0
dad1d6d9-83c1-4fde-8073-b4c8fd87455d	41	3	0
dad1d6d9-83c1-4fde-8073-b4c8fd87455d	41	4	3
dad1d6d9-83c1-4fde-8073-b4c8fd87455d	41	5	0
dad1d6d9-83c1-4fde-8073-b4c8fd87455d	41	6	0
dad1d6d9-83c1-4fde-8073-b4c8fd87455d	41	7	0
dad1d6d9-83c1-4fde-8073-b4c8fd87455d	41	8	2
dad1d6d9-83c1-4fde-8073-b4c8fd87455d	41	9	0
dad1d6d9-83c1-4fde-8073-b4c8fd87455d	42	0	0
dad1d6d9-83c1-4fde-8073-b4c8fd87455d	42	1	0
dad1d6d9-83c1-4fde-8073-b4c8fd87455d	42	2	0
dad1d6d9-83c1-4fde-8073-b4c8fd87455d	42	3	0
dad1d6d9-83c1-4fde-8073-b4c8fd87455d	42	4	1
dad1d6d9-83c1-4fde-8073-b4c8fd87455d	42	5	0
dad1d6d9-83c1-4fde-8073-b4c8fd87455d	42	6	0
dad1d6d9-83c1-4fde-8073-b4c8fd87455d	42	7	0
dad1d6d9-83c1-4fde-8073-b4c8fd87455d	42	8	3
dad1d6d9-83c1-4fde-8073-b4c8fd87455d	42	9	0
dad1d6d9-83c1-4fde-8073-b4c8fd87455d	43	0	0
dad1d6d9-83c1-4fde-8073-b4c8fd87455d	43	1	0
dad1d6d9-83c1-4fde-8073-b4c8fd87455d	43	2	0
dad1d6d9-83c1-4fde-8073-b4c8fd87455d	43	3	0
dad1d6d9-83c1-4fde-8073-b4c8fd87455d	43	4	0
dad1d6d9-83c1-4fde-8073-b4c8fd87455d	43	5	0
dad1d6d9-83c1-4fde-8073-b4c8fd87455d	43	6	0
dad1d6d9-83c1-4fde-8073-b4c8fd87455d	43	7	0
dad1d6d9-83c1-4fde-8073-b4c8fd87455d	43	8	1
dad1d6d9-83c1-4fde-8073-b4c8fd87455d	43	9	0
1649ef98-e3a8-4dd3-a289-bbfff12876ce	0	0	2
1649ef98-e3a8-4dd3-a289-bbfff12876ce	0	1	2
1649ef98-e3a8-4dd3-a289-bbfff12876ce	0	2	2
1649ef98-e3a8-4dd3-a289-bbfff12876ce	0	3	2
1649ef98-e3a8-4dd3-a289-bbfff12876ce	0	4	2
1649ef98-e3a8-4dd3-a289-bbfff12876ce	0	5	2
1649ef98-e3a8-4dd3-a289-bbfff12876ce	0	6	2
1649ef98-e3a8-4dd3-a289-bbfff12876ce	0	7	2
1649ef98-e3a8-4dd3-a289-bbfff12876ce	0	8	2
1649ef98-e3a8-4dd3-a289-bbfff12876ce	0	9	2
1649ef98-e3a8-4dd3-a289-bbfff12876ce	1	0	2
1649ef98-e3a8-4dd3-a289-bbfff12876ce	1	1	2
1649ef98-e3a8-4dd3-a289-bbfff12876ce	1	2	2
1649ef98-e3a8-4dd3-a289-bbfff12876ce	1	3	2
1649ef98-e3a8-4dd3-a289-bbfff12876ce	1	4	2
1649ef98-e3a8-4dd3-a289-bbfff12876ce	1	5	2
1649ef98-e3a8-4dd3-a289-bbfff12876ce	1	6	2
1649ef98-e3a8-4dd3-a289-bbfff12876ce	1	7	2
1649ef98-e3a8-4dd3-a289-bbfff12876ce	1	8	2
1649ef98-e3a8-4dd3-a289-bbfff12876ce	1	9	2
1649ef98-e3a8-4dd3-a289-bbfff12876ce	2	0	2
1649ef98-e3a8-4dd3-a289-bbfff12876ce	2	1	2
1649ef98-e3a8-4dd3-a289-bbfff12876ce	2	2	2
1649ef98-e3a8-4dd3-a289-bbfff12876ce	2	3	2
1649ef98-e3a8-4dd3-a289-bbfff12876ce	2	4	2
1649ef98-e3a8-4dd3-a289-bbfff12876ce	2	5	2
1649ef98-e3a8-4dd3-a289-bbfff12876ce	2	6	2
1649ef98-e3a8-4dd3-a289-bbfff12876ce	2	7	2
1649ef98-e3a8-4dd3-a289-bbfff12876ce	2	8	2
1649ef98-e3a8-4dd3-a289-bbfff12876ce	2	9	2
1649ef98-e3a8-4dd3-a289-bbfff12876ce	3	0	2
1649ef98-e3a8-4dd3-a289-bbfff12876ce	3	1	2
1649ef98-e3a8-4dd3-a289-bbfff12876ce	3	2	2
1649ef98-e3a8-4dd3-a289-bbfff12876ce	3	3	2
1649ef98-e3a8-4dd3-a289-bbfff12876ce	3	4	2
1649ef98-e3a8-4dd3-a289-bbfff12876ce	3	5	2
1649ef98-e3a8-4dd3-a289-bbfff12876ce	3	6	2
1649ef98-e3a8-4dd3-a289-bbfff12876ce	3	7	2
1649ef98-e3a8-4dd3-a289-bbfff12876ce	3	8	2
1649ef98-e3a8-4dd3-a289-bbfff12876ce	3	9	2
1649ef98-e3a8-4dd3-a289-bbfff12876ce	4	0	2
1649ef98-e3a8-4dd3-a289-bbfff12876ce	4	1	2
1649ef98-e3a8-4dd3-a289-bbfff12876ce	4	2	2
1649ef98-e3a8-4dd3-a289-bbfff12876ce	4	3	2
1649ef98-e3a8-4dd3-a289-bbfff12876ce	4	4	2
1649ef98-e3a8-4dd3-a289-bbfff12876ce	4	5	2
1649ef98-e3a8-4dd3-a289-bbfff12876ce	4	6	2
1649ef98-e3a8-4dd3-a289-bbfff12876ce	4	7	2
1649ef98-e3a8-4dd3-a289-bbfff12876ce	4	8	2
1649ef98-e3a8-4dd3-a289-bbfff12876ce	4	9	2
1649ef98-e3a8-4dd3-a289-bbfff12876ce	5	0	2
1649ef98-e3a8-4dd3-a289-bbfff12876ce	5	1	2
1649ef98-e3a8-4dd3-a289-bbfff12876ce	5	2	2
1649ef98-e3a8-4dd3-a289-bbfff12876ce	5	3	2
1649ef98-e3a8-4dd3-a289-bbfff12876ce	5	4	2
1649ef98-e3a8-4dd3-a289-bbfff12876ce	5	5	2
1649ef98-e3a8-4dd3-a289-bbfff12876ce	5	6	2
1649ef98-e3a8-4dd3-a289-bbfff12876ce	5	7	2
1649ef98-e3a8-4dd3-a289-bbfff12876ce	5	8	2
1649ef98-e3a8-4dd3-a289-bbfff12876ce	5	9	2
1649ef98-e3a8-4dd3-a289-bbfff12876ce	6	0	2
1649ef98-e3a8-4dd3-a289-bbfff12876ce	6	1	2
1649ef98-e3a8-4dd3-a289-bbfff12876ce	6	2	2
1649ef98-e3a8-4dd3-a289-bbfff12876ce	6	3	2
1649ef98-e3a8-4dd3-a289-bbfff12876ce	6	4	2
1649ef98-e3a8-4dd3-a289-bbfff12876ce	6	5	2
1649ef98-e3a8-4dd3-a289-bbfff12876ce	6	6	2
1649ef98-e3a8-4dd3-a289-bbfff12876ce	6	7	2
1649ef98-e3a8-4dd3-a289-bbfff12876ce	6	8	2
1649ef98-e3a8-4dd3-a289-bbfff12876ce	6	9	2
1649ef98-e3a8-4dd3-a289-bbfff12876ce	7	0	2
1649ef98-e3a8-4dd3-a289-bbfff12876ce	7	1	2
1649ef98-e3a8-4dd3-a289-bbfff12876ce	7	2	2
1649ef98-e3a8-4dd3-a289-bbfff12876ce	7	3	2
1649ef98-e3a8-4dd3-a289-bbfff12876ce	7	4	2
1649ef98-e3a8-4dd3-a289-bbfff12876ce	7	5	2
1649ef98-e3a8-4dd3-a289-bbfff12876ce	7	6	2
1649ef98-e3a8-4dd3-a289-bbfff12876ce	7	7	2
1649ef98-e3a8-4dd3-a289-bbfff12876ce	7	8	1
1649ef98-e3a8-4dd3-a289-bbfff12876ce	7	9	2
1649ef98-e3a8-4dd3-a289-bbfff12876ce	8	0	2
1649ef98-e3a8-4dd3-a289-bbfff12876ce	8	1	2
1649ef98-e3a8-4dd3-a289-bbfff12876ce	8	2	2
1649ef98-e3a8-4dd3-a289-bbfff12876ce	8	3	2
1649ef98-e3a8-4dd3-a289-bbfff12876ce	8	4	2
1649ef98-e3a8-4dd3-a289-bbfff12876ce	8	5	2
1649ef98-e3a8-4dd3-a289-bbfff12876ce	8	6	2
1649ef98-e3a8-4dd3-a289-bbfff12876ce	8	7	2
1649ef98-e3a8-4dd3-a289-bbfff12876ce	8	8	2
1649ef98-e3a8-4dd3-a289-bbfff12876ce	8	9	2
1649ef98-e3a8-4dd3-a289-bbfff12876ce	9	0	2
1649ef98-e3a8-4dd3-a289-bbfff12876ce	9	1	2
1649ef98-e3a8-4dd3-a289-bbfff12876ce	9	2	2
1649ef98-e3a8-4dd3-a289-bbfff12876ce	9	3	2
1649ef98-e3a8-4dd3-a289-bbfff12876ce	9	4	2
1649ef98-e3a8-4dd3-a289-bbfff12876ce	9	5	2
1649ef98-e3a8-4dd3-a289-bbfff12876ce	9	6	2
1649ef98-e3a8-4dd3-a289-bbfff12876ce	9	7	2
1649ef98-e3a8-4dd3-a289-bbfff12876ce	9	8	2
1649ef98-e3a8-4dd3-a289-bbfff12876ce	9	9	2
1649ef98-e3a8-4dd3-a289-bbfff12876ce	10	0	2
1649ef98-e3a8-4dd3-a289-bbfff12876ce	10	1	2
1649ef98-e3a8-4dd3-a289-bbfff12876ce	10	2	2
1649ef98-e3a8-4dd3-a289-bbfff12876ce	10	3	2
1649ef98-e3a8-4dd3-a289-bbfff12876ce	10	4	2
1649ef98-e3a8-4dd3-a289-bbfff12876ce	10	5	2
1649ef98-e3a8-4dd3-a289-bbfff12876ce	10	6	2
1649ef98-e3a8-4dd3-a289-bbfff12876ce	10	7	2
1649ef98-e3a8-4dd3-a289-bbfff12876ce	10	8	2
1649ef98-e3a8-4dd3-a289-bbfff12876ce	10	9	2
1649ef98-e3a8-4dd3-a289-bbfff12876ce	11	0	3
1649ef98-e3a8-4dd3-a289-bbfff12876ce	11	1	2
1649ef98-e3a8-4dd3-a289-bbfff12876ce	11	2	2
1649ef98-e3a8-4dd3-a289-bbfff12876ce	11	3	2
1649ef98-e3a8-4dd3-a289-bbfff12876ce	11	4	2
1649ef98-e3a8-4dd3-a289-bbfff12876ce	11	5	2
1649ef98-e3a8-4dd3-a289-bbfff12876ce	11	6	2
1649ef98-e3a8-4dd3-a289-bbfff12876ce	11	7	2
1649ef98-e3a8-4dd3-a289-bbfff12876ce	11	8	2
1649ef98-e3a8-4dd3-a289-bbfff12876ce	11	9	1
1649ef98-e3a8-4dd3-a289-bbfff12876ce	12	0	2
1649ef98-e3a8-4dd3-a289-bbfff12876ce	12	1	2
1649ef98-e3a8-4dd3-a289-bbfff12876ce	12	2	2
1649ef98-e3a8-4dd3-a289-bbfff12876ce	12	3	2
1649ef98-e3a8-4dd3-a289-bbfff12876ce	12	4	2
1649ef98-e3a8-4dd3-a289-bbfff12876ce	12	5	2
1649ef98-e3a8-4dd3-a289-bbfff12876ce	12	6	2
1649ef98-e3a8-4dd3-a289-bbfff12876ce	12	7	2
1649ef98-e3a8-4dd3-a289-bbfff12876ce	12	8	2
1649ef98-e3a8-4dd3-a289-bbfff12876ce	12	9	3
1649ef98-e3a8-4dd3-a289-bbfff12876ce	13	0	2
1649ef98-e3a8-4dd3-a289-bbfff12876ce	13	1	2
1649ef98-e3a8-4dd3-a289-bbfff12876ce	13	2	2
1649ef98-e3a8-4dd3-a289-bbfff12876ce	13	3	2
1649ef98-e3a8-4dd3-a289-bbfff12876ce	13	4	2
1649ef98-e3a8-4dd3-a289-bbfff12876ce	13	5	2
1649ef98-e3a8-4dd3-a289-bbfff12876ce	13	6	2
1649ef98-e3a8-4dd3-a289-bbfff12876ce	13	7	2
1649ef98-e3a8-4dd3-a289-bbfff12876ce	13	8	2
1649ef98-e3a8-4dd3-a289-bbfff12876ce	13	9	2
1649ef98-e3a8-4dd3-a289-bbfff12876ce	14	0	2
1649ef98-e3a8-4dd3-a289-bbfff12876ce	14	1	2
1649ef98-e3a8-4dd3-a289-bbfff12876ce	14	2	2
1649ef98-e3a8-4dd3-a289-bbfff12876ce	14	3	2
1649ef98-e3a8-4dd3-a289-bbfff12876ce	14	4	2
1649ef98-e3a8-4dd3-a289-bbfff12876ce	14	5	2
1649ef98-e3a8-4dd3-a289-bbfff12876ce	14	6	2
1649ef98-e3a8-4dd3-a289-bbfff12876ce	14	7	2
1649ef98-e3a8-4dd3-a289-bbfff12876ce	14	8	1
1649ef98-e3a8-4dd3-a289-bbfff12876ce	14	9	2
1649ef98-e3a8-4dd3-a289-bbfff12876ce	15	0	3
1649ef98-e3a8-4dd3-a289-bbfff12876ce	15	1	2
1649ef98-e3a8-4dd3-a289-bbfff12876ce	15	2	2
1649ef98-e3a8-4dd3-a289-bbfff12876ce	15	3	2
1649ef98-e3a8-4dd3-a289-bbfff12876ce	15	4	0
1649ef98-e3a8-4dd3-a289-bbfff12876ce	15	5	2
1649ef98-e3a8-4dd3-a289-bbfff12876ce	15	6	2
1649ef98-e3a8-4dd3-a289-bbfff12876ce	15	7	2
1649ef98-e3a8-4dd3-a289-bbfff12876ce	15	8	2
1649ef98-e3a8-4dd3-a289-bbfff12876ce	15	9	1
1649ef98-e3a8-4dd3-a289-bbfff12876ce	16	0	2
1649ef98-e3a8-4dd3-a289-bbfff12876ce	16	1	2
1649ef98-e3a8-4dd3-a289-bbfff12876ce	16	2	2
1649ef98-e3a8-4dd3-a289-bbfff12876ce	16	3	2
1649ef98-e3a8-4dd3-a289-bbfff12876ce	16	4	0
1649ef98-e3a8-4dd3-a289-bbfff12876ce	16	5	2
1649ef98-e3a8-4dd3-a289-bbfff12876ce	16	6	2
1649ef98-e3a8-4dd3-a289-bbfff12876ce	16	7	2
1649ef98-e3a8-4dd3-a289-bbfff12876ce	16	8	2
1649ef98-e3a8-4dd3-a289-bbfff12876ce	16	9	3
1649ef98-e3a8-4dd3-a289-bbfff12876ce	17	0	2
1649ef98-e3a8-4dd3-a289-bbfff12876ce	17	1	2
1649ef98-e3a8-4dd3-a289-bbfff12876ce	17	2	2
1649ef98-e3a8-4dd3-a289-bbfff12876ce	17	3	2
1649ef98-e3a8-4dd3-a289-bbfff12876ce	17	4	0
1649ef98-e3a8-4dd3-a289-bbfff12876ce	17	5	2
1649ef98-e3a8-4dd3-a289-bbfff12876ce	17	6	2
1649ef98-e3a8-4dd3-a289-bbfff12876ce	17	7	2
1649ef98-e3a8-4dd3-a289-bbfff12876ce	17	8	2
1649ef98-e3a8-4dd3-a289-bbfff12876ce	17	9	2
1649ef98-e3a8-4dd3-a289-bbfff12876ce	18	0	2
1649ef98-e3a8-4dd3-a289-bbfff12876ce	18	1	2
1649ef98-e3a8-4dd3-a289-bbfff12876ce	18	2	2
1649ef98-e3a8-4dd3-a289-bbfff12876ce	18	3	2
1649ef98-e3a8-4dd3-a289-bbfff12876ce	18	4	0
1649ef98-e3a8-4dd3-a289-bbfff12876ce	18	5	2
1649ef98-e3a8-4dd3-a289-bbfff12876ce	18	6	2
1649ef98-e3a8-4dd3-a289-bbfff12876ce	18	7	2
1649ef98-e3a8-4dd3-a289-bbfff12876ce	18	8	2
1649ef98-e3a8-4dd3-a289-bbfff12876ce	18	9	0
1649ef98-e3a8-4dd3-a289-bbfff12876ce	19	0	2
1649ef98-e3a8-4dd3-a289-bbfff12876ce	19	1	2
1649ef98-e3a8-4dd3-a289-bbfff12876ce	19	2	2
1649ef98-e3a8-4dd3-a289-bbfff12876ce	19	3	2
1649ef98-e3a8-4dd3-a289-bbfff12876ce	19	4	0
1649ef98-e3a8-4dd3-a289-bbfff12876ce	19	5	2
1649ef98-e3a8-4dd3-a289-bbfff12876ce	19	6	2
1649ef98-e3a8-4dd3-a289-bbfff12876ce	19	7	2
1649ef98-e3a8-4dd3-a289-bbfff12876ce	19	8	2
1649ef98-e3a8-4dd3-a289-bbfff12876ce	19	9	0
1649ef98-e3a8-4dd3-a289-bbfff12876ce	20	0	2
1649ef98-e3a8-4dd3-a289-bbfff12876ce	20	1	2
1649ef98-e3a8-4dd3-a289-bbfff12876ce	20	2	2
1649ef98-e3a8-4dd3-a289-bbfff12876ce	20	3	2
1649ef98-e3a8-4dd3-a289-bbfff12876ce	20	4	0
1649ef98-e3a8-4dd3-a289-bbfff12876ce	20	5	2
1649ef98-e3a8-4dd3-a289-bbfff12876ce	20	6	2
1649ef98-e3a8-4dd3-a289-bbfff12876ce	20	7	2
1649ef98-e3a8-4dd3-a289-bbfff12876ce	20	8	2
1649ef98-e3a8-4dd3-a289-bbfff12876ce	20	9	0
1649ef98-e3a8-4dd3-a289-bbfff12876ce	21	0	2
1649ef98-e3a8-4dd3-a289-bbfff12876ce	21	1	2
1649ef98-e3a8-4dd3-a289-bbfff12876ce	21	2	2
1649ef98-e3a8-4dd3-a289-bbfff12876ce	21	3	2
1649ef98-e3a8-4dd3-a289-bbfff12876ce	21	4	0
1649ef98-e3a8-4dd3-a289-bbfff12876ce	21	5	2
1649ef98-e3a8-4dd3-a289-bbfff12876ce	21	6	2
1649ef98-e3a8-4dd3-a289-bbfff12876ce	21	7	2
1649ef98-e3a8-4dd3-a289-bbfff12876ce	21	8	2
1649ef98-e3a8-4dd3-a289-bbfff12876ce	21	9	0
1649ef98-e3a8-4dd3-a289-bbfff12876ce	22	0	2
1649ef98-e3a8-4dd3-a289-bbfff12876ce	22	1	2
1649ef98-e3a8-4dd3-a289-bbfff12876ce	22	2	3
1649ef98-e3a8-4dd3-a289-bbfff12876ce	22	3	2
1649ef98-e3a8-4dd3-a289-bbfff12876ce	22	4	0
1649ef98-e3a8-4dd3-a289-bbfff12876ce	22	5	2
1649ef98-e3a8-4dd3-a289-bbfff12876ce	22	6	2
1649ef98-e3a8-4dd3-a289-bbfff12876ce	22	7	2
1649ef98-e3a8-4dd3-a289-bbfff12876ce	22	8	2
1649ef98-e3a8-4dd3-a289-bbfff12876ce	22	9	0
1649ef98-e3a8-4dd3-a289-bbfff12876ce	23	0	2
1649ef98-e3a8-4dd3-a289-bbfff12876ce	23	1	2
1649ef98-e3a8-4dd3-a289-bbfff12876ce	23	2	1
1649ef98-e3a8-4dd3-a289-bbfff12876ce	23	3	2
1649ef98-e3a8-4dd3-a289-bbfff12876ce	23	4	0
1649ef98-e3a8-4dd3-a289-bbfff12876ce	23	5	2
1649ef98-e3a8-4dd3-a289-bbfff12876ce	23	6	2
1649ef98-e3a8-4dd3-a289-bbfff12876ce	23	7	1
1649ef98-e3a8-4dd3-a289-bbfff12876ce	23	8	2
1649ef98-e3a8-4dd3-a289-bbfff12876ce	23	9	0
1649ef98-e3a8-4dd3-a289-bbfff12876ce	24	0	2
1649ef98-e3a8-4dd3-a289-bbfff12876ce	24	1	2
1649ef98-e3a8-4dd3-a289-bbfff12876ce	24	2	2
1649ef98-e3a8-4dd3-a289-bbfff12876ce	24	3	2
1649ef98-e3a8-4dd3-a289-bbfff12876ce	24	4	0
1649ef98-e3a8-4dd3-a289-bbfff12876ce	24	5	2
1649ef98-e3a8-4dd3-a289-bbfff12876ce	24	6	2
1649ef98-e3a8-4dd3-a289-bbfff12876ce	24	7	3
1649ef98-e3a8-4dd3-a289-bbfff12876ce	24	8	2
1649ef98-e3a8-4dd3-a289-bbfff12876ce	24	9	0
1649ef98-e3a8-4dd3-a289-bbfff12876ce	25	0	2
1649ef98-e3a8-4dd3-a289-bbfff12876ce	25	1	2
1649ef98-e3a8-4dd3-a289-bbfff12876ce	25	2	2
1649ef98-e3a8-4dd3-a289-bbfff12876ce	25	3	2
1649ef98-e3a8-4dd3-a289-bbfff12876ce	25	4	0
1649ef98-e3a8-4dd3-a289-bbfff12876ce	25	5	2
1649ef98-e3a8-4dd3-a289-bbfff12876ce	25	6	2
1649ef98-e3a8-4dd3-a289-bbfff12876ce	25	7	2
1649ef98-e3a8-4dd3-a289-bbfff12876ce	25	8	2
1649ef98-e3a8-4dd3-a289-bbfff12876ce	25	9	0
1649ef98-e3a8-4dd3-a289-bbfff12876ce	26	0	2
1649ef98-e3a8-4dd3-a289-bbfff12876ce	26	1	2
1649ef98-e3a8-4dd3-a289-bbfff12876ce	26	2	2
1649ef98-e3a8-4dd3-a289-bbfff12876ce	26	3	2
1649ef98-e3a8-4dd3-a289-bbfff12876ce	26	4	0
1649ef98-e3a8-4dd3-a289-bbfff12876ce	26	5	2
1649ef98-e3a8-4dd3-a289-bbfff12876ce	26	6	2
1649ef98-e3a8-4dd3-a289-bbfff12876ce	26	7	2
1649ef98-e3a8-4dd3-a289-bbfff12876ce	26	8	2
1649ef98-e3a8-4dd3-a289-bbfff12876ce	26	9	0
1649ef98-e3a8-4dd3-a289-bbfff12876ce	27	0	2
1649ef98-e3a8-4dd3-a289-bbfff12876ce	27	1	2
1649ef98-e3a8-4dd3-a289-bbfff12876ce	27	2	3
1649ef98-e3a8-4dd3-a289-bbfff12876ce	27	3	2
1649ef98-e3a8-4dd3-a289-bbfff12876ce	27	4	0
1649ef98-e3a8-4dd3-a289-bbfff12876ce	27	5	2
1649ef98-e3a8-4dd3-a289-bbfff12876ce	27	6	2
1649ef98-e3a8-4dd3-a289-bbfff12876ce	27	7	2
1649ef98-e3a8-4dd3-a289-bbfff12876ce	27	8	2
1649ef98-e3a8-4dd3-a289-bbfff12876ce	27	9	0
1649ef98-e3a8-4dd3-a289-bbfff12876ce	28	0	2
1649ef98-e3a8-4dd3-a289-bbfff12876ce	28	1	2
1649ef98-e3a8-4dd3-a289-bbfff12876ce	28	2	2
1649ef98-e3a8-4dd3-a289-bbfff12876ce	28	3	2
1649ef98-e3a8-4dd3-a289-bbfff12876ce	28	4	0
1649ef98-e3a8-4dd3-a289-bbfff12876ce	28	5	2
1649ef98-e3a8-4dd3-a289-bbfff12876ce	28	6	2
1649ef98-e3a8-4dd3-a289-bbfff12876ce	28	7	2
1649ef98-e3a8-4dd3-a289-bbfff12876ce	28	8	3
1649ef98-e3a8-4dd3-a289-bbfff12876ce	28	9	0
1649ef98-e3a8-4dd3-a289-bbfff12876ce	29	0	2
1649ef98-e3a8-4dd3-a289-bbfff12876ce	29	1	2
1649ef98-e3a8-4dd3-a289-bbfff12876ce	29	2	2
1649ef98-e3a8-4dd3-a289-bbfff12876ce	29	3	2
1649ef98-e3a8-4dd3-a289-bbfff12876ce	29	4	0
1649ef98-e3a8-4dd3-a289-bbfff12876ce	29	5	2
1649ef98-e3a8-4dd3-a289-bbfff12876ce	29	6	2
1649ef98-e3a8-4dd3-a289-bbfff12876ce	29	7	1
1649ef98-e3a8-4dd3-a289-bbfff12876ce	29	8	2
1649ef98-e3a8-4dd3-a289-bbfff12876ce	29	9	0
1649ef98-e3a8-4dd3-a289-bbfff12876ce	30	0	2
1649ef98-e3a8-4dd3-a289-bbfff12876ce	30	1	2
1649ef98-e3a8-4dd3-a289-bbfff12876ce	30	2	2
1649ef98-e3a8-4dd3-a289-bbfff12876ce	30	3	2
1649ef98-e3a8-4dd3-a289-bbfff12876ce	30	4	0
1649ef98-e3a8-4dd3-a289-bbfff12876ce	30	5	2
1649ef98-e3a8-4dd3-a289-bbfff12876ce	30	6	2
1649ef98-e3a8-4dd3-a289-bbfff12876ce	30	7	3
1649ef98-e3a8-4dd3-a289-bbfff12876ce	30	8	2
1649ef98-e3a8-4dd3-a289-bbfff12876ce	30	9	0
1649ef98-e3a8-4dd3-a289-bbfff12876ce	31	0	2
1649ef98-e3a8-4dd3-a289-bbfff12876ce	31	1	2
1649ef98-e3a8-4dd3-a289-bbfff12876ce	31	2	2
1649ef98-e3a8-4dd3-a289-bbfff12876ce	31	3	2
1649ef98-e3a8-4dd3-a289-bbfff12876ce	31	4	0
1649ef98-e3a8-4dd3-a289-bbfff12876ce	31	5	2
1649ef98-e3a8-4dd3-a289-bbfff12876ce	31	6	2
1649ef98-e3a8-4dd3-a289-bbfff12876ce	31	7	0
1649ef98-e3a8-4dd3-a289-bbfff12876ce	31	8	1
1649ef98-e3a8-4dd3-a289-bbfff12876ce	31	9	0
1649ef98-e3a8-4dd3-a289-bbfff12876ce	32	0	2
1649ef98-e3a8-4dd3-a289-bbfff12876ce	32	1	2
1649ef98-e3a8-4dd3-a289-bbfff12876ce	32	2	3
1649ef98-e3a8-4dd3-a289-bbfff12876ce	32	3	2
1649ef98-e3a8-4dd3-a289-bbfff12876ce	32	4	0
1649ef98-e3a8-4dd3-a289-bbfff12876ce	32	5	2
1649ef98-e3a8-4dd3-a289-bbfff12876ce	32	6	2
1649ef98-e3a8-4dd3-a289-bbfff12876ce	32	7	0
1649ef98-e3a8-4dd3-a289-bbfff12876ce	32	8	2
1649ef98-e3a8-4dd3-a289-bbfff12876ce	32	9	0
1649ef98-e3a8-4dd3-a289-bbfff12876ce	33	0	2
1649ef98-e3a8-4dd3-a289-bbfff12876ce	33	1	2
1649ef98-e3a8-4dd3-a289-bbfff12876ce	33	2	2
1649ef98-e3a8-4dd3-a289-bbfff12876ce	33	3	1
1649ef98-e3a8-4dd3-a289-bbfff12876ce	33	4	0
1649ef98-e3a8-4dd3-a289-bbfff12876ce	33	5	2
1649ef98-e3a8-4dd3-a289-bbfff12876ce	33	6	2
1649ef98-e3a8-4dd3-a289-bbfff12876ce	33	7	0
1649ef98-e3a8-4dd3-a289-bbfff12876ce	33	8	2
1649ef98-e3a8-4dd3-a289-bbfff12876ce	33	9	0
1649ef98-e3a8-4dd3-a289-bbfff12876ce	34	0	2
1649ef98-e3a8-4dd3-a289-bbfff12876ce	34	1	2
1649ef98-e3a8-4dd3-a289-bbfff12876ce	34	2	2
1649ef98-e3a8-4dd3-a289-bbfff12876ce	34	3	3
1649ef98-e3a8-4dd3-a289-bbfff12876ce	34	4	0
1649ef98-e3a8-4dd3-a289-bbfff12876ce	34	5	2
1649ef98-e3a8-4dd3-a289-bbfff12876ce	34	6	2
1649ef98-e3a8-4dd3-a289-bbfff12876ce	34	7	0
1649ef98-e3a8-4dd3-a289-bbfff12876ce	34	8	1
1649ef98-e3a8-4dd3-a289-bbfff12876ce	34	9	0
1649ef98-e3a8-4dd3-a289-bbfff12876ce	35	0	3
1649ef98-e3a8-4dd3-a289-bbfff12876ce	35	1	2
1649ef98-e3a8-4dd3-a289-bbfff12876ce	35	2	2
1649ef98-e3a8-4dd3-a289-bbfff12876ce	35	3	2
1649ef98-e3a8-4dd3-a289-bbfff12876ce	35	4	0
1649ef98-e3a8-4dd3-a289-bbfff12876ce	35	5	2
1649ef98-e3a8-4dd3-a289-bbfff12876ce	35	6	2
1649ef98-e3a8-4dd3-a289-bbfff12876ce	35	7	0
1649ef98-e3a8-4dd3-a289-bbfff12876ce	35	8	2
1649ef98-e3a8-4dd3-a289-bbfff12876ce	35	9	0
1649ef98-e3a8-4dd3-a289-bbfff12876ce	36	0	2
1649ef98-e3a8-4dd3-a289-bbfff12876ce	36	1	2
1649ef98-e3a8-4dd3-a289-bbfff12876ce	36	2	2
1649ef98-e3a8-4dd3-a289-bbfff12876ce	36	3	2
1649ef98-e3a8-4dd3-a289-bbfff12876ce	36	4	0
1649ef98-e3a8-4dd3-a289-bbfff12876ce	36	5	2
1649ef98-e3a8-4dd3-a289-bbfff12876ce	36	6	2
1649ef98-e3a8-4dd3-a289-bbfff12876ce	36	7	0
1649ef98-e3a8-4dd3-a289-bbfff12876ce	36	8	2
1649ef98-e3a8-4dd3-a289-bbfff12876ce	36	9	0
1649ef98-e3a8-4dd3-a289-bbfff12876ce	37	0	2
1649ef98-e3a8-4dd3-a289-bbfff12876ce	37	1	2
1649ef98-e3a8-4dd3-a289-bbfff12876ce	37	2	2
1649ef98-e3a8-4dd3-a289-bbfff12876ce	37	3	2
1649ef98-e3a8-4dd3-a289-bbfff12876ce	37	4	0
1649ef98-e3a8-4dd3-a289-bbfff12876ce	37	5	2
1649ef98-e3a8-4dd3-a289-bbfff12876ce	37	6	2
1649ef98-e3a8-4dd3-a289-bbfff12876ce	37	7	0
1649ef98-e3a8-4dd3-a289-bbfff12876ce	37	8	2
1649ef98-e3a8-4dd3-a289-bbfff12876ce	37	9	0
1649ef98-e3a8-4dd3-a289-bbfff12876ce	38	0	2
1649ef98-e3a8-4dd3-a289-bbfff12876ce	38	1	2
1649ef98-e3a8-4dd3-a289-bbfff12876ce	38	2	2
1649ef98-e3a8-4dd3-a289-bbfff12876ce	38	3	3
1649ef98-e3a8-4dd3-a289-bbfff12876ce	38	4	0
1649ef98-e3a8-4dd3-a289-bbfff12876ce	38	5	2
1649ef98-e3a8-4dd3-a289-bbfff12876ce	38	6	2
1649ef98-e3a8-4dd3-a289-bbfff12876ce	38	7	0
1649ef98-e3a8-4dd3-a289-bbfff12876ce	38	8	3
1649ef98-e3a8-4dd3-a289-bbfff12876ce	38	9	0
1649ef98-e3a8-4dd3-a289-bbfff12876ce	39	0	2
1649ef98-e3a8-4dd3-a289-bbfff12876ce	39	1	2
1649ef98-e3a8-4dd3-a289-bbfff12876ce	39	2	2
1649ef98-e3a8-4dd3-a289-bbfff12876ce	39	3	2
1649ef98-e3a8-4dd3-a289-bbfff12876ce	39	4	0
1649ef98-e3a8-4dd3-a289-bbfff12876ce	39	5	2
1649ef98-e3a8-4dd3-a289-bbfff12876ce	39	6	2
1649ef98-e3a8-4dd3-a289-bbfff12876ce	39	7	0
1649ef98-e3a8-4dd3-a289-bbfff12876ce	39	8	2
1649ef98-e3a8-4dd3-a289-bbfff12876ce	39	9	0
1649ef98-e3a8-4dd3-a289-bbfff12876ce	40	0	0
1649ef98-e3a8-4dd3-a289-bbfff12876ce	40	1	3
1649ef98-e3a8-4dd3-a289-bbfff12876ce	40	2	2
1649ef98-e3a8-4dd3-a289-bbfff12876ce	40	3	2
1649ef98-e3a8-4dd3-a289-bbfff12876ce	40	4	0
1649ef98-e3a8-4dd3-a289-bbfff12876ce	40	5	2
1649ef98-e3a8-4dd3-a289-bbfff12876ce	40	6	2
1649ef98-e3a8-4dd3-a289-bbfff12876ce	40	7	0
1649ef98-e3a8-4dd3-a289-bbfff12876ce	40	8	2
1649ef98-e3a8-4dd3-a289-bbfff12876ce	40	9	0
1649ef98-e3a8-4dd3-a289-bbfff12876ce	41	0	0
1649ef98-e3a8-4dd3-a289-bbfff12876ce	41	1	1
1649ef98-e3a8-4dd3-a289-bbfff12876ce	41	2	2
1649ef98-e3a8-4dd3-a289-bbfff12876ce	41	3	2
1649ef98-e3a8-4dd3-a289-bbfff12876ce	41	4	0
1649ef98-e3a8-4dd3-a289-bbfff12876ce	41	5	2
1649ef98-e3a8-4dd3-a289-bbfff12876ce	41	6	2
1649ef98-e3a8-4dd3-a289-bbfff12876ce	41	7	0
1649ef98-e3a8-4dd3-a289-bbfff12876ce	41	8	2
1649ef98-e3a8-4dd3-a289-bbfff12876ce	41	9	0
1649ef98-e3a8-4dd3-a289-bbfff12876ce	42	0	0
1649ef98-e3a8-4dd3-a289-bbfff12876ce	42	1	2
1649ef98-e3a8-4dd3-a289-bbfff12876ce	42	2	2
1649ef98-e3a8-4dd3-a289-bbfff12876ce	42	3	2
1649ef98-e3a8-4dd3-a289-bbfff12876ce	42	4	0
1649ef98-e3a8-4dd3-a289-bbfff12876ce	42	5	2
1649ef98-e3a8-4dd3-a289-bbfff12876ce	42	6	2
1649ef98-e3a8-4dd3-a289-bbfff12876ce	42	7	0
1649ef98-e3a8-4dd3-a289-bbfff12876ce	42	8	4
1649ef98-e3a8-4dd3-a289-bbfff12876ce	42	9	0
1649ef98-e3a8-4dd3-a289-bbfff12876ce	43	0	0
1649ef98-e3a8-4dd3-a289-bbfff12876ce	43	1	2
1649ef98-e3a8-4dd3-a289-bbfff12876ce	43	2	2
1649ef98-e3a8-4dd3-a289-bbfff12876ce	43	3	3
1649ef98-e3a8-4dd3-a289-bbfff12876ce	43	4	0
1649ef98-e3a8-4dd3-a289-bbfff12876ce	43	5	2
1649ef98-e3a8-4dd3-a289-bbfff12876ce	43	6	2
1649ef98-e3a8-4dd3-a289-bbfff12876ce	43	7	0
1649ef98-e3a8-4dd3-a289-bbfff12876ce	43	8	1
1649ef98-e3a8-4dd3-a289-bbfff12876ce	43	9	0
1649ef98-e3a8-4dd3-a289-bbfff12876ce	44	0	0
1649ef98-e3a8-4dd3-a289-bbfff12876ce	44	1	2
1649ef98-e3a8-4dd3-a289-bbfff12876ce	44	2	2
1649ef98-e3a8-4dd3-a289-bbfff12876ce	44	3	2
1649ef98-e3a8-4dd3-a289-bbfff12876ce	44	4	0
1649ef98-e3a8-4dd3-a289-bbfff12876ce	44	5	2
1649ef98-e3a8-4dd3-a289-bbfff12876ce	44	6	2
1649ef98-e3a8-4dd3-a289-bbfff12876ce	44	7	0
1649ef98-e3a8-4dd3-a289-bbfff12876ce	44	8	2
1649ef98-e3a8-4dd3-a289-bbfff12876ce	44	9	0
1649ef98-e3a8-4dd3-a289-bbfff12876ce	45	0	0
1649ef98-e3a8-4dd3-a289-bbfff12876ce	45	1	1
1649ef98-e3a8-4dd3-a289-bbfff12876ce	45	2	2
1649ef98-e3a8-4dd3-a289-bbfff12876ce	45	3	2
1649ef98-e3a8-4dd3-a289-bbfff12876ce	45	4	0
1649ef98-e3a8-4dd3-a289-bbfff12876ce	45	5	2
1649ef98-e3a8-4dd3-a289-bbfff12876ce	45	6	2
1649ef98-e3a8-4dd3-a289-bbfff12876ce	45	7	0
1649ef98-e3a8-4dd3-a289-bbfff12876ce	45	8	2
1649ef98-e3a8-4dd3-a289-bbfff12876ce	45	9	0
1649ef98-e3a8-4dd3-a289-bbfff12876ce	46	0	0
1649ef98-e3a8-4dd3-a289-bbfff12876ce	46	1	2
1649ef98-e3a8-4dd3-a289-bbfff12876ce	46	2	4
1649ef98-e3a8-4dd3-a289-bbfff12876ce	46	3	2
1649ef98-e3a8-4dd3-a289-bbfff12876ce	46	4	0
1649ef98-e3a8-4dd3-a289-bbfff12876ce	46	5	2
1649ef98-e3a8-4dd3-a289-bbfff12876ce	46	6	2
1649ef98-e3a8-4dd3-a289-bbfff12876ce	46	7	0
1649ef98-e3a8-4dd3-a289-bbfff12876ce	46	8	2
1649ef98-e3a8-4dd3-a289-bbfff12876ce	46	9	0
1649ef98-e3a8-4dd3-a289-bbfff12876ce	47	0	0
1649ef98-e3a8-4dd3-a289-bbfff12876ce	47	1	2
1649ef98-e3a8-4dd3-a289-bbfff12876ce	47	2	4
1649ef98-e3a8-4dd3-a289-bbfff12876ce	47	3	2
1649ef98-e3a8-4dd3-a289-bbfff12876ce	47	4	0
1649ef98-e3a8-4dd3-a289-bbfff12876ce	47	5	2
1649ef98-e3a8-4dd3-a289-bbfff12876ce	47	6	2
1649ef98-e3a8-4dd3-a289-bbfff12876ce	47	7	0
1649ef98-e3a8-4dd3-a289-bbfff12876ce	47	8	2
1649ef98-e3a8-4dd3-a289-bbfff12876ce	47	9	0
1649ef98-e3a8-4dd3-a289-bbfff12876ce	48	0	0
1649ef98-e3a8-4dd3-a289-bbfff12876ce	48	1	2
1649ef98-e3a8-4dd3-a289-bbfff12876ce	48	2	4
1649ef98-e3a8-4dd3-a289-bbfff12876ce	48	3	1
1649ef98-e3a8-4dd3-a289-bbfff12876ce	48	4	0
1649ef98-e3a8-4dd3-a289-bbfff12876ce	48	5	2
1649ef98-e3a8-4dd3-a289-bbfff12876ce	48	6	2
1649ef98-e3a8-4dd3-a289-bbfff12876ce	48	7	0
1649ef98-e3a8-4dd3-a289-bbfff12876ce	48	8	2
1649ef98-e3a8-4dd3-a289-bbfff12876ce	48	9	0
1649ef98-e3a8-4dd3-a289-bbfff12876ce	49	0	0
1649ef98-e3a8-4dd3-a289-bbfff12876ce	49	1	2
1649ef98-e3a8-4dd3-a289-bbfff12876ce	49	2	2
1649ef98-e3a8-4dd3-a289-bbfff12876ce	49	3	2
1649ef98-e3a8-4dd3-a289-bbfff12876ce	49	4	0
1649ef98-e3a8-4dd3-a289-bbfff12876ce	49	5	2
1649ef98-e3a8-4dd3-a289-bbfff12876ce	49	6	2
1649ef98-e3a8-4dd3-a289-bbfff12876ce	49	7	0
1649ef98-e3a8-4dd3-a289-bbfff12876ce	49	8	2
1649ef98-e3a8-4dd3-a289-bbfff12876ce	49	9	0
1649ef98-e3a8-4dd3-a289-bbfff12876ce	50	0	0
1649ef98-e3a8-4dd3-a289-bbfff12876ce	50	1	1
1649ef98-e3a8-4dd3-a289-bbfff12876ce	50	2	2
1649ef98-e3a8-4dd3-a289-bbfff12876ce	50	3	2
1649ef98-e3a8-4dd3-a289-bbfff12876ce	50	4	0
1649ef98-e3a8-4dd3-a289-bbfff12876ce	50	5	3
1649ef98-e3a8-4dd3-a289-bbfff12876ce	50	6	2
1649ef98-e3a8-4dd3-a289-bbfff12876ce	50	7	0
1649ef98-e3a8-4dd3-a289-bbfff12876ce	50	8	1
1649ef98-e3a8-4dd3-a289-bbfff12876ce	50	9	0
1649ef98-e3a8-4dd3-a289-bbfff12876ce	51	0	0
1649ef98-e3a8-4dd3-a289-bbfff12876ce	51	1	2
1649ef98-e3a8-4dd3-a289-bbfff12876ce	51	2	2
1649ef98-e3a8-4dd3-a289-bbfff12876ce	51	3	2
1649ef98-e3a8-4dd3-a289-bbfff12876ce	51	4	0
1649ef98-e3a8-4dd3-a289-bbfff12876ce	51	5	1
1649ef98-e3a8-4dd3-a289-bbfff12876ce	51	6	1
1649ef98-e3a8-4dd3-a289-bbfff12876ce	51	7	0
1649ef98-e3a8-4dd3-a289-bbfff12876ce	51	8	2
1649ef98-e3a8-4dd3-a289-bbfff12876ce	51	9	0
1649ef98-e3a8-4dd3-a289-bbfff12876ce	52	0	0
1649ef98-e3a8-4dd3-a289-bbfff12876ce	52	1	2
1649ef98-e3a8-4dd3-a289-bbfff12876ce	52	2	2
1649ef98-e3a8-4dd3-a289-bbfff12876ce	52	3	2
1649ef98-e3a8-4dd3-a289-bbfff12876ce	52	4	0
1649ef98-e3a8-4dd3-a289-bbfff12876ce	52	5	2
1649ef98-e3a8-4dd3-a289-bbfff12876ce	52	6	3
1649ef98-e3a8-4dd3-a289-bbfff12876ce	52	7	0
1649ef98-e3a8-4dd3-a289-bbfff12876ce	52	8	2
1649ef98-e3a8-4dd3-a289-bbfff12876ce	52	9	0
1649ef98-e3a8-4dd3-a289-bbfff12876ce	53	0	0
1649ef98-e3a8-4dd3-a289-bbfff12876ce	53	1	2
1649ef98-e3a8-4dd3-a289-bbfff12876ce	53	2	2
1649ef98-e3a8-4dd3-a289-bbfff12876ce	53	3	2
1649ef98-e3a8-4dd3-a289-bbfff12876ce	53	4	0
1649ef98-e3a8-4dd3-a289-bbfff12876ce	53	5	2
1649ef98-e3a8-4dd3-a289-bbfff12876ce	53	6	2
1649ef98-e3a8-4dd3-a289-bbfff12876ce	53	7	0
1649ef98-e3a8-4dd3-a289-bbfff12876ce	53	8	2
1649ef98-e3a8-4dd3-a289-bbfff12876ce	53	9	0
1649ef98-e3a8-4dd3-a289-bbfff12876ce	54	0	0
1649ef98-e3a8-4dd3-a289-bbfff12876ce	54	1	3
1649ef98-e3a8-4dd3-a289-bbfff12876ce	54	2	2
1649ef98-e3a8-4dd3-a289-bbfff12876ce	54	3	2
1649ef98-e3a8-4dd3-a289-bbfff12876ce	54	4	0
1649ef98-e3a8-4dd3-a289-bbfff12876ce	54	5	2
1649ef98-e3a8-4dd3-a289-bbfff12876ce	54	6	2
1649ef98-e3a8-4dd3-a289-bbfff12876ce	54	7	0
1649ef98-e3a8-4dd3-a289-bbfff12876ce	54	8	3
1649ef98-e3a8-4dd3-a289-bbfff12876ce	54	9	0
1649ef98-e3a8-4dd3-a289-bbfff12876ce	55	0	0
1649ef98-e3a8-4dd3-a289-bbfff12876ce	55	1	2
1649ef98-e3a8-4dd3-a289-bbfff12876ce	55	2	2
1649ef98-e3a8-4dd3-a289-bbfff12876ce	55	3	3
1649ef98-e3a8-4dd3-a289-bbfff12876ce	55	4	0
1649ef98-e3a8-4dd3-a289-bbfff12876ce	55	5	2
1649ef98-e3a8-4dd3-a289-bbfff12876ce	55	6	2
1649ef98-e3a8-4dd3-a289-bbfff12876ce	55	7	0
1649ef98-e3a8-4dd3-a289-bbfff12876ce	55	8	1
1649ef98-e3a8-4dd3-a289-bbfff12876ce	55	9	0
1649ef98-e3a8-4dd3-a289-bbfff12876ce	56	0	0
1649ef98-e3a8-4dd3-a289-bbfff12876ce	56	1	2
1649ef98-e3a8-4dd3-a289-bbfff12876ce	56	2	3
1649ef98-e3a8-4dd3-a289-bbfff12876ce	56	3	1
1649ef98-e3a8-4dd3-a289-bbfff12876ce	56	4	0
1649ef98-e3a8-4dd3-a289-bbfff12876ce	56	5	2
1649ef98-e3a8-4dd3-a289-bbfff12876ce	56	6	2
1649ef98-e3a8-4dd3-a289-bbfff12876ce	56	7	0
1649ef98-e3a8-4dd3-a289-bbfff12876ce	56	8	0
1649ef98-e3a8-4dd3-a289-bbfff12876ce	56	9	0
1649ef98-e3a8-4dd3-a289-bbfff12876ce	57	0	0
1649ef98-e3a8-4dd3-a289-bbfff12876ce	57	1	2
1649ef98-e3a8-4dd3-a289-bbfff12876ce	57	2	2
1649ef98-e3a8-4dd3-a289-bbfff12876ce	57	3	2
1649ef98-e3a8-4dd3-a289-bbfff12876ce	57	4	0
1649ef98-e3a8-4dd3-a289-bbfff12876ce	57	5	2
1649ef98-e3a8-4dd3-a289-bbfff12876ce	57	6	2
1649ef98-e3a8-4dd3-a289-bbfff12876ce	57	7	0
1649ef98-e3a8-4dd3-a289-bbfff12876ce	57	8	0
1649ef98-e3a8-4dd3-a289-bbfff12876ce	57	9	0
1649ef98-e3a8-4dd3-a289-bbfff12876ce	58	0	0
1649ef98-e3a8-4dd3-a289-bbfff12876ce	58	1	2
1649ef98-e3a8-4dd3-a289-bbfff12876ce	58	2	2
1649ef98-e3a8-4dd3-a289-bbfff12876ce	58	3	3
1649ef98-e3a8-4dd3-a289-bbfff12876ce	58	4	0
1649ef98-e3a8-4dd3-a289-bbfff12876ce	58	5	2
1649ef98-e3a8-4dd3-a289-bbfff12876ce	58	6	1
1649ef98-e3a8-4dd3-a289-bbfff12876ce	58	7	0
1649ef98-e3a8-4dd3-a289-bbfff12876ce	58	8	0
1649ef98-e3a8-4dd3-a289-bbfff12876ce	58	9	0
1649ef98-e3a8-4dd3-a289-bbfff12876ce	59	0	0
1649ef98-e3a8-4dd3-a289-bbfff12876ce	59	1	2
1649ef98-e3a8-4dd3-a289-bbfff12876ce	59	2	2
1649ef98-e3a8-4dd3-a289-bbfff12876ce	59	3	1
1649ef98-e3a8-4dd3-a289-bbfff12876ce	59	4	0
1649ef98-e3a8-4dd3-a289-bbfff12876ce	59	5	1
1649ef98-e3a8-4dd3-a289-bbfff12876ce	59	6	3
1649ef98-e3a8-4dd3-a289-bbfff12876ce	59	7	0
1649ef98-e3a8-4dd3-a289-bbfff12876ce	59	8	0
1649ef98-e3a8-4dd3-a289-bbfff12876ce	59	9	0
1649ef98-e3a8-4dd3-a289-bbfff12876ce	60	0	0
1649ef98-e3a8-4dd3-a289-bbfff12876ce	60	1	2
1649ef98-e3a8-4dd3-a289-bbfff12876ce	60	2	2
1649ef98-e3a8-4dd3-a289-bbfff12876ce	60	3	0
1649ef98-e3a8-4dd3-a289-bbfff12876ce	60	4	0
1649ef98-e3a8-4dd3-a289-bbfff12876ce	60	5	3
1649ef98-e3a8-4dd3-a289-bbfff12876ce	60	6	2
1649ef98-e3a8-4dd3-a289-bbfff12876ce	60	7	0
1649ef98-e3a8-4dd3-a289-bbfff12876ce	60	8	0
1649ef98-e3a8-4dd3-a289-bbfff12876ce	60	9	0
1649ef98-e3a8-4dd3-a289-bbfff12876ce	61	0	0
1649ef98-e3a8-4dd3-a289-bbfff12876ce	61	1	2
1649ef98-e3a8-4dd3-a289-bbfff12876ce	61	2	0
1649ef98-e3a8-4dd3-a289-bbfff12876ce	61	3	0
1649ef98-e3a8-4dd3-a289-bbfff12876ce	61	4	0
1649ef98-e3a8-4dd3-a289-bbfff12876ce	61	5	2
1649ef98-e3a8-4dd3-a289-bbfff12876ce	61	6	0
1649ef98-e3a8-4dd3-a289-bbfff12876ce	61	7	0
1649ef98-e3a8-4dd3-a289-bbfff12876ce	61	8	0
1649ef98-e3a8-4dd3-a289-bbfff12876ce	61	9	0
1649ef98-e3a8-4dd3-a289-bbfff12876ce	62	0	0
1649ef98-e3a8-4dd3-a289-bbfff12876ce	62	1	2
1649ef98-e3a8-4dd3-a289-bbfff12876ce	62	2	0
1649ef98-e3a8-4dd3-a289-bbfff12876ce	62	3	0
1649ef98-e3a8-4dd3-a289-bbfff12876ce	62	4	0
1649ef98-e3a8-4dd3-a289-bbfff12876ce	62	5	0
1649ef98-e3a8-4dd3-a289-bbfff12876ce	62	6	0
1649ef98-e3a8-4dd3-a289-bbfff12876ce	62	7	0
1649ef98-e3a8-4dd3-a289-bbfff12876ce	62	8	0
1649ef98-e3a8-4dd3-a289-bbfff12876ce	62	9	0
1649ef98-e3a8-4dd3-a289-bbfff12876ce	63	0	0
1649ef98-e3a8-4dd3-a289-bbfff12876ce	63	1	3
1649ef98-e3a8-4dd3-a289-bbfff12876ce	63	2	0
1649ef98-e3a8-4dd3-a289-bbfff12876ce	63	3	0
1649ef98-e3a8-4dd3-a289-bbfff12876ce	63	4	0
1649ef98-e3a8-4dd3-a289-bbfff12876ce	63	5	0
1649ef98-e3a8-4dd3-a289-bbfff12876ce	63	6	0
1649ef98-e3a8-4dd3-a289-bbfff12876ce	63	7	0
1649ef98-e3a8-4dd3-a289-bbfff12876ce	63	8	0
1649ef98-e3a8-4dd3-a289-bbfff12876ce	63	9	0
1649ef98-e3a8-4dd3-a289-bbfff12876ce	64	0	0
1649ef98-e3a8-4dd3-a289-bbfff12876ce	64	1	1
1649ef98-e3a8-4dd3-a289-bbfff12876ce	64	2	0
1649ef98-e3a8-4dd3-a289-bbfff12876ce	64	3	0
1649ef98-e3a8-4dd3-a289-bbfff12876ce	64	4	0
1649ef98-e3a8-4dd3-a289-bbfff12876ce	64	5	0
1649ef98-e3a8-4dd3-a289-bbfff12876ce	64	6	0
1649ef98-e3a8-4dd3-a289-bbfff12876ce	64	7	0
1649ef98-e3a8-4dd3-a289-bbfff12876ce	64	8	0
1649ef98-e3a8-4dd3-a289-bbfff12876ce	64	9	0
1649ef98-e3a8-4dd3-a289-bbfff12876ce	65	0	2
1649ef98-e3a8-4dd3-a289-bbfff12876ce	65	1	2
1649ef98-e3a8-4dd3-a289-bbfff12876ce	65	2	2
1649ef98-e3a8-4dd3-a289-bbfff12876ce	65	3	2
1649ef98-e3a8-4dd3-a289-bbfff12876ce	65	4	2
1649ef98-e3a8-4dd3-a289-bbfff12876ce	65	5	2
1649ef98-e3a8-4dd3-a289-bbfff12876ce	65	6	2
1649ef98-e3a8-4dd3-a289-bbfff12876ce	65	7	2
1649ef98-e3a8-4dd3-a289-bbfff12876ce	65	8	2
1649ef98-e3a8-4dd3-a289-bbfff12876ce	65	9	2
df78ad59-d541-41b5-8028-e11f8528c296	4	0	2
df78ad59-d541-41b5-8028-e11f8528c296	4	1	2
df78ad59-d541-41b5-8028-e11f8528c296	5	0	2
df78ad59-d541-41b5-8028-e11f8528c296	5	1	1
df78ad59-d541-41b5-8028-e11f8528c296	5	2	2
df78ad59-d541-41b5-8028-e11f8528c296	5	3	2
df78ad59-d541-41b5-8028-e11f8528c296	6	0	2
df78ad59-d541-41b5-8028-e11f8528c296	6	1	3
df78ad59-d541-41b5-8028-e11f8528c296	6	2	3
df78ad59-d541-41b5-8028-e11f8528c296	6	3	2
df78ad59-d541-41b5-8028-e11f8528c296	6	8	2
df78ad59-d541-41b5-8028-e11f8528c296	7	0	2
df78ad59-d541-41b5-8028-e11f8528c296	7	1	2
df78ad59-d541-41b5-8028-e11f8528c296	7	2	1
df78ad59-d541-41b5-8028-e11f8528c296	7	3	2
df78ad59-d541-41b5-8028-e11f8528c296	7	8	3
df78ad59-d541-41b5-8028-e11f8528c296	8	0	2
df78ad59-d541-41b5-8028-e11f8528c296	8	1	2
df78ad59-d541-41b5-8028-e11f8528c296	8	2	3
df78ad59-d541-41b5-8028-e11f8528c296	8	3	2
df78ad59-d541-41b5-8028-e11f8528c296	8	8	1
df78ad59-d541-41b5-8028-e11f8528c296	9	0	3
df78ad59-d541-41b5-8028-e11f8528c296	9	1	2
df78ad59-d541-41b5-8028-e11f8528c296	9	2	1
df78ad59-d541-41b5-8028-e11f8528c296	9	3	2
df78ad59-d541-41b5-8028-e11f8528c296	9	8	2
df78ad59-d541-41b5-8028-e11f8528c296	10	0	2
df78ad59-d541-41b5-8028-e11f8528c296	10	1	1
df78ad59-d541-41b5-8028-e11f8528c296	10	2	2
df78ad59-d541-41b5-8028-e11f8528c296	10	3	3
df78ad59-d541-41b5-8028-e11f8528c296	10	7	2
df78ad59-d541-41b5-8028-e11f8528c296	10	8	2
df78ad59-d541-41b5-8028-e11f8528c296	11	0	2
df78ad59-d541-41b5-8028-e11f8528c296	11	1	2
df78ad59-d541-41b5-8028-e11f8528c296	11	2	2
df78ad59-d541-41b5-8028-e11f8528c296	11	3	2
df78ad59-d541-41b5-8028-e11f8528c296	11	7	1
df78ad59-d541-41b5-8028-e11f8528c296	11	8	2
df78ad59-d541-41b5-8028-e11f8528c296	12	0	2
df78ad59-d541-41b5-8028-e11f8528c296	12	1	2
df78ad59-d541-41b5-8028-e11f8528c296	12	2	2
df78ad59-d541-41b5-8028-e11f8528c296	12	3	2
df78ad59-d541-41b5-8028-e11f8528c296	12	7	3
df78ad59-d541-41b5-8028-e11f8528c296	12	8	3
df78ad59-d541-41b5-8028-e11f8528c296	13	0	3
df78ad59-d541-41b5-8028-e11f8528c296	13	1	2
df78ad59-d541-41b5-8028-e11f8528c296	13	2	2
df78ad59-d541-41b5-8028-e11f8528c296	13	3	2
df78ad59-d541-41b5-8028-e11f8528c296	13	5	2
df78ad59-d541-41b5-8028-e11f8528c296	13	7	2
df78ad59-d541-41b5-8028-e11f8528c296	13	8	2
df78ad59-d541-41b5-8028-e11f8528c296	14	0	2
df78ad59-d541-41b5-8028-e11f8528c296	14	1	2
df78ad59-d541-41b5-8028-e11f8528c296	14	2	2
df78ad59-d541-41b5-8028-e11f8528c296	14	3	3
df78ad59-d541-41b5-8028-e11f8528c296	14	5	2
df78ad59-d541-41b5-8028-e11f8528c296	14	7	2
df78ad59-d541-41b5-8028-e11f8528c296	14	8	2
df78ad59-d541-41b5-8028-e11f8528c296	15	0	2
df78ad59-d541-41b5-8028-e11f8528c296	15	1	2
df78ad59-d541-41b5-8028-e11f8528c296	15	2	3
df78ad59-d541-41b5-8028-e11f8528c296	15	3	2
df78ad59-d541-41b5-8028-e11f8528c296	15	5	2
df78ad59-d541-41b5-8028-e11f8528c296	15	7	2
df78ad59-d541-41b5-8028-e11f8528c296	15	8	2
df78ad59-d541-41b5-8028-e11f8528c296	16	0	2
df78ad59-d541-41b5-8028-e11f8528c296	16	1	2
df78ad59-d541-41b5-8028-e11f8528c296	16	2	2
df78ad59-d541-41b5-8028-e11f8528c296	16	3	2
df78ad59-d541-41b5-8028-e11f8528c296	16	5	2
df78ad59-d541-41b5-8028-e11f8528c296	16	7	2
df78ad59-d541-41b5-8028-e11f8528c296	16	8	2
df78ad59-d541-41b5-8028-e11f8528c296	16	9	2
df78ad59-d541-41b5-8028-e11f8528c296	17	0	2
df78ad59-d541-41b5-8028-e11f8528c296	17	1	2
df78ad59-d541-41b5-8028-e11f8528c296	17	2	2
df78ad59-d541-41b5-8028-e11f8528c296	17	3	2
df78ad59-d541-41b5-8028-e11f8528c296	17	4	2
df78ad59-d541-41b5-8028-e11f8528c296	17	5	2
df78ad59-d541-41b5-8028-e11f8528c296	17	7	2
df78ad59-d541-41b5-8028-e11f8528c296	17	8	3
df78ad59-d541-41b5-8028-e11f8528c296	17	9	2
df78ad59-d541-41b5-8028-e11f8528c296	18	0	2
df78ad59-d541-41b5-8028-e11f8528c296	18	1	2
df78ad59-d541-41b5-8028-e11f8528c296	18	2	2
df78ad59-d541-41b5-8028-e11f8528c296	18	3	2
df78ad59-d541-41b5-8028-e11f8528c296	18	4	1
df78ad59-d541-41b5-8028-e11f8528c296	18	5	1
df78ad59-d541-41b5-8028-e11f8528c296	18	7	2
df78ad59-d541-41b5-8028-e11f8528c296	18	8	2
df78ad59-d541-41b5-8028-e11f8528c296	18	9	2
df78ad59-d541-41b5-8028-e11f8528c296	19	0	2
df78ad59-d541-41b5-8028-e11f8528c296	19	1	2
df78ad59-d541-41b5-8028-e11f8528c296	19	2	2
df78ad59-d541-41b5-8028-e11f8528c296	19	3	2
df78ad59-d541-41b5-8028-e11f8528c296	19	4	3
df78ad59-d541-41b5-8028-e11f8528c296	19	5	2
df78ad59-d541-41b5-8028-e11f8528c296	19	7	3
df78ad59-d541-41b5-8028-e11f8528c296	19	8	2
df78ad59-d541-41b5-8028-e11f8528c296	19	9	2
df78ad59-d541-41b5-8028-e11f8528c296	20	0	2
df78ad59-d541-41b5-8028-e11f8528c296	20	1	2
df78ad59-d541-41b5-8028-e11f8528c296	20	2	2
df78ad59-d541-41b5-8028-e11f8528c296	20	3	2
df78ad59-d541-41b5-8028-e11f8528c296	20	4	2
df78ad59-d541-41b5-8028-e11f8528c296	20	5	2
df78ad59-d541-41b5-8028-e11f8528c296	20	7	2
df78ad59-d541-41b5-8028-e11f8528c296	20	8	2
df78ad59-d541-41b5-8028-e11f8528c296	20	9	2
df78ad59-d541-41b5-8028-e11f8528c296	21	0	2
df78ad59-d541-41b5-8028-e11f8528c296	21	1	1
df78ad59-d541-41b5-8028-e11f8528c296	21	2	2
df78ad59-d541-41b5-8028-e11f8528c296	21	3	2
df78ad59-d541-41b5-8028-e11f8528c296	21	4	2
df78ad59-d541-41b5-8028-e11f8528c296	21	5	2
df78ad59-d541-41b5-8028-e11f8528c296	21	7	2
df78ad59-d541-41b5-8028-e11f8528c296	21	8	2
df78ad59-d541-41b5-8028-e11f8528c296	21	9	2
df78ad59-d541-41b5-8028-e11f8528c296	22	0	2
df78ad59-d541-41b5-8028-e11f8528c296	22	1	2
df78ad59-d541-41b5-8028-e11f8528c296	22	2	2
df78ad59-d541-41b5-8028-e11f8528c296	22	3	2
df78ad59-d541-41b5-8028-e11f8528c296	22	4	2
df78ad59-d541-41b5-8028-e11f8528c296	22	5	2
df78ad59-d541-41b5-8028-e11f8528c296	22	7	1
df78ad59-d541-41b5-8028-e11f8528c296	22	8	2
df78ad59-d541-41b5-8028-e11f8528c296	22	9	2
df78ad59-d541-41b5-8028-e11f8528c296	23	0	2
df78ad59-d541-41b5-8028-e11f8528c296	23	1	2
df78ad59-d541-41b5-8028-e11f8528c296	23	2	2
df78ad59-d541-41b5-8028-e11f8528c296	23	3	2
df78ad59-d541-41b5-8028-e11f8528c296	23	4	2
df78ad59-d541-41b5-8028-e11f8528c296	23	5	2
df78ad59-d541-41b5-8028-e11f8528c296	23	7	2
df78ad59-d541-41b5-8028-e11f8528c296	23	8	2
df78ad59-d541-41b5-8028-e11f8528c296	23	9	2
df78ad59-d541-41b5-8028-e11f8528c296	24	0	2
df78ad59-d541-41b5-8028-e11f8528c296	24	1	2
df78ad59-d541-41b5-8028-e11f8528c296	24	2	2
df78ad59-d541-41b5-8028-e11f8528c296	24	3	2
df78ad59-d541-41b5-8028-e11f8528c296	24	4	2
df78ad59-d541-41b5-8028-e11f8528c296	24	5	2
df78ad59-d541-41b5-8028-e11f8528c296	24	7	2
df78ad59-d541-41b5-8028-e11f8528c296	24	8	2
df78ad59-d541-41b5-8028-e11f8528c296	24	9	2
df78ad59-d541-41b5-8028-e11f8528c296	25	0	2
df78ad59-d541-41b5-8028-e11f8528c296	25	1	2
df78ad59-d541-41b5-8028-e11f8528c296	25	2	2
df78ad59-d541-41b5-8028-e11f8528c296	25	3	2
df78ad59-d541-41b5-8028-e11f8528c296	25	4	2
df78ad59-d541-41b5-8028-e11f8528c296	25	5	2
df78ad59-d541-41b5-8028-e11f8528c296	25	7	2
df78ad59-d541-41b5-8028-e11f8528c296	25	8	2
df78ad59-d541-41b5-8028-e11f8528c296	25	9	3
df78ad59-d541-41b5-8028-e11f8528c296	26	0	2
df78ad59-d541-41b5-8028-e11f8528c296	26	1	2
df78ad59-d541-41b5-8028-e11f8528c296	26	2	2
df78ad59-d541-41b5-8028-e11f8528c296	26	3	2
df78ad59-d541-41b5-8028-e11f8528c296	26	4	1
df78ad59-d541-41b5-8028-e11f8528c296	26	5	2
df78ad59-d541-41b5-8028-e11f8528c296	26	7	2
df78ad59-d541-41b5-8028-e11f8528c296	26	8	2
df78ad59-d541-41b5-8028-e11f8528c296	26	9	2
df78ad59-d541-41b5-8028-e11f8528c296	27	0	2
df78ad59-d541-41b5-8028-e11f8528c296	27	1	2
df78ad59-d541-41b5-8028-e11f8528c296	27	2	2
df78ad59-d541-41b5-8028-e11f8528c296	27	3	2
df78ad59-d541-41b5-8028-e11f8528c296	27	4	3
df78ad59-d541-41b5-8028-e11f8528c296	27	5	2
df78ad59-d541-41b5-8028-e11f8528c296	27	7	0
df78ad59-d541-41b5-8028-e11f8528c296	27	8	2
df78ad59-d541-41b5-8028-e11f8528c296	27	9	2
df78ad59-d541-41b5-8028-e11f8528c296	28	0	2
df78ad59-d541-41b5-8028-e11f8528c296	28	1	2
df78ad59-d541-41b5-8028-e11f8528c296	28	2	2
df78ad59-d541-41b5-8028-e11f8528c296	28	3	2
df78ad59-d541-41b5-8028-e11f8528c296	28	4	2
df78ad59-d541-41b5-8028-e11f8528c296	28	5	1
df78ad59-d541-41b5-8028-e11f8528c296	28	7	0
df78ad59-d541-41b5-8028-e11f8528c296	28	8	2
df78ad59-d541-41b5-8028-e11f8528c296	28	9	2
df78ad59-d541-41b5-8028-e11f8528c296	29	0	3
df78ad59-d541-41b5-8028-e11f8528c296	29	1	2
df78ad59-d541-41b5-8028-e11f8528c296	29	2	3
df78ad59-d541-41b5-8028-e11f8528c296	29	3	2
df78ad59-d541-41b5-8028-e11f8528c296	29	4	2
df78ad59-d541-41b5-8028-e11f8528c296	29	5	2
df78ad59-d541-41b5-8028-e11f8528c296	29	6	2
df78ad59-d541-41b5-8028-e11f8528c296	29	7	0
df78ad59-d541-41b5-8028-e11f8528c296	29	8	2
df78ad59-d541-41b5-8028-e11f8528c296	29	9	3
df78ad59-d541-41b5-8028-e11f8528c296	30	0	1
df78ad59-d541-41b5-8028-e11f8528c296	30	1	2
df78ad59-d541-41b5-8028-e11f8528c296	30	2	1
df78ad59-d541-41b5-8028-e11f8528c296	30	3	3
df78ad59-d541-41b5-8028-e11f8528c296	30	4	2
df78ad59-d541-41b5-8028-e11f8528c296	30	5	2
df78ad59-d541-41b5-8028-e11f8528c296	30	6	2
df78ad59-d541-41b5-8028-e11f8528c296	30	7	0
df78ad59-d541-41b5-8028-e11f8528c296	30	8	2
df78ad59-d541-41b5-8028-e11f8528c296	30	9	2
df78ad59-d541-41b5-8028-e11f8528c296	31	0	3
df78ad59-d541-41b5-8028-e11f8528c296	31	1	2
df78ad59-d541-41b5-8028-e11f8528c296	31	2	0
df78ad59-d541-41b5-8028-e11f8528c296	31	3	1
df78ad59-d541-41b5-8028-e11f8528c296	31	4	2
df78ad59-d541-41b5-8028-e11f8528c296	31	5	2
df78ad59-d541-41b5-8028-e11f8528c296	31	6	2
df78ad59-d541-41b5-8028-e11f8528c296	31	7	0
df78ad59-d541-41b5-8028-e11f8528c296	31	8	2
df78ad59-d541-41b5-8028-e11f8528c296	31	9	1
df78ad59-d541-41b5-8028-e11f8528c296	32	0	2
df78ad59-d541-41b5-8028-e11f8528c296	32	1	2
df78ad59-d541-41b5-8028-e11f8528c296	32	2	0
df78ad59-d541-41b5-8028-e11f8528c296	32	3	3
df78ad59-d541-41b5-8028-e11f8528c296	32	4	2
df78ad59-d541-41b5-8028-e11f8528c296	32	5	2
df78ad59-d541-41b5-8028-e11f8528c296	32	6	1
df78ad59-d541-41b5-8028-e11f8528c296	32	7	0
df78ad59-d541-41b5-8028-e11f8528c296	32	8	2
df78ad59-d541-41b5-8028-e11f8528c296	32	9	3
df78ad59-d541-41b5-8028-e11f8528c296	33	0	2
df78ad59-d541-41b5-8028-e11f8528c296	33	1	2
df78ad59-d541-41b5-8028-e11f8528c296	33	2	0
df78ad59-d541-41b5-8028-e11f8528c296	33	3	2
df78ad59-d541-41b5-8028-e11f8528c296	33	4	2
df78ad59-d541-41b5-8028-e11f8528c296	33	5	2
df78ad59-d541-41b5-8028-e11f8528c296	33	6	3
df78ad59-d541-41b5-8028-e11f8528c296	33	7	0
df78ad59-d541-41b5-8028-e11f8528c296	33	8	3
df78ad59-d541-41b5-8028-e11f8528c296	33	9	1
df78ad59-d541-41b5-8028-e11f8528c296	34	0	1
df78ad59-d541-41b5-8028-e11f8528c296	34	1	3
df78ad59-d541-41b5-8028-e11f8528c296	34	2	0
df78ad59-d541-41b5-8028-e11f8528c296	34	3	2
df78ad59-d541-41b5-8028-e11f8528c296	34	4	1
df78ad59-d541-41b5-8028-e11f8528c296	34	5	2
df78ad59-d541-41b5-8028-e11f8528c296	34	6	2
df78ad59-d541-41b5-8028-e11f8528c296	34	7	0
df78ad59-d541-41b5-8028-e11f8528c296	34	8	1
df78ad59-d541-41b5-8028-e11f8528c296	34	9	2
df78ad59-d541-41b5-8028-e11f8528c296	35	0	2
df78ad59-d541-41b5-8028-e11f8528c296	35	1	2
df78ad59-d541-41b5-8028-e11f8528c296	35	2	0
df78ad59-d541-41b5-8028-e11f8528c296	35	3	1
df78ad59-d541-41b5-8028-e11f8528c296	35	4	2
df78ad59-d541-41b5-8028-e11f8528c296	35	5	2
df78ad59-d541-41b5-8028-e11f8528c296	35	6	3
df78ad59-d541-41b5-8028-e11f8528c296	35	7	0
df78ad59-d541-41b5-8028-e11f8528c296	35	8	3
df78ad59-d541-41b5-8028-e11f8528c296	35	9	2
df78ad59-d541-41b5-8028-e11f8528c296	36	0	2
df78ad59-d541-41b5-8028-e11f8528c296	36	1	2
df78ad59-d541-41b5-8028-e11f8528c296	36	2	0
df78ad59-d541-41b5-8028-e11f8528c296	36	3	2
df78ad59-d541-41b5-8028-e11f8528c296	36	4	2
df78ad59-d541-41b5-8028-e11f8528c296	36	5	2
df78ad59-d541-41b5-8028-e11f8528c296	36	6	2
df78ad59-d541-41b5-8028-e11f8528c296	36	7	0
df78ad59-d541-41b5-8028-e11f8528c296	36	8	2
df78ad59-d541-41b5-8028-e11f8528c296	36	9	3
df78ad59-d541-41b5-8028-e11f8528c296	37	0	1
df78ad59-d541-41b5-8028-e11f8528c296	37	1	2
df78ad59-d541-41b5-8028-e11f8528c296	37	2	0
df78ad59-d541-41b5-8028-e11f8528c296	37	3	2
df78ad59-d541-41b5-8028-e11f8528c296	37	4	2
df78ad59-d541-41b5-8028-e11f8528c296	37	5	2
df78ad59-d541-41b5-8028-e11f8528c296	37	6	2
df78ad59-d541-41b5-8028-e11f8528c296	37	7	0
df78ad59-d541-41b5-8028-e11f8528c296	37	8	2
df78ad59-d541-41b5-8028-e11f8528c296	37	9	1
df78ad59-d541-41b5-8028-e11f8528c296	38	0	2
df78ad59-d541-41b5-8028-e11f8528c296	38	1	3
df78ad59-d541-41b5-8028-e11f8528c296	38	2	0
df78ad59-d541-41b5-8028-e11f8528c296	38	3	1
df78ad59-d541-41b5-8028-e11f8528c296	38	4	2
df78ad59-d541-41b5-8028-e11f8528c296	38	5	2
df78ad59-d541-41b5-8028-e11f8528c296	38	6	1
df78ad59-d541-41b5-8028-e11f8528c296	38	7	0
df78ad59-d541-41b5-8028-e11f8528c296	38	8	1
df78ad59-d541-41b5-8028-e11f8528c296	38	9	2
df78ad59-d541-41b5-8028-e11f8528c296	39	0	2
df78ad59-d541-41b5-8028-e11f8528c296	39	1	1
df78ad59-d541-41b5-8028-e11f8528c296	39	2	0
df78ad59-d541-41b5-8028-e11f8528c296	39	3	2
df78ad59-d541-41b5-8028-e11f8528c296	39	4	2
df78ad59-d541-41b5-8028-e11f8528c296	39	5	2
df78ad59-d541-41b5-8028-e11f8528c296	39	6	2
df78ad59-d541-41b5-8028-e11f8528c296	39	7	0
df78ad59-d541-41b5-8028-e11f8528c296	39	8	2
df78ad59-d541-41b5-8028-e11f8528c296	39	9	2
df78ad59-d541-41b5-8028-e11f8528c296	40	0	2
df78ad59-d541-41b5-8028-e11f8528c296	40	1	0
df78ad59-d541-41b5-8028-e11f8528c296	40	2	0
df78ad59-d541-41b5-8028-e11f8528c296	40	3	2
df78ad59-d541-41b5-8028-e11f8528c296	40	4	3
df78ad59-d541-41b5-8028-e11f8528c296	40	5	2
df78ad59-d541-41b5-8028-e11f8528c296	40	6	2
df78ad59-d541-41b5-8028-e11f8528c296	40	7	0
df78ad59-d541-41b5-8028-e11f8528c296	40	8	2
df78ad59-d541-41b5-8028-e11f8528c296	40	9	2
df78ad59-d541-41b5-8028-e11f8528c296	41	0	2
df78ad59-d541-41b5-8028-e11f8528c296	41	1	0
df78ad59-d541-41b5-8028-e11f8528c296	41	2	0
df78ad59-d541-41b5-8028-e11f8528c296	41	3	2
df78ad59-d541-41b5-8028-e11f8528c296	41	4	1
df78ad59-d541-41b5-8028-e11f8528c296	41	5	3
df78ad59-d541-41b5-8028-e11f8528c296	41	6	2
df78ad59-d541-41b5-8028-e11f8528c296	41	7	0
df78ad59-d541-41b5-8028-e11f8528c296	41	8	1
df78ad59-d541-41b5-8028-e11f8528c296	41	9	2
df78ad59-d541-41b5-8028-e11f8528c296	42	0	2
df78ad59-d541-41b5-8028-e11f8528c296	42	1	0
df78ad59-d541-41b5-8028-e11f8528c296	42	2	0
df78ad59-d541-41b5-8028-e11f8528c296	42	3	2
df78ad59-d541-41b5-8028-e11f8528c296	42	4	2
df78ad59-d541-41b5-8028-e11f8528c296	42	5	2
df78ad59-d541-41b5-8028-e11f8528c296	42	6	2
df78ad59-d541-41b5-8028-e11f8528c296	42	7	0
df78ad59-d541-41b5-8028-e11f8528c296	42	8	2
df78ad59-d541-41b5-8028-e11f8528c296	42	9	2
df78ad59-d541-41b5-8028-e11f8528c296	43	0	3
df78ad59-d541-41b5-8028-e11f8528c296	43	1	0
df78ad59-d541-41b5-8028-e11f8528c296	43	2	0
df78ad59-d541-41b5-8028-e11f8528c296	43	3	2
df78ad59-d541-41b5-8028-e11f8528c296	43	4	0
df78ad59-d541-41b5-8028-e11f8528c296	43	5	2
df78ad59-d541-41b5-8028-e11f8528c296	43	6	2
df78ad59-d541-41b5-8028-e11f8528c296	43	7	0
df78ad59-d541-41b5-8028-e11f8528c296	43	8	2
df78ad59-d541-41b5-8028-e11f8528c296	43	9	2
df78ad59-d541-41b5-8028-e11f8528c296	44	0	1
df78ad59-d541-41b5-8028-e11f8528c296	44	1	0
df78ad59-d541-41b5-8028-e11f8528c296	44	2	0
df78ad59-d541-41b5-8028-e11f8528c296	44	3	3
df78ad59-d541-41b5-8028-e11f8528c296	44	4	0
df78ad59-d541-41b5-8028-e11f8528c296	44	5	2
df78ad59-d541-41b5-8028-e11f8528c296	44	6	2
df78ad59-d541-41b5-8028-e11f8528c296	44	7	0
df78ad59-d541-41b5-8028-e11f8528c296	44	8	2
df78ad59-d541-41b5-8028-e11f8528c296	44	9	2
df78ad59-d541-41b5-8028-e11f8528c296	45	0	2
df78ad59-d541-41b5-8028-e11f8528c296	45	1	0
df78ad59-d541-41b5-8028-e11f8528c296	45	2	0
df78ad59-d541-41b5-8028-e11f8528c296	45	3	1
df78ad59-d541-41b5-8028-e11f8528c296	45	4	0
df78ad59-d541-41b5-8028-e11f8528c296	45	5	3
df78ad59-d541-41b5-8028-e11f8528c296	45	6	2
df78ad59-d541-41b5-8028-e11f8528c296	45	7	0
df78ad59-d541-41b5-8028-e11f8528c296	45	8	2
df78ad59-d541-41b5-8028-e11f8528c296	45	9	2
df78ad59-d541-41b5-8028-e11f8528c296	46	0	0
df78ad59-d541-41b5-8028-e11f8528c296	46	1	0
df78ad59-d541-41b5-8028-e11f8528c296	46	2	0
df78ad59-d541-41b5-8028-e11f8528c296	46	3	2
df78ad59-d541-41b5-8028-e11f8528c296	46	4	0
df78ad59-d541-41b5-8028-e11f8528c296	46	5	1
df78ad59-d541-41b5-8028-e11f8528c296	46	6	0
df78ad59-d541-41b5-8028-e11f8528c296	46	7	0
df78ad59-d541-41b5-8028-e11f8528c296	46	8	2
df78ad59-d541-41b5-8028-e11f8528c296	46	9	2
df78ad59-d541-41b5-8028-e11f8528c296	47	0	0
df78ad59-d541-41b5-8028-e11f8528c296	47	1	0
df78ad59-d541-41b5-8028-e11f8528c296	47	2	0
df78ad59-d541-41b5-8028-e11f8528c296	47	3	0
df78ad59-d541-41b5-8028-e11f8528c296	47	4	0
df78ad59-d541-41b5-8028-e11f8528c296	47	5	0
df78ad59-d541-41b5-8028-e11f8528c296	47	6	0
df78ad59-d541-41b5-8028-e11f8528c296	47	7	0
df78ad59-d541-41b5-8028-e11f8528c296	47	8	3
df78ad59-d541-41b5-8028-e11f8528c296	47	9	2
df78ad59-d541-41b5-8028-e11f8528c296	48	0	0
df78ad59-d541-41b5-8028-e11f8528c296	48	1	0
df78ad59-d541-41b5-8028-e11f8528c296	48	2	0
df78ad59-d541-41b5-8028-e11f8528c296	48	3	0
df78ad59-d541-41b5-8028-e11f8528c296	48	4	0
df78ad59-d541-41b5-8028-e11f8528c296	48	5	0
df78ad59-d541-41b5-8028-e11f8528c296	48	6	0
df78ad59-d541-41b5-8028-e11f8528c296	48	7	0
df78ad59-d541-41b5-8028-e11f8528c296	48	8	1
df78ad59-d541-41b5-8028-e11f8528c296	48	9	2
df78ad59-d541-41b5-8028-e11f8528c296	49	0	0
df78ad59-d541-41b5-8028-e11f8528c296	49	1	0
df78ad59-d541-41b5-8028-e11f8528c296	49	2	0
df78ad59-d541-41b5-8028-e11f8528c296	49	3	0
df78ad59-d541-41b5-8028-e11f8528c296	49	4	0
df78ad59-d541-41b5-8028-e11f8528c296	49	5	0
df78ad59-d541-41b5-8028-e11f8528c296	49	6	0
df78ad59-d541-41b5-8028-e11f8528c296	49	7	0
df78ad59-d541-41b5-8028-e11f8528c296	49	8	2
df78ad59-d541-41b5-8028-e11f8528c296	49	9	1
df78ad59-d541-41b5-8028-e11f8528c296	50	0	0
df78ad59-d541-41b5-8028-e11f8528c296	50	1	0
df78ad59-d541-41b5-8028-e11f8528c296	50	2	0
df78ad59-d541-41b5-8028-e11f8528c296	50	3	0
df78ad59-d541-41b5-8028-e11f8528c296	50	4	0
df78ad59-d541-41b5-8028-e11f8528c296	50	5	0
df78ad59-d541-41b5-8028-e11f8528c296	50	6	0
df78ad59-d541-41b5-8028-e11f8528c296	50	7	0
df78ad59-d541-41b5-8028-e11f8528c296	50	8	0
df78ad59-d541-41b5-8028-e11f8528c296	50	9	2
df78ad59-d541-41b5-8028-e11f8528c296	51	0	0
df78ad59-d541-41b5-8028-e11f8528c296	51	1	0
df78ad59-d541-41b5-8028-e11f8528c296	51	2	0
df78ad59-d541-41b5-8028-e11f8528c296	51	3	0
df78ad59-d541-41b5-8028-e11f8528c296	51	4	0
df78ad59-d541-41b5-8028-e11f8528c296	51	5	0
df78ad59-d541-41b5-8028-e11f8528c296	51	6	0
df78ad59-d541-41b5-8028-e11f8528c296	51	7	0
df78ad59-d541-41b5-8028-e11f8528c296	51	8	0
df78ad59-d541-41b5-8028-e11f8528c296	51	9	2
df78ad59-d541-41b5-8028-e11f8528c296	52	0	0
df78ad59-d541-41b5-8028-e11f8528c296	52	1	0
df78ad59-d541-41b5-8028-e11f8528c296	52	2	0
df78ad59-d541-41b5-8028-e11f8528c296	52	3	0
df78ad59-d541-41b5-8028-e11f8528c296	52	4	0
df78ad59-d541-41b5-8028-e11f8528c296	52	5	0
df78ad59-d541-41b5-8028-e11f8528c296	52	6	0
df78ad59-d541-41b5-8028-e11f8528c296	52	7	0
df78ad59-d541-41b5-8028-e11f8528c296	52	8	0
df78ad59-d541-41b5-8028-e11f8528c296	52	9	2
df78ad59-d541-41b5-8028-e11f8528c296	53	0	0
df78ad59-d541-41b5-8028-e11f8528c296	53	1	0
df78ad59-d541-41b5-8028-e11f8528c296	53	2	0
df78ad59-d541-41b5-8028-e11f8528c296	53	3	0
df78ad59-d541-41b5-8028-e11f8528c296	53	4	0
df78ad59-d541-41b5-8028-e11f8528c296	53	5	0
df78ad59-d541-41b5-8028-e11f8528c296	53	6	0
df78ad59-d541-41b5-8028-e11f8528c296	53	7	0
df78ad59-d541-41b5-8028-e11f8528c296	53	8	0
df78ad59-d541-41b5-8028-e11f8528c296	53	9	1
df78ad59-d541-41b5-8028-e11f8528c296	54	0	0
df78ad59-d541-41b5-8028-e11f8528c296	54	1	0
df78ad59-d541-41b5-8028-e11f8528c296	54	2	0
df78ad59-d541-41b5-8028-e11f8528c296	54	3	0
df78ad59-d541-41b5-8028-e11f8528c296	54	4	0
df78ad59-d541-41b5-8028-e11f8528c296	54	5	0
df78ad59-d541-41b5-8028-e11f8528c296	54	6	0
df78ad59-d541-41b5-8028-e11f8528c296	54	7	0
df78ad59-d541-41b5-8028-e11f8528c296	54	8	0
df78ad59-d541-41b5-8028-e11f8528c296	54	9	2
df78ad59-d541-41b5-8028-e11f8528c296	55	0	0
df78ad59-d541-41b5-8028-e11f8528c296	55	1	0
df78ad59-d541-41b5-8028-e11f8528c296	55	2	0
df78ad59-d541-41b5-8028-e11f8528c296	55	3	0
df78ad59-d541-41b5-8028-e11f8528c296	55	4	0
df78ad59-d541-41b5-8028-e11f8528c296	55	5	0
df78ad59-d541-41b5-8028-e11f8528c296	55	6	0
df78ad59-d541-41b5-8028-e11f8528c296	55	7	0
df78ad59-d541-41b5-8028-e11f8528c296	55	8	0
df78ad59-d541-41b5-8028-e11f8528c296	55	9	2
df78ad59-d541-41b5-8028-e11f8528c296	56	0	0
df78ad59-d541-41b5-8028-e11f8528c296	56	1	0
df78ad59-d541-41b5-8028-e11f8528c296	56	2	0
df78ad59-d541-41b5-8028-e11f8528c296	56	3	0
df78ad59-d541-41b5-8028-e11f8528c296	56	4	0
df78ad59-d541-41b5-8028-e11f8528c296	56	5	0
df78ad59-d541-41b5-8028-e11f8528c296	56	6	0
df78ad59-d541-41b5-8028-e11f8528c296	56	7	0
df78ad59-d541-41b5-8028-e11f8528c296	56	8	0
df78ad59-d541-41b5-8028-e11f8528c296	56	9	2
df78ad59-d541-41b5-8028-e11f8528c296	57	0	0
df78ad59-d541-41b5-8028-e11f8528c296	57	1	0
df78ad59-d541-41b5-8028-e11f8528c296	57	2	0
df78ad59-d541-41b5-8028-e11f8528c296	57	3	0
df78ad59-d541-41b5-8028-e11f8528c296	57	4	0
df78ad59-d541-41b5-8028-e11f8528c296	57	5	0
df78ad59-d541-41b5-8028-e11f8528c296	57	6	0
df78ad59-d541-41b5-8028-e11f8528c296	57	7	0
df78ad59-d541-41b5-8028-e11f8528c296	57	8	0
df78ad59-d541-41b5-8028-e11f8528c296	57	9	1
df78ad59-d541-41b5-8028-e11f8528c296	58	0	0
df78ad59-d541-41b5-8028-e11f8528c296	58	1	0
df78ad59-d541-41b5-8028-e11f8528c296	58	2	0
df78ad59-d541-41b5-8028-e11f8528c296	58	3	0
df78ad59-d541-41b5-8028-e11f8528c296	58	4	0
df78ad59-d541-41b5-8028-e11f8528c296	58	5	0
df78ad59-d541-41b5-8028-e11f8528c296	58	6	0
df78ad59-d541-41b5-8028-e11f8528c296	58	7	0
df78ad59-d541-41b5-8028-e11f8528c296	58	8	0
df78ad59-d541-41b5-8028-e11f8528c296	58	9	3
bab6984f-34ef-4f58-9af8-4d156b5f9ae4	2	3	2
bab6984f-34ef-4f58-9af8-4d156b5f9ae4	3	3	2
bab6984f-34ef-4f58-9af8-4d156b5f9ae4	4	3	2
bab6984f-34ef-4f58-9af8-4d156b5f9ae4	5	2	2
bab6984f-34ef-4f58-9af8-4d156b5f9ae4	5	3	1
bab6984f-34ef-4f58-9af8-4d156b5f9ae4	5	8	2
bab6984f-34ef-4f58-9af8-4d156b5f9ae4	6	2	3
bab6984f-34ef-4f58-9af8-4d156b5f9ae4	6	3	3
bab6984f-34ef-4f58-9af8-4d156b5f9ae4	6	8	1
bab6984f-34ef-4f58-9af8-4d156b5f9ae4	6	9	2
bab6984f-34ef-4f58-9af8-4d156b5f9ae4	7	2	1
bab6984f-34ef-4f58-9af8-4d156b5f9ae4	7	3	2
bab6984f-34ef-4f58-9af8-4d156b5f9ae4	7	4	2
bab6984f-34ef-4f58-9af8-4d156b5f9ae4	7	8	3
bab6984f-34ef-4f58-9af8-4d156b5f9ae4	7	9	2
bab6984f-34ef-4f58-9af8-4d156b5f9ae4	8	1	2
bab6984f-34ef-4f58-9af8-4d156b5f9ae4	8	2	3
bab6984f-34ef-4f58-9af8-4d156b5f9ae4	8	3	1
bab6984f-34ef-4f58-9af8-4d156b5f9ae4	8	4	3
bab6984f-34ef-4f58-9af8-4d156b5f9ae4	8	8	2
bab6984f-34ef-4f58-9af8-4d156b5f9ae4	8	9	2
bab6984f-34ef-4f58-9af8-4d156b5f9ae4	9	1	2
bab6984f-34ef-4f58-9af8-4d156b5f9ae4	9	2	1
bab6984f-34ef-4f58-9af8-4d156b5f9ae4	9	3	2
bab6984f-34ef-4f58-9af8-4d156b5f9ae4	9	4	1
bab6984f-34ef-4f58-9af8-4d156b5f9ae4	9	8	2
bab6984f-34ef-4f58-9af8-4d156b5f9ae4	9	9	2
bab6984f-34ef-4f58-9af8-4d156b5f9ae4	10	1	2
bab6984f-34ef-4f58-9af8-4d156b5f9ae4	10	2	2
bab6984f-34ef-4f58-9af8-4d156b5f9ae4	10	3	2
bab6984f-34ef-4f58-9af8-4d156b5f9ae4	10	4	2
bab6984f-34ef-4f58-9af8-4d156b5f9ae4	10	8	2
bab6984f-34ef-4f58-9af8-4d156b5f9ae4	10	9	2
bab6984f-34ef-4f58-9af8-4d156b5f9ae4	11	1	2
bab6984f-34ef-4f58-9af8-4d156b5f9ae4	11	2	2
bab6984f-34ef-4f58-9af8-4d156b5f9ae4	11	3	2
bab6984f-34ef-4f58-9af8-4d156b5f9ae4	11	4	2
bab6984f-34ef-4f58-9af8-4d156b5f9ae4	11	8	2
bab6984f-34ef-4f58-9af8-4d156b5f9ae4	11	9	2
bab6984f-34ef-4f58-9af8-4d156b5f9ae4	12	1	2
bab6984f-34ef-4f58-9af8-4d156b5f9ae4	12	2	2
bab6984f-34ef-4f58-9af8-4d156b5f9ae4	12	3	2
bab6984f-34ef-4f58-9af8-4d156b5f9ae4	12	4	2
bab6984f-34ef-4f58-9af8-4d156b5f9ae4	12	8	2
bab6984f-34ef-4f58-9af8-4d156b5f9ae4	12	9	2
bab6984f-34ef-4f58-9af8-4d156b5f9ae4	13	1	1
bab6984f-34ef-4f58-9af8-4d156b5f9ae4	13	2	1
bab6984f-34ef-4f58-9af8-4d156b5f9ae4	13	3	1
bab6984f-34ef-4f58-9af8-4d156b5f9ae4	13	4	1
bab6984f-34ef-4f58-9af8-4d156b5f9ae4	13	8	2
bab6984f-34ef-4f58-9af8-4d156b5f9ae4	13	9	2
bab6984f-34ef-4f58-9af8-4d156b5f9ae4	14	1	2
bab6984f-34ef-4f58-9af8-4d156b5f9ae4	14	2	3
bab6984f-34ef-4f58-9af8-4d156b5f9ae4	14	3	2
bab6984f-34ef-4f58-9af8-4d156b5f9ae4	14	4	2
bab6984f-34ef-4f58-9af8-4d156b5f9ae4	14	8	2
bab6984f-34ef-4f58-9af8-4d156b5f9ae4	14	9	2
bab6984f-34ef-4f58-9af8-4d156b5f9ae4	15	1	2
bab6984f-34ef-4f58-9af8-4d156b5f9ae4	15	2	2
bab6984f-34ef-4f58-9af8-4d156b5f9ae4	15	3	2
bab6984f-34ef-4f58-9af8-4d156b5f9ae4	15	4	2
bab6984f-34ef-4f58-9af8-4d156b5f9ae4	15	8	2
bab6984f-34ef-4f58-9af8-4d156b5f9ae4	15	9	2
bab6984f-34ef-4f58-9af8-4d156b5f9ae4	16	0	2
bab6984f-34ef-4f58-9af8-4d156b5f9ae4	16	1	2
bab6984f-34ef-4f58-9af8-4d156b5f9ae4	16	2	2
bab6984f-34ef-4f58-9af8-4d156b5f9ae4	16	3	2
bab6984f-34ef-4f58-9af8-4d156b5f9ae4	16	4	2
bab6984f-34ef-4f58-9af8-4d156b5f9ae4	16	8	2
bab6984f-34ef-4f58-9af8-4d156b5f9ae4	16	9	2
bab6984f-34ef-4f58-9af8-4d156b5f9ae4	17	0	2
bab6984f-34ef-4f58-9af8-4d156b5f9ae4	17	1	2
bab6984f-34ef-4f58-9af8-4d156b5f9ae4	17	2	2
bab6984f-34ef-4f58-9af8-4d156b5f9ae4	17	3	2
bab6984f-34ef-4f58-9af8-4d156b5f9ae4	17	4	2
bab6984f-34ef-4f58-9af8-4d156b5f9ae4	17	8	2
bab6984f-34ef-4f58-9af8-4d156b5f9ae4	17	9	2
bab6984f-34ef-4f58-9af8-4d156b5f9ae4	18	0	2
bab6984f-34ef-4f58-9af8-4d156b5f9ae4	18	1	2
bab6984f-34ef-4f58-9af8-4d156b5f9ae4	18	2	2
bab6984f-34ef-4f58-9af8-4d156b5f9ae4	18	3	2
bab6984f-34ef-4f58-9af8-4d156b5f9ae4	18	4	1
bab6984f-34ef-4f58-9af8-4d156b5f9ae4	18	8	2
bab6984f-34ef-4f58-9af8-4d156b5f9ae4	18	9	2
bab6984f-34ef-4f58-9af8-4d156b5f9ae4	19	0	2
bab6984f-34ef-4f58-9af8-4d156b5f9ae4	19	1	2
bab6984f-34ef-4f58-9af8-4d156b5f9ae4	19	2	2
bab6984f-34ef-4f58-9af8-4d156b5f9ae4	19	3	2
bab6984f-34ef-4f58-9af8-4d156b5f9ae4	19	4	2
bab6984f-34ef-4f58-9af8-4d156b5f9ae4	19	8	2
bab6984f-34ef-4f58-9af8-4d156b5f9ae4	19	9	2
bab6984f-34ef-4f58-9af8-4d156b5f9ae4	20	0	2
bab6984f-34ef-4f58-9af8-4d156b5f9ae4	20	1	2
bab6984f-34ef-4f58-9af8-4d156b5f9ae4	20	2	2
bab6984f-34ef-4f58-9af8-4d156b5f9ae4	20	3	2
bab6984f-34ef-4f58-9af8-4d156b5f9ae4	20	4	2
bab6984f-34ef-4f58-9af8-4d156b5f9ae4	20	5	2
bab6984f-34ef-4f58-9af8-4d156b5f9ae4	20	8	3
bab6984f-34ef-4f58-9af8-4d156b5f9ae4	20	9	2
bab6984f-34ef-4f58-9af8-4d156b5f9ae4	21	0	2
bab6984f-34ef-4f58-9af8-4d156b5f9ae4	21	1	2
bab6984f-34ef-4f58-9af8-4d156b5f9ae4	21	2	2
bab6984f-34ef-4f58-9af8-4d156b5f9ae4	21	3	2
bab6984f-34ef-4f58-9af8-4d156b5f9ae4	21	4	2
bab6984f-34ef-4f58-9af8-4d156b5f9ae4	21	5	2
bab6984f-34ef-4f58-9af8-4d156b5f9ae4	21	8	4
bab6984f-34ef-4f58-9af8-4d156b5f9ae4	21	9	2
bab6984f-34ef-4f58-9af8-4d156b5f9ae4	22	0	1
bab6984f-34ef-4f58-9af8-4d156b5f9ae4	22	1	2
bab6984f-34ef-4f58-9af8-4d156b5f9ae4	22	2	2
bab6984f-34ef-4f58-9af8-4d156b5f9ae4	22	3	2
bab6984f-34ef-4f58-9af8-4d156b5f9ae4	22	4	2
bab6984f-34ef-4f58-9af8-4d156b5f9ae4	22	5	2
bab6984f-34ef-4f58-9af8-4d156b5f9ae4	22	8	4
bab6984f-34ef-4f58-9af8-4d156b5f9ae4	22	9	1
bab6984f-34ef-4f58-9af8-4d156b5f9ae4	23	0	3
bab6984f-34ef-4f58-9af8-4d156b5f9ae4	23	1	2
bab6984f-34ef-4f58-9af8-4d156b5f9ae4	23	2	2
bab6984f-34ef-4f58-9af8-4d156b5f9ae4	23	3	2
bab6984f-34ef-4f58-9af8-4d156b5f9ae4	23	4	2
bab6984f-34ef-4f58-9af8-4d156b5f9ae4	23	5	2
bab6984f-34ef-4f58-9af8-4d156b5f9ae4	23	8	4
bab6984f-34ef-4f58-9af8-4d156b5f9ae4	23	9	2
bab6984f-34ef-4f58-9af8-4d156b5f9ae4	24	0	2
bab6984f-34ef-4f58-9af8-4d156b5f9ae4	24	1	2
bab6984f-34ef-4f58-9af8-4d156b5f9ae4	24	2	2
bab6984f-34ef-4f58-9af8-4d156b5f9ae4	24	3	2
bab6984f-34ef-4f58-9af8-4d156b5f9ae4	24	4	2
bab6984f-34ef-4f58-9af8-4d156b5f9ae4	24	5	2
bab6984f-34ef-4f58-9af8-4d156b5f9ae4	24	8	4
bab6984f-34ef-4f58-9af8-4d156b5f9ae4	24	9	2
bab6984f-34ef-4f58-9af8-4d156b5f9ae4	25	0	2
bab6984f-34ef-4f58-9af8-4d156b5f9ae4	25	1	2
bab6984f-34ef-4f58-9af8-4d156b5f9ae4	25	2	3
bab6984f-34ef-4f58-9af8-4d156b5f9ae4	25	3	2
bab6984f-34ef-4f58-9af8-4d156b5f9ae4	25	4	2
bab6984f-34ef-4f58-9af8-4d156b5f9ae4	25	5	2
bab6984f-34ef-4f58-9af8-4d156b5f9ae4	25	7	2
bab6984f-34ef-4f58-9af8-4d156b5f9ae4	25	8	4
bab6984f-34ef-4f58-9af8-4d156b5f9ae4	25	9	2
bab6984f-34ef-4f58-9af8-4d156b5f9ae4	26	0	2
bab6984f-34ef-4f58-9af8-4d156b5f9ae4	26	1	2
bab6984f-34ef-4f58-9af8-4d156b5f9ae4	26	2	1
bab6984f-34ef-4f58-9af8-4d156b5f9ae4	26	3	2
bab6984f-34ef-4f58-9af8-4d156b5f9ae4	26	4	2
bab6984f-34ef-4f58-9af8-4d156b5f9ae4	26	5	3
bab6984f-34ef-4f58-9af8-4d156b5f9ae4	26	7	2
bab6984f-34ef-4f58-9af8-4d156b5f9ae4	26	8	2
bab6984f-34ef-4f58-9af8-4d156b5f9ae4	26	9	2
bab6984f-34ef-4f58-9af8-4d156b5f9ae4	27	0	2
bab6984f-34ef-4f58-9af8-4d156b5f9ae4	27	1	2
bab6984f-34ef-4f58-9af8-4d156b5f9ae4	27	2	3
bab6984f-34ef-4f58-9af8-4d156b5f9ae4	27	3	2
bab6984f-34ef-4f58-9af8-4d156b5f9ae4	27	4	2
bab6984f-34ef-4f58-9af8-4d156b5f9ae4	27	5	1
bab6984f-34ef-4f58-9af8-4d156b5f9ae4	27	7	2
bab6984f-34ef-4f58-9af8-4d156b5f9ae4	27	8	1
bab6984f-34ef-4f58-9af8-4d156b5f9ae4	27	9	1
bab6984f-34ef-4f58-9af8-4d156b5f9ae4	28	0	2
bab6984f-34ef-4f58-9af8-4d156b5f9ae4	28	1	2
bab6984f-34ef-4f58-9af8-4d156b5f9ae4	28	2	2
bab6984f-34ef-4f58-9af8-4d156b5f9ae4	28	3	2
bab6984f-34ef-4f58-9af8-4d156b5f9ae4	28	4	2
bab6984f-34ef-4f58-9af8-4d156b5f9ae4	28	5	3
bab6984f-34ef-4f58-9af8-4d156b5f9ae4	28	7	2
bab6984f-34ef-4f58-9af8-4d156b5f9ae4	28	8	2
bab6984f-34ef-4f58-9af8-4d156b5f9ae4	28	9	3
bab6984f-34ef-4f58-9af8-4d156b5f9ae4	29	0	2
bab6984f-34ef-4f58-9af8-4d156b5f9ae4	29	1	2
bab6984f-34ef-4f58-9af8-4d156b5f9ae4	29	2	2
bab6984f-34ef-4f58-9af8-4d156b5f9ae4	29	3	2
bab6984f-34ef-4f58-9af8-4d156b5f9ae4	29	4	2
bab6984f-34ef-4f58-9af8-4d156b5f9ae4	29	5	2
bab6984f-34ef-4f58-9af8-4d156b5f9ae4	29	7	2
bab6984f-34ef-4f58-9af8-4d156b5f9ae4	29	8	2
bab6984f-34ef-4f58-9af8-4d156b5f9ae4	29	9	2
bab6984f-34ef-4f58-9af8-4d156b5f9ae4	30	0	2
bab6984f-34ef-4f58-9af8-4d156b5f9ae4	30	1	2
bab6984f-34ef-4f58-9af8-4d156b5f9ae4	30	2	2
bab6984f-34ef-4f58-9af8-4d156b5f9ae4	30	3	2
bab6984f-34ef-4f58-9af8-4d156b5f9ae4	30	4	2
bab6984f-34ef-4f58-9af8-4d156b5f9ae4	30	5	2
bab6984f-34ef-4f58-9af8-4d156b5f9ae4	30	7	2
bab6984f-34ef-4f58-9af8-4d156b5f9ae4	30	8	2
bab6984f-34ef-4f58-9af8-4d156b5f9ae4	30	9	2
bab6984f-34ef-4f58-9af8-4d156b5f9ae4	31	0	2
bab6984f-34ef-4f58-9af8-4d156b5f9ae4	31	1	3
bab6984f-34ef-4f58-9af8-4d156b5f9ae4	31	2	2
bab6984f-34ef-4f58-9af8-4d156b5f9ae4	31	3	2
bab6984f-34ef-4f58-9af8-4d156b5f9ae4	31	4	2
bab6984f-34ef-4f58-9af8-4d156b5f9ae4	31	5	2
bab6984f-34ef-4f58-9af8-4d156b5f9ae4	31	7	3
bab6984f-34ef-4f58-9af8-4d156b5f9ae4	31	8	4
bab6984f-34ef-4f58-9af8-4d156b5f9ae4	31	9	2
bab6984f-34ef-4f58-9af8-4d156b5f9ae4	32	0	2
bab6984f-34ef-4f58-9af8-4d156b5f9ae4	32	1	2
bab6984f-34ef-4f58-9af8-4d156b5f9ae4	32	2	2
bab6984f-34ef-4f58-9af8-4d156b5f9ae4	32	3	2
bab6984f-34ef-4f58-9af8-4d156b5f9ae4	32	4	2
bab6984f-34ef-4f58-9af8-4d156b5f9ae4	32	5	2
bab6984f-34ef-4f58-9af8-4d156b5f9ae4	32	7	1
bab6984f-34ef-4f58-9af8-4d156b5f9ae4	32	8	4
bab6984f-34ef-4f58-9af8-4d156b5f9ae4	32	9	2
bab6984f-34ef-4f58-9af8-4d156b5f9ae4	33	0	2
bab6984f-34ef-4f58-9af8-4d156b5f9ae4	33	1	2
bab6984f-34ef-4f58-9af8-4d156b5f9ae4	33	2	2
bab6984f-34ef-4f58-9af8-4d156b5f9ae4	33	3	2
bab6984f-34ef-4f58-9af8-4d156b5f9ae4	33	4	2
bab6984f-34ef-4f58-9af8-4d156b5f9ae4	33	5	2
bab6984f-34ef-4f58-9af8-4d156b5f9ae4	33	7	3
bab6984f-34ef-4f58-9af8-4d156b5f9ae4	33	8	2
bab6984f-34ef-4f58-9af8-4d156b5f9ae4	33	9	2
bab6984f-34ef-4f58-9af8-4d156b5f9ae4	34	0	3
bab6984f-34ef-4f58-9af8-4d156b5f9ae4	34	1	2
bab6984f-34ef-4f58-9af8-4d156b5f9ae4	34	2	2
bab6984f-34ef-4f58-9af8-4d156b5f9ae4	34	3	2
bab6984f-34ef-4f58-9af8-4d156b5f9ae4	34	4	2
bab6984f-34ef-4f58-9af8-4d156b5f9ae4	34	5	2
bab6984f-34ef-4f58-9af8-4d156b5f9ae4	34	7	2
bab6984f-34ef-4f58-9af8-4d156b5f9ae4	34	8	1
bab6984f-34ef-4f58-9af8-4d156b5f9ae4	34	9	2
bab6984f-34ef-4f58-9af8-4d156b5f9ae4	35	0	1
bab6984f-34ef-4f58-9af8-4d156b5f9ae4	35	1	2
bab6984f-34ef-4f58-9af8-4d156b5f9ae4	35	2	2
bab6984f-34ef-4f58-9af8-4d156b5f9ae4	35	3	2
bab6984f-34ef-4f58-9af8-4d156b5f9ae4	35	4	2
bab6984f-34ef-4f58-9af8-4d156b5f9ae4	35	5	2
bab6984f-34ef-4f58-9af8-4d156b5f9ae4	35	6	2
bab6984f-34ef-4f58-9af8-4d156b5f9ae4	35	7	2
bab6984f-34ef-4f58-9af8-4d156b5f9ae4	35	8	2
bab6984f-34ef-4f58-9af8-4d156b5f9ae4	35	9	2
bab6984f-34ef-4f58-9af8-4d156b5f9ae4	36	0	3
bab6984f-34ef-4f58-9af8-4d156b5f9ae4	36	1	2
bab6984f-34ef-4f58-9af8-4d156b5f9ae4	36	2	2
bab6984f-34ef-4f58-9af8-4d156b5f9ae4	36	3	2
bab6984f-34ef-4f58-9af8-4d156b5f9ae4	36	4	2
bab6984f-34ef-4f58-9af8-4d156b5f9ae4	36	5	2
bab6984f-34ef-4f58-9af8-4d156b5f9ae4	36	6	1
bab6984f-34ef-4f58-9af8-4d156b5f9ae4	36	7	2
bab6984f-34ef-4f58-9af8-4d156b5f9ae4	36	8	1
bab6984f-34ef-4f58-9af8-4d156b5f9ae4	36	9	1
bab6984f-34ef-4f58-9af8-4d156b5f9ae4	37	0	2
bab6984f-34ef-4f58-9af8-4d156b5f9ae4	37	1	2
bab6984f-34ef-4f58-9af8-4d156b5f9ae4	37	2	2
bab6984f-34ef-4f58-9af8-4d156b5f9ae4	37	3	1
bab6984f-34ef-4f58-9af8-4d156b5f9ae4	37	4	2
bab6984f-34ef-4f58-9af8-4d156b5f9ae4	37	5	2
bab6984f-34ef-4f58-9af8-4d156b5f9ae4	37	6	3
bab6984f-34ef-4f58-9af8-4d156b5f9ae4	37	7	2
bab6984f-34ef-4f58-9af8-4d156b5f9ae4	37	8	3
bab6984f-34ef-4f58-9af8-4d156b5f9ae4	37	9	2
bab6984f-34ef-4f58-9af8-4d156b5f9ae4	38	0	2
bab6984f-34ef-4f58-9af8-4d156b5f9ae4	38	1	2
bab6984f-34ef-4f58-9af8-4d156b5f9ae4	38	2	2
bab6984f-34ef-4f58-9af8-4d156b5f9ae4	38	3	2
bab6984f-34ef-4f58-9af8-4d156b5f9ae4	38	4	2
bab6984f-34ef-4f58-9af8-4d156b5f9ae4	38	5	2
bab6984f-34ef-4f58-9af8-4d156b5f9ae4	38	6	2
bab6984f-34ef-4f58-9af8-4d156b5f9ae4	38	7	2
bab6984f-34ef-4f58-9af8-4d156b5f9ae4	38	8	2
bab6984f-34ef-4f58-9af8-4d156b5f9ae4	38	9	2
bab6984f-34ef-4f58-9af8-4d156b5f9ae4	39	0	2
bab6984f-34ef-4f58-9af8-4d156b5f9ae4	39	1	2
bab6984f-34ef-4f58-9af8-4d156b5f9ae4	39	2	2
bab6984f-34ef-4f58-9af8-4d156b5f9ae4	39	3	2
bab6984f-34ef-4f58-9af8-4d156b5f9ae4	39	4	2
bab6984f-34ef-4f58-9af8-4d156b5f9ae4	39	5	2
bab6984f-34ef-4f58-9af8-4d156b5f9ae4	39	6	2
bab6984f-34ef-4f58-9af8-4d156b5f9ae4	39	7	2
bab6984f-34ef-4f58-9af8-4d156b5f9ae4	39	8	2
bab6984f-34ef-4f58-9af8-4d156b5f9ae4	39	9	2
bab6984f-34ef-4f58-9af8-4d156b5f9ae4	40	0	2
bab6984f-34ef-4f58-9af8-4d156b5f9ae4	40	1	2
bab6984f-34ef-4f58-9af8-4d156b5f9ae4	40	2	1
bab6984f-34ef-4f58-9af8-4d156b5f9ae4	40	3	2
bab6984f-34ef-4f58-9af8-4d156b5f9ae4	40	4	2
bab6984f-34ef-4f58-9af8-4d156b5f9ae4	40	5	2
bab6984f-34ef-4f58-9af8-4d156b5f9ae4	40	6	2
bab6984f-34ef-4f58-9af8-4d156b5f9ae4	40	7	2
bab6984f-34ef-4f58-9af8-4d156b5f9ae4	40	8	0
bab6984f-34ef-4f58-9af8-4d156b5f9ae4	40	9	2
bab6984f-34ef-4f58-9af8-4d156b5f9ae4	41	0	2
bab6984f-34ef-4f58-9af8-4d156b5f9ae4	41	1	2
bab6984f-34ef-4f58-9af8-4d156b5f9ae4	41	2	3
bab6984f-34ef-4f58-9af8-4d156b5f9ae4	41	3	2
bab6984f-34ef-4f58-9af8-4d156b5f9ae4	41	4	2
bab6984f-34ef-4f58-9af8-4d156b5f9ae4	41	5	1
bab6984f-34ef-4f58-9af8-4d156b5f9ae4	41	6	2
bab6984f-34ef-4f58-9af8-4d156b5f9ae4	41	7	2
bab6984f-34ef-4f58-9af8-4d156b5f9ae4	41	8	0
bab6984f-34ef-4f58-9af8-4d156b5f9ae4	41	9	2
bab6984f-34ef-4f58-9af8-4d156b5f9ae4	42	0	2
bab6984f-34ef-4f58-9af8-4d156b5f9ae4	42	1	2
bab6984f-34ef-4f58-9af8-4d156b5f9ae4	42	2	2
bab6984f-34ef-4f58-9af8-4d156b5f9ae4	42	3	2
bab6984f-34ef-4f58-9af8-4d156b5f9ae4	42	4	1
bab6984f-34ef-4f58-9af8-4d156b5f9ae4	42	5	3
bab6984f-34ef-4f58-9af8-4d156b5f9ae4	42	6	2
bab6984f-34ef-4f58-9af8-4d156b5f9ae4	42	7	2
bab6984f-34ef-4f58-9af8-4d156b5f9ae4	42	8	0
bab6984f-34ef-4f58-9af8-4d156b5f9ae4	42	9	2
bab6984f-34ef-4f58-9af8-4d156b5f9ae4	43	0	2
bab6984f-34ef-4f58-9af8-4d156b5f9ae4	43	1	2
bab6984f-34ef-4f58-9af8-4d156b5f9ae4	43	2	2
bab6984f-34ef-4f58-9af8-4d156b5f9ae4	43	3	2
bab6984f-34ef-4f58-9af8-4d156b5f9ae4	43	4	2
bab6984f-34ef-4f58-9af8-4d156b5f9ae4	43	5	2
bab6984f-34ef-4f58-9af8-4d156b5f9ae4	43	6	2
bab6984f-34ef-4f58-9af8-4d156b5f9ae4	43	7	2
bab6984f-34ef-4f58-9af8-4d156b5f9ae4	43	8	0
bab6984f-34ef-4f58-9af8-4d156b5f9ae4	43	9	2
bab6984f-34ef-4f58-9af8-4d156b5f9ae4	44	0	2
bab6984f-34ef-4f58-9af8-4d156b5f9ae4	44	1	2
bab6984f-34ef-4f58-9af8-4d156b5f9ae4	44	2	2
bab6984f-34ef-4f58-9af8-4d156b5f9ae4	44	3	2
bab6984f-34ef-4f58-9af8-4d156b5f9ae4	44	4	2
bab6984f-34ef-4f58-9af8-4d156b5f9ae4	44	5	2
bab6984f-34ef-4f58-9af8-4d156b5f9ae4	44	6	2
bab6984f-34ef-4f58-9af8-4d156b5f9ae4	44	7	2
bab6984f-34ef-4f58-9af8-4d156b5f9ae4	44	8	0
bab6984f-34ef-4f58-9af8-4d156b5f9ae4	44	9	2
bab6984f-34ef-4f58-9af8-4d156b5f9ae4	45	0	2
bab6984f-34ef-4f58-9af8-4d156b5f9ae4	45	1	3
bab6984f-34ef-4f58-9af8-4d156b5f9ae4	45	2	2
bab6984f-34ef-4f58-9af8-4d156b5f9ae4	45	3	2
bab6984f-34ef-4f58-9af8-4d156b5f9ae4	45	4	2
bab6984f-34ef-4f58-9af8-4d156b5f9ae4	45	5	2
bab6984f-34ef-4f58-9af8-4d156b5f9ae4	45	6	2
bab6984f-34ef-4f58-9af8-4d156b5f9ae4	45	7	2
bab6984f-34ef-4f58-9af8-4d156b5f9ae4	45	8	0
bab6984f-34ef-4f58-9af8-4d156b5f9ae4	45	9	2
bab6984f-34ef-4f58-9af8-4d156b5f9ae4	46	0	2
bab6984f-34ef-4f58-9af8-4d156b5f9ae4	46	1	2
bab6984f-34ef-4f58-9af8-4d156b5f9ae4	46	2	2
bab6984f-34ef-4f58-9af8-4d156b5f9ae4	46	3	2
bab6984f-34ef-4f58-9af8-4d156b5f9ae4	46	4	2
bab6984f-34ef-4f58-9af8-4d156b5f9ae4	46	5	2
bab6984f-34ef-4f58-9af8-4d156b5f9ae4	46	6	2
bab6984f-34ef-4f58-9af8-4d156b5f9ae4	46	7	1
bab6984f-34ef-4f58-9af8-4d156b5f9ae4	46	8	0
bab6984f-34ef-4f58-9af8-4d156b5f9ae4	46	9	2
bab6984f-34ef-4f58-9af8-4d156b5f9ae4	47	0	2
bab6984f-34ef-4f58-9af8-4d156b5f9ae4	47	1	2
bab6984f-34ef-4f58-9af8-4d156b5f9ae4	47	2	2
bab6984f-34ef-4f58-9af8-4d156b5f9ae4	47	3	2
bab6984f-34ef-4f58-9af8-4d156b5f9ae4	47	4	1
bab6984f-34ef-4f58-9af8-4d156b5f9ae4	47	5	2
bab6984f-34ef-4f58-9af8-4d156b5f9ae4	47	6	2
bab6984f-34ef-4f58-9af8-4d156b5f9ae4	47	7	3
bab6984f-34ef-4f58-9af8-4d156b5f9ae4	47	8	0
bab6984f-34ef-4f58-9af8-4d156b5f9ae4	47	9	2
bab6984f-34ef-4f58-9af8-4d156b5f9ae4	48	0	2
bab6984f-34ef-4f58-9af8-4d156b5f9ae4	48	1	2
bab6984f-34ef-4f58-9af8-4d156b5f9ae4	48	2	2
bab6984f-34ef-4f58-9af8-4d156b5f9ae4	48	3	2
bab6984f-34ef-4f58-9af8-4d156b5f9ae4	48	4	3
bab6984f-34ef-4f58-9af8-4d156b5f9ae4	48	5	2
bab6984f-34ef-4f58-9af8-4d156b5f9ae4	48	6	2
bab6984f-34ef-4f58-9af8-4d156b5f9ae4	48	7	2
bab6984f-34ef-4f58-9af8-4d156b5f9ae4	48	8	0
bab6984f-34ef-4f58-9af8-4d156b5f9ae4	48	9	2
bab6984f-34ef-4f58-9af8-4d156b5f9ae4	49	0	1
bab6984f-34ef-4f58-9af8-4d156b5f9ae4	49	1	2
bab6984f-34ef-4f58-9af8-4d156b5f9ae4	49	2	2
bab6984f-34ef-4f58-9af8-4d156b5f9ae4	49	3	2
bab6984f-34ef-4f58-9af8-4d156b5f9ae4	49	4	2
bab6984f-34ef-4f58-9af8-4d156b5f9ae4	49	5	2
bab6984f-34ef-4f58-9af8-4d156b5f9ae4	49	6	2
bab6984f-34ef-4f58-9af8-4d156b5f9ae4	49	7	2
bab6984f-34ef-4f58-9af8-4d156b5f9ae4	49	8	0
bab6984f-34ef-4f58-9af8-4d156b5f9ae4	49	9	2
bab6984f-34ef-4f58-9af8-4d156b5f9ae4	50	0	3
bab6984f-34ef-4f58-9af8-4d156b5f9ae4	50	1	0
bab6984f-34ef-4f58-9af8-4d156b5f9ae4	50	2	2
bab6984f-34ef-4f58-9af8-4d156b5f9ae4	50	3	2
bab6984f-34ef-4f58-9af8-4d156b5f9ae4	50	4	2
bab6984f-34ef-4f58-9af8-4d156b5f9ae4	50	5	2
bab6984f-34ef-4f58-9af8-4d156b5f9ae4	50	6	3
bab6984f-34ef-4f58-9af8-4d156b5f9ae4	50	7	2
bab6984f-34ef-4f58-9af8-4d156b5f9ae4	50	8	0
bab6984f-34ef-4f58-9af8-4d156b5f9ae4	50	9	2
bab6984f-34ef-4f58-9af8-4d156b5f9ae4	51	0	2
bab6984f-34ef-4f58-9af8-4d156b5f9ae4	51	1	0
bab6984f-34ef-4f58-9af8-4d156b5f9ae4	51	2	3
bab6984f-34ef-4f58-9af8-4d156b5f9ae4	51	3	2
bab6984f-34ef-4f58-9af8-4d156b5f9ae4	51	4	0
bab6984f-34ef-4f58-9af8-4d156b5f9ae4	51	5	2
bab6984f-34ef-4f58-9af8-4d156b5f9ae4	51	6	2
bab6984f-34ef-4f58-9af8-4d156b5f9ae4	51	7	2
bab6984f-34ef-4f58-9af8-4d156b5f9ae4	51	8	0
bab6984f-34ef-4f58-9af8-4d156b5f9ae4	51	9	2
bab6984f-34ef-4f58-9af8-4d156b5f9ae4	52	0	2
bab6984f-34ef-4f58-9af8-4d156b5f9ae4	52	1	0
bab6984f-34ef-4f58-9af8-4d156b5f9ae4	52	2	2
bab6984f-34ef-4f58-9af8-4d156b5f9ae4	52	3	2
bab6984f-34ef-4f58-9af8-4d156b5f9ae4	52	4	0
bab6984f-34ef-4f58-9af8-4d156b5f9ae4	52	5	3
bab6984f-34ef-4f58-9af8-4d156b5f9ae4	52	6	1
bab6984f-34ef-4f58-9af8-4d156b5f9ae4	52	7	2
bab6984f-34ef-4f58-9af8-4d156b5f9ae4	52	8	0
bab6984f-34ef-4f58-9af8-4d156b5f9ae4	52	9	2
bab6984f-34ef-4f58-9af8-4d156b5f9ae4	53	0	2
bab6984f-34ef-4f58-9af8-4d156b5f9ae4	53	1	0
bab6984f-34ef-4f58-9af8-4d156b5f9ae4	53	2	2
bab6984f-34ef-4f58-9af8-4d156b5f9ae4	53	3	2
bab6984f-34ef-4f58-9af8-4d156b5f9ae4	53	4	0
bab6984f-34ef-4f58-9af8-4d156b5f9ae4	53	5	2
bab6984f-34ef-4f58-9af8-4d156b5f9ae4	53	6	2
bab6984f-34ef-4f58-9af8-4d156b5f9ae4	53	7	2
bab6984f-34ef-4f58-9af8-4d156b5f9ae4	53	8	0
bab6984f-34ef-4f58-9af8-4d156b5f9ae4	53	9	3
bab6984f-34ef-4f58-9af8-4d156b5f9ae4	54	0	2
bab6984f-34ef-4f58-9af8-4d156b5f9ae4	54	1	0
bab6984f-34ef-4f58-9af8-4d156b5f9ae4	54	2	2
bab6984f-34ef-4f58-9af8-4d156b5f9ae4	54	3	2
bab6984f-34ef-4f58-9af8-4d156b5f9ae4	54	4	0
bab6984f-34ef-4f58-9af8-4d156b5f9ae4	54	5	2
bab6984f-34ef-4f58-9af8-4d156b5f9ae4	54	6	2
bab6984f-34ef-4f58-9af8-4d156b5f9ae4	54	7	2
bab6984f-34ef-4f58-9af8-4d156b5f9ae4	54	8	0
bab6984f-34ef-4f58-9af8-4d156b5f9ae4	54	9	2
bab6984f-34ef-4f58-9af8-4d156b5f9ae4	55	0	2
bab6984f-34ef-4f58-9af8-4d156b5f9ae4	55	1	0
bab6984f-34ef-4f58-9af8-4d156b5f9ae4	55	2	2
bab6984f-34ef-4f58-9af8-4d156b5f9ae4	55	3	2
bab6984f-34ef-4f58-9af8-4d156b5f9ae4	55	4	0
bab6984f-34ef-4f58-9af8-4d156b5f9ae4	55	5	2
bab6984f-34ef-4f58-9af8-4d156b5f9ae4	55	6	2
bab6984f-34ef-4f58-9af8-4d156b5f9ae4	55	7	2
bab6984f-34ef-4f58-9af8-4d156b5f9ae4	55	8	0
bab6984f-34ef-4f58-9af8-4d156b5f9ae4	55	9	2
bab6984f-34ef-4f58-9af8-4d156b5f9ae4	56	0	2
bab6984f-34ef-4f58-9af8-4d156b5f9ae4	56	1	0
bab6984f-34ef-4f58-9af8-4d156b5f9ae4	56	2	2
bab6984f-34ef-4f58-9af8-4d156b5f9ae4	56	3	0
bab6984f-34ef-4f58-9af8-4d156b5f9ae4	56	4	0
bab6984f-34ef-4f58-9af8-4d156b5f9ae4	56	5	2
bab6984f-34ef-4f58-9af8-4d156b5f9ae4	56	6	2
bab6984f-34ef-4f58-9af8-4d156b5f9ae4	56	7	2
bab6984f-34ef-4f58-9af8-4d156b5f9ae4	56	8	0
bab6984f-34ef-4f58-9af8-4d156b5f9ae4	56	9	2
bab6984f-34ef-4f58-9af8-4d156b5f9ae4	57	0	2
bab6984f-34ef-4f58-9af8-4d156b5f9ae4	57	1	0
bab6984f-34ef-4f58-9af8-4d156b5f9ae4	57	2	3
bab6984f-34ef-4f58-9af8-4d156b5f9ae4	57	3	0
bab6984f-34ef-4f58-9af8-4d156b5f9ae4	57	4	0
bab6984f-34ef-4f58-9af8-4d156b5f9ae4	57	5	2
bab6984f-34ef-4f58-9af8-4d156b5f9ae4	57	6	1
bab6984f-34ef-4f58-9af8-4d156b5f9ae4	57	7	3
bab6984f-34ef-4f58-9af8-4d156b5f9ae4	57	8	0
bab6984f-34ef-4f58-9af8-4d156b5f9ae4	57	9	2
bab6984f-34ef-4f58-9af8-4d156b5f9ae4	58	0	2
bab6984f-34ef-4f58-9af8-4d156b5f9ae4	58	1	0
bab6984f-34ef-4f58-9af8-4d156b5f9ae4	58	2	2
bab6984f-34ef-4f58-9af8-4d156b5f9ae4	58	3	0
bab6984f-34ef-4f58-9af8-4d156b5f9ae4	58	4	0
bab6984f-34ef-4f58-9af8-4d156b5f9ae4	58	5	3
bab6984f-34ef-4f58-9af8-4d156b5f9ae4	58	6	2
bab6984f-34ef-4f58-9af8-4d156b5f9ae4	58	7	2
bab6984f-34ef-4f58-9af8-4d156b5f9ae4	58	8	0
bab6984f-34ef-4f58-9af8-4d156b5f9ae4	58	9	3
bab6984f-34ef-4f58-9af8-4d156b5f9ae4	59	0	2
bab6984f-34ef-4f58-9af8-4d156b5f9ae4	59	1	0
bab6984f-34ef-4f58-9af8-4d156b5f9ae4	59	2	2
bab6984f-34ef-4f58-9af8-4d156b5f9ae4	59	3	0
bab6984f-34ef-4f58-9af8-4d156b5f9ae4	59	4	0
bab6984f-34ef-4f58-9af8-4d156b5f9ae4	59	5	2
bab6984f-34ef-4f58-9af8-4d156b5f9ae4	59	6	1
bab6984f-34ef-4f58-9af8-4d156b5f9ae4	59	7	2
bab6984f-34ef-4f58-9af8-4d156b5f9ae4	59	8	0
bab6984f-34ef-4f58-9af8-4d156b5f9ae4	59	9	1
bab6984f-34ef-4f58-9af8-4d156b5f9ae4	60	0	3
bab6984f-34ef-4f58-9af8-4d156b5f9ae4	60	1	0
bab6984f-34ef-4f58-9af8-4d156b5f9ae4	60	2	2
bab6984f-34ef-4f58-9af8-4d156b5f9ae4	60	3	0
bab6984f-34ef-4f58-9af8-4d156b5f9ae4	60	4	0
bab6984f-34ef-4f58-9af8-4d156b5f9ae4	60	5	2
bab6984f-34ef-4f58-9af8-4d156b5f9ae4	60	6	3
bab6984f-34ef-4f58-9af8-4d156b5f9ae4	60	7	2
bab6984f-34ef-4f58-9af8-4d156b5f9ae4	60	8	0
bab6984f-34ef-4f58-9af8-4d156b5f9ae4	60	9	0
bab6984f-34ef-4f58-9af8-4d156b5f9ae4	61	0	2
bab6984f-34ef-4f58-9af8-4d156b5f9ae4	61	1	0
bab6984f-34ef-4f58-9af8-4d156b5f9ae4	61	2	1
bab6984f-34ef-4f58-9af8-4d156b5f9ae4	61	3	0
bab6984f-34ef-4f58-9af8-4d156b5f9ae4	61	4	0
bab6984f-34ef-4f58-9af8-4d156b5f9ae4	61	5	2
bab6984f-34ef-4f58-9af8-4d156b5f9ae4	61	6	2
bab6984f-34ef-4f58-9af8-4d156b5f9ae4	61	7	2
bab6984f-34ef-4f58-9af8-4d156b5f9ae4	61	8	0
bab6984f-34ef-4f58-9af8-4d156b5f9ae4	61	9	0
bab6984f-34ef-4f58-9af8-4d156b5f9ae4	62	0	2
bab6984f-34ef-4f58-9af8-4d156b5f9ae4	62	1	0
bab6984f-34ef-4f58-9af8-4d156b5f9ae4	62	2	3
bab6984f-34ef-4f58-9af8-4d156b5f9ae4	62	3	0
bab6984f-34ef-4f58-9af8-4d156b5f9ae4	62	4	0
bab6984f-34ef-4f58-9af8-4d156b5f9ae4	62	5	1
bab6984f-34ef-4f58-9af8-4d156b5f9ae4	62	6	2
bab6984f-34ef-4f58-9af8-4d156b5f9ae4	62	7	3
bab6984f-34ef-4f58-9af8-4d156b5f9ae4	62	8	0
bab6984f-34ef-4f58-9af8-4d156b5f9ae4	62	9	0
bab6984f-34ef-4f58-9af8-4d156b5f9ae4	63	0	2
bab6984f-34ef-4f58-9af8-4d156b5f9ae4	63	1	0
bab6984f-34ef-4f58-9af8-4d156b5f9ae4	63	2	0
bab6984f-34ef-4f58-9af8-4d156b5f9ae4	63	3	0
bab6984f-34ef-4f58-9af8-4d156b5f9ae4	63	4	0
bab6984f-34ef-4f58-9af8-4d156b5f9ae4	63	5	3
bab6984f-34ef-4f58-9af8-4d156b5f9ae4	63	6	0
bab6984f-34ef-4f58-9af8-4d156b5f9ae4	63	7	2
bab6984f-34ef-4f58-9af8-4d156b5f9ae4	63	8	0
bab6984f-34ef-4f58-9af8-4d156b5f9ae4	63	9	0
bab6984f-34ef-4f58-9af8-4d156b5f9ae4	64	0	2
bab6984f-34ef-4f58-9af8-4d156b5f9ae4	64	1	0
bab6984f-34ef-4f58-9af8-4d156b5f9ae4	64	2	0
bab6984f-34ef-4f58-9af8-4d156b5f9ae4	64	3	0
bab6984f-34ef-4f58-9af8-4d156b5f9ae4	64	4	0
bab6984f-34ef-4f58-9af8-4d156b5f9ae4	64	5	0
bab6984f-34ef-4f58-9af8-4d156b5f9ae4	64	6	0
bab6984f-34ef-4f58-9af8-4d156b5f9ae4	64	7	2
bab6984f-34ef-4f58-9af8-4d156b5f9ae4	64	8	0
bab6984f-34ef-4f58-9af8-4d156b5f9ae4	64	9	0
bab6984f-34ef-4f58-9af8-4d156b5f9ae4	65	0	2
bab6984f-34ef-4f58-9af8-4d156b5f9ae4	65	1	0
bab6984f-34ef-4f58-9af8-4d156b5f9ae4	65	2	0
bab6984f-34ef-4f58-9af8-4d156b5f9ae4	65	3	0
bab6984f-34ef-4f58-9af8-4d156b5f9ae4	65	4	0
bab6984f-34ef-4f58-9af8-4d156b5f9ae4	65	5	0
bab6984f-34ef-4f58-9af8-4d156b5f9ae4	65	6	0
bab6984f-34ef-4f58-9af8-4d156b5f9ae4	65	7	2
bab6984f-34ef-4f58-9af8-4d156b5f9ae4	65	8	0
bab6984f-34ef-4f58-9af8-4d156b5f9ae4	65	9	0
bab6984f-34ef-4f58-9af8-4d156b5f9ae4	66	0	3
bab6984f-34ef-4f58-9af8-4d156b5f9ae4	66	1	0
bab6984f-34ef-4f58-9af8-4d156b5f9ae4	66	2	0
bab6984f-34ef-4f58-9af8-4d156b5f9ae4	66	3	0
bab6984f-34ef-4f58-9af8-4d156b5f9ae4	66	4	0
bab6984f-34ef-4f58-9af8-4d156b5f9ae4	66	5	0
bab6984f-34ef-4f58-9af8-4d156b5f9ae4	66	6	0
bab6984f-34ef-4f58-9af8-4d156b5f9ae4	66	7	2
bab6984f-34ef-4f58-9af8-4d156b5f9ae4	66	8	0
bab6984f-34ef-4f58-9af8-4d156b5f9ae4	66	9	0
bab6984f-34ef-4f58-9af8-4d156b5f9ae4	67	0	2
bab6984f-34ef-4f58-9af8-4d156b5f9ae4	67	1	0
bab6984f-34ef-4f58-9af8-4d156b5f9ae4	67	2	0
bab6984f-34ef-4f58-9af8-4d156b5f9ae4	67	3	0
bab6984f-34ef-4f58-9af8-4d156b5f9ae4	67	4	0
bab6984f-34ef-4f58-9af8-4d156b5f9ae4	67	5	0
bab6984f-34ef-4f58-9af8-4d156b5f9ae4	67	6	0
bab6984f-34ef-4f58-9af8-4d156b5f9ae4	67	7	0
bab6984f-34ef-4f58-9af8-4d156b5f9ae4	67	8	0
bab6984f-34ef-4f58-9af8-4d156b5f9ae4	67	9	0
bab6984f-34ef-4f58-9af8-4d156b5f9ae4	68	0	2
bab6984f-34ef-4f58-9af8-4d156b5f9ae4	68	1	0
bab6984f-34ef-4f58-9af8-4d156b5f9ae4	68	2	0
bab6984f-34ef-4f58-9af8-4d156b5f9ae4	68	3	0
bab6984f-34ef-4f58-9af8-4d156b5f9ae4	68	4	0
bab6984f-34ef-4f58-9af8-4d156b5f9ae4	68	5	0
bab6984f-34ef-4f58-9af8-4d156b5f9ae4	68	6	0
bab6984f-34ef-4f58-9af8-4d156b5f9ae4	68	7	0
bab6984f-34ef-4f58-9af8-4d156b5f9ae4	68	8	0
bab6984f-34ef-4f58-9af8-4d156b5f9ae4	68	9	0
bab6984f-34ef-4f58-9af8-4d156b5f9ae4	69	0	2
bab6984f-34ef-4f58-9af8-4d156b5f9ae4	69	1	0
bab6984f-34ef-4f58-9af8-4d156b5f9ae4	69	2	0
bab6984f-34ef-4f58-9af8-4d156b5f9ae4	69	3	0
bab6984f-34ef-4f58-9af8-4d156b5f9ae4	69	4	0
bab6984f-34ef-4f58-9af8-4d156b5f9ae4	69	5	0
bab6984f-34ef-4f58-9af8-4d156b5f9ae4	69	6	0
bab6984f-34ef-4f58-9af8-4d156b5f9ae4	69	7	0
bab6984f-34ef-4f58-9af8-4d156b5f9ae4	69	8	0
bab6984f-34ef-4f58-9af8-4d156b5f9ae4	69	9	0
bab6984f-34ef-4f58-9af8-4d156b5f9ae4	70	0	1
bab6984f-34ef-4f58-9af8-4d156b5f9ae4	70	1	0
bab6984f-34ef-4f58-9af8-4d156b5f9ae4	70	2	0
bab6984f-34ef-4f58-9af8-4d156b5f9ae4	70	3	0
bab6984f-34ef-4f58-9af8-4d156b5f9ae4	70	4	0
bab6984f-34ef-4f58-9af8-4d156b5f9ae4	70	5	0
bab6984f-34ef-4f58-9af8-4d156b5f9ae4	70	6	0
bab6984f-34ef-4f58-9af8-4d156b5f9ae4	70	7	0
bab6984f-34ef-4f58-9af8-4d156b5f9ae4	70	8	0
bab6984f-34ef-4f58-9af8-4d156b5f9ae4	70	9	0
bab6984f-34ef-4f58-9af8-4d156b5f9ae4	71	0	3
bab6984f-34ef-4f58-9af8-4d156b5f9ae4	71	1	0
bab6984f-34ef-4f58-9af8-4d156b5f9ae4	71	2	0
bab6984f-34ef-4f58-9af8-4d156b5f9ae4	71	3	0
bab6984f-34ef-4f58-9af8-4d156b5f9ae4	71	4	0
bab6984f-34ef-4f58-9af8-4d156b5f9ae4	71	5	0
bab6984f-34ef-4f58-9af8-4d156b5f9ae4	71	6	0
bab6984f-34ef-4f58-9af8-4d156b5f9ae4	71	7	0
bab6984f-34ef-4f58-9af8-4d156b5f9ae4	71	8	0
bab6984f-34ef-4f58-9af8-4d156b5f9ae4	71	9	0
5fe46151-9ff0-4598-b377-a8deafb48da6	2	1	2
5fe46151-9ff0-4598-b377-a8deafb48da6	2	9	2
5fe46151-9ff0-4598-b377-a8deafb48da6	3	1	2
5fe46151-9ff0-4598-b377-a8deafb48da6	3	2	2
5fe46151-9ff0-4598-b377-a8deafb48da6	3	9	2
5fe46151-9ff0-4598-b377-a8deafb48da6	4	1	2
5fe46151-9ff0-4598-b377-a8deafb48da6	4	2	2
5fe46151-9ff0-4598-b377-a8deafb48da6	4	9	2
5fe46151-9ff0-4598-b377-a8deafb48da6	5	1	2
5fe46151-9ff0-4598-b377-a8deafb48da6	5	2	2
5fe46151-9ff0-4598-b377-a8deafb48da6	5	9	2
5fe46151-9ff0-4598-b377-a8deafb48da6	6	1	2
5fe46151-9ff0-4598-b377-a8deafb48da6	6	2	2
5fe46151-9ff0-4598-b377-a8deafb48da6	6	7	2
5fe46151-9ff0-4598-b377-a8deafb48da6	6	9	2
5fe46151-9ff0-4598-b377-a8deafb48da6	7	1	3
5fe46151-9ff0-4598-b377-a8deafb48da6	7	2	2
5fe46151-9ff0-4598-b377-a8deafb48da6	7	7	2
5fe46151-9ff0-4598-b377-a8deafb48da6	7	8	2
5fe46151-9ff0-4598-b377-a8deafb48da6	7	9	2
5fe46151-9ff0-4598-b377-a8deafb48da6	8	0	2
5fe46151-9ff0-4598-b377-a8deafb48da6	8	1	2
5fe46151-9ff0-4598-b377-a8deafb48da6	8	2	2
5fe46151-9ff0-4598-b377-a8deafb48da6	8	7	2
5fe46151-9ff0-4598-b377-a8deafb48da6	8	8	2
5fe46151-9ff0-4598-b377-a8deafb48da6	8	9	2
5fe46151-9ff0-4598-b377-a8deafb48da6	9	0	2
5fe46151-9ff0-4598-b377-a8deafb48da6	9	1	2
5fe46151-9ff0-4598-b377-a8deafb48da6	9	2	2
5fe46151-9ff0-4598-b377-a8deafb48da6	9	7	2
5fe46151-9ff0-4598-b377-a8deafb48da6	9	8	2
5fe46151-9ff0-4598-b377-a8deafb48da6	9	9	1
5fe46151-9ff0-4598-b377-a8deafb48da6	10	0	3
5fe46151-9ff0-4598-b377-a8deafb48da6	10	1	2
5fe46151-9ff0-4598-b377-a8deafb48da6	10	2	2
5fe46151-9ff0-4598-b377-a8deafb48da6	10	7	2
5fe46151-9ff0-4598-b377-a8deafb48da6	10	8	2
5fe46151-9ff0-4598-b377-a8deafb48da6	10	9	2
5fe46151-9ff0-4598-b377-a8deafb48da6	11	0	1
5fe46151-9ff0-4598-b377-a8deafb48da6	11	1	2
5fe46151-9ff0-4598-b377-a8deafb48da6	11	2	2
5fe46151-9ff0-4598-b377-a8deafb48da6	11	7	3
5fe46151-9ff0-4598-b377-a8deafb48da6	11	8	2
5fe46151-9ff0-4598-b377-a8deafb48da6	11	9	3
5fe46151-9ff0-4598-b377-a8deafb48da6	12	0	2
5fe46151-9ff0-4598-b377-a8deafb48da6	12	1	2
5fe46151-9ff0-4598-b377-a8deafb48da6	12	2	2
5fe46151-9ff0-4598-b377-a8deafb48da6	12	7	2
5fe46151-9ff0-4598-b377-a8deafb48da6	12	8	2
5fe46151-9ff0-4598-b377-a8deafb48da6	12	9	2
5fe46151-9ff0-4598-b377-a8deafb48da6	13	0	2
5fe46151-9ff0-4598-b377-a8deafb48da6	13	1	3
5fe46151-9ff0-4598-b377-a8deafb48da6	13	2	4
5fe46151-9ff0-4598-b377-a8deafb48da6	13	7	2
5fe46151-9ff0-4598-b377-a8deafb48da6	13	8	2
5fe46151-9ff0-4598-b377-a8deafb48da6	13	9	1
5fe46151-9ff0-4598-b377-a8deafb48da6	14	0	2
5fe46151-9ff0-4598-b377-a8deafb48da6	14	1	2
5fe46151-9ff0-4598-b377-a8deafb48da6	14	2	2
5fe46151-9ff0-4598-b377-a8deafb48da6	14	7	2
5fe46151-9ff0-4598-b377-a8deafb48da6	14	8	2
5fe46151-9ff0-4598-b377-a8deafb48da6	14	9	3
5fe46151-9ff0-4598-b377-a8deafb48da6	15	0	1
5fe46151-9ff0-4598-b377-a8deafb48da6	15	1	2
5fe46151-9ff0-4598-b377-a8deafb48da6	15	2	1
5fe46151-9ff0-4598-b377-a8deafb48da6	15	7	3
5fe46151-9ff0-4598-b377-a8deafb48da6	15	8	3
5fe46151-9ff0-4598-b377-a8deafb48da6	15	9	2
5fe46151-9ff0-4598-b377-a8deafb48da6	16	0	2
5fe46151-9ff0-4598-b377-a8deafb48da6	16	1	2
5fe46151-9ff0-4598-b377-a8deafb48da6	16	2	2
5fe46151-9ff0-4598-b377-a8deafb48da6	16	7	2
5fe46151-9ff0-4598-b377-a8deafb48da6	16	8	2
5fe46151-9ff0-4598-b377-a8deafb48da6	16	9	2
5fe46151-9ff0-4598-b377-a8deafb48da6	17	0	3
5fe46151-9ff0-4598-b377-a8deafb48da6	17	1	2
5fe46151-9ff0-4598-b377-a8deafb48da6	17	2	2
5fe46151-9ff0-4598-b377-a8deafb48da6	17	7	2
5fe46151-9ff0-4598-b377-a8deafb48da6	17	8	2
5fe46151-9ff0-4598-b377-a8deafb48da6	17	9	0
5fe46151-9ff0-4598-b377-a8deafb48da6	18	0	1
5fe46151-9ff0-4598-b377-a8deafb48da6	18	1	2
5fe46151-9ff0-4598-b377-a8deafb48da6	18	2	2
5fe46151-9ff0-4598-b377-a8deafb48da6	18	7	2
5fe46151-9ff0-4598-b377-a8deafb48da6	18	8	2
5fe46151-9ff0-4598-b377-a8deafb48da6	18	9	0
5fe46151-9ff0-4598-b377-a8deafb48da6	19	0	3
5fe46151-9ff0-4598-b377-a8deafb48da6	19	1	2
5fe46151-9ff0-4598-b377-a8deafb48da6	19	2	2
5fe46151-9ff0-4598-b377-a8deafb48da6	19	6	2
5fe46151-9ff0-4598-b377-a8deafb48da6	19	7	2
5fe46151-9ff0-4598-b377-a8deafb48da6	19	8	2
5fe46151-9ff0-4598-b377-a8deafb48da6	19	9	0
5fe46151-9ff0-4598-b377-a8deafb48da6	20	0	2
5fe46151-9ff0-4598-b377-a8deafb48da6	20	1	2
5fe46151-9ff0-4598-b377-a8deafb48da6	20	2	2
5fe46151-9ff0-4598-b377-a8deafb48da6	20	6	2
5fe46151-9ff0-4598-b377-a8deafb48da6	20	7	2
5fe46151-9ff0-4598-b377-a8deafb48da6	20	8	2
5fe46151-9ff0-4598-b377-a8deafb48da6	20	9	0
5fe46151-9ff0-4598-b377-a8deafb48da6	21	0	2
5fe46151-9ff0-4598-b377-a8deafb48da6	21	1	2
5fe46151-9ff0-4598-b377-a8deafb48da6	21	2	2
5fe46151-9ff0-4598-b377-a8deafb48da6	21	6	2
5fe46151-9ff0-4598-b377-a8deafb48da6	21	7	2
5fe46151-9ff0-4598-b377-a8deafb48da6	21	8	2
5fe46151-9ff0-4598-b377-a8deafb48da6	21	9	0
5fe46151-9ff0-4598-b377-a8deafb48da6	22	0	2
5fe46151-9ff0-4598-b377-a8deafb48da6	22	1	2
5fe46151-9ff0-4598-b377-a8deafb48da6	22	2	2
5fe46151-9ff0-4598-b377-a8deafb48da6	22	3	2
5fe46151-9ff0-4598-b377-a8deafb48da6	22	6	2
5fe46151-9ff0-4598-b377-a8deafb48da6	22	7	2
5fe46151-9ff0-4598-b377-a8deafb48da6	22	8	2
5fe46151-9ff0-4598-b377-a8deafb48da6	22	9	0
5fe46151-9ff0-4598-b377-a8deafb48da6	23	0	2
5fe46151-9ff0-4598-b377-a8deafb48da6	23	1	1
5fe46151-9ff0-4598-b377-a8deafb48da6	23	2	2
5fe46151-9ff0-4598-b377-a8deafb48da6	23	3	2
5fe46151-9ff0-4598-b377-a8deafb48da6	23	6	2
5fe46151-9ff0-4598-b377-a8deafb48da6	23	7	2
5fe46151-9ff0-4598-b377-a8deafb48da6	23	8	2
5fe46151-9ff0-4598-b377-a8deafb48da6	23	9	0
5fe46151-9ff0-4598-b377-a8deafb48da6	24	0	2
5fe46151-9ff0-4598-b377-a8deafb48da6	24	1	2
5fe46151-9ff0-4598-b377-a8deafb48da6	24	2	2
5fe46151-9ff0-4598-b377-a8deafb48da6	24	3	2
5fe46151-9ff0-4598-b377-a8deafb48da6	24	6	3
5fe46151-9ff0-4598-b377-a8deafb48da6	24	7	2
5fe46151-9ff0-4598-b377-a8deafb48da6	24	8	2
5fe46151-9ff0-4598-b377-a8deafb48da6	24	9	0
5fe46151-9ff0-4598-b377-a8deafb48da6	25	0	2
5fe46151-9ff0-4598-b377-a8deafb48da6	25	1	2
5fe46151-9ff0-4598-b377-a8deafb48da6	25	2	2
5fe46151-9ff0-4598-b377-a8deafb48da6	25	3	2
5fe46151-9ff0-4598-b377-a8deafb48da6	25	4	2
5fe46151-9ff0-4598-b377-a8deafb48da6	25	6	2
5fe46151-9ff0-4598-b377-a8deafb48da6	25	7	3
5fe46151-9ff0-4598-b377-a8deafb48da6	25	8	2
5fe46151-9ff0-4598-b377-a8deafb48da6	25	9	0
5fe46151-9ff0-4598-b377-a8deafb48da6	26	0	2
5fe46151-9ff0-4598-b377-a8deafb48da6	26	1	2
5fe46151-9ff0-4598-b377-a8deafb48da6	26	2	2
5fe46151-9ff0-4598-b377-a8deafb48da6	26	3	2
5fe46151-9ff0-4598-b377-a8deafb48da6	26	4	2
5fe46151-9ff0-4598-b377-a8deafb48da6	26	6	2
5fe46151-9ff0-4598-b377-a8deafb48da6	26	7	2
5fe46151-9ff0-4598-b377-a8deafb48da6	26	8	2
5fe46151-9ff0-4598-b377-a8deafb48da6	26	9	0
5fe46151-9ff0-4598-b377-a8deafb48da6	27	0	2
5fe46151-9ff0-4598-b377-a8deafb48da6	27	1	2
5fe46151-9ff0-4598-b377-a8deafb48da6	27	2	1
5fe46151-9ff0-4598-b377-a8deafb48da6	27	3	3
5fe46151-9ff0-4598-b377-a8deafb48da6	27	4	2
5fe46151-9ff0-4598-b377-a8deafb48da6	27	5	2
5fe46151-9ff0-4598-b377-a8deafb48da6	27	6	2
5fe46151-9ff0-4598-b377-a8deafb48da6	27	7	1
5fe46151-9ff0-4598-b377-a8deafb48da6	27	8	2
5fe46151-9ff0-4598-b377-a8deafb48da6	27	9	0
5fe46151-9ff0-4598-b377-a8deafb48da6	28	0	2
5fe46151-9ff0-4598-b377-a8deafb48da6	28	1	2
5fe46151-9ff0-4598-b377-a8deafb48da6	28	2	2
5fe46151-9ff0-4598-b377-a8deafb48da6	28	3	2
5fe46151-9ff0-4598-b377-a8deafb48da6	28	4	2
5fe46151-9ff0-4598-b377-a8deafb48da6	28	5	2
5fe46151-9ff0-4598-b377-a8deafb48da6	28	6	2
5fe46151-9ff0-4598-b377-a8deafb48da6	28	7	2
5fe46151-9ff0-4598-b377-a8deafb48da6	28	8	2
5fe46151-9ff0-4598-b377-a8deafb48da6	28	9	0
5fe46151-9ff0-4598-b377-a8deafb48da6	29	0	3
5fe46151-9ff0-4598-b377-a8deafb48da6	29	1	2
5fe46151-9ff0-4598-b377-a8deafb48da6	29	2	2
5fe46151-9ff0-4598-b377-a8deafb48da6	29	3	2
5fe46151-9ff0-4598-b377-a8deafb48da6	29	4	2
5fe46151-9ff0-4598-b377-a8deafb48da6	29	5	2
5fe46151-9ff0-4598-b377-a8deafb48da6	29	6	2
5fe46151-9ff0-4598-b377-a8deafb48da6	29	7	2
5fe46151-9ff0-4598-b377-a8deafb48da6	29	8	2
5fe46151-9ff0-4598-b377-a8deafb48da6	29	9	0
5fe46151-9ff0-4598-b377-a8deafb48da6	30	0	2
5fe46151-9ff0-4598-b377-a8deafb48da6	30	1	3
5fe46151-9ff0-4598-b377-a8deafb48da6	30	2	3
5fe46151-9ff0-4598-b377-a8deafb48da6	30	3	2
5fe46151-9ff0-4598-b377-a8deafb48da6	30	4	3
5fe46151-9ff0-4598-b377-a8deafb48da6	30	5	2
5fe46151-9ff0-4598-b377-a8deafb48da6	30	6	3
5fe46151-9ff0-4598-b377-a8deafb48da6	30	7	2
5fe46151-9ff0-4598-b377-a8deafb48da6	30	8	2
5fe46151-9ff0-4598-b377-a8deafb48da6	30	9	0
5fe46151-9ff0-4598-b377-a8deafb48da6	31	0	2
5fe46151-9ff0-4598-b377-a8deafb48da6	31	1	1
5fe46151-9ff0-4598-b377-a8deafb48da6	31	2	2
5fe46151-9ff0-4598-b377-a8deafb48da6	31	3	3
5fe46151-9ff0-4598-b377-a8deafb48da6	31	4	2
5fe46151-9ff0-4598-b377-a8deafb48da6	31	5	2
5fe46151-9ff0-4598-b377-a8deafb48da6	31	6	2
5fe46151-9ff0-4598-b377-a8deafb48da6	31	7	2
5fe46151-9ff0-4598-b377-a8deafb48da6	31	8	3
5fe46151-9ff0-4598-b377-a8deafb48da6	31	9	0
5fe46151-9ff0-4598-b377-a8deafb48da6	32	0	2
5fe46151-9ff0-4598-b377-a8deafb48da6	32	1	3
5fe46151-9ff0-4598-b377-a8deafb48da6	32	2	2
5fe46151-9ff0-4598-b377-a8deafb48da6	32	3	2
5fe46151-9ff0-4598-b377-a8deafb48da6	32	4	2
5fe46151-9ff0-4598-b377-a8deafb48da6	32	5	3
5fe46151-9ff0-4598-b377-a8deafb48da6	32	6	2
5fe46151-9ff0-4598-b377-a8deafb48da6	32	7	2
5fe46151-9ff0-4598-b377-a8deafb48da6	32	8	2
5fe46151-9ff0-4598-b377-a8deafb48da6	32	9	0
5fe46151-9ff0-4598-b377-a8deafb48da6	33	0	3
5fe46151-9ff0-4598-b377-a8deafb48da6	33	1	2
5fe46151-9ff0-4598-b377-a8deafb48da6	33	2	2
5fe46151-9ff0-4598-b377-a8deafb48da6	33	3	2
5fe46151-9ff0-4598-b377-a8deafb48da6	33	4	2
5fe46151-9ff0-4598-b377-a8deafb48da6	33	5	2
5fe46151-9ff0-4598-b377-a8deafb48da6	33	6	2
5fe46151-9ff0-4598-b377-a8deafb48da6	33	7	2
5fe46151-9ff0-4598-b377-a8deafb48da6	33	8	2
5fe46151-9ff0-4598-b377-a8deafb48da6	33	9	0
5fe46151-9ff0-4598-b377-a8deafb48da6	34	0	2
5fe46151-9ff0-4598-b377-a8deafb48da6	34	1	1
5fe46151-9ff0-4598-b377-a8deafb48da6	34	2	2
5fe46151-9ff0-4598-b377-a8deafb48da6	34	3	2
5fe46151-9ff0-4598-b377-a8deafb48da6	34	4	2
5fe46151-9ff0-4598-b377-a8deafb48da6	34	5	2
5fe46151-9ff0-4598-b377-a8deafb48da6	34	6	2
5fe46151-9ff0-4598-b377-a8deafb48da6	34	7	2
5fe46151-9ff0-4598-b377-a8deafb48da6	34	8	2
5fe46151-9ff0-4598-b377-a8deafb48da6	34	9	0
5fe46151-9ff0-4598-b377-a8deafb48da6	35	0	2
5fe46151-9ff0-4598-b377-a8deafb48da6	35	1	2
5fe46151-9ff0-4598-b377-a8deafb48da6	35	2	2
5fe46151-9ff0-4598-b377-a8deafb48da6	35	3	2
5fe46151-9ff0-4598-b377-a8deafb48da6	35	4	2
5fe46151-9ff0-4598-b377-a8deafb48da6	35	5	2
5fe46151-9ff0-4598-b377-a8deafb48da6	35	6	2
5fe46151-9ff0-4598-b377-a8deafb48da6	35	7	2
5fe46151-9ff0-4598-b377-a8deafb48da6	35	8	2
5fe46151-9ff0-4598-b377-a8deafb48da6	35	9	0
5fe46151-9ff0-4598-b377-a8deafb48da6	36	0	2
5fe46151-9ff0-4598-b377-a8deafb48da6	36	1	2
5fe46151-9ff0-4598-b377-a8deafb48da6	36	2	2
5fe46151-9ff0-4598-b377-a8deafb48da6	36	3	2
5fe46151-9ff0-4598-b377-a8deafb48da6	36	4	3
5fe46151-9ff0-4598-b377-a8deafb48da6	36	5	3
5fe46151-9ff0-4598-b377-a8deafb48da6	36	6	2
5fe46151-9ff0-4598-b377-a8deafb48da6	36	7	2
5fe46151-9ff0-4598-b377-a8deafb48da6	36	8	2
5fe46151-9ff0-4598-b377-a8deafb48da6	36	9	0
5fe46151-9ff0-4598-b377-a8deafb48da6	37	0	2
5fe46151-9ff0-4598-b377-a8deafb48da6	37	1	2
5fe46151-9ff0-4598-b377-a8deafb48da6	37	2	0
5fe46151-9ff0-4598-b377-a8deafb48da6	37	3	2
5fe46151-9ff0-4598-b377-a8deafb48da6	37	4	2
5fe46151-9ff0-4598-b377-a8deafb48da6	37	5	2
5fe46151-9ff0-4598-b377-a8deafb48da6	37	6	2
5fe46151-9ff0-4598-b377-a8deafb48da6	37	7	2
5fe46151-9ff0-4598-b377-a8deafb48da6	37	8	2
5fe46151-9ff0-4598-b377-a8deafb48da6	37	9	0
5fe46151-9ff0-4598-b377-a8deafb48da6	38	0	2
5fe46151-9ff0-4598-b377-a8deafb48da6	38	1	2
5fe46151-9ff0-4598-b377-a8deafb48da6	38	2	0
5fe46151-9ff0-4598-b377-a8deafb48da6	38	3	2
5fe46151-9ff0-4598-b377-a8deafb48da6	38	4	2
5fe46151-9ff0-4598-b377-a8deafb48da6	38	5	2
5fe46151-9ff0-4598-b377-a8deafb48da6	38	6	2
5fe46151-9ff0-4598-b377-a8deafb48da6	38	7	2
5fe46151-9ff0-4598-b377-a8deafb48da6	38	8	3
5fe46151-9ff0-4598-b377-a8deafb48da6	38	9	0
5fe46151-9ff0-4598-b377-a8deafb48da6	39	0	2
5fe46151-9ff0-4598-b377-a8deafb48da6	39	1	2
5fe46151-9ff0-4598-b377-a8deafb48da6	39	2	0
5fe46151-9ff0-4598-b377-a8deafb48da6	39	3	2
5fe46151-9ff0-4598-b377-a8deafb48da6	39	4	2
5fe46151-9ff0-4598-b377-a8deafb48da6	39	5	2
5fe46151-9ff0-4598-b377-a8deafb48da6	39	6	2
5fe46151-9ff0-4598-b377-a8deafb48da6	39	7	2
5fe46151-9ff0-4598-b377-a8deafb48da6	39	8	2
5fe46151-9ff0-4598-b377-a8deafb48da6	39	9	0
5fe46151-9ff0-4598-b377-a8deafb48da6	40	0	2
5fe46151-9ff0-4598-b377-a8deafb48da6	40	1	2
5fe46151-9ff0-4598-b377-a8deafb48da6	40	2	0
5fe46151-9ff0-4598-b377-a8deafb48da6	40	3	2
5fe46151-9ff0-4598-b377-a8deafb48da6	40	4	2
5fe46151-9ff0-4598-b377-a8deafb48da6	40	5	2
5fe46151-9ff0-4598-b377-a8deafb48da6	40	6	1
5fe46151-9ff0-4598-b377-a8deafb48da6	40	7	2
5fe46151-9ff0-4598-b377-a8deafb48da6	40	8	2
5fe46151-9ff0-4598-b377-a8deafb48da6	40	9	0
5fe46151-9ff0-4598-b377-a8deafb48da6	41	0	2
5fe46151-9ff0-4598-b377-a8deafb48da6	41	1	2
5fe46151-9ff0-4598-b377-a8deafb48da6	41	2	0
5fe46151-9ff0-4598-b377-a8deafb48da6	41	3	3
5fe46151-9ff0-4598-b377-a8deafb48da6	41	4	2
5fe46151-9ff0-4598-b377-a8deafb48da6	41	5	2
5fe46151-9ff0-4598-b377-a8deafb48da6	41	6	2
5fe46151-9ff0-4598-b377-a8deafb48da6	41	7	2
5fe46151-9ff0-4598-b377-a8deafb48da6	41	8	2
5fe46151-9ff0-4598-b377-a8deafb48da6	41	9	0
5fe46151-9ff0-4598-b377-a8deafb48da6	42	0	2
5fe46151-9ff0-4598-b377-a8deafb48da6	42	1	2
5fe46151-9ff0-4598-b377-a8deafb48da6	42	2	0
5fe46151-9ff0-4598-b377-a8deafb48da6	42	3	2
5fe46151-9ff0-4598-b377-a8deafb48da6	42	4	2
5fe46151-9ff0-4598-b377-a8deafb48da6	42	5	2
5fe46151-9ff0-4598-b377-a8deafb48da6	42	6	2
5fe46151-9ff0-4598-b377-a8deafb48da6	42	7	3
5fe46151-9ff0-4598-b377-a8deafb48da6	42	8	2
5fe46151-9ff0-4598-b377-a8deafb48da6	42	9	0
5fe46151-9ff0-4598-b377-a8deafb48da6	43	0	3
5fe46151-9ff0-4598-b377-a8deafb48da6	43	1	2
5fe46151-9ff0-4598-b377-a8deafb48da6	43	2	0
5fe46151-9ff0-4598-b377-a8deafb48da6	43	3	1
5fe46151-9ff0-4598-b377-a8deafb48da6	43	4	2
5fe46151-9ff0-4598-b377-a8deafb48da6	43	5	2
5fe46151-9ff0-4598-b377-a8deafb48da6	43	6	2
5fe46151-9ff0-4598-b377-a8deafb48da6	43	7	2
5fe46151-9ff0-4598-b377-a8deafb48da6	43	8	2
5fe46151-9ff0-4598-b377-a8deafb48da6	43	9	0
5fe46151-9ff0-4598-b377-a8deafb48da6	44	0	2
5fe46151-9ff0-4598-b377-a8deafb48da6	44	1	3
5fe46151-9ff0-4598-b377-a8deafb48da6	44	2	0
5fe46151-9ff0-4598-b377-a8deafb48da6	44	3	2
5fe46151-9ff0-4598-b377-a8deafb48da6	44	4	2
5fe46151-9ff0-4598-b377-a8deafb48da6	44	5	2
5fe46151-9ff0-4598-b377-a8deafb48da6	44	6	2
5fe46151-9ff0-4598-b377-a8deafb48da6	44	7	2
5fe46151-9ff0-4598-b377-a8deafb48da6	44	8	2
5fe46151-9ff0-4598-b377-a8deafb48da6	44	9	0
5fe46151-9ff0-4598-b377-a8deafb48da6	45	0	1
5fe46151-9ff0-4598-b377-a8deafb48da6	45	1	2
5fe46151-9ff0-4598-b377-a8deafb48da6	45	2	0
5fe46151-9ff0-4598-b377-a8deafb48da6	45	3	2
5fe46151-9ff0-4598-b377-a8deafb48da6	45	4	2
5fe46151-9ff0-4598-b377-a8deafb48da6	45	5	2
5fe46151-9ff0-4598-b377-a8deafb48da6	45	6	2
5fe46151-9ff0-4598-b377-a8deafb48da6	45	7	2
5fe46151-9ff0-4598-b377-a8deafb48da6	45	8	2
5fe46151-9ff0-4598-b377-a8deafb48da6	45	9	0
5fe46151-9ff0-4598-b377-a8deafb48da6	46	0	2
5fe46151-9ff0-4598-b377-a8deafb48da6	46	1	2
5fe46151-9ff0-4598-b377-a8deafb48da6	46	2	0
5fe46151-9ff0-4598-b377-a8deafb48da6	46	3	2
5fe46151-9ff0-4598-b377-a8deafb48da6	46	4	1
5fe46151-9ff0-4598-b377-a8deafb48da6	46	5	3
5fe46151-9ff0-4598-b377-a8deafb48da6	46	6	2
5fe46151-9ff0-4598-b377-a8deafb48da6	46	7	2
5fe46151-9ff0-4598-b377-a8deafb48da6	46	8	2
5fe46151-9ff0-4598-b377-a8deafb48da6	46	9	0
5fe46151-9ff0-4598-b377-a8deafb48da6	47	0	2
5fe46151-9ff0-4598-b377-a8deafb48da6	47	1	2
5fe46151-9ff0-4598-b377-a8deafb48da6	47	2	0
5fe46151-9ff0-4598-b377-a8deafb48da6	47	3	2
5fe46151-9ff0-4598-b377-a8deafb48da6	47	4	2
5fe46151-9ff0-4598-b377-a8deafb48da6	47	5	2
5fe46151-9ff0-4598-b377-a8deafb48da6	47	6	3
5fe46151-9ff0-4598-b377-a8deafb48da6	47	7	2
5fe46151-9ff0-4598-b377-a8deafb48da6	47	8	2
5fe46151-9ff0-4598-b377-a8deafb48da6	47	9	0
5fe46151-9ff0-4598-b377-a8deafb48da6	48	0	2
5fe46151-9ff0-4598-b377-a8deafb48da6	48	1	2
5fe46151-9ff0-4598-b377-a8deafb48da6	48	2	0
5fe46151-9ff0-4598-b377-a8deafb48da6	48	3	2
5fe46151-9ff0-4598-b377-a8deafb48da6	48	4	2
5fe46151-9ff0-4598-b377-a8deafb48da6	48	5	1
5fe46151-9ff0-4598-b377-a8deafb48da6	48	6	1
5fe46151-9ff0-4598-b377-a8deafb48da6	48	7	2
5fe46151-9ff0-4598-b377-a8deafb48da6	48	8	1
5fe46151-9ff0-4598-b377-a8deafb48da6	48	9	0
5fe46151-9ff0-4598-b377-a8deafb48da6	49	0	2
5fe46151-9ff0-4598-b377-a8deafb48da6	49	1	3
5fe46151-9ff0-4598-b377-a8deafb48da6	49	2	0
5fe46151-9ff0-4598-b377-a8deafb48da6	49	3	2
5fe46151-9ff0-4598-b377-a8deafb48da6	49	4	2
5fe46151-9ff0-4598-b377-a8deafb48da6	49	5	2
5fe46151-9ff0-4598-b377-a8deafb48da6	49	6	3
5fe46151-9ff0-4598-b377-a8deafb48da6	49	7	2
5fe46151-9ff0-4598-b377-a8deafb48da6	49	8	2
5fe46151-9ff0-4598-b377-a8deafb48da6	49	9	0
5fe46151-9ff0-4598-b377-a8deafb48da6	50	0	2
5fe46151-9ff0-4598-b377-a8deafb48da6	50	1	2
5fe46151-9ff0-4598-b377-a8deafb48da6	50	2	0
5fe46151-9ff0-4598-b377-a8deafb48da6	50	3	2
5fe46151-9ff0-4598-b377-a8deafb48da6	50	4	2
5fe46151-9ff0-4598-b377-a8deafb48da6	50	5	2
5fe46151-9ff0-4598-b377-a8deafb48da6	50	6	2
5fe46151-9ff0-4598-b377-a8deafb48da6	50	7	2
5fe46151-9ff0-4598-b377-a8deafb48da6	50	8	2
5fe46151-9ff0-4598-b377-a8deafb48da6	50	9	0
5fe46151-9ff0-4598-b377-a8deafb48da6	51	0	2
5fe46151-9ff0-4598-b377-a8deafb48da6	51	1	2
5fe46151-9ff0-4598-b377-a8deafb48da6	51	2	0
5fe46151-9ff0-4598-b377-a8deafb48da6	51	3	2
5fe46151-9ff0-4598-b377-a8deafb48da6	51	4	2
5fe46151-9ff0-4598-b377-a8deafb48da6	51	5	2
5fe46151-9ff0-4598-b377-a8deafb48da6	51	6	1
5fe46151-9ff0-4598-b377-a8deafb48da6	51	7	2
5fe46151-9ff0-4598-b377-a8deafb48da6	51	8	2
5fe46151-9ff0-4598-b377-a8deafb48da6	51	9	0
5fe46151-9ff0-4598-b377-a8deafb48da6	52	0	2
5fe46151-9ff0-4598-b377-a8deafb48da6	52	1	2
5fe46151-9ff0-4598-b377-a8deafb48da6	52	2	0
5fe46151-9ff0-4598-b377-a8deafb48da6	52	3	2
5fe46151-9ff0-4598-b377-a8deafb48da6	52	4	2
5fe46151-9ff0-4598-b377-a8deafb48da6	52	5	2
5fe46151-9ff0-4598-b377-a8deafb48da6	52	6	2
5fe46151-9ff0-4598-b377-a8deafb48da6	52	7	2
5fe46151-9ff0-4598-b377-a8deafb48da6	52	8	2
5fe46151-9ff0-4598-b377-a8deafb48da6	52	9	0
5fe46151-9ff0-4598-b377-a8deafb48da6	53	0	2
5fe46151-9ff0-4598-b377-a8deafb48da6	53	1	2
5fe46151-9ff0-4598-b377-a8deafb48da6	53	2	0
5fe46151-9ff0-4598-b377-a8deafb48da6	53	3	2
5fe46151-9ff0-4598-b377-a8deafb48da6	53	4	3
5fe46151-9ff0-4598-b377-a8deafb48da6	53	5	2
5fe46151-9ff0-4598-b377-a8deafb48da6	53	6	3
5fe46151-9ff0-4598-b377-a8deafb48da6	53	7	0
5fe46151-9ff0-4598-b377-a8deafb48da6	53	8	2
5fe46151-9ff0-4598-b377-a8deafb48da6	53	9	0
5fe46151-9ff0-4598-b377-a8deafb48da6	54	0	2
5fe46151-9ff0-4598-b377-a8deafb48da6	54	1	2
5fe46151-9ff0-4598-b377-a8deafb48da6	54	2	0
5fe46151-9ff0-4598-b377-a8deafb48da6	54	3	2
5fe46151-9ff0-4598-b377-a8deafb48da6	54	4	1
5fe46151-9ff0-4598-b377-a8deafb48da6	54	5	2
5fe46151-9ff0-4598-b377-a8deafb48da6	54	6	1
5fe46151-9ff0-4598-b377-a8deafb48da6	54	7	0
5fe46151-9ff0-4598-b377-a8deafb48da6	54	8	2
5fe46151-9ff0-4598-b377-a8deafb48da6	54	9	0
5fe46151-9ff0-4598-b377-a8deafb48da6	55	0	2
5fe46151-9ff0-4598-b377-a8deafb48da6	55	1	2
5fe46151-9ff0-4598-b377-a8deafb48da6	55	2	0
5fe46151-9ff0-4598-b377-a8deafb48da6	55	3	2
5fe46151-9ff0-4598-b377-a8deafb48da6	55	4	3
5fe46151-9ff0-4598-b377-a8deafb48da6	55	5	2
5fe46151-9ff0-4598-b377-a8deafb48da6	55	6	2
5fe46151-9ff0-4598-b377-a8deafb48da6	55	7	0
5fe46151-9ff0-4598-b377-a8deafb48da6	55	8	3
5fe46151-9ff0-4598-b377-a8deafb48da6	55	9	0
5fe46151-9ff0-4598-b377-a8deafb48da6	56	0	2
5fe46151-9ff0-4598-b377-a8deafb48da6	56	1	2
5fe46151-9ff0-4598-b377-a8deafb48da6	56	2	0
5fe46151-9ff0-4598-b377-a8deafb48da6	56	3	2
5fe46151-9ff0-4598-b377-a8deafb48da6	56	4	2
5fe46151-9ff0-4598-b377-a8deafb48da6	56	5	2
5fe46151-9ff0-4598-b377-a8deafb48da6	56	6	3
5fe46151-9ff0-4598-b377-a8deafb48da6	56	7	0
5fe46151-9ff0-4598-b377-a8deafb48da6	56	8	1
5fe46151-9ff0-4598-b377-a8deafb48da6	56	9	0
5fe46151-9ff0-4598-b377-a8deafb48da6	57	0	2
5fe46151-9ff0-4598-b377-a8deafb48da6	57	1	2
5fe46151-9ff0-4598-b377-a8deafb48da6	57	2	0
5fe46151-9ff0-4598-b377-a8deafb48da6	57	3	2
5fe46151-9ff0-4598-b377-a8deafb48da6	57	4	1
5fe46151-9ff0-4598-b377-a8deafb48da6	57	5	2
5fe46151-9ff0-4598-b377-a8deafb48da6	57	6	1
5fe46151-9ff0-4598-b377-a8deafb48da6	57	7	0
5fe46151-9ff0-4598-b377-a8deafb48da6	57	8	3
5fe46151-9ff0-4598-b377-a8deafb48da6	57	9	0
5fe46151-9ff0-4598-b377-a8deafb48da6	58	0	2
5fe46151-9ff0-4598-b377-a8deafb48da6	58	1	2
5fe46151-9ff0-4598-b377-a8deafb48da6	58	2	0
5fe46151-9ff0-4598-b377-a8deafb48da6	58	3	3
5fe46151-9ff0-4598-b377-a8deafb48da6	58	4	2
5fe46151-9ff0-4598-b377-a8deafb48da6	58	5	2
5fe46151-9ff0-4598-b377-a8deafb48da6	58	6	0
5fe46151-9ff0-4598-b377-a8deafb48da6	58	7	0
5fe46151-9ff0-4598-b377-a8deafb48da6	58	8	2
5fe46151-9ff0-4598-b377-a8deafb48da6	58	9	0
5fe46151-9ff0-4598-b377-a8deafb48da6	59	0	2
5fe46151-9ff0-4598-b377-a8deafb48da6	59	1	3
5fe46151-9ff0-4598-b377-a8deafb48da6	59	2	0
5fe46151-9ff0-4598-b377-a8deafb48da6	59	3	2
5fe46151-9ff0-4598-b377-a8deafb48da6	59	4	2
5fe46151-9ff0-4598-b377-a8deafb48da6	59	5	2
5fe46151-9ff0-4598-b377-a8deafb48da6	59	6	0
5fe46151-9ff0-4598-b377-a8deafb48da6	59	7	0
5fe46151-9ff0-4598-b377-a8deafb48da6	59	8	1
5fe46151-9ff0-4598-b377-a8deafb48da6	59	9	0
5fe46151-9ff0-4598-b377-a8deafb48da6	60	0	3
5fe46151-9ff0-4598-b377-a8deafb48da6	60	1	2
5fe46151-9ff0-4598-b377-a8deafb48da6	60	2	0
5fe46151-9ff0-4598-b377-a8deafb48da6	60	3	2
5fe46151-9ff0-4598-b377-a8deafb48da6	60	4	2
5fe46151-9ff0-4598-b377-a8deafb48da6	60	5	2
5fe46151-9ff0-4598-b377-a8deafb48da6	60	6	0
5fe46151-9ff0-4598-b377-a8deafb48da6	60	7	0
5fe46151-9ff0-4598-b377-a8deafb48da6	60	8	2
5fe46151-9ff0-4598-b377-a8deafb48da6	60	9	0
5fe46151-9ff0-4598-b377-a8deafb48da6	61	0	2
5fe46151-9ff0-4598-b377-a8deafb48da6	61	1	1
5fe46151-9ff0-4598-b377-a8deafb48da6	61	2	0
5fe46151-9ff0-4598-b377-a8deafb48da6	61	3	2
5fe46151-9ff0-4598-b377-a8deafb48da6	61	4	2
5fe46151-9ff0-4598-b377-a8deafb48da6	61	5	2
5fe46151-9ff0-4598-b377-a8deafb48da6	61	6	0
5fe46151-9ff0-4598-b377-a8deafb48da6	61	7	0
5fe46151-9ff0-4598-b377-a8deafb48da6	61	8	3
5fe46151-9ff0-4598-b377-a8deafb48da6	61	9	0
5fe46151-9ff0-4598-b377-a8deafb48da6	62	0	2
5fe46151-9ff0-4598-b377-a8deafb48da6	62	1	2
5fe46151-9ff0-4598-b377-a8deafb48da6	62	2	0
5fe46151-9ff0-4598-b377-a8deafb48da6	62	3	2
5fe46151-9ff0-4598-b377-a8deafb48da6	62	4	0
5fe46151-9ff0-4598-b377-a8deafb48da6	62	5	2
5fe46151-9ff0-4598-b377-a8deafb48da6	62	6	0
5fe46151-9ff0-4598-b377-a8deafb48da6	62	7	0
5fe46151-9ff0-4598-b377-a8deafb48da6	62	8	1
5fe46151-9ff0-4598-b377-a8deafb48da6	62	9	0
5fe46151-9ff0-4598-b377-a8deafb48da6	63	0	2
5fe46151-9ff0-4598-b377-a8deafb48da6	63	1	2
5fe46151-9ff0-4598-b377-a8deafb48da6	63	2	0
5fe46151-9ff0-4598-b377-a8deafb48da6	63	3	2
5fe46151-9ff0-4598-b377-a8deafb48da6	63	4	0
5fe46151-9ff0-4598-b377-a8deafb48da6	63	5	3
5fe46151-9ff0-4598-b377-a8deafb48da6	63	6	0
5fe46151-9ff0-4598-b377-a8deafb48da6	63	7	0
5fe46151-9ff0-4598-b377-a8deafb48da6	63	8	2
5fe46151-9ff0-4598-b377-a8deafb48da6	63	9	0
5fe46151-9ff0-4598-b377-a8deafb48da6	64	0	2
5fe46151-9ff0-4598-b377-a8deafb48da6	64	1	2
5fe46151-9ff0-4598-b377-a8deafb48da6	64	2	0
5fe46151-9ff0-4598-b377-a8deafb48da6	64	3	2
5fe46151-9ff0-4598-b377-a8deafb48da6	64	4	0
5fe46151-9ff0-4598-b377-a8deafb48da6	64	5	2
5fe46151-9ff0-4598-b377-a8deafb48da6	64	6	0
5fe46151-9ff0-4598-b377-a8deafb48da6	64	7	0
5fe46151-9ff0-4598-b377-a8deafb48da6	64	8	3
5fe46151-9ff0-4598-b377-a8deafb48da6	64	9	0
5fe46151-9ff0-4598-b377-a8deafb48da6	65	0	2
5fe46151-9ff0-4598-b377-a8deafb48da6	65	1	1
5fe46151-9ff0-4598-b377-a8deafb48da6	65	2	0
5fe46151-9ff0-4598-b377-a8deafb48da6	65	3	2
5fe46151-9ff0-4598-b377-a8deafb48da6	65	4	0
5fe46151-9ff0-4598-b377-a8deafb48da6	65	5	2
5fe46151-9ff0-4598-b377-a8deafb48da6	65	6	0
5fe46151-9ff0-4598-b377-a8deafb48da6	65	7	0
5fe46151-9ff0-4598-b377-a8deafb48da6	65	8	1
5fe46151-9ff0-4598-b377-a8deafb48da6	65	9	0
5fe46151-9ff0-4598-b377-a8deafb48da6	66	0	2
5fe46151-9ff0-4598-b377-a8deafb48da6	66	1	3
5fe46151-9ff0-4598-b377-a8deafb48da6	66	2	0
5fe46151-9ff0-4598-b377-a8deafb48da6	66	3	2
5fe46151-9ff0-4598-b377-a8deafb48da6	66	4	0
5fe46151-9ff0-4598-b377-a8deafb48da6	66	5	2
5fe46151-9ff0-4598-b377-a8deafb48da6	66	6	0
5fe46151-9ff0-4598-b377-a8deafb48da6	66	7	0
5fe46151-9ff0-4598-b377-a8deafb48da6	66	8	0
5fe46151-9ff0-4598-b377-a8deafb48da6	66	9	0
5fe46151-9ff0-4598-b377-a8deafb48da6	67	0	2
5fe46151-9ff0-4598-b377-a8deafb48da6	67	1	2
5fe46151-9ff0-4598-b377-a8deafb48da6	67	2	0
5fe46151-9ff0-4598-b377-a8deafb48da6	67	3	2
5fe46151-9ff0-4598-b377-a8deafb48da6	67	4	0
5fe46151-9ff0-4598-b377-a8deafb48da6	67	5	2
5fe46151-9ff0-4598-b377-a8deafb48da6	67	6	0
5fe46151-9ff0-4598-b377-a8deafb48da6	67	7	0
5fe46151-9ff0-4598-b377-a8deafb48da6	67	8	0
5fe46151-9ff0-4598-b377-a8deafb48da6	67	9	0
5fe46151-9ff0-4598-b377-a8deafb48da6	68	0	2
5fe46151-9ff0-4598-b377-a8deafb48da6	68	1	2
5fe46151-9ff0-4598-b377-a8deafb48da6	68	2	0
5fe46151-9ff0-4598-b377-a8deafb48da6	68	3	2
5fe46151-9ff0-4598-b377-a8deafb48da6	68	4	0
5fe46151-9ff0-4598-b377-a8deafb48da6	68	5	2
5fe46151-9ff0-4598-b377-a8deafb48da6	68	6	0
5fe46151-9ff0-4598-b377-a8deafb48da6	68	7	0
5fe46151-9ff0-4598-b377-a8deafb48da6	68	8	0
5fe46151-9ff0-4598-b377-a8deafb48da6	68	9	0
5fe46151-9ff0-4598-b377-a8deafb48da6	69	0	2
5fe46151-9ff0-4598-b377-a8deafb48da6	69	1	0
5fe46151-9ff0-4598-b377-a8deafb48da6	69	2	0
5fe46151-9ff0-4598-b377-a8deafb48da6	69	3	0
5fe46151-9ff0-4598-b377-a8deafb48da6	69	4	0
5fe46151-9ff0-4598-b377-a8deafb48da6	69	5	2
5fe46151-9ff0-4598-b377-a8deafb48da6	69	6	0
5fe46151-9ff0-4598-b377-a8deafb48da6	69	7	0
5fe46151-9ff0-4598-b377-a8deafb48da6	69	8	0
5fe46151-9ff0-4598-b377-a8deafb48da6	69	9	0
5fe46151-9ff0-4598-b377-a8deafb48da6	70	0	2
5fe46151-9ff0-4598-b377-a8deafb48da6	70	1	0
5fe46151-9ff0-4598-b377-a8deafb48da6	70	2	0
5fe46151-9ff0-4598-b377-a8deafb48da6	70	3	0
5fe46151-9ff0-4598-b377-a8deafb48da6	70	4	0
5fe46151-9ff0-4598-b377-a8deafb48da6	70	5	2
5fe46151-9ff0-4598-b377-a8deafb48da6	70	6	0
5fe46151-9ff0-4598-b377-a8deafb48da6	70	7	0
5fe46151-9ff0-4598-b377-a8deafb48da6	70	8	0
5fe46151-9ff0-4598-b377-a8deafb48da6	70	9	0
5fe46151-9ff0-4598-b377-a8deafb48da6	71	0	0
5fe46151-9ff0-4598-b377-a8deafb48da6	71	1	0
5fe46151-9ff0-4598-b377-a8deafb48da6	71	2	0
5fe46151-9ff0-4598-b377-a8deafb48da6	71	3	0
5fe46151-9ff0-4598-b377-a8deafb48da6	71	4	0
5fe46151-9ff0-4598-b377-a8deafb48da6	71	5	2
5fe46151-9ff0-4598-b377-a8deafb48da6	71	6	0
5fe46151-9ff0-4598-b377-a8deafb48da6	71	7	0
5fe46151-9ff0-4598-b377-a8deafb48da6	71	8	0
5fe46151-9ff0-4598-b377-a8deafb48da6	71	9	0
5fe46151-9ff0-4598-b377-a8deafb48da6	72	0	0
5fe46151-9ff0-4598-b377-a8deafb48da6	72	1	0
5fe46151-9ff0-4598-b377-a8deafb48da6	72	2	0
5fe46151-9ff0-4598-b377-a8deafb48da6	72	3	0
5fe46151-9ff0-4598-b377-a8deafb48da6	72	4	0
5fe46151-9ff0-4598-b377-a8deafb48da6	72	5	2
5fe46151-9ff0-4598-b377-a8deafb48da6	72	6	0
5fe46151-9ff0-4598-b377-a8deafb48da6	72	7	0
5fe46151-9ff0-4598-b377-a8deafb48da6	72	8	0
5fe46151-9ff0-4598-b377-a8deafb48da6	72	9	0
5fe46151-9ff0-4598-b377-a8deafb48da6	73	0	0
5fe46151-9ff0-4598-b377-a8deafb48da6	73	1	0
5fe46151-9ff0-4598-b377-a8deafb48da6	73	2	0
5fe46151-9ff0-4598-b377-a8deafb48da6	73	3	0
5fe46151-9ff0-4598-b377-a8deafb48da6	73	4	0
5fe46151-9ff0-4598-b377-a8deafb48da6	73	5	2
5fe46151-9ff0-4598-b377-a8deafb48da6	73	6	0
5fe46151-9ff0-4598-b377-a8deafb48da6	73	7	0
5fe46151-9ff0-4598-b377-a8deafb48da6	73	8	0
5fe46151-9ff0-4598-b377-a8deafb48da6	73	9	0
bbf48024-2c39-4923-b285-227ecac6a679	2	0	2
bbf48024-2c39-4923-b285-227ecac6a679	3	0	2
bbf48024-2c39-4923-b285-227ecac6a679	4	0	2
bbf48024-2c39-4923-b285-227ecac6a679	4	1	2
bbf48024-2c39-4923-b285-227ecac6a679	5	0	2
bbf48024-2c39-4923-b285-227ecac6a679	5	1	3
bbf48024-2c39-4923-b285-227ecac6a679	5	9	2
bbf48024-2c39-4923-b285-227ecac6a679	6	0	2
bbf48024-2c39-4923-b285-227ecac6a679	6	1	1
bbf48024-2c39-4923-b285-227ecac6a679	6	9	3
bbf48024-2c39-4923-b285-227ecac6a679	7	0	2
bbf48024-2c39-4923-b285-227ecac6a679	7	1	2
bbf48024-2c39-4923-b285-227ecac6a679	7	2	2
bbf48024-2c39-4923-b285-227ecac6a679	7	9	1
bbf48024-2c39-4923-b285-227ecac6a679	8	0	2
bbf48024-2c39-4923-b285-227ecac6a679	8	1	2
bbf48024-2c39-4923-b285-227ecac6a679	8	2	2
bbf48024-2c39-4923-b285-227ecac6a679	8	9	2
bbf48024-2c39-4923-b285-227ecac6a679	9	0	2
bbf48024-2c39-4923-b285-227ecac6a679	9	1	2
bbf48024-2c39-4923-b285-227ecac6a679	9	2	2
bbf48024-2c39-4923-b285-227ecac6a679	9	6	2
bbf48024-2c39-4923-b285-227ecac6a679	9	9	2
bbf48024-2c39-4923-b285-227ecac6a679	10	0	3
bbf48024-2c39-4923-b285-227ecac6a679	10	1	1
bbf48024-2c39-4923-b285-227ecac6a679	10	2	2
bbf48024-2c39-4923-b285-227ecac6a679	10	6	3
bbf48024-2c39-4923-b285-227ecac6a679	10	9	2
bbf48024-2c39-4923-b285-227ecac6a679	11	0	2
bbf48024-2c39-4923-b285-227ecac6a679	11	1	2
bbf48024-2c39-4923-b285-227ecac6a679	11	2	2
bbf48024-2c39-4923-b285-227ecac6a679	11	6	1
bbf48024-2c39-4923-b285-227ecac6a679	11	9	1
bbf48024-2c39-4923-b285-227ecac6a679	12	0	1
bbf48024-2c39-4923-b285-227ecac6a679	12	1	2
bbf48024-2c39-4923-b285-227ecac6a679	12	2	1
bbf48024-2c39-4923-b285-227ecac6a679	12	6	2
bbf48024-2c39-4923-b285-227ecac6a679	12	9	2
bbf48024-2c39-4923-b285-227ecac6a679	13	0	2
bbf48024-2c39-4923-b285-227ecac6a679	13	1	2
bbf48024-2c39-4923-b285-227ecac6a679	13	2	2
bbf48024-2c39-4923-b285-227ecac6a679	13	6	2
bbf48024-2c39-4923-b285-227ecac6a679	13	9	2
bbf48024-2c39-4923-b285-227ecac6a679	14	0	2
bbf48024-2c39-4923-b285-227ecac6a679	14	1	2
bbf48024-2c39-4923-b285-227ecac6a679	14	2	2
bbf48024-2c39-4923-b285-227ecac6a679	14	6	2
bbf48024-2c39-4923-b285-227ecac6a679	14	9	2
bbf48024-2c39-4923-b285-227ecac6a679	15	0	2
bbf48024-2c39-4923-b285-227ecac6a679	15	1	2
bbf48024-2c39-4923-b285-227ecac6a679	15	2	2
bbf48024-2c39-4923-b285-227ecac6a679	15	6	1
bbf48024-2c39-4923-b285-227ecac6a679	15	7	2
bbf48024-2c39-4923-b285-227ecac6a679	15	9	2
bbf48024-2c39-4923-b285-227ecac6a679	16	0	2
bbf48024-2c39-4923-b285-227ecac6a679	16	1	2
bbf48024-2c39-4923-b285-227ecac6a679	16	2	1
bbf48024-2c39-4923-b285-227ecac6a679	16	4	2
bbf48024-2c39-4923-b285-227ecac6a679	16	6	2
bbf48024-2c39-4923-b285-227ecac6a679	16	7	2
bbf48024-2c39-4923-b285-227ecac6a679	16	9	2
bbf48024-2c39-4923-b285-227ecac6a679	17	0	2
bbf48024-2c39-4923-b285-227ecac6a679	17	1	1
bbf48024-2c39-4923-b285-227ecac6a679	17	2	2
bbf48024-2c39-4923-b285-227ecac6a679	17	4	1
bbf48024-2c39-4923-b285-227ecac6a679	17	6	2
bbf48024-2c39-4923-b285-227ecac6a679	17	7	2
bbf48024-2c39-4923-b285-227ecac6a679	17	9	2
bbf48024-2c39-4923-b285-227ecac6a679	18	0	2
bbf48024-2c39-4923-b285-227ecac6a679	18	1	2
bbf48024-2c39-4923-b285-227ecac6a679	18	2	2
bbf48024-2c39-4923-b285-227ecac6a679	18	4	3
bbf48024-2c39-4923-b285-227ecac6a679	18	6	2
bbf48024-2c39-4923-b285-227ecac6a679	18	7	2
bbf48024-2c39-4923-b285-227ecac6a679	18	9	1
bbf48024-2c39-4923-b285-227ecac6a679	19	0	2
bbf48024-2c39-4923-b285-227ecac6a679	19	1	2
bbf48024-2c39-4923-b285-227ecac6a679	19	2	2
bbf48024-2c39-4923-b285-227ecac6a679	19	4	2
bbf48024-2c39-4923-b285-227ecac6a679	19	6	2
bbf48024-2c39-4923-b285-227ecac6a679	19	7	2
bbf48024-2c39-4923-b285-227ecac6a679	19	9	2
bbf48024-2c39-4923-b285-227ecac6a679	20	0	4
bbf48024-2c39-4923-b285-227ecac6a679	20	1	2
bbf48024-2c39-4923-b285-227ecac6a679	20	2	2
bbf48024-2c39-4923-b285-227ecac6a679	20	3	2
bbf48024-2c39-4923-b285-227ecac6a679	20	4	2
bbf48024-2c39-4923-b285-227ecac6a679	20	6	2
bbf48024-2c39-4923-b285-227ecac6a679	20	7	1
bbf48024-2c39-4923-b285-227ecac6a679	20	9	2
bbf48024-2c39-4923-b285-227ecac6a679	21	0	4
bbf48024-2c39-4923-b285-227ecac6a679	21	1	2
bbf48024-2c39-4923-b285-227ecac6a679	21	2	2
bbf48024-2c39-4923-b285-227ecac6a679	21	3	2
bbf48024-2c39-4923-b285-227ecac6a679	21	4	2
bbf48024-2c39-4923-b285-227ecac6a679	21	6	2
bbf48024-2c39-4923-b285-227ecac6a679	21	7	2
bbf48024-2c39-4923-b285-227ecac6a679	21	9	2
bbf48024-2c39-4923-b285-227ecac6a679	22	0	4
bbf48024-2c39-4923-b285-227ecac6a679	22	1	2
bbf48024-2c39-4923-b285-227ecac6a679	22	2	2
bbf48024-2c39-4923-b285-227ecac6a679	22	3	2
bbf48024-2c39-4923-b285-227ecac6a679	22	4	1
bbf48024-2c39-4923-b285-227ecac6a679	22	6	1
bbf48024-2c39-4923-b285-227ecac6a679	22	7	2
bbf48024-2c39-4923-b285-227ecac6a679	22	9	2
bbf48024-2c39-4923-b285-227ecac6a679	23	0	4
bbf48024-2c39-4923-b285-227ecac6a679	23	1	2
bbf48024-2c39-4923-b285-227ecac6a679	23	2	2
bbf48024-2c39-4923-b285-227ecac6a679	23	3	1
bbf48024-2c39-4923-b285-227ecac6a679	23	4	2
bbf48024-2c39-4923-b285-227ecac6a679	23	6	2
bbf48024-2c39-4923-b285-227ecac6a679	23	7	2
bbf48024-2c39-4923-b285-227ecac6a679	23	9	2
bbf48024-2c39-4923-b285-227ecac6a679	24	0	4
bbf48024-2c39-4923-b285-227ecac6a679	24	1	2
bbf48024-2c39-4923-b285-227ecac6a679	24	2	2
bbf48024-2c39-4923-b285-227ecac6a679	24	3	3
bbf48024-2c39-4923-b285-227ecac6a679	24	4	2
bbf48024-2c39-4923-b285-227ecac6a679	24	6	2
bbf48024-2c39-4923-b285-227ecac6a679	24	7	1
bbf48024-2c39-4923-b285-227ecac6a679	24	9	2
bbf48024-2c39-4923-b285-227ecac6a679	25	0	4
bbf48024-2c39-4923-b285-227ecac6a679	25	1	2
bbf48024-2c39-4923-b285-227ecac6a679	25	2	3
bbf48024-2c39-4923-b285-227ecac6a679	25	3	2
bbf48024-2c39-4923-b285-227ecac6a679	25	4	2
bbf48024-2c39-4923-b285-227ecac6a679	25	6	2
bbf48024-2c39-4923-b285-227ecac6a679	25	7	2
bbf48024-2c39-4923-b285-227ecac6a679	25	8	2
bbf48024-2c39-4923-b285-227ecac6a679	25	9	2
bbf48024-2c39-4923-b285-227ecac6a679	26	0	4
bbf48024-2c39-4923-b285-227ecac6a679	26	1	2
bbf48024-2c39-4923-b285-227ecac6a679	26	2	2
bbf48024-2c39-4923-b285-227ecac6a679	26	3	1
bbf48024-2c39-4923-b285-227ecac6a679	26	4	2
bbf48024-2c39-4923-b285-227ecac6a679	26	6	2
bbf48024-2c39-4923-b285-227ecac6a679	26	7	2
bbf48024-2c39-4923-b285-227ecac6a679	26	8	2
bbf48024-2c39-4923-b285-227ecac6a679	26	9	2
bbf48024-2c39-4923-b285-227ecac6a679	27	0	3
bbf48024-2c39-4923-b285-227ecac6a679	27	1	2
bbf48024-2c39-4923-b285-227ecac6a679	27	2	2
bbf48024-2c39-4923-b285-227ecac6a679	27	3	2
bbf48024-2c39-4923-b285-227ecac6a679	27	4	1
bbf48024-2c39-4923-b285-227ecac6a679	27	6	2
bbf48024-2c39-4923-b285-227ecac6a679	27	7	2
bbf48024-2c39-4923-b285-227ecac6a679	27	8	2
bbf48024-2c39-4923-b285-227ecac6a679	27	9	2
bbf48024-2c39-4923-b285-227ecac6a679	28	0	2
bbf48024-2c39-4923-b285-227ecac6a679	28	1	2
bbf48024-2c39-4923-b285-227ecac6a679	28	2	1
bbf48024-2c39-4923-b285-227ecac6a679	28	3	2
bbf48024-2c39-4923-b285-227ecac6a679	28	4	2
bbf48024-2c39-4923-b285-227ecac6a679	28	6	2
bbf48024-2c39-4923-b285-227ecac6a679	28	7	2
bbf48024-2c39-4923-b285-227ecac6a679	28	8	2
bbf48024-2c39-4923-b285-227ecac6a679	28	9	2
bbf48024-2c39-4923-b285-227ecac6a679	29	0	2
bbf48024-2c39-4923-b285-227ecac6a679	29	1	2
bbf48024-2c39-4923-b285-227ecac6a679	29	2	2
bbf48024-2c39-4923-b285-227ecac6a679	29	3	2
bbf48024-2c39-4923-b285-227ecac6a679	29	4	2
bbf48024-2c39-4923-b285-227ecac6a679	29	6	2
bbf48024-2c39-4923-b285-227ecac6a679	29	7	2
bbf48024-2c39-4923-b285-227ecac6a679	29	8	2
bbf48024-2c39-4923-b285-227ecac6a679	29	9	2
bbf48024-2c39-4923-b285-227ecac6a679	30	0	2
bbf48024-2c39-4923-b285-227ecac6a679	30	1	2
bbf48024-2c39-4923-b285-227ecac6a679	30	2	2
bbf48024-2c39-4923-b285-227ecac6a679	30	3	2
bbf48024-2c39-4923-b285-227ecac6a679	30	4	2
bbf48024-2c39-4923-b285-227ecac6a679	30	6	2
bbf48024-2c39-4923-b285-227ecac6a679	30	7	2
bbf48024-2c39-4923-b285-227ecac6a679	30	8	1
bbf48024-2c39-4923-b285-227ecac6a679	30	9	2
bbf48024-2c39-4923-b285-227ecac6a679	31	0	2
bbf48024-2c39-4923-b285-227ecac6a679	31	1	2
bbf48024-2c39-4923-b285-227ecac6a679	31	2	2
bbf48024-2c39-4923-b285-227ecac6a679	31	3	2
bbf48024-2c39-4923-b285-227ecac6a679	31	4	2
bbf48024-2c39-4923-b285-227ecac6a679	31	6	2
bbf48024-2c39-4923-b285-227ecac6a679	31	7	2
bbf48024-2c39-4923-b285-227ecac6a679	31	8	2
bbf48024-2c39-4923-b285-227ecac6a679	31	9	2
bbf48024-2c39-4923-b285-227ecac6a679	32	0	2
bbf48024-2c39-4923-b285-227ecac6a679	32	1	3
bbf48024-2c39-4923-b285-227ecac6a679	32	2	2
bbf48024-2c39-4923-b285-227ecac6a679	32	3	2
bbf48024-2c39-4923-b285-227ecac6a679	32	4	2
bbf48024-2c39-4923-b285-227ecac6a679	32	6	2
bbf48024-2c39-4923-b285-227ecac6a679	32	7	2
bbf48024-2c39-4923-b285-227ecac6a679	32	8	2
bbf48024-2c39-4923-b285-227ecac6a679	32	9	2
bbf48024-2c39-4923-b285-227ecac6a679	33	0	3
bbf48024-2c39-4923-b285-227ecac6a679	33	1	2
bbf48024-2c39-4923-b285-227ecac6a679	33	2	2
bbf48024-2c39-4923-b285-227ecac6a679	33	3	1
bbf48024-2c39-4923-b285-227ecac6a679	33	4	2
bbf48024-2c39-4923-b285-227ecac6a679	33	6	2
bbf48024-2c39-4923-b285-227ecac6a679	33	7	3
bbf48024-2c39-4923-b285-227ecac6a679	33	8	2
bbf48024-2c39-4923-b285-227ecac6a679	33	9	3
bbf48024-2c39-4923-b285-227ecac6a679	34	0	2
bbf48024-2c39-4923-b285-227ecac6a679	34	1	2
bbf48024-2c39-4923-b285-227ecac6a679	34	2	2
bbf48024-2c39-4923-b285-227ecac6a679	34	3	2
bbf48024-2c39-4923-b285-227ecac6a679	34	4	2
bbf48024-2c39-4923-b285-227ecac6a679	34	6	2
bbf48024-2c39-4923-b285-227ecac6a679	34	7	2
bbf48024-2c39-4923-b285-227ecac6a679	34	8	2
bbf48024-2c39-4923-b285-227ecac6a679	34	9	2
bbf48024-2c39-4923-b285-227ecac6a679	35	0	2
bbf48024-2c39-4923-b285-227ecac6a679	35	1	2
bbf48024-2c39-4923-b285-227ecac6a679	35	2	2
bbf48024-2c39-4923-b285-227ecac6a679	35	3	2
bbf48024-2c39-4923-b285-227ecac6a679	35	4	2
bbf48024-2c39-4923-b285-227ecac6a679	35	6	2
bbf48024-2c39-4923-b285-227ecac6a679	35	7	2
bbf48024-2c39-4923-b285-227ecac6a679	35	8	2
bbf48024-2c39-4923-b285-227ecac6a679	35	9	2
bbf48024-2c39-4923-b285-227ecac6a679	36	0	2
bbf48024-2c39-4923-b285-227ecac6a679	36	1	2
bbf48024-2c39-4923-b285-227ecac6a679	36	2	2
bbf48024-2c39-4923-b285-227ecac6a679	36	3	2
bbf48024-2c39-4923-b285-227ecac6a679	36	4	3
bbf48024-2c39-4923-b285-227ecac6a679	36	5	2
bbf48024-2c39-4923-b285-227ecac6a679	36	6	2
bbf48024-2c39-4923-b285-227ecac6a679	36	7	1
bbf48024-2c39-4923-b285-227ecac6a679	36	8	1
bbf48024-2c39-4923-b285-227ecac6a679	36	9	2
bbf48024-2c39-4923-b285-227ecac6a679	37	0	2
bbf48024-2c39-4923-b285-227ecac6a679	37	1	2
bbf48024-2c39-4923-b285-227ecac6a679	37	2	2
bbf48024-2c39-4923-b285-227ecac6a679	37	3	2
bbf48024-2c39-4923-b285-227ecac6a679	37	4	2
bbf48024-2c39-4923-b285-227ecac6a679	37	5	2
bbf48024-2c39-4923-b285-227ecac6a679	37	6	3
bbf48024-2c39-4923-b285-227ecac6a679	37	7	2
bbf48024-2c39-4923-b285-227ecac6a679	37	8	2
bbf48024-2c39-4923-b285-227ecac6a679	37	9	2
bbf48024-2c39-4923-b285-227ecac6a679	38	0	2
bbf48024-2c39-4923-b285-227ecac6a679	38	1	2
bbf48024-2c39-4923-b285-227ecac6a679	38	2	2
bbf48024-2c39-4923-b285-227ecac6a679	38	3	2
bbf48024-2c39-4923-b285-227ecac6a679	38	4	4
bbf48024-2c39-4923-b285-227ecac6a679	38	5	1
bbf48024-2c39-4923-b285-227ecac6a679	38	6	2
bbf48024-2c39-4923-b285-227ecac6a679	38	7	2
bbf48024-2c39-4923-b285-227ecac6a679	38	8	2
bbf48024-2c39-4923-b285-227ecac6a679	38	9	2
bbf48024-2c39-4923-b285-227ecac6a679	39	0	1
bbf48024-2c39-4923-b285-227ecac6a679	39	1	2
bbf48024-2c39-4923-b285-227ecac6a679	39	2	2
bbf48024-2c39-4923-b285-227ecac6a679	39	3	2
bbf48024-2c39-4923-b285-227ecac6a679	39	4	2
bbf48024-2c39-4923-b285-227ecac6a679	39	5	3
bbf48024-2c39-4923-b285-227ecac6a679	39	6	2
bbf48024-2c39-4923-b285-227ecac6a679	39	7	2
bbf48024-2c39-4923-b285-227ecac6a679	39	8	3
bbf48024-2c39-4923-b285-227ecac6a679	39	9	2
bbf48024-2c39-4923-b285-227ecac6a679	40	0	3
bbf48024-2c39-4923-b285-227ecac6a679	40	1	2
bbf48024-2c39-4923-b285-227ecac6a679	40	2	1
bbf48024-2c39-4923-b285-227ecac6a679	40	3	2
bbf48024-2c39-4923-b285-227ecac6a679	40	4	1
bbf48024-2c39-4923-b285-227ecac6a679	40	5	2
bbf48024-2c39-4923-b285-227ecac6a679	40	6	2
bbf48024-2c39-4923-b285-227ecac6a679	40	7	2
bbf48024-2c39-4923-b285-227ecac6a679	40	8	2
bbf48024-2c39-4923-b285-227ecac6a679	40	9	2
bbf48024-2c39-4923-b285-227ecac6a679	41	0	2
bbf48024-2c39-4923-b285-227ecac6a679	41	1	2
bbf48024-2c39-4923-b285-227ecac6a679	41	2	2
bbf48024-2c39-4923-b285-227ecac6a679	41	3	2
bbf48024-2c39-4923-b285-227ecac6a679	41	4	2
bbf48024-2c39-4923-b285-227ecac6a679	41	5	2
bbf48024-2c39-4923-b285-227ecac6a679	41	6	2
bbf48024-2c39-4923-b285-227ecac6a679	41	7	2
bbf48024-2c39-4923-b285-227ecac6a679	41	8	2
bbf48024-2c39-4923-b285-227ecac6a679	41	9	2
bbf48024-2c39-4923-b285-227ecac6a679	42	0	3
bbf48024-2c39-4923-b285-227ecac6a679	42	1	2
bbf48024-2c39-4923-b285-227ecac6a679	42	2	2
bbf48024-2c39-4923-b285-227ecac6a679	42	3	2
bbf48024-2c39-4923-b285-227ecac6a679	42	4	2
bbf48024-2c39-4923-b285-227ecac6a679	42	5	2
bbf48024-2c39-4923-b285-227ecac6a679	42	6	0
bbf48024-2c39-4923-b285-227ecac6a679	42	7	2
bbf48024-2c39-4923-b285-227ecac6a679	42	8	2
bbf48024-2c39-4923-b285-227ecac6a679	42	9	2
bbf48024-2c39-4923-b285-227ecac6a679	43	0	1
bbf48024-2c39-4923-b285-227ecac6a679	43	1	2
bbf48024-2c39-4923-b285-227ecac6a679	43	2	2
bbf48024-2c39-4923-b285-227ecac6a679	43	3	2
bbf48024-2c39-4923-b285-227ecac6a679	43	4	2
bbf48024-2c39-4923-b285-227ecac6a679	43	5	3
bbf48024-2c39-4923-b285-227ecac6a679	43	6	0
bbf48024-2c39-4923-b285-227ecac6a679	43	7	2
bbf48024-2c39-4923-b285-227ecac6a679	43	8	2
bbf48024-2c39-4923-b285-227ecac6a679	43	9	2
bbf48024-2c39-4923-b285-227ecac6a679	44	0	2
bbf48024-2c39-4923-b285-227ecac6a679	44	1	1
bbf48024-2c39-4923-b285-227ecac6a679	44	2	2
bbf48024-2c39-4923-b285-227ecac6a679	44	3	2
bbf48024-2c39-4923-b285-227ecac6a679	44	4	3
bbf48024-2c39-4923-b285-227ecac6a679	44	5	2
bbf48024-2c39-4923-b285-227ecac6a679	44	6	0
bbf48024-2c39-4923-b285-227ecac6a679	44	7	2
bbf48024-2c39-4923-b285-227ecac6a679	44	8	2
bbf48024-2c39-4923-b285-227ecac6a679	44	9	2
bbf48024-2c39-4923-b285-227ecac6a679	45	0	2
bbf48024-2c39-4923-b285-227ecac6a679	45	1	2
bbf48024-2c39-4923-b285-227ecac6a679	45	2	2
bbf48024-2c39-4923-b285-227ecac6a679	45	3	2
bbf48024-2c39-4923-b285-227ecac6a679	45	4	1
bbf48024-2c39-4923-b285-227ecac6a679	45	5	2
bbf48024-2c39-4923-b285-227ecac6a679	45	6	0
bbf48024-2c39-4923-b285-227ecac6a679	45	7	2
bbf48024-2c39-4923-b285-227ecac6a679	45	8	2
bbf48024-2c39-4923-b285-227ecac6a679	45	9	1
bbf48024-2c39-4923-b285-227ecac6a679	46	0	2
bbf48024-2c39-4923-b285-227ecac6a679	46	1	2
bbf48024-2c39-4923-b285-227ecac6a679	46	2	1
bbf48024-2c39-4923-b285-227ecac6a679	46	3	2
bbf48024-2c39-4923-b285-227ecac6a679	46	4	2
bbf48024-2c39-4923-b285-227ecac6a679	46	5	2
bbf48024-2c39-4923-b285-227ecac6a679	46	6	0
bbf48024-2c39-4923-b285-227ecac6a679	46	7	2
bbf48024-2c39-4923-b285-227ecac6a679	46	8	1
bbf48024-2c39-4923-b285-227ecac6a679	46	9	2
bbf48024-2c39-4923-b285-227ecac6a679	47	0	2
bbf48024-2c39-4923-b285-227ecac6a679	47	1	2
bbf48024-2c39-4923-b285-227ecac6a679	47	2	2
bbf48024-2c39-4923-b285-227ecac6a679	47	3	2
bbf48024-2c39-4923-b285-227ecac6a679	47	4	2
bbf48024-2c39-4923-b285-227ecac6a679	47	5	2
bbf48024-2c39-4923-b285-227ecac6a679	47	6	0
bbf48024-2c39-4923-b285-227ecac6a679	47	7	2
bbf48024-2c39-4923-b285-227ecac6a679	47	8	3
bbf48024-2c39-4923-b285-227ecac6a679	47	9	2
bbf48024-2c39-4923-b285-227ecac6a679	48	0	3
bbf48024-2c39-4923-b285-227ecac6a679	48	1	2
bbf48024-2c39-4923-b285-227ecac6a679	48	2	2
bbf48024-2c39-4923-b285-227ecac6a679	48	3	3
bbf48024-2c39-4923-b285-227ecac6a679	48	4	0
bbf48024-2c39-4923-b285-227ecac6a679	48	5	2
bbf48024-2c39-4923-b285-227ecac6a679	48	6	0
bbf48024-2c39-4923-b285-227ecac6a679	48	7	1
bbf48024-2c39-4923-b285-227ecac6a679	48	8	2
bbf48024-2c39-4923-b285-227ecac6a679	48	9	2
bbf48024-2c39-4923-b285-227ecac6a679	49	0	2
bbf48024-2c39-4923-b285-227ecac6a679	49	1	1
bbf48024-2c39-4923-b285-227ecac6a679	49	2	3
bbf48024-2c39-4923-b285-227ecac6a679	49	3	2
bbf48024-2c39-4923-b285-227ecac6a679	49	4	0
bbf48024-2c39-4923-b285-227ecac6a679	49	5	2
bbf48024-2c39-4923-b285-227ecac6a679	49	6	0
bbf48024-2c39-4923-b285-227ecac6a679	49	7	2
bbf48024-2c39-4923-b285-227ecac6a679	49	8	2
bbf48024-2c39-4923-b285-227ecac6a679	49	9	2
bbf48024-2c39-4923-b285-227ecac6a679	50	0	2
bbf48024-2c39-4923-b285-227ecac6a679	50	1	2
bbf48024-2c39-4923-b285-227ecac6a679	50	2	2
bbf48024-2c39-4923-b285-227ecac6a679	50	3	2
bbf48024-2c39-4923-b285-227ecac6a679	50	4	0
bbf48024-2c39-4923-b285-227ecac6a679	50	5	2
bbf48024-2c39-4923-b285-227ecac6a679	50	6	0
bbf48024-2c39-4923-b285-227ecac6a679	50	7	2
bbf48024-2c39-4923-b285-227ecac6a679	50	8	2
bbf48024-2c39-4923-b285-227ecac6a679	50	9	1
bbf48024-2c39-4923-b285-227ecac6a679	51	0	2
bbf48024-2c39-4923-b285-227ecac6a679	51	1	2
bbf48024-2c39-4923-b285-227ecac6a679	51	2	2
bbf48024-2c39-4923-b285-227ecac6a679	51	3	2
bbf48024-2c39-4923-b285-227ecac6a679	51	4	0
bbf48024-2c39-4923-b285-227ecac6a679	51	5	1
bbf48024-2c39-4923-b285-227ecac6a679	51	6	0
bbf48024-2c39-4923-b285-227ecac6a679	51	7	2
bbf48024-2c39-4923-b285-227ecac6a679	51	8	2
bbf48024-2c39-4923-b285-227ecac6a679	51	9	2
bbf48024-2c39-4923-b285-227ecac6a679	52	0	2
bbf48024-2c39-4923-b285-227ecac6a679	52	1	2
bbf48024-2c39-4923-b285-227ecac6a679	52	2	2
bbf48024-2c39-4923-b285-227ecac6a679	52	3	2
bbf48024-2c39-4923-b285-227ecac6a679	52	4	0
bbf48024-2c39-4923-b285-227ecac6a679	52	5	2
bbf48024-2c39-4923-b285-227ecac6a679	52	6	0
bbf48024-2c39-4923-b285-227ecac6a679	52	7	2
bbf48024-2c39-4923-b285-227ecac6a679	52	8	0
bbf48024-2c39-4923-b285-227ecac6a679	52	9	2
bbf48024-2c39-4923-b285-227ecac6a679	53	0	2
bbf48024-2c39-4923-b285-227ecac6a679	53	1	2
bbf48024-2c39-4923-b285-227ecac6a679	53	2	2
bbf48024-2c39-4923-b285-227ecac6a679	53	3	0
bbf48024-2c39-4923-b285-227ecac6a679	53	4	0
bbf48024-2c39-4923-b285-227ecac6a679	53	5	2
bbf48024-2c39-4923-b285-227ecac6a679	53	6	0
bbf48024-2c39-4923-b285-227ecac6a679	53	7	2
bbf48024-2c39-4923-b285-227ecac6a679	53	8	0
bbf48024-2c39-4923-b285-227ecac6a679	53	9	2
bbf48024-2c39-4923-b285-227ecac6a679	54	0	2
bbf48024-2c39-4923-b285-227ecac6a679	54	1	2
bbf48024-2c39-4923-b285-227ecac6a679	54	2	2
bbf48024-2c39-4923-b285-227ecac6a679	54	3	0
bbf48024-2c39-4923-b285-227ecac6a679	54	4	0
bbf48024-2c39-4923-b285-227ecac6a679	54	5	2
bbf48024-2c39-4923-b285-227ecac6a679	54	6	0
bbf48024-2c39-4923-b285-227ecac6a679	54	7	1
bbf48024-2c39-4923-b285-227ecac6a679	54	8	0
bbf48024-2c39-4923-b285-227ecac6a679	54	9	2
bbf48024-2c39-4923-b285-227ecac6a679	55	0	2
bbf48024-2c39-4923-b285-227ecac6a679	55	1	2
bbf48024-2c39-4923-b285-227ecac6a679	55	2	2
bbf48024-2c39-4923-b285-227ecac6a679	55	3	0
bbf48024-2c39-4923-b285-227ecac6a679	55	4	0
bbf48024-2c39-4923-b285-227ecac6a679	55	5	1
bbf48024-2c39-4923-b285-227ecac6a679	55	6	0
bbf48024-2c39-4923-b285-227ecac6a679	55	7	2
bbf48024-2c39-4923-b285-227ecac6a679	55	8	0
bbf48024-2c39-4923-b285-227ecac6a679	55	9	2
bbf48024-2c39-4923-b285-227ecac6a679	56	0	1
bbf48024-2c39-4923-b285-227ecac6a679	56	1	2
bbf48024-2c39-4923-b285-227ecac6a679	56	2	1
bbf48024-2c39-4923-b285-227ecac6a679	56	3	0
bbf48024-2c39-4923-b285-227ecac6a679	56	4	0
bbf48024-2c39-4923-b285-227ecac6a679	56	5	3
bbf48024-2c39-4923-b285-227ecac6a679	56	6	0
bbf48024-2c39-4923-b285-227ecac6a679	56	7	2
bbf48024-2c39-4923-b285-227ecac6a679	56	8	0
bbf48024-2c39-4923-b285-227ecac6a679	56	9	2
bbf48024-2c39-4923-b285-227ecac6a679	57	0	2
bbf48024-2c39-4923-b285-227ecac6a679	57	1	2
bbf48024-2c39-4923-b285-227ecac6a679	57	2	3
bbf48024-2c39-4923-b285-227ecac6a679	57	3	0
bbf48024-2c39-4923-b285-227ecac6a679	57	4	0
bbf48024-2c39-4923-b285-227ecac6a679	57	5	0
bbf48024-2c39-4923-b285-227ecac6a679	57	6	0
bbf48024-2c39-4923-b285-227ecac6a679	57	7	3
bbf48024-2c39-4923-b285-227ecac6a679	57	8	0
bbf48024-2c39-4923-b285-227ecac6a679	57	9	2
bbf48024-2c39-4923-b285-227ecac6a679	58	0	2
bbf48024-2c39-4923-b285-227ecac6a679	58	1	3
bbf48024-2c39-4923-b285-227ecac6a679	58	2	2
bbf48024-2c39-4923-b285-227ecac6a679	58	3	0
bbf48024-2c39-4923-b285-227ecac6a679	58	4	0
bbf48024-2c39-4923-b285-227ecac6a679	58	5	0
bbf48024-2c39-4923-b285-227ecac6a679	58	6	0
bbf48024-2c39-4923-b285-227ecac6a679	58	7	2
bbf48024-2c39-4923-b285-227ecac6a679	58	8	0
bbf48024-2c39-4923-b285-227ecac6a679	58	9	2
bbf48024-2c39-4923-b285-227ecac6a679	59	0	2
bbf48024-2c39-4923-b285-227ecac6a679	59	1	2
bbf48024-2c39-4923-b285-227ecac6a679	59	2	3
bbf48024-2c39-4923-b285-227ecac6a679	59	3	0
bbf48024-2c39-4923-b285-227ecac6a679	59	4	0
bbf48024-2c39-4923-b285-227ecac6a679	59	5	0
bbf48024-2c39-4923-b285-227ecac6a679	59	6	0
bbf48024-2c39-4923-b285-227ecac6a679	59	7	2
bbf48024-2c39-4923-b285-227ecac6a679	59	8	0
bbf48024-2c39-4923-b285-227ecac6a679	59	9	3
bbf48024-2c39-4923-b285-227ecac6a679	60	0	2
bbf48024-2c39-4923-b285-227ecac6a679	60	1	2
bbf48024-2c39-4923-b285-227ecac6a679	60	2	1
bbf48024-2c39-4923-b285-227ecac6a679	60	3	0
bbf48024-2c39-4923-b285-227ecac6a679	60	4	0
bbf48024-2c39-4923-b285-227ecac6a679	60	5	0
bbf48024-2c39-4923-b285-227ecac6a679	60	6	0
bbf48024-2c39-4923-b285-227ecac6a679	60	7	2
bbf48024-2c39-4923-b285-227ecac6a679	60	8	0
bbf48024-2c39-4923-b285-227ecac6a679	60	9	2
bbf48024-2c39-4923-b285-227ecac6a679	61	0	2
bbf48024-2c39-4923-b285-227ecac6a679	61	1	1
bbf48024-2c39-4923-b285-227ecac6a679	61	2	2
bbf48024-2c39-4923-b285-227ecac6a679	61	3	0
bbf48024-2c39-4923-b285-227ecac6a679	61	4	0
bbf48024-2c39-4923-b285-227ecac6a679	61	5	0
bbf48024-2c39-4923-b285-227ecac6a679	61	6	0
bbf48024-2c39-4923-b285-227ecac6a679	61	7	2
bbf48024-2c39-4923-b285-227ecac6a679	61	8	0
bbf48024-2c39-4923-b285-227ecac6a679	61	9	2
bbf48024-2c39-4923-b285-227ecac6a679	62	0	2
bbf48024-2c39-4923-b285-227ecac6a679	62	1	2
bbf48024-2c39-4923-b285-227ecac6a679	62	2	3
bbf48024-2c39-4923-b285-227ecac6a679	62	3	0
bbf48024-2c39-4923-b285-227ecac6a679	62	4	0
bbf48024-2c39-4923-b285-227ecac6a679	62	5	0
bbf48024-2c39-4923-b285-227ecac6a679	62	6	0
bbf48024-2c39-4923-b285-227ecac6a679	62	7	2
bbf48024-2c39-4923-b285-227ecac6a679	62	8	0
bbf48024-2c39-4923-b285-227ecac6a679	62	9	1
bbf48024-2c39-4923-b285-227ecac6a679	63	0	2
bbf48024-2c39-4923-b285-227ecac6a679	63	1	2
bbf48024-2c39-4923-b285-227ecac6a679	63	2	1
bbf48024-2c39-4923-b285-227ecac6a679	63	3	0
bbf48024-2c39-4923-b285-227ecac6a679	63	4	0
bbf48024-2c39-4923-b285-227ecac6a679	63	5	0
bbf48024-2c39-4923-b285-227ecac6a679	63	6	0
bbf48024-2c39-4923-b285-227ecac6a679	63	7	2
bbf48024-2c39-4923-b285-227ecac6a679	63	8	0
bbf48024-2c39-4923-b285-227ecac6a679	63	9	2
bbf48024-2c39-4923-b285-227ecac6a679	64	0	2
bbf48024-2c39-4923-b285-227ecac6a679	64	1	2
bbf48024-2c39-4923-b285-227ecac6a679	64	2	0
bbf48024-2c39-4923-b285-227ecac6a679	64	3	0
bbf48024-2c39-4923-b285-227ecac6a679	64	4	0
bbf48024-2c39-4923-b285-227ecac6a679	64	5	0
bbf48024-2c39-4923-b285-227ecac6a679	64	6	0
bbf48024-2c39-4923-b285-227ecac6a679	64	7	1
bbf48024-2c39-4923-b285-227ecac6a679	64	8	0
bbf48024-2c39-4923-b285-227ecac6a679	64	9	2
bbf48024-2c39-4923-b285-227ecac6a679	65	0	2
bbf48024-2c39-4923-b285-227ecac6a679	65	1	3
bbf48024-2c39-4923-b285-227ecac6a679	65	2	0
bbf48024-2c39-4923-b285-227ecac6a679	65	3	0
bbf48024-2c39-4923-b285-227ecac6a679	65	4	0
bbf48024-2c39-4923-b285-227ecac6a679	65	5	0
bbf48024-2c39-4923-b285-227ecac6a679	65	6	0
bbf48024-2c39-4923-b285-227ecac6a679	65	7	3
bbf48024-2c39-4923-b285-227ecac6a679	65	8	0
bbf48024-2c39-4923-b285-227ecac6a679	65	9	2
bbf48024-2c39-4923-b285-227ecac6a679	66	0	1
bbf48024-2c39-4923-b285-227ecac6a679	66	1	1
bbf48024-2c39-4923-b285-227ecac6a679	66	2	0
bbf48024-2c39-4923-b285-227ecac6a679	66	3	0
bbf48024-2c39-4923-b285-227ecac6a679	66	4	0
bbf48024-2c39-4923-b285-227ecac6a679	66	5	0
bbf48024-2c39-4923-b285-227ecac6a679	66	6	0
bbf48024-2c39-4923-b285-227ecac6a679	66	7	2
bbf48024-2c39-4923-b285-227ecac6a679	66	8	0
bbf48024-2c39-4923-b285-227ecac6a679	66	9	3
bbf48024-2c39-4923-b285-227ecac6a679	67	0	2
bbf48024-2c39-4923-b285-227ecac6a679	67	1	2
bbf48024-2c39-4923-b285-227ecac6a679	67	2	0
bbf48024-2c39-4923-b285-227ecac6a679	67	3	0
bbf48024-2c39-4923-b285-227ecac6a679	67	4	0
bbf48024-2c39-4923-b285-227ecac6a679	67	5	0
bbf48024-2c39-4923-b285-227ecac6a679	67	6	0
bbf48024-2c39-4923-b285-227ecac6a679	67	7	2
bbf48024-2c39-4923-b285-227ecac6a679	67	8	0
bbf48024-2c39-4923-b285-227ecac6a679	67	9	1
bbf48024-2c39-4923-b285-227ecac6a679	68	0	2
bbf48024-2c39-4923-b285-227ecac6a679	68	1	2
bbf48024-2c39-4923-b285-227ecac6a679	68	2	0
bbf48024-2c39-4923-b285-227ecac6a679	68	3	0
bbf48024-2c39-4923-b285-227ecac6a679	68	4	0
bbf48024-2c39-4923-b285-227ecac6a679	68	5	0
bbf48024-2c39-4923-b285-227ecac6a679	68	6	0
bbf48024-2c39-4923-b285-227ecac6a679	68	7	2
bbf48024-2c39-4923-b285-227ecac6a679	68	8	0
bbf48024-2c39-4923-b285-227ecac6a679	68	9	2
bbf48024-2c39-4923-b285-227ecac6a679	69	0	2
bbf48024-2c39-4923-b285-227ecac6a679	69	1	0
bbf48024-2c39-4923-b285-227ecac6a679	69	2	0
bbf48024-2c39-4923-b285-227ecac6a679	69	3	0
bbf48024-2c39-4923-b285-227ecac6a679	69	4	0
bbf48024-2c39-4923-b285-227ecac6a679	69	5	0
bbf48024-2c39-4923-b285-227ecac6a679	69	6	0
bbf48024-2c39-4923-b285-227ecac6a679	69	7	2
bbf48024-2c39-4923-b285-227ecac6a679	69	8	0
bbf48024-2c39-4923-b285-227ecac6a679	69	9	2
bbf48024-2c39-4923-b285-227ecac6a679	70	0	2
bbf48024-2c39-4923-b285-227ecac6a679	70	1	0
bbf48024-2c39-4923-b285-227ecac6a679	70	2	0
bbf48024-2c39-4923-b285-227ecac6a679	70	3	0
bbf48024-2c39-4923-b285-227ecac6a679	70	4	0
bbf48024-2c39-4923-b285-227ecac6a679	70	5	0
bbf48024-2c39-4923-b285-227ecac6a679	70	6	0
bbf48024-2c39-4923-b285-227ecac6a679	70	7	0
bbf48024-2c39-4923-b285-227ecac6a679	70	8	0
bbf48024-2c39-4923-b285-227ecac6a679	70	9	0
bbf48024-2c39-4923-b285-227ecac6a679	71	0	2
bbf48024-2c39-4923-b285-227ecac6a679	71	1	0
bbf48024-2c39-4923-b285-227ecac6a679	71	2	0
bbf48024-2c39-4923-b285-227ecac6a679	71	3	0
bbf48024-2c39-4923-b285-227ecac6a679	71	4	0
bbf48024-2c39-4923-b285-227ecac6a679	71	5	0
bbf48024-2c39-4923-b285-227ecac6a679	71	6	0
bbf48024-2c39-4923-b285-227ecac6a679	71	7	0
bbf48024-2c39-4923-b285-227ecac6a679	71	8	0
bbf48024-2c39-4923-b285-227ecac6a679	71	9	0
bbf48024-2c39-4923-b285-227ecac6a679	72	0	1
bbf48024-2c39-4923-b285-227ecac6a679	72	1	0
bbf48024-2c39-4923-b285-227ecac6a679	72	2	0
bbf48024-2c39-4923-b285-227ecac6a679	72	3	0
bbf48024-2c39-4923-b285-227ecac6a679	72	4	0
bbf48024-2c39-4923-b285-227ecac6a679	72	5	0
bbf48024-2c39-4923-b285-227ecac6a679	72	6	0
bbf48024-2c39-4923-b285-227ecac6a679	72	7	0
bbf48024-2c39-4923-b285-227ecac6a679	72	8	0
bbf48024-2c39-4923-b285-227ecac6a679	72	9	0
bbf48024-2c39-4923-b285-227ecac6a679	73	0	2
bbf48024-2c39-4923-b285-227ecac6a679	73	1	0
bbf48024-2c39-4923-b285-227ecac6a679	73	2	0
bbf48024-2c39-4923-b285-227ecac6a679	73	3	0
bbf48024-2c39-4923-b285-227ecac6a679	73	4	0
bbf48024-2c39-4923-b285-227ecac6a679	73	5	0
bbf48024-2c39-4923-b285-227ecac6a679	73	6	0
bbf48024-2c39-4923-b285-227ecac6a679	73	7	0
bbf48024-2c39-4923-b285-227ecac6a679	73	8	0
bbf48024-2c39-4923-b285-227ecac6a679	73	9	0
bbf48024-2c39-4923-b285-227ecac6a679	74	0	2
bbf48024-2c39-4923-b285-227ecac6a679	74	1	0
bbf48024-2c39-4923-b285-227ecac6a679	74	2	0
bbf48024-2c39-4923-b285-227ecac6a679	74	3	0
bbf48024-2c39-4923-b285-227ecac6a679	74	4	0
bbf48024-2c39-4923-b285-227ecac6a679	74	5	0
bbf48024-2c39-4923-b285-227ecac6a679	74	6	0
bbf48024-2c39-4923-b285-227ecac6a679	74	7	0
bbf48024-2c39-4923-b285-227ecac6a679	74	8	0
bbf48024-2c39-4923-b285-227ecac6a679	74	9	0
bbf48024-2c39-4923-b285-227ecac6a679	75	0	3
bbf48024-2c39-4923-b285-227ecac6a679	75	1	0
bbf48024-2c39-4923-b285-227ecac6a679	75	2	0
bbf48024-2c39-4923-b285-227ecac6a679	75	3	0
bbf48024-2c39-4923-b285-227ecac6a679	75	4	0
bbf48024-2c39-4923-b285-227ecac6a679	75	5	0
bbf48024-2c39-4923-b285-227ecac6a679	75	6	0
bbf48024-2c39-4923-b285-227ecac6a679	75	7	0
bbf48024-2c39-4923-b285-227ecac6a679	75	8	0
bbf48024-2c39-4923-b285-227ecac6a679	75	9	0
bbf48024-2c39-4923-b285-227ecac6a679	76	0	2
bbf48024-2c39-4923-b285-227ecac6a679	76	1	0
bbf48024-2c39-4923-b285-227ecac6a679	76	2	0
bbf48024-2c39-4923-b285-227ecac6a679	76	3	0
bbf48024-2c39-4923-b285-227ecac6a679	76	4	0
bbf48024-2c39-4923-b285-227ecac6a679	76	5	0
bbf48024-2c39-4923-b285-227ecac6a679	76	6	0
bbf48024-2c39-4923-b285-227ecac6a679	76	7	0
bbf48024-2c39-4923-b285-227ecac6a679	76	8	0
bbf48024-2c39-4923-b285-227ecac6a679	76	9	0
bbf48024-2c39-4923-b285-227ecac6a679	77	0	2
bbf48024-2c39-4923-b285-227ecac6a679	77	1	0
bbf48024-2c39-4923-b285-227ecac6a679	77	2	0
bbf48024-2c39-4923-b285-227ecac6a679	77	3	0
bbf48024-2c39-4923-b285-227ecac6a679	77	4	0
bbf48024-2c39-4923-b285-227ecac6a679	77	5	0
bbf48024-2c39-4923-b285-227ecac6a679	77	6	0
bbf48024-2c39-4923-b285-227ecac6a679	77	7	0
bbf48024-2c39-4923-b285-227ecac6a679	77	8	0
bbf48024-2c39-4923-b285-227ecac6a679	77	9	0
bbf48024-2c39-4923-b285-227ecac6a679	78	0	2
bbf48024-2c39-4923-b285-227ecac6a679	78	1	0
bbf48024-2c39-4923-b285-227ecac6a679	78	2	0
bbf48024-2c39-4923-b285-227ecac6a679	78	3	0
bbf48024-2c39-4923-b285-227ecac6a679	78	4	0
bbf48024-2c39-4923-b285-227ecac6a679	78	5	0
bbf48024-2c39-4923-b285-227ecac6a679	78	6	0
bbf48024-2c39-4923-b285-227ecac6a679	78	7	0
bbf48024-2c39-4923-b285-227ecac6a679	78	8	0
bbf48024-2c39-4923-b285-227ecac6a679	78	9	0
bbf48024-2c39-4923-b285-227ecac6a679	79	0	2
bbf48024-2c39-4923-b285-227ecac6a679	79	1	0
bbf48024-2c39-4923-b285-227ecac6a679	79	2	0
bbf48024-2c39-4923-b285-227ecac6a679	79	3	0
bbf48024-2c39-4923-b285-227ecac6a679	79	4	0
bbf48024-2c39-4923-b285-227ecac6a679	79	5	0
bbf48024-2c39-4923-b285-227ecac6a679	79	6	0
bbf48024-2c39-4923-b285-227ecac6a679	79	7	0
bbf48024-2c39-4923-b285-227ecac6a679	79	8	0
bbf48024-2c39-4923-b285-227ecac6a679	79	9	0
bbf48024-2c39-4923-b285-227ecac6a679	80	0	2
bbf48024-2c39-4923-b285-227ecac6a679	80	1	0
bbf48024-2c39-4923-b285-227ecac6a679	80	2	0
bbf48024-2c39-4923-b285-227ecac6a679	80	3	0
bbf48024-2c39-4923-b285-227ecac6a679	80	4	0
bbf48024-2c39-4923-b285-227ecac6a679	80	5	0
bbf48024-2c39-4923-b285-227ecac6a679	80	6	0
bbf48024-2c39-4923-b285-227ecac6a679	80	7	0
bbf48024-2c39-4923-b285-227ecac6a679	80	8	0
bbf48024-2c39-4923-b285-227ecac6a679	80	9	0
bbf48024-2c39-4923-b285-227ecac6a679	81	0	2
bbf48024-2c39-4923-b285-227ecac6a679	81	1	0
bbf48024-2c39-4923-b285-227ecac6a679	81	2	0
bbf48024-2c39-4923-b285-227ecac6a679	81	3	0
bbf48024-2c39-4923-b285-227ecac6a679	81	4	0
bbf48024-2c39-4923-b285-227ecac6a679	81	5	0
bbf48024-2c39-4923-b285-227ecac6a679	81	6	0
bbf48024-2c39-4923-b285-227ecac6a679	81	7	0
bbf48024-2c39-4923-b285-227ecac6a679	81	8	0
bbf48024-2c39-4923-b285-227ecac6a679	81	9	0
bbf48024-2c39-4923-b285-227ecac6a679	82	0	1
bbf48024-2c39-4923-b285-227ecac6a679	82	1	0
bbf48024-2c39-4923-b285-227ecac6a679	82	2	0
bbf48024-2c39-4923-b285-227ecac6a679	82	3	0
bbf48024-2c39-4923-b285-227ecac6a679	82	4	0
bbf48024-2c39-4923-b285-227ecac6a679	82	5	0
bbf48024-2c39-4923-b285-227ecac6a679	82	6	0
bbf48024-2c39-4923-b285-227ecac6a679	82	7	0
bbf48024-2c39-4923-b285-227ecac6a679	82	8	0
bbf48024-2c39-4923-b285-227ecac6a679	82	9	0
bbf48024-2c39-4923-b285-227ecac6a679	83	0	3
bbf48024-2c39-4923-b285-227ecac6a679	83	1	0
bbf48024-2c39-4923-b285-227ecac6a679	83	2	0
bbf48024-2c39-4923-b285-227ecac6a679	83	3	0
bbf48024-2c39-4923-b285-227ecac6a679	83	4	0
bbf48024-2c39-4923-b285-227ecac6a679	83	5	0
bbf48024-2c39-4923-b285-227ecac6a679	83	6	0
bbf48024-2c39-4923-b285-227ecac6a679	83	7	0
bbf48024-2c39-4923-b285-227ecac6a679	83	8	0
bbf48024-2c39-4923-b285-227ecac6a679	83	9	0
bbf48024-2c39-4923-b285-227ecac6a679	84	0	2
bbf48024-2c39-4923-b285-227ecac6a679	84	1	0
bbf48024-2c39-4923-b285-227ecac6a679	84	2	0
bbf48024-2c39-4923-b285-227ecac6a679	84	3	0
bbf48024-2c39-4923-b285-227ecac6a679	84	4	0
bbf48024-2c39-4923-b285-227ecac6a679	84	5	0
bbf48024-2c39-4923-b285-227ecac6a679	84	6	0
bbf48024-2c39-4923-b285-227ecac6a679	84	7	0
bbf48024-2c39-4923-b285-227ecac6a679	84	8	0
bbf48024-2c39-4923-b285-227ecac6a679	84	9	0
bbf48024-2c39-4923-b285-227ecac6a679	85	0	2
bbf48024-2c39-4923-b285-227ecac6a679	85	1	0
bbf48024-2c39-4923-b285-227ecac6a679	85	2	0
bbf48024-2c39-4923-b285-227ecac6a679	85	3	0
bbf48024-2c39-4923-b285-227ecac6a679	85	4	0
bbf48024-2c39-4923-b285-227ecac6a679	85	5	0
bbf48024-2c39-4923-b285-227ecac6a679	85	6	0
bbf48024-2c39-4923-b285-227ecac6a679	85	7	0
bbf48024-2c39-4923-b285-227ecac6a679	85	8	0
bbf48024-2c39-4923-b285-227ecac6a679	85	9	0
bbf48024-2c39-4923-b285-227ecac6a679	86	0	2
bbf48024-2c39-4923-b285-227ecac6a679	86	1	0
bbf48024-2c39-4923-b285-227ecac6a679	86	2	0
bbf48024-2c39-4923-b285-227ecac6a679	86	3	0
bbf48024-2c39-4923-b285-227ecac6a679	86	4	0
bbf48024-2c39-4923-b285-227ecac6a679	86	5	0
bbf48024-2c39-4923-b285-227ecac6a679	86	6	0
bbf48024-2c39-4923-b285-227ecac6a679	86	7	0
bbf48024-2c39-4923-b285-227ecac6a679	86	8	0
bbf48024-2c39-4923-b285-227ecac6a679	86	9	0
bbf48024-2c39-4923-b285-227ecac6a679	87	0	2
bbf48024-2c39-4923-b285-227ecac6a679	87	1	0
bbf48024-2c39-4923-b285-227ecac6a679	87	2	0
bbf48024-2c39-4923-b285-227ecac6a679	87	3	0
bbf48024-2c39-4923-b285-227ecac6a679	87	4	0
bbf48024-2c39-4923-b285-227ecac6a679	87	5	0
bbf48024-2c39-4923-b285-227ecac6a679	87	6	0
bbf48024-2c39-4923-b285-227ecac6a679	87	7	0
bbf48024-2c39-4923-b285-227ecac6a679	87	8	0
bbf48024-2c39-4923-b285-227ecac6a679	87	9	0
c6181b5d-ce94-4c42-87ff-cd86f32854e0	2	8	2
c6181b5d-ce94-4c42-87ff-cd86f32854e0	3	8	2
c6181b5d-ce94-4c42-87ff-cd86f32854e0	4	5	2
c6181b5d-ce94-4c42-87ff-cd86f32854e0	4	8	2
c6181b5d-ce94-4c42-87ff-cd86f32854e0	5	5	1
c6181b5d-ce94-4c42-87ff-cd86f32854e0	5	8	2
c6181b5d-ce94-4c42-87ff-cd86f32854e0	6	5	3
c6181b5d-ce94-4c42-87ff-cd86f32854e0	6	8	2
c6181b5d-ce94-4c42-87ff-cd86f32854e0	7	5	2
c6181b5d-ce94-4c42-87ff-cd86f32854e0	7	8	2
c6181b5d-ce94-4c42-87ff-cd86f32854e0	8	5	2
c6181b5d-ce94-4c42-87ff-cd86f32854e0	8	8	3
c6181b5d-ce94-4c42-87ff-cd86f32854e0	9	0	2
c6181b5d-ce94-4c42-87ff-cd86f32854e0	9	5	2
c6181b5d-ce94-4c42-87ff-cd86f32854e0	9	8	2
c6181b5d-ce94-4c42-87ff-cd86f32854e0	10	0	2
c6181b5d-ce94-4c42-87ff-cd86f32854e0	10	5	3
c6181b5d-ce94-4c42-87ff-cd86f32854e0	10	8	2
c6181b5d-ce94-4c42-87ff-cd86f32854e0	11	0	2
c6181b5d-ce94-4c42-87ff-cd86f32854e0	11	5	2
c6181b5d-ce94-4c42-87ff-cd86f32854e0	11	8	2
c6181b5d-ce94-4c42-87ff-cd86f32854e0	12	0	2
c6181b5d-ce94-4c42-87ff-cd86f32854e0	12	5	2
c6181b5d-ce94-4c42-87ff-cd86f32854e0	12	8	2
c6181b5d-ce94-4c42-87ff-cd86f32854e0	13	0	2
c6181b5d-ce94-4c42-87ff-cd86f32854e0	13	5	2
c6181b5d-ce94-4c42-87ff-cd86f32854e0	13	8	1
c6181b5d-ce94-4c42-87ff-cd86f32854e0	14	0	2
c6181b5d-ce94-4c42-87ff-cd86f32854e0	14	5	2
c6181b5d-ce94-4c42-87ff-cd86f32854e0	14	8	3
c6181b5d-ce94-4c42-87ff-cd86f32854e0	15	0	1
c6181b5d-ce94-4c42-87ff-cd86f32854e0	15	5	3
c6181b5d-ce94-4c42-87ff-cd86f32854e0	15	8	3
c6181b5d-ce94-4c42-87ff-cd86f32854e0	16	0	2
c6181b5d-ce94-4c42-87ff-cd86f32854e0	16	5	2
c6181b5d-ce94-4c42-87ff-cd86f32854e0	16	8	2
c6181b5d-ce94-4c42-87ff-cd86f32854e0	17	0	2
c6181b5d-ce94-4c42-87ff-cd86f32854e0	17	5	2
c6181b5d-ce94-4c42-87ff-cd86f32854e0	17	8	2
c6181b5d-ce94-4c42-87ff-cd86f32854e0	18	0	2
c6181b5d-ce94-4c42-87ff-cd86f32854e0	18	5	2
c6181b5d-ce94-4c42-87ff-cd86f32854e0	18	6	2
c6181b5d-ce94-4c42-87ff-cd86f32854e0	18	8	2
c6181b5d-ce94-4c42-87ff-cd86f32854e0	19	0	2
c6181b5d-ce94-4c42-87ff-cd86f32854e0	19	3	2
c6181b5d-ce94-4c42-87ff-cd86f32854e0	19	5	2
c6181b5d-ce94-4c42-87ff-cd86f32854e0	19	6	2
c6181b5d-ce94-4c42-87ff-cd86f32854e0	19	8	3
c6181b5d-ce94-4c42-87ff-cd86f32854e0	20	0	2
c6181b5d-ce94-4c42-87ff-cd86f32854e0	20	3	2
c6181b5d-ce94-4c42-87ff-cd86f32854e0	20	4	2
c6181b5d-ce94-4c42-87ff-cd86f32854e0	20	5	2
c6181b5d-ce94-4c42-87ff-cd86f32854e0	20	6	2
c6181b5d-ce94-4c42-87ff-cd86f32854e0	20	8	1
c6181b5d-ce94-4c42-87ff-cd86f32854e0	20	9	2
c6181b5d-ce94-4c42-87ff-cd86f32854e0	21	0	2
c6181b5d-ce94-4c42-87ff-cd86f32854e0	21	3	2
c6181b5d-ce94-4c42-87ff-cd86f32854e0	21	4	2
c6181b5d-ce94-4c42-87ff-cd86f32854e0	21	5	2
c6181b5d-ce94-4c42-87ff-cd86f32854e0	21	6	2
c6181b5d-ce94-4c42-87ff-cd86f32854e0	21	8	2
c6181b5d-ce94-4c42-87ff-cd86f32854e0	21	9	2
c6181b5d-ce94-4c42-87ff-cd86f32854e0	22	0	2
c6181b5d-ce94-4c42-87ff-cd86f32854e0	22	3	2
c6181b5d-ce94-4c42-87ff-cd86f32854e0	22	4	2
c6181b5d-ce94-4c42-87ff-cd86f32854e0	22	5	2
c6181b5d-ce94-4c42-87ff-cd86f32854e0	22	6	2
c6181b5d-ce94-4c42-87ff-cd86f32854e0	22	8	2
c6181b5d-ce94-4c42-87ff-cd86f32854e0	22	9	1
c6181b5d-ce94-4c42-87ff-cd86f32854e0	23	0	2
c6181b5d-ce94-4c42-87ff-cd86f32854e0	23	3	2
c6181b5d-ce94-4c42-87ff-cd86f32854e0	23	4	2
c6181b5d-ce94-4c42-87ff-cd86f32854e0	23	5	1
c6181b5d-ce94-4c42-87ff-cd86f32854e0	23	6	3
c6181b5d-ce94-4c42-87ff-cd86f32854e0	23	8	0
c6181b5d-ce94-4c42-87ff-cd86f32854e0	23	9	3
c6181b5d-ce94-4c42-87ff-cd86f32854e0	24	0	2
c6181b5d-ce94-4c42-87ff-cd86f32854e0	24	3	2
c6181b5d-ce94-4c42-87ff-cd86f32854e0	24	4	2
c6181b5d-ce94-4c42-87ff-cd86f32854e0	24	5	2
c6181b5d-ce94-4c42-87ff-cd86f32854e0	24	6	2
c6181b5d-ce94-4c42-87ff-cd86f32854e0	24	8	0
c6181b5d-ce94-4c42-87ff-cd86f32854e0	24	9	3
c6181b5d-ce94-4c42-87ff-cd86f32854e0	25	0	2
c6181b5d-ce94-4c42-87ff-cd86f32854e0	25	3	2
c6181b5d-ce94-4c42-87ff-cd86f32854e0	25	4	2
c6181b5d-ce94-4c42-87ff-cd86f32854e0	25	5	4
c6181b5d-ce94-4c42-87ff-cd86f32854e0	25	6	2
c6181b5d-ce94-4c42-87ff-cd86f32854e0	25	8	0
c6181b5d-ce94-4c42-87ff-cd86f32854e0	25	9	1
c6181b5d-ce94-4c42-87ff-cd86f32854e0	26	0	2
c6181b5d-ce94-4c42-87ff-cd86f32854e0	26	3	1
c6181b5d-ce94-4c42-87ff-cd86f32854e0	26	4	2
c6181b5d-ce94-4c42-87ff-cd86f32854e0	26	5	4
c6181b5d-ce94-4c42-87ff-cd86f32854e0	26	6	2
c6181b5d-ce94-4c42-87ff-cd86f32854e0	26	8	0
c6181b5d-ce94-4c42-87ff-cd86f32854e0	26	9	2
c6181b5d-ce94-4c42-87ff-cd86f32854e0	27	0	3
c6181b5d-ce94-4c42-87ff-cd86f32854e0	27	3	3
c6181b5d-ce94-4c42-87ff-cd86f32854e0	27	4	2
c6181b5d-ce94-4c42-87ff-cd86f32854e0	27	5	3
c6181b5d-ce94-4c42-87ff-cd86f32854e0	27	6	2
c6181b5d-ce94-4c42-87ff-cd86f32854e0	27	7	2
c6181b5d-ce94-4c42-87ff-cd86f32854e0	27	8	0
c6181b5d-ce94-4c42-87ff-cd86f32854e0	27	9	2
c6181b5d-ce94-4c42-87ff-cd86f32854e0	28	0	2
c6181b5d-ce94-4c42-87ff-cd86f32854e0	28	3	2
c6181b5d-ce94-4c42-87ff-cd86f32854e0	28	4	2
c6181b5d-ce94-4c42-87ff-cd86f32854e0	28	5	1
c6181b5d-ce94-4c42-87ff-cd86f32854e0	28	6	3
c6181b5d-ce94-4c42-87ff-cd86f32854e0	28	7	2
c6181b5d-ce94-4c42-87ff-cd86f32854e0	28	8	0
c6181b5d-ce94-4c42-87ff-cd86f32854e0	28	9	2
c6181b5d-ce94-4c42-87ff-cd86f32854e0	29	0	2
c6181b5d-ce94-4c42-87ff-cd86f32854e0	29	3	2
c6181b5d-ce94-4c42-87ff-cd86f32854e0	29	4	2
c6181b5d-ce94-4c42-87ff-cd86f32854e0	29	5	2
c6181b5d-ce94-4c42-87ff-cd86f32854e0	29	6	2
c6181b5d-ce94-4c42-87ff-cd86f32854e0	29	7	2
c6181b5d-ce94-4c42-87ff-cd86f32854e0	29	8	0
c6181b5d-ce94-4c42-87ff-cd86f32854e0	29	9	1
c6181b5d-ce94-4c42-87ff-cd86f32854e0	30	0	2
c6181b5d-ce94-4c42-87ff-cd86f32854e0	30	3	2
c6181b5d-ce94-4c42-87ff-cd86f32854e0	30	4	2
c6181b5d-ce94-4c42-87ff-cd86f32854e0	30	5	2
c6181b5d-ce94-4c42-87ff-cd86f32854e0	30	6	2
c6181b5d-ce94-4c42-87ff-cd86f32854e0	30	7	2
c6181b5d-ce94-4c42-87ff-cd86f32854e0	30	8	0
c6181b5d-ce94-4c42-87ff-cd86f32854e0	30	9	3
c6181b5d-ce94-4c42-87ff-cd86f32854e0	31	0	2
c6181b5d-ce94-4c42-87ff-cd86f32854e0	31	3	2
c6181b5d-ce94-4c42-87ff-cd86f32854e0	31	4	0
c6181b5d-ce94-4c42-87ff-cd86f32854e0	31	5	2
c6181b5d-ce94-4c42-87ff-cd86f32854e0	31	6	2
c6181b5d-ce94-4c42-87ff-cd86f32854e0	31	7	2
c6181b5d-ce94-4c42-87ff-cd86f32854e0	31	8	0
c6181b5d-ce94-4c42-87ff-cd86f32854e0	31	9	2
c6181b5d-ce94-4c42-87ff-cd86f32854e0	32	0	2
c6181b5d-ce94-4c42-87ff-cd86f32854e0	32	3	2
c6181b5d-ce94-4c42-87ff-cd86f32854e0	32	4	0
c6181b5d-ce94-4c42-87ff-cd86f32854e0	32	5	2
c6181b5d-ce94-4c42-87ff-cd86f32854e0	32	6	2
c6181b5d-ce94-4c42-87ff-cd86f32854e0	32	7	2
c6181b5d-ce94-4c42-87ff-cd86f32854e0	32	8	0
c6181b5d-ce94-4c42-87ff-cd86f32854e0	32	9	2
c6181b5d-ce94-4c42-87ff-cd86f32854e0	33	0	3
c6181b5d-ce94-4c42-87ff-cd86f32854e0	33	3	1
c6181b5d-ce94-4c42-87ff-cd86f32854e0	33	4	0
c6181b5d-ce94-4c42-87ff-cd86f32854e0	33	5	2
c6181b5d-ce94-4c42-87ff-cd86f32854e0	33	6	2
c6181b5d-ce94-4c42-87ff-cd86f32854e0	33	7	2
c6181b5d-ce94-4c42-87ff-cd86f32854e0	33	8	0
c6181b5d-ce94-4c42-87ff-cd86f32854e0	33	9	2
c6181b5d-ce94-4c42-87ff-cd86f32854e0	34	0	2
c6181b5d-ce94-4c42-87ff-cd86f32854e0	34	3	2
c6181b5d-ce94-4c42-87ff-cd86f32854e0	34	4	0
c6181b5d-ce94-4c42-87ff-cd86f32854e0	34	5	2
c6181b5d-ce94-4c42-87ff-cd86f32854e0	34	6	2
c6181b5d-ce94-4c42-87ff-cd86f32854e0	34	7	2
c6181b5d-ce94-4c42-87ff-cd86f32854e0	34	8	0
c6181b5d-ce94-4c42-87ff-cd86f32854e0	34	9	2
c6181b5d-ce94-4c42-87ff-cd86f32854e0	35	0	2
c6181b5d-ce94-4c42-87ff-cd86f32854e0	35	3	2
c6181b5d-ce94-4c42-87ff-cd86f32854e0	35	4	0
c6181b5d-ce94-4c42-87ff-cd86f32854e0	35	5	2
c6181b5d-ce94-4c42-87ff-cd86f32854e0	35	6	2
c6181b5d-ce94-4c42-87ff-cd86f32854e0	35	7	2
c6181b5d-ce94-4c42-87ff-cd86f32854e0	35	8	0
c6181b5d-ce94-4c42-87ff-cd86f32854e0	35	9	2
c6181b5d-ce94-4c42-87ff-cd86f32854e0	36	0	2
c6181b5d-ce94-4c42-87ff-cd86f32854e0	36	1	2
c6181b5d-ce94-4c42-87ff-cd86f32854e0	36	3	2
c6181b5d-ce94-4c42-87ff-cd86f32854e0	36	4	0
c6181b5d-ce94-4c42-87ff-cd86f32854e0	36	5	2
c6181b5d-ce94-4c42-87ff-cd86f32854e0	36	6	2
c6181b5d-ce94-4c42-87ff-cd86f32854e0	36	7	2
c6181b5d-ce94-4c42-87ff-cd86f32854e0	36	8	0
c6181b5d-ce94-4c42-87ff-cd86f32854e0	36	9	1
c6181b5d-ce94-4c42-87ff-cd86f32854e0	37	0	2
c6181b5d-ce94-4c42-87ff-cd86f32854e0	37	1	2
c6181b5d-ce94-4c42-87ff-cd86f32854e0	37	3	2
c6181b5d-ce94-4c42-87ff-cd86f32854e0	37	4	0
c6181b5d-ce94-4c42-87ff-cd86f32854e0	37	5	2
c6181b5d-ce94-4c42-87ff-cd86f32854e0	37	6	2
c6181b5d-ce94-4c42-87ff-cd86f32854e0	37	7	2
c6181b5d-ce94-4c42-87ff-cd86f32854e0	37	8	0
c6181b5d-ce94-4c42-87ff-cd86f32854e0	37	9	2
c6181b5d-ce94-4c42-87ff-cd86f32854e0	38	0	2
c6181b5d-ce94-4c42-87ff-cd86f32854e0	38	1	2
c6181b5d-ce94-4c42-87ff-cd86f32854e0	38	3	2
c6181b5d-ce94-4c42-87ff-cd86f32854e0	38	4	0
c6181b5d-ce94-4c42-87ff-cd86f32854e0	38	5	3
c6181b5d-ce94-4c42-87ff-cd86f32854e0	38	6	3
c6181b5d-ce94-4c42-87ff-cd86f32854e0	38	7	2
c6181b5d-ce94-4c42-87ff-cd86f32854e0	38	8	0
c6181b5d-ce94-4c42-87ff-cd86f32854e0	38	9	2
c6181b5d-ce94-4c42-87ff-cd86f32854e0	39	0	2
c6181b5d-ce94-4c42-87ff-cd86f32854e0	39	1	3
c6181b5d-ce94-4c42-87ff-cd86f32854e0	39	3	0
c6181b5d-ce94-4c42-87ff-cd86f32854e0	39	4	0
c6181b5d-ce94-4c42-87ff-cd86f32854e0	39	5	2
c6181b5d-ce94-4c42-87ff-cd86f32854e0	39	6	2
c6181b5d-ce94-4c42-87ff-cd86f32854e0	39	7	2
c6181b5d-ce94-4c42-87ff-cd86f32854e0	39	8	0
c6181b5d-ce94-4c42-87ff-cd86f32854e0	39	9	2
c6181b5d-ce94-4c42-87ff-cd86f32854e0	40	0	1
c6181b5d-ce94-4c42-87ff-cd86f32854e0	40	1	1
c6181b5d-ce94-4c42-87ff-cd86f32854e0	40	3	0
c6181b5d-ce94-4c42-87ff-cd86f32854e0	40	4	0
c6181b5d-ce94-4c42-87ff-cd86f32854e0	40	5	2
c6181b5d-ce94-4c42-87ff-cd86f32854e0	40	6	2
c6181b5d-ce94-4c42-87ff-cd86f32854e0	40	7	2
c6181b5d-ce94-4c42-87ff-cd86f32854e0	40	8	0
c6181b5d-ce94-4c42-87ff-cd86f32854e0	40	9	2
c6181b5d-ce94-4c42-87ff-cd86f32854e0	41	0	3
c6181b5d-ce94-4c42-87ff-cd86f32854e0	41	1	2
c6181b5d-ce94-4c42-87ff-cd86f32854e0	41	3	0
c6181b5d-ce94-4c42-87ff-cd86f32854e0	41	4	0
c6181b5d-ce94-4c42-87ff-cd86f32854e0	41	5	2
c6181b5d-ce94-4c42-87ff-cd86f32854e0	41	6	2
c6181b5d-ce94-4c42-87ff-cd86f32854e0	41	7	2
c6181b5d-ce94-4c42-87ff-cd86f32854e0	41	8	0
c6181b5d-ce94-4c42-87ff-cd86f32854e0	41	9	2
c6181b5d-ce94-4c42-87ff-cd86f32854e0	42	0	3
c6181b5d-ce94-4c42-87ff-cd86f32854e0	42	1	3
c6181b5d-ce94-4c42-87ff-cd86f32854e0	42	3	0
c6181b5d-ce94-4c42-87ff-cd86f32854e0	42	4	0
c6181b5d-ce94-4c42-87ff-cd86f32854e0	42	5	2
c6181b5d-ce94-4c42-87ff-cd86f32854e0	42	6	1
c6181b5d-ce94-4c42-87ff-cd86f32854e0	42	7	2
c6181b5d-ce94-4c42-87ff-cd86f32854e0	42	8	0
c6181b5d-ce94-4c42-87ff-cd86f32854e0	42	9	0
c6181b5d-ce94-4c42-87ff-cd86f32854e0	43	0	1
c6181b5d-ce94-4c42-87ff-cd86f32854e0	43	1	2
c6181b5d-ce94-4c42-87ff-cd86f32854e0	43	2	2
c6181b5d-ce94-4c42-87ff-cd86f32854e0	43	3	0
c6181b5d-ce94-4c42-87ff-cd86f32854e0	43	4	0
c6181b5d-ce94-4c42-87ff-cd86f32854e0	43	5	3
c6181b5d-ce94-4c42-87ff-cd86f32854e0	43	6	2
c6181b5d-ce94-4c42-87ff-cd86f32854e0	43	7	3
c6181b5d-ce94-4c42-87ff-cd86f32854e0	43	8	0
c6181b5d-ce94-4c42-87ff-cd86f32854e0	43	9	0
c6181b5d-ce94-4c42-87ff-cd86f32854e0	44	0	2
c6181b5d-ce94-4c42-87ff-cd86f32854e0	44	1	2
c6181b5d-ce94-4c42-87ff-cd86f32854e0	44	2	2
c6181b5d-ce94-4c42-87ff-cd86f32854e0	44	3	0
c6181b5d-ce94-4c42-87ff-cd86f32854e0	44	4	0
c6181b5d-ce94-4c42-87ff-cd86f32854e0	44	5	2
c6181b5d-ce94-4c42-87ff-cd86f32854e0	44	6	2
c6181b5d-ce94-4c42-87ff-cd86f32854e0	44	7	2
c6181b5d-ce94-4c42-87ff-cd86f32854e0	44	8	0
c6181b5d-ce94-4c42-87ff-cd86f32854e0	44	9	0
c6181b5d-ce94-4c42-87ff-cd86f32854e0	45	0	2
c6181b5d-ce94-4c42-87ff-cd86f32854e0	45	1	2
c6181b5d-ce94-4c42-87ff-cd86f32854e0	45	2	2
c6181b5d-ce94-4c42-87ff-cd86f32854e0	45	3	0
c6181b5d-ce94-4c42-87ff-cd86f32854e0	45	4	0
c6181b5d-ce94-4c42-87ff-cd86f32854e0	45	5	2
c6181b5d-ce94-4c42-87ff-cd86f32854e0	45	6	2
c6181b5d-ce94-4c42-87ff-cd86f32854e0	45	7	2
c6181b5d-ce94-4c42-87ff-cd86f32854e0	45	8	0
c6181b5d-ce94-4c42-87ff-cd86f32854e0	45	9	0
c6181b5d-ce94-4c42-87ff-cd86f32854e0	46	0	2
c6181b5d-ce94-4c42-87ff-cd86f32854e0	46	1	2
c6181b5d-ce94-4c42-87ff-cd86f32854e0	46	2	2
c6181b5d-ce94-4c42-87ff-cd86f32854e0	46	3	0
c6181b5d-ce94-4c42-87ff-cd86f32854e0	46	4	0
c6181b5d-ce94-4c42-87ff-cd86f32854e0	46	5	2
c6181b5d-ce94-4c42-87ff-cd86f32854e0	46	6	2
c6181b5d-ce94-4c42-87ff-cd86f32854e0	46	7	2
c6181b5d-ce94-4c42-87ff-cd86f32854e0	46	8	0
c6181b5d-ce94-4c42-87ff-cd86f32854e0	46	9	0
c6181b5d-ce94-4c42-87ff-cd86f32854e0	47	0	2
c6181b5d-ce94-4c42-87ff-cd86f32854e0	47	1	3
c6181b5d-ce94-4c42-87ff-cd86f32854e0	47	2	2
c6181b5d-ce94-4c42-87ff-cd86f32854e0	47	3	0
c6181b5d-ce94-4c42-87ff-cd86f32854e0	47	4	0
c6181b5d-ce94-4c42-87ff-cd86f32854e0	47	5	2
c6181b5d-ce94-4c42-87ff-cd86f32854e0	47	6	2
c6181b5d-ce94-4c42-87ff-cd86f32854e0	47	7	2
c6181b5d-ce94-4c42-87ff-cd86f32854e0	47	8	0
c6181b5d-ce94-4c42-87ff-cd86f32854e0	47	9	0
c6181b5d-ce94-4c42-87ff-cd86f32854e0	48	0	2
c6181b5d-ce94-4c42-87ff-cd86f32854e0	48	1	2
c6181b5d-ce94-4c42-87ff-cd86f32854e0	48	2	2
c6181b5d-ce94-4c42-87ff-cd86f32854e0	48	3	0
c6181b5d-ce94-4c42-87ff-cd86f32854e0	48	4	0
c6181b5d-ce94-4c42-87ff-cd86f32854e0	48	5	2
c6181b5d-ce94-4c42-87ff-cd86f32854e0	48	6	2
c6181b5d-ce94-4c42-87ff-cd86f32854e0	48	7	3
c6181b5d-ce94-4c42-87ff-cd86f32854e0	48	8	0
c6181b5d-ce94-4c42-87ff-cd86f32854e0	48	9	0
c6181b5d-ce94-4c42-87ff-cd86f32854e0	49	0	2
c6181b5d-ce94-4c42-87ff-cd86f32854e0	49	1	2
c6181b5d-ce94-4c42-87ff-cd86f32854e0	49	2	2
c6181b5d-ce94-4c42-87ff-cd86f32854e0	49	3	0
c6181b5d-ce94-4c42-87ff-cd86f32854e0	49	4	0
c6181b5d-ce94-4c42-87ff-cd86f32854e0	49	5	2
c6181b5d-ce94-4c42-87ff-cd86f32854e0	49	6	2
c6181b5d-ce94-4c42-87ff-cd86f32854e0	49	7	2
c6181b5d-ce94-4c42-87ff-cd86f32854e0	49	8	0
c6181b5d-ce94-4c42-87ff-cd86f32854e0	49	9	0
c6181b5d-ce94-4c42-87ff-cd86f32854e0	50	0	2
c6181b5d-ce94-4c42-87ff-cd86f32854e0	50	1	2
c6181b5d-ce94-4c42-87ff-cd86f32854e0	50	2	2
c6181b5d-ce94-4c42-87ff-cd86f32854e0	50	3	0
c6181b5d-ce94-4c42-87ff-cd86f32854e0	50	4	0
c6181b5d-ce94-4c42-87ff-cd86f32854e0	50	5	2
c6181b5d-ce94-4c42-87ff-cd86f32854e0	50	6	2
c6181b5d-ce94-4c42-87ff-cd86f32854e0	50	7	2
c6181b5d-ce94-4c42-87ff-cd86f32854e0	50	8	0
c6181b5d-ce94-4c42-87ff-cd86f32854e0	50	9	0
c6181b5d-ce94-4c42-87ff-cd86f32854e0	51	0	0
c6181b5d-ce94-4c42-87ff-cd86f32854e0	51	1	2
c6181b5d-ce94-4c42-87ff-cd86f32854e0	51	2	2
c6181b5d-ce94-4c42-87ff-cd86f32854e0	51	3	0
c6181b5d-ce94-4c42-87ff-cd86f32854e0	51	4	0
c6181b5d-ce94-4c42-87ff-cd86f32854e0	51	5	2
c6181b5d-ce94-4c42-87ff-cd86f32854e0	51	6	1
c6181b5d-ce94-4c42-87ff-cd86f32854e0	51	7	2
c6181b5d-ce94-4c42-87ff-cd86f32854e0	51	8	0
c6181b5d-ce94-4c42-87ff-cd86f32854e0	51	9	0
c6181b5d-ce94-4c42-87ff-cd86f32854e0	52	0	0
c6181b5d-ce94-4c42-87ff-cd86f32854e0	52	1	2
c6181b5d-ce94-4c42-87ff-cd86f32854e0	52	2	2
c6181b5d-ce94-4c42-87ff-cd86f32854e0	52	3	0
c6181b5d-ce94-4c42-87ff-cd86f32854e0	52	4	0
c6181b5d-ce94-4c42-87ff-cd86f32854e0	52	5	2
c6181b5d-ce94-4c42-87ff-cd86f32854e0	52	6	2
c6181b5d-ce94-4c42-87ff-cd86f32854e0	52	7	2
c6181b5d-ce94-4c42-87ff-cd86f32854e0	52	8	0
c6181b5d-ce94-4c42-87ff-cd86f32854e0	52	9	0
c6181b5d-ce94-4c42-87ff-cd86f32854e0	53	0	0
c6181b5d-ce94-4c42-87ff-cd86f32854e0	53	1	2
c6181b5d-ce94-4c42-87ff-cd86f32854e0	53	2	2
c6181b5d-ce94-4c42-87ff-cd86f32854e0	53	3	0
c6181b5d-ce94-4c42-87ff-cd86f32854e0	53	4	0
c6181b5d-ce94-4c42-87ff-cd86f32854e0	53	5	3
c6181b5d-ce94-4c42-87ff-cd86f32854e0	53	6	2
c6181b5d-ce94-4c42-87ff-cd86f32854e0	53	7	2
c6181b5d-ce94-4c42-87ff-cd86f32854e0	53	8	0
c6181b5d-ce94-4c42-87ff-cd86f32854e0	53	9	0
c6181b5d-ce94-4c42-87ff-cd86f32854e0	54	0	0
c6181b5d-ce94-4c42-87ff-cd86f32854e0	54	1	2
c6181b5d-ce94-4c42-87ff-cd86f32854e0	54	2	2
c6181b5d-ce94-4c42-87ff-cd86f32854e0	54	3	0
c6181b5d-ce94-4c42-87ff-cd86f32854e0	54	4	0
c6181b5d-ce94-4c42-87ff-cd86f32854e0	54	5	2
c6181b5d-ce94-4c42-87ff-cd86f32854e0	54	6	2
c6181b5d-ce94-4c42-87ff-cd86f32854e0	54	7	2
c6181b5d-ce94-4c42-87ff-cd86f32854e0	54	8	0
c6181b5d-ce94-4c42-87ff-cd86f32854e0	54	9	0
c6181b5d-ce94-4c42-87ff-cd86f32854e0	55	0	0
c6181b5d-ce94-4c42-87ff-cd86f32854e0	55	1	1
c6181b5d-ce94-4c42-87ff-cd86f32854e0	55	2	2
c6181b5d-ce94-4c42-87ff-cd86f32854e0	55	3	0
c6181b5d-ce94-4c42-87ff-cd86f32854e0	55	4	0
c6181b5d-ce94-4c42-87ff-cd86f32854e0	55	5	2
c6181b5d-ce94-4c42-87ff-cd86f32854e0	55	6	2
c6181b5d-ce94-4c42-87ff-cd86f32854e0	55	7	2
c6181b5d-ce94-4c42-87ff-cd86f32854e0	55	8	0
c6181b5d-ce94-4c42-87ff-cd86f32854e0	55	9	0
c6181b5d-ce94-4c42-87ff-cd86f32854e0	56	0	0
c6181b5d-ce94-4c42-87ff-cd86f32854e0	56	1	2
c6181b5d-ce94-4c42-87ff-cd86f32854e0	56	2	2
c6181b5d-ce94-4c42-87ff-cd86f32854e0	56	3	0
c6181b5d-ce94-4c42-87ff-cd86f32854e0	56	4	0
c6181b5d-ce94-4c42-87ff-cd86f32854e0	56	5	2
c6181b5d-ce94-4c42-87ff-cd86f32854e0	56	6	2
c6181b5d-ce94-4c42-87ff-cd86f32854e0	56	7	1
c6181b5d-ce94-4c42-87ff-cd86f32854e0	56	8	0
c6181b5d-ce94-4c42-87ff-cd86f32854e0	56	9	0
c6181b5d-ce94-4c42-87ff-cd86f32854e0	57	0	0
c6181b5d-ce94-4c42-87ff-cd86f32854e0	57	1	3
c6181b5d-ce94-4c42-87ff-cd86f32854e0	57	2	2
c6181b5d-ce94-4c42-87ff-cd86f32854e0	57	3	0
c6181b5d-ce94-4c42-87ff-cd86f32854e0	57	4	0
c6181b5d-ce94-4c42-87ff-cd86f32854e0	57	5	1
c6181b5d-ce94-4c42-87ff-cd86f32854e0	57	6	0
c6181b5d-ce94-4c42-87ff-cd86f32854e0	57	7	2
c6181b5d-ce94-4c42-87ff-cd86f32854e0	57	8	0
c6181b5d-ce94-4c42-87ff-cd86f32854e0	57	9	0
c6181b5d-ce94-4c42-87ff-cd86f32854e0	58	0	0
c6181b5d-ce94-4c42-87ff-cd86f32854e0	58	1	1
c6181b5d-ce94-4c42-87ff-cd86f32854e0	58	2	2
c6181b5d-ce94-4c42-87ff-cd86f32854e0	58	3	0
c6181b5d-ce94-4c42-87ff-cd86f32854e0	58	4	0
c6181b5d-ce94-4c42-87ff-cd86f32854e0	58	5	2
c6181b5d-ce94-4c42-87ff-cd86f32854e0	58	6	0
c6181b5d-ce94-4c42-87ff-cd86f32854e0	58	7	3
c6181b5d-ce94-4c42-87ff-cd86f32854e0	58	8	0
c6181b5d-ce94-4c42-87ff-cd86f32854e0	58	9	0
c6181b5d-ce94-4c42-87ff-cd86f32854e0	59	0	0
c6181b5d-ce94-4c42-87ff-cd86f32854e0	59	1	2
c6181b5d-ce94-4c42-87ff-cd86f32854e0	59	2	3
c6181b5d-ce94-4c42-87ff-cd86f32854e0	59	3	0
c6181b5d-ce94-4c42-87ff-cd86f32854e0	59	4	0
c6181b5d-ce94-4c42-87ff-cd86f32854e0	59	5	2
c6181b5d-ce94-4c42-87ff-cd86f32854e0	59	6	0
c6181b5d-ce94-4c42-87ff-cd86f32854e0	59	7	1
c6181b5d-ce94-4c42-87ff-cd86f32854e0	59	8	0
c6181b5d-ce94-4c42-87ff-cd86f32854e0	59	9	0
c6181b5d-ce94-4c42-87ff-cd86f32854e0	60	0	0
c6181b5d-ce94-4c42-87ff-cd86f32854e0	60	1	3
c6181b5d-ce94-4c42-87ff-cd86f32854e0	60	2	2
c6181b5d-ce94-4c42-87ff-cd86f32854e0	60	3	0
c6181b5d-ce94-4c42-87ff-cd86f32854e0	60	4	0
c6181b5d-ce94-4c42-87ff-cd86f32854e0	60	5	2
c6181b5d-ce94-4c42-87ff-cd86f32854e0	60	6	0
c6181b5d-ce94-4c42-87ff-cd86f32854e0	60	7	2
c6181b5d-ce94-4c42-87ff-cd86f32854e0	60	8	0
c6181b5d-ce94-4c42-87ff-cd86f32854e0	60	9	0
c6181b5d-ce94-4c42-87ff-cd86f32854e0	61	0	0
c6181b5d-ce94-4c42-87ff-cd86f32854e0	61	1	1
c6181b5d-ce94-4c42-87ff-cd86f32854e0	61	2	2
c6181b5d-ce94-4c42-87ff-cd86f32854e0	61	3	0
c6181b5d-ce94-4c42-87ff-cd86f32854e0	61	4	0
c6181b5d-ce94-4c42-87ff-cd86f32854e0	61	5	2
c6181b5d-ce94-4c42-87ff-cd86f32854e0	61	6	0
c6181b5d-ce94-4c42-87ff-cd86f32854e0	61	7	3
c6181b5d-ce94-4c42-87ff-cd86f32854e0	61	8	0
c6181b5d-ce94-4c42-87ff-cd86f32854e0	61	9	0
c6181b5d-ce94-4c42-87ff-cd86f32854e0	62	0	0
c6181b5d-ce94-4c42-87ff-cd86f32854e0	62	1	2
c6181b5d-ce94-4c42-87ff-cd86f32854e0	62	2	2
c6181b5d-ce94-4c42-87ff-cd86f32854e0	62	3	0
c6181b5d-ce94-4c42-87ff-cd86f32854e0	62	4	0
c6181b5d-ce94-4c42-87ff-cd86f32854e0	62	5	2
c6181b5d-ce94-4c42-87ff-cd86f32854e0	62	6	0
c6181b5d-ce94-4c42-87ff-cd86f32854e0	62	7	1
c6181b5d-ce94-4c42-87ff-cd86f32854e0	62	8	0
c6181b5d-ce94-4c42-87ff-cd86f32854e0	62	9	0
c6181b5d-ce94-4c42-87ff-cd86f32854e0	63	0	0
c6181b5d-ce94-4c42-87ff-cd86f32854e0	63	1	2
c6181b5d-ce94-4c42-87ff-cd86f32854e0	63	2	2
c6181b5d-ce94-4c42-87ff-cd86f32854e0	63	3	0
c6181b5d-ce94-4c42-87ff-cd86f32854e0	63	4	0
c6181b5d-ce94-4c42-87ff-cd86f32854e0	63	5	2
c6181b5d-ce94-4c42-87ff-cd86f32854e0	63	6	0
c6181b5d-ce94-4c42-87ff-cd86f32854e0	63	7	2
c6181b5d-ce94-4c42-87ff-cd86f32854e0	63	8	0
c6181b5d-ce94-4c42-87ff-cd86f32854e0	63	9	0
c6181b5d-ce94-4c42-87ff-cd86f32854e0	64	0	0
c6181b5d-ce94-4c42-87ff-cd86f32854e0	64	1	0
c6181b5d-ce94-4c42-87ff-cd86f32854e0	64	2	3
c6181b5d-ce94-4c42-87ff-cd86f32854e0	64	3	0
c6181b5d-ce94-4c42-87ff-cd86f32854e0	64	4	0
c6181b5d-ce94-4c42-87ff-cd86f32854e0	64	5	2
c6181b5d-ce94-4c42-87ff-cd86f32854e0	64	6	0
c6181b5d-ce94-4c42-87ff-cd86f32854e0	64	7	2
c6181b5d-ce94-4c42-87ff-cd86f32854e0	64	8	0
c6181b5d-ce94-4c42-87ff-cd86f32854e0	64	9	0
c6181b5d-ce94-4c42-87ff-cd86f32854e0	65	0	0
c6181b5d-ce94-4c42-87ff-cd86f32854e0	65	1	0
c6181b5d-ce94-4c42-87ff-cd86f32854e0	65	2	2
c6181b5d-ce94-4c42-87ff-cd86f32854e0	65	3	0
c6181b5d-ce94-4c42-87ff-cd86f32854e0	65	4	0
c6181b5d-ce94-4c42-87ff-cd86f32854e0	65	5	1
c6181b5d-ce94-4c42-87ff-cd86f32854e0	65	6	0
c6181b5d-ce94-4c42-87ff-cd86f32854e0	65	7	0
c6181b5d-ce94-4c42-87ff-cd86f32854e0	65	8	0
c6181b5d-ce94-4c42-87ff-cd86f32854e0	65	9	0
c6181b5d-ce94-4c42-87ff-cd86f32854e0	66	0	0
c6181b5d-ce94-4c42-87ff-cd86f32854e0	66	1	0
c6181b5d-ce94-4c42-87ff-cd86f32854e0	66	2	2
c6181b5d-ce94-4c42-87ff-cd86f32854e0	66	3	0
c6181b5d-ce94-4c42-87ff-cd86f32854e0	66	4	0
c6181b5d-ce94-4c42-87ff-cd86f32854e0	66	5	2
c6181b5d-ce94-4c42-87ff-cd86f32854e0	66	6	0
c6181b5d-ce94-4c42-87ff-cd86f32854e0	66	7	0
c6181b5d-ce94-4c42-87ff-cd86f32854e0	66	8	0
c6181b5d-ce94-4c42-87ff-cd86f32854e0	66	9	0
c6181b5d-ce94-4c42-87ff-cd86f32854e0	67	0	0
c6181b5d-ce94-4c42-87ff-cd86f32854e0	67	1	0
c6181b5d-ce94-4c42-87ff-cd86f32854e0	67	2	2
c6181b5d-ce94-4c42-87ff-cd86f32854e0	67	3	0
c6181b5d-ce94-4c42-87ff-cd86f32854e0	67	4	0
c6181b5d-ce94-4c42-87ff-cd86f32854e0	67	5	2
c6181b5d-ce94-4c42-87ff-cd86f32854e0	67	6	0
c6181b5d-ce94-4c42-87ff-cd86f32854e0	67	7	0
c6181b5d-ce94-4c42-87ff-cd86f32854e0	67	8	0
c6181b5d-ce94-4c42-87ff-cd86f32854e0	67	9	0
c6181b5d-ce94-4c42-87ff-cd86f32854e0	68	0	0
c6181b5d-ce94-4c42-87ff-cd86f32854e0	68	1	0
c6181b5d-ce94-4c42-87ff-cd86f32854e0	68	2	2
c6181b5d-ce94-4c42-87ff-cd86f32854e0	68	3	0
c6181b5d-ce94-4c42-87ff-cd86f32854e0	68	4	0
c6181b5d-ce94-4c42-87ff-cd86f32854e0	68	5	2
c6181b5d-ce94-4c42-87ff-cd86f32854e0	68	6	0
c6181b5d-ce94-4c42-87ff-cd86f32854e0	68	7	0
c6181b5d-ce94-4c42-87ff-cd86f32854e0	68	8	0
c6181b5d-ce94-4c42-87ff-cd86f32854e0	68	9	0
c6181b5d-ce94-4c42-87ff-cd86f32854e0	69	0	0
c6181b5d-ce94-4c42-87ff-cd86f32854e0	69	1	0
c6181b5d-ce94-4c42-87ff-cd86f32854e0	69	2	2
c6181b5d-ce94-4c42-87ff-cd86f32854e0	69	3	0
c6181b5d-ce94-4c42-87ff-cd86f32854e0	69	4	0
c6181b5d-ce94-4c42-87ff-cd86f32854e0	69	5	2
c6181b5d-ce94-4c42-87ff-cd86f32854e0	69	6	0
c6181b5d-ce94-4c42-87ff-cd86f32854e0	69	7	0
c6181b5d-ce94-4c42-87ff-cd86f32854e0	69	8	0
c6181b5d-ce94-4c42-87ff-cd86f32854e0	69	9	0
c6181b5d-ce94-4c42-87ff-cd86f32854e0	70	0	0
c6181b5d-ce94-4c42-87ff-cd86f32854e0	70	1	0
c6181b5d-ce94-4c42-87ff-cd86f32854e0	70	2	2
c6181b5d-ce94-4c42-87ff-cd86f32854e0	70	3	0
c6181b5d-ce94-4c42-87ff-cd86f32854e0	70	4	0
c6181b5d-ce94-4c42-87ff-cd86f32854e0	70	5	2
c6181b5d-ce94-4c42-87ff-cd86f32854e0	70	6	0
c6181b5d-ce94-4c42-87ff-cd86f32854e0	70	7	0
c6181b5d-ce94-4c42-87ff-cd86f32854e0	70	8	0
c6181b5d-ce94-4c42-87ff-cd86f32854e0	70	9	0
c6181b5d-ce94-4c42-87ff-cd86f32854e0	71	0	0
c6181b5d-ce94-4c42-87ff-cd86f32854e0	71	1	0
c6181b5d-ce94-4c42-87ff-cd86f32854e0	71	2	2
c6181b5d-ce94-4c42-87ff-cd86f32854e0	71	3	0
c6181b5d-ce94-4c42-87ff-cd86f32854e0	71	4	0
c6181b5d-ce94-4c42-87ff-cd86f32854e0	71	5	0
c6181b5d-ce94-4c42-87ff-cd86f32854e0	71	6	0
c6181b5d-ce94-4c42-87ff-cd86f32854e0	71	7	0
c6181b5d-ce94-4c42-87ff-cd86f32854e0	71	8	0
c6181b5d-ce94-4c42-87ff-cd86f32854e0	71	9	0
c6181b5d-ce94-4c42-87ff-cd86f32854e0	72	0	0
c6181b5d-ce94-4c42-87ff-cd86f32854e0	72	1	0
c6181b5d-ce94-4c42-87ff-cd86f32854e0	72	2	1
c6181b5d-ce94-4c42-87ff-cd86f32854e0	72	3	0
c6181b5d-ce94-4c42-87ff-cd86f32854e0	72	4	0
c6181b5d-ce94-4c42-87ff-cd86f32854e0	72	5	0
c6181b5d-ce94-4c42-87ff-cd86f32854e0	72	6	0
c6181b5d-ce94-4c42-87ff-cd86f32854e0	72	7	0
c6181b5d-ce94-4c42-87ff-cd86f32854e0	72	8	0
c6181b5d-ce94-4c42-87ff-cd86f32854e0	72	9	0
c6181b5d-ce94-4c42-87ff-cd86f32854e0	73	0	0
c6181b5d-ce94-4c42-87ff-cd86f32854e0	73	1	0
c6181b5d-ce94-4c42-87ff-cd86f32854e0	73	2	2
c6181b5d-ce94-4c42-87ff-cd86f32854e0	73	3	0
c6181b5d-ce94-4c42-87ff-cd86f32854e0	73	4	0
c6181b5d-ce94-4c42-87ff-cd86f32854e0	73	5	0
c6181b5d-ce94-4c42-87ff-cd86f32854e0	73	6	0
c6181b5d-ce94-4c42-87ff-cd86f32854e0	73	7	0
c6181b5d-ce94-4c42-87ff-cd86f32854e0	73	8	0
c6181b5d-ce94-4c42-87ff-cd86f32854e0	73	9	0
c6181b5d-ce94-4c42-87ff-cd86f32854e0	74	0	0
c6181b5d-ce94-4c42-87ff-cd86f32854e0	74	1	0
c6181b5d-ce94-4c42-87ff-cd86f32854e0	74	2	3
c6181b5d-ce94-4c42-87ff-cd86f32854e0	74	3	0
c6181b5d-ce94-4c42-87ff-cd86f32854e0	74	4	0
c6181b5d-ce94-4c42-87ff-cd86f32854e0	74	5	0
c6181b5d-ce94-4c42-87ff-cd86f32854e0	74	6	0
c6181b5d-ce94-4c42-87ff-cd86f32854e0	74	7	0
c6181b5d-ce94-4c42-87ff-cd86f32854e0	74	8	0
c6181b5d-ce94-4c42-87ff-cd86f32854e0	74	9	0
c6181b5d-ce94-4c42-87ff-cd86f32854e0	75	0	0
c6181b5d-ce94-4c42-87ff-cd86f32854e0	75	1	0
c6181b5d-ce94-4c42-87ff-cd86f32854e0	75	2	1
c6181b5d-ce94-4c42-87ff-cd86f32854e0	75	3	0
c6181b5d-ce94-4c42-87ff-cd86f32854e0	75	4	0
c6181b5d-ce94-4c42-87ff-cd86f32854e0	75	5	0
c6181b5d-ce94-4c42-87ff-cd86f32854e0	75	6	0
c6181b5d-ce94-4c42-87ff-cd86f32854e0	75	7	0
c6181b5d-ce94-4c42-87ff-cd86f32854e0	75	8	0
c6181b5d-ce94-4c42-87ff-cd86f32854e0	75	9	0
c6181b5d-ce94-4c42-87ff-cd86f32854e0	76	0	0
c6181b5d-ce94-4c42-87ff-cd86f32854e0	76	1	0
c6181b5d-ce94-4c42-87ff-cd86f32854e0	76	2	2
c6181b5d-ce94-4c42-87ff-cd86f32854e0	76	3	0
c6181b5d-ce94-4c42-87ff-cd86f32854e0	76	4	0
c6181b5d-ce94-4c42-87ff-cd86f32854e0	76	5	0
c6181b5d-ce94-4c42-87ff-cd86f32854e0	76	6	0
c6181b5d-ce94-4c42-87ff-cd86f32854e0	76	7	0
c6181b5d-ce94-4c42-87ff-cd86f32854e0	76	8	0
c6181b5d-ce94-4c42-87ff-cd86f32854e0	76	9	0
c6181b5d-ce94-4c42-87ff-cd86f32854e0	77	0	0
c6181b5d-ce94-4c42-87ff-cd86f32854e0	77	1	0
c6181b5d-ce94-4c42-87ff-cd86f32854e0	77	2	3
c6181b5d-ce94-4c42-87ff-cd86f32854e0	77	3	0
c6181b5d-ce94-4c42-87ff-cd86f32854e0	77	4	0
c6181b5d-ce94-4c42-87ff-cd86f32854e0	77	5	0
c6181b5d-ce94-4c42-87ff-cd86f32854e0	77	6	0
c6181b5d-ce94-4c42-87ff-cd86f32854e0	77	7	0
c6181b5d-ce94-4c42-87ff-cd86f32854e0	77	8	0
c6181b5d-ce94-4c42-87ff-cd86f32854e0	77	9	0
c6181b5d-ce94-4c42-87ff-cd86f32854e0	78	0	0
c6181b5d-ce94-4c42-87ff-cd86f32854e0	78	1	0
c6181b5d-ce94-4c42-87ff-cd86f32854e0	78	2	1
c6181b5d-ce94-4c42-87ff-cd86f32854e0	78	3	0
c6181b5d-ce94-4c42-87ff-cd86f32854e0	78	4	0
c6181b5d-ce94-4c42-87ff-cd86f32854e0	78	5	0
c6181b5d-ce94-4c42-87ff-cd86f32854e0	78	6	0
c6181b5d-ce94-4c42-87ff-cd86f32854e0	78	7	0
c6181b5d-ce94-4c42-87ff-cd86f32854e0	78	8	0
c6181b5d-ce94-4c42-87ff-cd86f32854e0	78	9	0
c6181b5d-ce94-4c42-87ff-cd86f32854e0	79	0	0
c6181b5d-ce94-4c42-87ff-cd86f32854e0	79	1	0
c6181b5d-ce94-4c42-87ff-cd86f32854e0	79	2	2
c6181b5d-ce94-4c42-87ff-cd86f32854e0	79	3	0
c6181b5d-ce94-4c42-87ff-cd86f32854e0	79	4	0
c6181b5d-ce94-4c42-87ff-cd86f32854e0	79	5	0
c6181b5d-ce94-4c42-87ff-cd86f32854e0	79	6	0
c6181b5d-ce94-4c42-87ff-cd86f32854e0	79	7	0
c6181b5d-ce94-4c42-87ff-cd86f32854e0	79	8	0
c6181b5d-ce94-4c42-87ff-cd86f32854e0	79	9	0
c6181b5d-ce94-4c42-87ff-cd86f32854e0	80	0	0
c6181b5d-ce94-4c42-87ff-cd86f32854e0	80	1	0
c6181b5d-ce94-4c42-87ff-cd86f32854e0	80	2	2
c6181b5d-ce94-4c42-87ff-cd86f32854e0	80	3	0
c6181b5d-ce94-4c42-87ff-cd86f32854e0	80	4	0
c6181b5d-ce94-4c42-87ff-cd86f32854e0	80	5	0
c6181b5d-ce94-4c42-87ff-cd86f32854e0	80	6	0
c6181b5d-ce94-4c42-87ff-cd86f32854e0	80	7	0
c6181b5d-ce94-4c42-87ff-cd86f32854e0	80	8	0
c6181b5d-ce94-4c42-87ff-cd86f32854e0	80	9	0
bd360f90-0040-4bad-8479-e553411daef1	2	3	2
bd360f90-0040-4bad-8479-e553411daef1	3	3	2
bd360f90-0040-4bad-8479-e553411daef1	3	4	2
bd360f90-0040-4bad-8479-e553411daef1	3	9	2
bd360f90-0040-4bad-8479-e553411daef1	4	3	2
bd360f90-0040-4bad-8479-e553411daef1	4	4	2
bd360f90-0040-4bad-8479-e553411daef1	4	6	2
bd360f90-0040-4bad-8479-e553411daef1	4	9	2
bd360f90-0040-4bad-8479-e553411daef1	5	3	2
bd360f90-0040-4bad-8479-e553411daef1	5	4	2
bd360f90-0040-4bad-8479-e553411daef1	5	6	2
bd360f90-0040-4bad-8479-e553411daef1	5	8	2
bd360f90-0040-4bad-8479-e553411daef1	5	9	2
bd360f90-0040-4bad-8479-e553411daef1	6	3	2
bd360f90-0040-4bad-8479-e553411daef1	6	4	2
bd360f90-0040-4bad-8479-e553411daef1	6	6	2
bd360f90-0040-4bad-8479-e553411daef1	6	8	2
bd360f90-0040-4bad-8479-e553411daef1	6	9	2
bd360f90-0040-4bad-8479-e553411daef1	7	3	3
bd360f90-0040-4bad-8479-e553411daef1	7	4	2
bd360f90-0040-4bad-8479-e553411daef1	7	6	2
bd360f90-0040-4bad-8479-e553411daef1	7	8	2
bd360f90-0040-4bad-8479-e553411daef1	7	9	2
bd360f90-0040-4bad-8479-e553411daef1	8	3	2
bd360f90-0040-4bad-8479-e553411daef1	8	4	3
bd360f90-0040-4bad-8479-e553411daef1	8	6	2
bd360f90-0040-4bad-8479-e553411daef1	8	8	2
bd360f90-0040-4bad-8479-e553411daef1	8	9	2
bd360f90-0040-4bad-8479-e553411daef1	9	3	2
bd360f90-0040-4bad-8479-e553411daef1	9	4	2
bd360f90-0040-4bad-8479-e553411daef1	9	6	3
bd360f90-0040-4bad-8479-e553411daef1	9	8	2
bd360f90-0040-4bad-8479-e553411daef1	9	9	2
bd360f90-0040-4bad-8479-e553411daef1	10	3	2
bd360f90-0040-4bad-8479-e553411daef1	10	4	2
bd360f90-0040-4bad-8479-e553411daef1	10	6	2
bd360f90-0040-4bad-8479-e553411daef1	10	8	3
bd360f90-0040-4bad-8479-e553411daef1	10	9	2
bd360f90-0040-4bad-8479-e553411daef1	11	3	2
bd360f90-0040-4bad-8479-e553411daef1	11	4	2
bd360f90-0040-4bad-8479-e553411daef1	11	6	2
bd360f90-0040-4bad-8479-e553411daef1	11	8	2
bd360f90-0040-4bad-8479-e553411daef1	11	9	2
bd360f90-0040-4bad-8479-e553411daef1	12	3	2
bd360f90-0040-4bad-8479-e553411daef1	12	4	2
bd360f90-0040-4bad-8479-e553411daef1	12	6	2
bd360f90-0040-4bad-8479-e553411daef1	12	8	2
bd360f90-0040-4bad-8479-e553411daef1	12	9	2
bd360f90-0040-4bad-8479-e553411daef1	13	0	2
bd360f90-0040-4bad-8479-e553411daef1	13	3	3
bd360f90-0040-4bad-8479-e553411daef1	13	4	2
bd360f90-0040-4bad-8479-e553411daef1	13	6	2
bd360f90-0040-4bad-8479-e553411daef1	13	8	2
bd360f90-0040-4bad-8479-e553411daef1	13	9	2
bd360f90-0040-4bad-8479-e553411daef1	14	0	2
bd360f90-0040-4bad-8479-e553411daef1	14	3	2
bd360f90-0040-4bad-8479-e553411daef1	14	4	3
bd360f90-0040-4bad-8479-e553411daef1	14	6	2
bd360f90-0040-4bad-8479-e553411daef1	14	8	2
bd360f90-0040-4bad-8479-e553411daef1	14	9	2
bd360f90-0040-4bad-8479-e553411daef1	15	0	2
bd360f90-0040-4bad-8479-e553411daef1	15	3	2
bd360f90-0040-4bad-8479-e553411daef1	15	4	2
bd360f90-0040-4bad-8479-e553411daef1	15	5	2
bd360f90-0040-4bad-8479-e553411daef1	15	6	3
bd360f90-0040-4bad-8479-e553411daef1	15	8	2
bd360f90-0040-4bad-8479-e553411daef1	15	9	2
bd360f90-0040-4bad-8479-e553411daef1	16	0	2
bd360f90-0040-4bad-8479-e553411daef1	16	3	2
bd360f90-0040-4bad-8479-e553411daef1	16	4	2
bd360f90-0040-4bad-8479-e553411daef1	16	5	2
bd360f90-0040-4bad-8479-e553411daef1	16	6	2
bd360f90-0040-4bad-8479-e553411daef1	16	8	3
bd360f90-0040-4bad-8479-e553411daef1	16	9	3
bd360f90-0040-4bad-8479-e553411daef1	17	0	2
bd360f90-0040-4bad-8479-e553411daef1	17	3	2
bd360f90-0040-4bad-8479-e553411daef1	17	4	2
bd360f90-0040-4bad-8479-e553411daef1	17	5	2
bd360f90-0040-4bad-8479-e553411daef1	17	6	2
bd360f90-0040-4bad-8479-e553411daef1	17	8	2
bd360f90-0040-4bad-8479-e553411daef1	17	9	1
bd360f90-0040-4bad-8479-e553411daef1	18	0	2
bd360f90-0040-4bad-8479-e553411daef1	18	3	2
bd360f90-0040-4bad-8479-e553411daef1	18	4	2
bd360f90-0040-4bad-8479-e553411daef1	18	5	2
bd360f90-0040-4bad-8479-e553411daef1	18	6	2
bd360f90-0040-4bad-8479-e553411daef1	18	8	2
bd360f90-0040-4bad-8479-e553411daef1	18	9	2
bd360f90-0040-4bad-8479-e553411daef1	19	0	2
bd360f90-0040-4bad-8479-e553411daef1	19	3	2
bd360f90-0040-4bad-8479-e553411daef1	19	4	2
bd360f90-0040-4bad-8479-e553411daef1	19	5	2
bd360f90-0040-4bad-8479-e553411daef1	19	6	2
bd360f90-0040-4bad-8479-e553411daef1	19	8	2
bd360f90-0040-4bad-8479-e553411daef1	19	9	2
bd360f90-0040-4bad-8479-e553411daef1	20	0	2
bd360f90-0040-4bad-8479-e553411daef1	20	3	2
bd360f90-0040-4bad-8479-e553411daef1	20	4	2
bd360f90-0040-4bad-8479-e553411daef1	20	5	2
bd360f90-0040-4bad-8479-e553411daef1	20	6	2
bd360f90-0040-4bad-8479-e553411daef1	20	7	2
bd360f90-0040-4bad-8479-e553411daef1	20	8	2
bd360f90-0040-4bad-8479-e553411daef1	20	9	0
bd360f90-0040-4bad-8479-e553411daef1	21	0	2
bd360f90-0040-4bad-8479-e553411daef1	21	3	2
bd360f90-0040-4bad-8479-e553411daef1	21	4	2
bd360f90-0040-4bad-8479-e553411daef1	21	5	2
bd360f90-0040-4bad-8479-e553411daef1	21	6	2
bd360f90-0040-4bad-8479-e553411daef1	21	7	2
bd360f90-0040-4bad-8479-e553411daef1	21	8	2
bd360f90-0040-4bad-8479-e553411daef1	21	9	0
bd360f90-0040-4bad-8479-e553411daef1	22	0	2
bd360f90-0040-4bad-8479-e553411daef1	22	3	2
bd360f90-0040-4bad-8479-e553411daef1	22	4	2
bd360f90-0040-4bad-8479-e553411daef1	22	5	2
bd360f90-0040-4bad-8479-e553411daef1	22	6	2
bd360f90-0040-4bad-8479-e553411daef1	22	7	2
bd360f90-0040-4bad-8479-e553411daef1	22	8	2
bd360f90-0040-4bad-8479-e553411daef1	22	9	0
bd360f90-0040-4bad-8479-e553411daef1	23	0	2
bd360f90-0040-4bad-8479-e553411daef1	23	3	2
bd360f90-0040-4bad-8479-e553411daef1	23	4	2
bd360f90-0040-4bad-8479-e553411daef1	23	5	2
bd360f90-0040-4bad-8479-e553411daef1	23	6	2
bd360f90-0040-4bad-8479-e553411daef1	23	7	2
bd360f90-0040-4bad-8479-e553411daef1	23	8	2
bd360f90-0040-4bad-8479-e553411daef1	23	9	0
bd360f90-0040-4bad-8479-e553411daef1	24	0	2
bd360f90-0040-4bad-8479-e553411daef1	24	3	2
bd360f90-0040-4bad-8479-e553411daef1	24	4	2
bd360f90-0040-4bad-8479-e553411daef1	24	5	2
bd360f90-0040-4bad-8479-e553411daef1	24	6	2
bd360f90-0040-4bad-8479-e553411daef1	24	7	2
bd360f90-0040-4bad-8479-e553411daef1	24	8	2
bd360f90-0040-4bad-8479-e553411daef1	24	9	0
bd360f90-0040-4bad-8479-e553411daef1	25	0	2
bd360f90-0040-4bad-8479-e553411daef1	25	3	1
bd360f90-0040-4bad-8479-e553411daef1	25	4	2
bd360f90-0040-4bad-8479-e553411daef1	25	5	2
bd360f90-0040-4bad-8479-e553411daef1	25	6	2
bd360f90-0040-4bad-8479-e553411daef1	25	7	2
bd360f90-0040-4bad-8479-e553411daef1	25	8	2
bd360f90-0040-4bad-8479-e553411daef1	25	9	0
bd360f90-0040-4bad-8479-e553411daef1	26	0	3
bd360f90-0040-4bad-8479-e553411daef1	26	3	2
bd360f90-0040-4bad-8479-e553411daef1	26	4	1
bd360f90-0040-4bad-8479-e553411daef1	26	5	2
bd360f90-0040-4bad-8479-e553411daef1	26	6	2
bd360f90-0040-4bad-8479-e553411daef1	26	7	2
bd360f90-0040-4bad-8479-e553411daef1	26	8	2
bd360f90-0040-4bad-8479-e553411daef1	26	9	0
bd360f90-0040-4bad-8479-e553411daef1	27	0	1
bd360f90-0040-4bad-8479-e553411daef1	27	3	2
bd360f90-0040-4bad-8479-e553411daef1	27	4	2
bd360f90-0040-4bad-8479-e553411daef1	27	5	2
bd360f90-0040-4bad-8479-e553411daef1	27	6	1
bd360f90-0040-4bad-8479-e553411daef1	27	7	2
bd360f90-0040-4bad-8479-e553411daef1	27	8	2
bd360f90-0040-4bad-8479-e553411daef1	27	9	0
bd360f90-0040-4bad-8479-e553411daef1	28	0	2
bd360f90-0040-4bad-8479-e553411daef1	28	2	2
bd360f90-0040-4bad-8479-e553411daef1	28	3	2
bd360f90-0040-4bad-8479-e553411daef1	28	4	2
bd360f90-0040-4bad-8479-e553411daef1	28	5	3
bd360f90-0040-4bad-8479-e553411daef1	28	6	2
bd360f90-0040-4bad-8479-e553411daef1	28	7	2
bd360f90-0040-4bad-8479-e553411daef1	28	8	1
bd360f90-0040-4bad-8479-e553411daef1	28	9	0
bd360f90-0040-4bad-8479-e553411daef1	29	0	2
bd360f90-0040-4bad-8479-e553411daef1	29	2	2
bd360f90-0040-4bad-8479-e553411daef1	29	3	3
bd360f90-0040-4bad-8479-e553411daef1	29	4	2
bd360f90-0040-4bad-8479-e553411daef1	29	5	1
bd360f90-0040-4bad-8479-e553411daef1	29	6	2
bd360f90-0040-4bad-8479-e553411daef1	29	7	2
bd360f90-0040-4bad-8479-e553411daef1	29	8	2
bd360f90-0040-4bad-8479-e553411daef1	29	9	0
bd360f90-0040-4bad-8479-e553411daef1	30	0	0
bd360f90-0040-4bad-8479-e553411daef1	30	2	2
bd360f90-0040-4bad-8479-e553411daef1	30	3	2
bd360f90-0040-4bad-8479-e553411daef1	30	4	3
bd360f90-0040-4bad-8479-e553411daef1	30	5	2
bd360f90-0040-4bad-8479-e553411daef1	30	6	2
bd360f90-0040-4bad-8479-e553411daef1	30	7	2
bd360f90-0040-4bad-8479-e553411daef1	30	8	2
bd360f90-0040-4bad-8479-e553411daef1	30	9	0
bd360f90-0040-4bad-8479-e553411daef1	31	0	0
bd360f90-0040-4bad-8479-e553411daef1	31	2	2
bd360f90-0040-4bad-8479-e553411daef1	31	3	2
bd360f90-0040-4bad-8479-e553411daef1	31	4	2
bd360f90-0040-4bad-8479-e553411daef1	31	5	2
bd360f90-0040-4bad-8479-e553411daef1	31	6	3
bd360f90-0040-4bad-8479-e553411daef1	31	7	2
bd360f90-0040-4bad-8479-e553411daef1	31	8	2
bd360f90-0040-4bad-8479-e553411daef1	31	9	0
bd360f90-0040-4bad-8479-e553411daef1	32	0	0
bd360f90-0040-4bad-8479-e553411daef1	32	2	2
bd360f90-0040-4bad-8479-e553411daef1	32	3	2
bd360f90-0040-4bad-8479-e553411daef1	32	4	2
bd360f90-0040-4bad-8479-e553411daef1	32	5	0
bd360f90-0040-4bad-8479-e553411daef1	32	6	2
bd360f90-0040-4bad-8479-e553411daef1	32	7	2
bd360f90-0040-4bad-8479-e553411daef1	32	8	3
bd360f90-0040-4bad-8479-e553411daef1	32	9	0
bd360f90-0040-4bad-8479-e553411daef1	33	0	0
bd360f90-0040-4bad-8479-e553411daef1	33	2	2
bd360f90-0040-4bad-8479-e553411daef1	33	3	2
bd360f90-0040-4bad-8479-e553411daef1	33	4	2
bd360f90-0040-4bad-8479-e553411daef1	33	5	0
bd360f90-0040-4bad-8479-e553411daef1	33	6	2
bd360f90-0040-4bad-8479-e553411daef1	33	7	3
bd360f90-0040-4bad-8479-e553411daef1	33	8	2
bd360f90-0040-4bad-8479-e553411daef1	33	9	0
bd360f90-0040-4bad-8479-e553411daef1	34	0	0
bd360f90-0040-4bad-8479-e553411daef1	34	2	2
bd360f90-0040-4bad-8479-e553411daef1	34	3	3
bd360f90-0040-4bad-8479-e553411daef1	34	4	2
bd360f90-0040-4bad-8479-e553411daef1	34	5	0
bd360f90-0040-4bad-8479-e553411daef1	34	6	2
bd360f90-0040-4bad-8479-e553411daef1	34	7	1
bd360f90-0040-4bad-8479-e553411daef1	34	8	2
bd360f90-0040-4bad-8479-e553411daef1	34	9	0
bd360f90-0040-4bad-8479-e553411daef1	35	0	0
bd360f90-0040-4bad-8479-e553411daef1	35	2	2
bd360f90-0040-4bad-8479-e553411daef1	35	3	2
bd360f90-0040-4bad-8479-e553411daef1	35	4	3
bd360f90-0040-4bad-8479-e553411daef1	35	5	0
bd360f90-0040-4bad-8479-e553411daef1	35	6	2
bd360f90-0040-4bad-8479-e553411daef1	35	7	2
bd360f90-0040-4bad-8479-e553411daef1	35	8	2
bd360f90-0040-4bad-8479-e553411daef1	35	9	0
bd360f90-0040-4bad-8479-e553411daef1	36	0	0
bd360f90-0040-4bad-8479-e553411daef1	36	1	2
bd360f90-0040-4bad-8479-e553411daef1	36	2	2
bd360f90-0040-4bad-8479-e553411daef1	36	3	2
bd360f90-0040-4bad-8479-e553411daef1	36	4	2
bd360f90-0040-4bad-8479-e553411daef1	36	5	0
bd360f90-0040-4bad-8479-e553411daef1	36	6	3
bd360f90-0040-4bad-8479-e553411daef1	36	7	2
bd360f90-0040-4bad-8479-e553411daef1	36	8	2
bd360f90-0040-4bad-8479-e553411daef1	36	9	0
bd360f90-0040-4bad-8479-e553411daef1	37	0	0
bd360f90-0040-4bad-8479-e553411daef1	37	1	2
bd360f90-0040-4bad-8479-e553411daef1	37	2	2
bd360f90-0040-4bad-8479-e553411daef1	37	3	2
bd360f90-0040-4bad-8479-e553411daef1	37	4	2
bd360f90-0040-4bad-8479-e553411daef1	37	5	0
bd360f90-0040-4bad-8479-e553411daef1	37	6	2
bd360f90-0040-4bad-8479-e553411daef1	37	7	0
bd360f90-0040-4bad-8479-e553411daef1	37	8	3
bd360f90-0040-4bad-8479-e553411daef1	37	9	0
bd360f90-0040-4bad-8479-e553411daef1	38	0	0
bd360f90-0040-4bad-8479-e553411daef1	38	1	1
bd360f90-0040-4bad-8479-e553411daef1	38	2	2
bd360f90-0040-4bad-8479-e553411daef1	38	3	2
bd360f90-0040-4bad-8479-e553411daef1	38	4	2
bd360f90-0040-4bad-8479-e553411daef1	38	5	0
bd360f90-0040-4bad-8479-e553411daef1	38	6	2
bd360f90-0040-4bad-8479-e553411daef1	38	7	0
bd360f90-0040-4bad-8479-e553411daef1	38	8	2
bd360f90-0040-4bad-8479-e553411daef1	38	9	0
bd360f90-0040-4bad-8479-e553411daef1	39	0	0
bd360f90-0040-4bad-8479-e553411daef1	39	1	3
bd360f90-0040-4bad-8479-e553411daef1	39	2	2
bd360f90-0040-4bad-8479-e553411daef1	39	3	3
bd360f90-0040-4bad-8479-e553411daef1	39	4	2
bd360f90-0040-4bad-8479-e553411daef1	39	5	0
bd360f90-0040-4bad-8479-e553411daef1	39	6	2
bd360f90-0040-4bad-8479-e553411daef1	39	7	0
bd360f90-0040-4bad-8479-e553411daef1	39	8	2
bd360f90-0040-4bad-8479-e553411daef1	39	9	0
bd360f90-0040-4bad-8479-e553411daef1	40	0	0
bd360f90-0040-4bad-8479-e553411daef1	40	1	2
bd360f90-0040-4bad-8479-e553411daef1	40	2	2
bd360f90-0040-4bad-8479-e553411daef1	40	3	1
bd360f90-0040-4bad-8479-e553411daef1	40	4	3
bd360f90-0040-4bad-8479-e553411daef1	40	5	0
bd360f90-0040-4bad-8479-e553411daef1	40	6	2
bd360f90-0040-4bad-8479-e553411daef1	40	7	0
bd360f90-0040-4bad-8479-e553411daef1	40	8	2
bd360f90-0040-4bad-8479-e553411daef1	40	9	0
bd360f90-0040-4bad-8479-e553411daef1	41	0	0
bd360f90-0040-4bad-8479-e553411daef1	41	1	2
bd360f90-0040-4bad-8479-e553411daef1	41	2	3
bd360f90-0040-4bad-8479-e553411daef1	41	3	2
bd360f90-0040-4bad-8479-e553411daef1	41	4	1
bd360f90-0040-4bad-8479-e553411daef1	41	5	0
bd360f90-0040-4bad-8479-e553411daef1	41	6	3
bd360f90-0040-4bad-8479-e553411daef1	41	7	0
bd360f90-0040-4bad-8479-e553411daef1	41	8	2
bd360f90-0040-4bad-8479-e553411daef1	41	9	0
bd360f90-0040-4bad-8479-e553411daef1	42	0	0
bd360f90-0040-4bad-8479-e553411daef1	42	1	2
bd360f90-0040-4bad-8479-e553411daef1	42	2	1
bd360f90-0040-4bad-8479-e553411daef1	42	3	2
bd360f90-0040-4bad-8479-e553411daef1	42	4	2
bd360f90-0040-4bad-8479-e553411daef1	42	5	0
bd360f90-0040-4bad-8479-e553411daef1	42	6	1
bd360f90-0040-4bad-8479-e553411daef1	42	7	0
bd360f90-0040-4bad-8479-e553411daef1	42	8	3
bd360f90-0040-4bad-8479-e553411daef1	42	9	0
bd360f90-0040-4bad-8479-e553411daef1	43	0	0
bd360f90-0040-4bad-8479-e553411daef1	43	1	2
bd360f90-0040-4bad-8479-e553411daef1	43	2	2
bd360f90-0040-4bad-8479-e553411daef1	43	3	2
bd360f90-0040-4bad-8479-e553411daef1	43	4	2
bd360f90-0040-4bad-8479-e553411daef1	43	5	0
bd360f90-0040-4bad-8479-e553411daef1	43	6	2
bd360f90-0040-4bad-8479-e553411daef1	43	7	0
bd360f90-0040-4bad-8479-e553411daef1	43	8	1
bd360f90-0040-4bad-8479-e553411daef1	43	9	0
bd360f90-0040-4bad-8479-e553411daef1	44	0	0
bd360f90-0040-4bad-8479-e553411daef1	44	1	2
bd360f90-0040-4bad-8479-e553411daef1	44	2	2
bd360f90-0040-4bad-8479-e553411daef1	44	3	2
bd360f90-0040-4bad-8479-e553411daef1	44	4	2
bd360f90-0040-4bad-8479-e553411daef1	44	5	0
bd360f90-0040-4bad-8479-e553411daef1	44	6	2
bd360f90-0040-4bad-8479-e553411daef1	44	7	0
bd360f90-0040-4bad-8479-e553411daef1	44	8	2
bd360f90-0040-4bad-8479-e553411daef1	44	9	0
bd360f90-0040-4bad-8479-e553411daef1	45	0	0
bd360f90-0040-4bad-8479-e553411daef1	45	1	2
bd360f90-0040-4bad-8479-e553411daef1	45	2	0
bd360f90-0040-4bad-8479-e553411daef1	45	3	1
bd360f90-0040-4bad-8479-e553411daef1	45	4	2
bd360f90-0040-4bad-8479-e553411daef1	45	5	0
bd360f90-0040-4bad-8479-e553411daef1	45	6	2
bd360f90-0040-4bad-8479-e553411daef1	45	7	0
bd360f90-0040-4bad-8479-e553411daef1	45	8	2
bd360f90-0040-4bad-8479-e553411daef1	45	9	0
bd360f90-0040-4bad-8479-e553411daef1	46	0	0
bd360f90-0040-4bad-8479-e553411daef1	46	1	2
bd360f90-0040-4bad-8479-e553411daef1	46	2	0
bd360f90-0040-4bad-8479-e553411daef1	46	3	2
bd360f90-0040-4bad-8479-e553411daef1	46	4	1
bd360f90-0040-4bad-8479-e553411daef1	46	5	0
bd360f90-0040-4bad-8479-e553411daef1	46	6	2
bd360f90-0040-4bad-8479-e553411daef1	46	7	0
bd360f90-0040-4bad-8479-e553411daef1	46	8	2
bd360f90-0040-4bad-8479-e553411daef1	46	9	0
bd360f90-0040-4bad-8479-e553411daef1	47	0	0
bd360f90-0040-4bad-8479-e553411daef1	47	1	2
bd360f90-0040-4bad-8479-e553411daef1	47	2	0
bd360f90-0040-4bad-8479-e553411daef1	47	3	1
bd360f90-0040-4bad-8479-e553411daef1	47	4	2
bd360f90-0040-4bad-8479-e553411daef1	47	5	0
bd360f90-0040-4bad-8479-e553411daef1	47	6	1
bd360f90-0040-4bad-8479-e553411daef1	47	7	0
bd360f90-0040-4bad-8479-e553411daef1	47	8	2
bd360f90-0040-4bad-8479-e553411daef1	47	9	0
bd360f90-0040-4bad-8479-e553411daef1	48	0	0
bd360f90-0040-4bad-8479-e553411daef1	48	1	3
bd360f90-0040-4bad-8479-e553411daef1	48	2	0
bd360f90-0040-4bad-8479-e553411daef1	48	3	3
bd360f90-0040-4bad-8479-e553411daef1	48	4	1
bd360f90-0040-4bad-8479-e553411daef1	48	5	0
bd360f90-0040-4bad-8479-e553411daef1	48	6	2
bd360f90-0040-4bad-8479-e553411daef1	48	7	0
bd360f90-0040-4bad-8479-e553411daef1	48	8	1
bd360f90-0040-4bad-8479-e553411daef1	48	9	0
bd360f90-0040-4bad-8479-e553411daef1	49	0	0
bd360f90-0040-4bad-8479-e553411daef1	49	1	1
bd360f90-0040-4bad-8479-e553411daef1	49	2	0
bd360f90-0040-4bad-8479-e553411daef1	49	3	2
bd360f90-0040-4bad-8479-e553411daef1	49	4	3
bd360f90-0040-4bad-8479-e553411daef1	49	5	0
bd360f90-0040-4bad-8479-e553411daef1	49	6	1
bd360f90-0040-4bad-8479-e553411daef1	49	7	0
bd360f90-0040-4bad-8479-e553411daef1	49	8	2
bd360f90-0040-4bad-8479-e553411daef1	49	9	0
bd360f90-0040-4bad-8479-e553411daef1	50	0	0
bd360f90-0040-4bad-8479-e553411daef1	50	1	2
bd360f90-0040-4bad-8479-e553411daef1	50	2	0
bd360f90-0040-4bad-8479-e553411daef1	50	3	2
bd360f90-0040-4bad-8479-e553411daef1	50	4	2
bd360f90-0040-4bad-8479-e553411daef1	50	5	0
bd360f90-0040-4bad-8479-e553411daef1	50	6	3
bd360f90-0040-4bad-8479-e553411daef1	50	7	0
bd360f90-0040-4bad-8479-e553411daef1	50	8	1
bd360f90-0040-4bad-8479-e553411daef1	50	9	0
bd360f90-0040-4bad-8479-e553411daef1	51	0	0
bd360f90-0040-4bad-8479-e553411daef1	51	1	1
bd360f90-0040-4bad-8479-e553411daef1	51	2	0
bd360f90-0040-4bad-8479-e553411daef1	51	3	0
bd360f90-0040-4bad-8479-e553411daef1	51	4	2
bd360f90-0040-4bad-8479-e553411daef1	51	5	0
bd360f90-0040-4bad-8479-e553411daef1	51	6	2
bd360f90-0040-4bad-8479-e553411daef1	51	7	0
bd360f90-0040-4bad-8479-e553411daef1	51	8	3
bd360f90-0040-4bad-8479-e553411daef1	51	9	0
bd360f90-0040-4bad-8479-e553411daef1	52	0	0
bd360f90-0040-4bad-8479-e553411daef1	52	1	3
bd360f90-0040-4bad-8479-e553411daef1	52	2	0
bd360f90-0040-4bad-8479-e553411daef1	52	3	0
bd360f90-0040-4bad-8479-e553411daef1	52	4	0
bd360f90-0040-4bad-8479-e553411daef1	52	5	0
bd360f90-0040-4bad-8479-e553411daef1	52	6	2
bd360f90-0040-4bad-8479-e553411daef1	52	7	0
bd360f90-0040-4bad-8479-e553411daef1	52	8	2
bd360f90-0040-4bad-8479-e553411daef1	52	9	0
bd360f90-0040-4bad-8479-e553411daef1	53	0	0
bd360f90-0040-4bad-8479-e553411daef1	53	1	2
bd360f90-0040-4bad-8479-e553411daef1	53	2	0
bd360f90-0040-4bad-8479-e553411daef1	53	3	0
bd360f90-0040-4bad-8479-e553411daef1	53	4	0
bd360f90-0040-4bad-8479-e553411daef1	53	5	0
bd360f90-0040-4bad-8479-e553411daef1	53	6	0
bd360f90-0040-4bad-8479-e553411daef1	53	7	0
bd360f90-0040-4bad-8479-e553411daef1	53	8	2
bd360f90-0040-4bad-8479-e553411daef1	53	9	0
bd360f90-0040-4bad-8479-e553411daef1	54	0	0
bd360f90-0040-4bad-8479-e553411daef1	54	1	2
bd360f90-0040-4bad-8479-e553411daef1	54	2	0
bd360f90-0040-4bad-8479-e553411daef1	54	3	0
bd360f90-0040-4bad-8479-e553411daef1	54	4	0
bd360f90-0040-4bad-8479-e553411daef1	54	5	0
bd360f90-0040-4bad-8479-e553411daef1	54	6	0
bd360f90-0040-4bad-8479-e553411daef1	54	7	0
bd360f90-0040-4bad-8479-e553411daef1	54	8	0
bd360f90-0040-4bad-8479-e553411daef1	54	9	0
4affa89b-72f6-4305-aeca-e5182efbe467	0	0	2
4affa89b-72f6-4305-aeca-e5182efbe467	0	1	2
4affa89b-72f6-4305-aeca-e5182efbe467	0	2	2
4affa89b-72f6-4305-aeca-e5182efbe467	0	3	2
4affa89b-72f6-4305-aeca-e5182efbe467	0	4	2
4affa89b-72f6-4305-aeca-e5182efbe467	0	5	2
4affa89b-72f6-4305-aeca-e5182efbe467	0	6	2
4affa89b-72f6-4305-aeca-e5182efbe467	0	7	2
4affa89b-72f6-4305-aeca-e5182efbe467	0	8	2
4affa89b-72f6-4305-aeca-e5182efbe467	0	9	2
4affa89b-72f6-4305-aeca-e5182efbe467	1	0	2
4affa89b-72f6-4305-aeca-e5182efbe467	1	1	2
4affa89b-72f6-4305-aeca-e5182efbe467	1	2	2
4affa89b-72f6-4305-aeca-e5182efbe467	1	3	2
4affa89b-72f6-4305-aeca-e5182efbe467	1	4	2
4affa89b-72f6-4305-aeca-e5182efbe467	1	5	2
4affa89b-72f6-4305-aeca-e5182efbe467	1	6	2
4affa89b-72f6-4305-aeca-e5182efbe467	1	7	2
4affa89b-72f6-4305-aeca-e5182efbe467	1	8	2
4affa89b-72f6-4305-aeca-e5182efbe467	1	9	2
4affa89b-72f6-4305-aeca-e5182efbe467	2	0	2
4affa89b-72f6-4305-aeca-e5182efbe467	2	1	2
4affa89b-72f6-4305-aeca-e5182efbe467	2	2	2
4affa89b-72f6-4305-aeca-e5182efbe467	2	3	2
4affa89b-72f6-4305-aeca-e5182efbe467	2	4	2
4affa89b-72f6-4305-aeca-e5182efbe467	2	5	2
4affa89b-72f6-4305-aeca-e5182efbe467	2	6	2
4affa89b-72f6-4305-aeca-e5182efbe467	2	7	2
4affa89b-72f6-4305-aeca-e5182efbe467	2	8	2
4affa89b-72f6-4305-aeca-e5182efbe467	2	9	2
4affa89b-72f6-4305-aeca-e5182efbe467	3	0	1
4affa89b-72f6-4305-aeca-e5182efbe467	3	1	2
4affa89b-72f6-4305-aeca-e5182efbe467	3	2	2
4affa89b-72f6-4305-aeca-e5182efbe467	3	3	2
4affa89b-72f6-4305-aeca-e5182efbe467	3	4	2
4affa89b-72f6-4305-aeca-e5182efbe467	3	5	2
4affa89b-72f6-4305-aeca-e5182efbe467	3	6	2
4affa89b-72f6-4305-aeca-e5182efbe467	3	7	2
4affa89b-72f6-4305-aeca-e5182efbe467	3	8	2
4affa89b-72f6-4305-aeca-e5182efbe467	3	9	2
4affa89b-72f6-4305-aeca-e5182efbe467	4	0	3
4affa89b-72f6-4305-aeca-e5182efbe467	4	1	2
4affa89b-72f6-4305-aeca-e5182efbe467	4	2	2
4affa89b-72f6-4305-aeca-e5182efbe467	4	3	2
4affa89b-72f6-4305-aeca-e5182efbe467	4	4	2
4affa89b-72f6-4305-aeca-e5182efbe467	4	5	2
4affa89b-72f6-4305-aeca-e5182efbe467	4	6	2
4affa89b-72f6-4305-aeca-e5182efbe467	4	7	2
4affa89b-72f6-4305-aeca-e5182efbe467	4	8	2
4affa89b-72f6-4305-aeca-e5182efbe467	4	9	2
4affa89b-72f6-4305-aeca-e5182efbe467	5	0	2
4affa89b-72f6-4305-aeca-e5182efbe467	5	1	2
4affa89b-72f6-4305-aeca-e5182efbe467	5	2	2
4affa89b-72f6-4305-aeca-e5182efbe467	5	3	2
4affa89b-72f6-4305-aeca-e5182efbe467	5	4	2
4affa89b-72f6-4305-aeca-e5182efbe467	5	5	1
4affa89b-72f6-4305-aeca-e5182efbe467	5	6	2
4affa89b-72f6-4305-aeca-e5182efbe467	5	7	2
4affa89b-72f6-4305-aeca-e5182efbe467	5	8	2
4affa89b-72f6-4305-aeca-e5182efbe467	5	9	2
4affa89b-72f6-4305-aeca-e5182efbe467	6	0	2
4affa89b-72f6-4305-aeca-e5182efbe467	6	1	2
4affa89b-72f6-4305-aeca-e5182efbe467	6	2	2
4affa89b-72f6-4305-aeca-e5182efbe467	6	3	2
4affa89b-72f6-4305-aeca-e5182efbe467	6	4	2
4affa89b-72f6-4305-aeca-e5182efbe467	6	5	3
4affa89b-72f6-4305-aeca-e5182efbe467	6	6	2
4affa89b-72f6-4305-aeca-e5182efbe467	6	7	2
4affa89b-72f6-4305-aeca-e5182efbe467	6	8	2
4affa89b-72f6-4305-aeca-e5182efbe467	6	9	2
4affa89b-72f6-4305-aeca-e5182efbe467	7	0	2
4affa89b-72f6-4305-aeca-e5182efbe467	7	1	2
4affa89b-72f6-4305-aeca-e5182efbe467	7	2	2
4affa89b-72f6-4305-aeca-e5182efbe467	7	3	2
4affa89b-72f6-4305-aeca-e5182efbe467	7	4	2
4affa89b-72f6-4305-aeca-e5182efbe467	7	5	2
4affa89b-72f6-4305-aeca-e5182efbe467	7	6	2
4affa89b-72f6-4305-aeca-e5182efbe467	7	7	2
4affa89b-72f6-4305-aeca-e5182efbe467	7	8	2
4affa89b-72f6-4305-aeca-e5182efbe467	7	9	2
4affa89b-72f6-4305-aeca-e5182efbe467	8	0	3
4affa89b-72f6-4305-aeca-e5182efbe467	8	1	2
4affa89b-72f6-4305-aeca-e5182efbe467	8	2	2
4affa89b-72f6-4305-aeca-e5182efbe467	8	3	2
4affa89b-72f6-4305-aeca-e5182efbe467	8	4	2
4affa89b-72f6-4305-aeca-e5182efbe467	8	5	2
4affa89b-72f6-4305-aeca-e5182efbe467	8	6	2
4affa89b-72f6-4305-aeca-e5182efbe467	8	7	2
4affa89b-72f6-4305-aeca-e5182efbe467	8	8	2
4affa89b-72f6-4305-aeca-e5182efbe467	8	9	2
4affa89b-72f6-4305-aeca-e5182efbe467	9	0	2
4affa89b-72f6-4305-aeca-e5182efbe467	9	1	2
4affa89b-72f6-4305-aeca-e5182efbe467	9	2	2
4affa89b-72f6-4305-aeca-e5182efbe467	9	3	2
4affa89b-72f6-4305-aeca-e5182efbe467	9	4	2
4affa89b-72f6-4305-aeca-e5182efbe467	9	5	2
4affa89b-72f6-4305-aeca-e5182efbe467	9	6	2
4affa89b-72f6-4305-aeca-e5182efbe467	9	7	2
4affa89b-72f6-4305-aeca-e5182efbe467	9	8	2
4affa89b-72f6-4305-aeca-e5182efbe467	9	9	2
4affa89b-72f6-4305-aeca-e5182efbe467	10	0	2
4affa89b-72f6-4305-aeca-e5182efbe467	10	1	2
4affa89b-72f6-4305-aeca-e5182efbe467	10	2	2
4affa89b-72f6-4305-aeca-e5182efbe467	10	3	2
4affa89b-72f6-4305-aeca-e5182efbe467	10	4	2
4affa89b-72f6-4305-aeca-e5182efbe467	10	5	3
4affa89b-72f6-4305-aeca-e5182efbe467	10	6	2
4affa89b-72f6-4305-aeca-e5182efbe467	10	7	2
4affa89b-72f6-4305-aeca-e5182efbe467	10	8	2
4affa89b-72f6-4305-aeca-e5182efbe467	10	9	2
4affa89b-72f6-4305-aeca-e5182efbe467	11	0	2
4affa89b-72f6-4305-aeca-e5182efbe467	11	1	2
4affa89b-72f6-4305-aeca-e5182efbe467	11	2	2
4affa89b-72f6-4305-aeca-e5182efbe467	11	3	2
4affa89b-72f6-4305-aeca-e5182efbe467	11	4	2
4affa89b-72f6-4305-aeca-e5182efbe467	11	5	2
4affa89b-72f6-4305-aeca-e5182efbe467	11	6	2
4affa89b-72f6-4305-aeca-e5182efbe467	11	7	3
4affa89b-72f6-4305-aeca-e5182efbe467	11	8	2
4affa89b-72f6-4305-aeca-e5182efbe467	11	9	2
4affa89b-72f6-4305-aeca-e5182efbe467	12	0	2
4affa89b-72f6-4305-aeca-e5182efbe467	12	1	2
4affa89b-72f6-4305-aeca-e5182efbe467	12	2	2
4affa89b-72f6-4305-aeca-e5182efbe467	12	3	2
4affa89b-72f6-4305-aeca-e5182efbe467	12	4	2
4affa89b-72f6-4305-aeca-e5182efbe467	12	5	2
4affa89b-72f6-4305-aeca-e5182efbe467	12	6	2
4affa89b-72f6-4305-aeca-e5182efbe467	12	7	1
4affa89b-72f6-4305-aeca-e5182efbe467	12	8	3
4affa89b-72f6-4305-aeca-e5182efbe467	12	9	2
4affa89b-72f6-4305-aeca-e5182efbe467	13	0	3
4affa89b-72f6-4305-aeca-e5182efbe467	13	1	2
4affa89b-72f6-4305-aeca-e5182efbe467	13	2	2
4affa89b-72f6-4305-aeca-e5182efbe467	13	3	2
4affa89b-72f6-4305-aeca-e5182efbe467	13	4	2
4affa89b-72f6-4305-aeca-e5182efbe467	13	5	2
4affa89b-72f6-4305-aeca-e5182efbe467	13	6	2
4affa89b-72f6-4305-aeca-e5182efbe467	13	7	2
4affa89b-72f6-4305-aeca-e5182efbe467	13	8	2
4affa89b-72f6-4305-aeca-e5182efbe467	13	9	2
4affa89b-72f6-4305-aeca-e5182efbe467	14	0	2
4affa89b-72f6-4305-aeca-e5182efbe467	14	1	2
4affa89b-72f6-4305-aeca-e5182efbe467	14	2	2
4affa89b-72f6-4305-aeca-e5182efbe467	14	3	2
4affa89b-72f6-4305-aeca-e5182efbe467	14	4	2
4affa89b-72f6-4305-aeca-e5182efbe467	14	5	2
4affa89b-72f6-4305-aeca-e5182efbe467	14	6	2
4affa89b-72f6-4305-aeca-e5182efbe467	14	7	2
4affa89b-72f6-4305-aeca-e5182efbe467	14	8	2
4affa89b-72f6-4305-aeca-e5182efbe467	14	9	2
4affa89b-72f6-4305-aeca-e5182efbe467	15	0	2
4affa89b-72f6-4305-aeca-e5182efbe467	15	1	2
4affa89b-72f6-4305-aeca-e5182efbe467	15	2	2
4affa89b-72f6-4305-aeca-e5182efbe467	15	3	2
4affa89b-72f6-4305-aeca-e5182efbe467	15	4	2
4affa89b-72f6-4305-aeca-e5182efbe467	15	5	3
4affa89b-72f6-4305-aeca-e5182efbe467	15	6	2
4affa89b-72f6-4305-aeca-e5182efbe467	15	7	2
4affa89b-72f6-4305-aeca-e5182efbe467	15	8	2
4affa89b-72f6-4305-aeca-e5182efbe467	15	9	2
4affa89b-72f6-4305-aeca-e5182efbe467	16	0	2
4affa89b-72f6-4305-aeca-e5182efbe467	16	1	2
4affa89b-72f6-4305-aeca-e5182efbe467	16	2	2
4affa89b-72f6-4305-aeca-e5182efbe467	16	3	2
4affa89b-72f6-4305-aeca-e5182efbe467	16	4	2
4affa89b-72f6-4305-aeca-e5182efbe467	16	5	2
4affa89b-72f6-4305-aeca-e5182efbe467	16	6	2
4affa89b-72f6-4305-aeca-e5182efbe467	16	7	2
4affa89b-72f6-4305-aeca-e5182efbe467	16	8	2
4affa89b-72f6-4305-aeca-e5182efbe467	16	9	2
4affa89b-72f6-4305-aeca-e5182efbe467	17	0	2
4affa89b-72f6-4305-aeca-e5182efbe467	17	1	2
4affa89b-72f6-4305-aeca-e5182efbe467	17	2	2
4affa89b-72f6-4305-aeca-e5182efbe467	17	3	2
4affa89b-72f6-4305-aeca-e5182efbe467	17	4	2
4affa89b-72f6-4305-aeca-e5182efbe467	17	5	2
4affa89b-72f6-4305-aeca-e5182efbe467	17	6	2
4affa89b-72f6-4305-aeca-e5182efbe467	17	7	2
4affa89b-72f6-4305-aeca-e5182efbe467	17	8	2
4affa89b-72f6-4305-aeca-e5182efbe467	17	9	2
4affa89b-72f6-4305-aeca-e5182efbe467	18	0	2
4affa89b-72f6-4305-aeca-e5182efbe467	18	1	2
4affa89b-72f6-4305-aeca-e5182efbe467	18	2	2
4affa89b-72f6-4305-aeca-e5182efbe467	18	3	2
4affa89b-72f6-4305-aeca-e5182efbe467	18	4	2
4affa89b-72f6-4305-aeca-e5182efbe467	18	5	2
4affa89b-72f6-4305-aeca-e5182efbe467	18	6	2
4affa89b-72f6-4305-aeca-e5182efbe467	18	7	2
4affa89b-72f6-4305-aeca-e5182efbe467	18	8	2
4affa89b-72f6-4305-aeca-e5182efbe467	18	9	2
4affa89b-72f6-4305-aeca-e5182efbe467	19	0	2
4affa89b-72f6-4305-aeca-e5182efbe467	19	1	2
4affa89b-72f6-4305-aeca-e5182efbe467	19	2	2
4affa89b-72f6-4305-aeca-e5182efbe467	19	3	2
4affa89b-72f6-4305-aeca-e5182efbe467	19	4	2
4affa89b-72f6-4305-aeca-e5182efbe467	19	5	2
4affa89b-72f6-4305-aeca-e5182efbe467	19	6	2
4affa89b-72f6-4305-aeca-e5182efbe467	19	7	2
4affa89b-72f6-4305-aeca-e5182efbe467	19	8	2
4affa89b-72f6-4305-aeca-e5182efbe467	19	9	2
4affa89b-72f6-4305-aeca-e5182efbe467	20	0	2
4affa89b-72f6-4305-aeca-e5182efbe467	20	1	2
4affa89b-72f6-4305-aeca-e5182efbe467	20	2	2
4affa89b-72f6-4305-aeca-e5182efbe467	20	3	2
4affa89b-72f6-4305-aeca-e5182efbe467	20	4	2
4affa89b-72f6-4305-aeca-e5182efbe467	20	5	2
4affa89b-72f6-4305-aeca-e5182efbe467	20	6	2
4affa89b-72f6-4305-aeca-e5182efbe467	20	7	2
4affa89b-72f6-4305-aeca-e5182efbe467	20	8	3
4affa89b-72f6-4305-aeca-e5182efbe467	20	9	2
4affa89b-72f6-4305-aeca-e5182efbe467	21	0	2
4affa89b-72f6-4305-aeca-e5182efbe467	21	1	2
4affa89b-72f6-4305-aeca-e5182efbe467	21	2	2
4affa89b-72f6-4305-aeca-e5182efbe467	21	3	2
4affa89b-72f6-4305-aeca-e5182efbe467	21	4	2
4affa89b-72f6-4305-aeca-e5182efbe467	21	5	2
4affa89b-72f6-4305-aeca-e5182efbe467	21	6	2
4affa89b-72f6-4305-aeca-e5182efbe467	21	7	2
4affa89b-72f6-4305-aeca-e5182efbe467	21	8	1
4affa89b-72f6-4305-aeca-e5182efbe467	21	9	2
4affa89b-72f6-4305-aeca-e5182efbe467	22	0	2
4affa89b-72f6-4305-aeca-e5182efbe467	22	1	2
4affa89b-72f6-4305-aeca-e5182efbe467	22	2	2
4affa89b-72f6-4305-aeca-e5182efbe467	22	3	2
4affa89b-72f6-4305-aeca-e5182efbe467	22	4	2
4affa89b-72f6-4305-aeca-e5182efbe467	22	5	2
4affa89b-72f6-4305-aeca-e5182efbe467	22	6	2
4affa89b-72f6-4305-aeca-e5182efbe467	22	7	2
4affa89b-72f6-4305-aeca-e5182efbe467	22	8	2
4affa89b-72f6-4305-aeca-e5182efbe467	22	9	2
4affa89b-72f6-4305-aeca-e5182efbe467	23	0	2
4affa89b-72f6-4305-aeca-e5182efbe467	23	1	2
4affa89b-72f6-4305-aeca-e5182efbe467	23	2	2
4affa89b-72f6-4305-aeca-e5182efbe467	23	3	2
4affa89b-72f6-4305-aeca-e5182efbe467	23	4	2
4affa89b-72f6-4305-aeca-e5182efbe467	23	5	2
4affa89b-72f6-4305-aeca-e5182efbe467	23	6	2
4affa89b-72f6-4305-aeca-e5182efbe467	23	7	2
4affa89b-72f6-4305-aeca-e5182efbe467	23	8	3
4affa89b-72f6-4305-aeca-e5182efbe467	23	9	2
4affa89b-72f6-4305-aeca-e5182efbe467	24	0	2
4affa89b-72f6-4305-aeca-e5182efbe467	24	1	2
4affa89b-72f6-4305-aeca-e5182efbe467	24	2	2
4affa89b-72f6-4305-aeca-e5182efbe467	24	3	2
4affa89b-72f6-4305-aeca-e5182efbe467	24	4	2
4affa89b-72f6-4305-aeca-e5182efbe467	24	5	2
4affa89b-72f6-4305-aeca-e5182efbe467	24	6	2
4affa89b-72f6-4305-aeca-e5182efbe467	24	7	2
4affa89b-72f6-4305-aeca-e5182efbe467	24	8	1
4affa89b-72f6-4305-aeca-e5182efbe467	24	9	2
4affa89b-72f6-4305-aeca-e5182efbe467	25	0	1
4affa89b-72f6-4305-aeca-e5182efbe467	25	1	1
4affa89b-72f6-4305-aeca-e5182efbe467	25	2	2
4affa89b-72f6-4305-aeca-e5182efbe467	25	3	2
4affa89b-72f6-4305-aeca-e5182efbe467	25	4	2
4affa89b-72f6-4305-aeca-e5182efbe467	25	5	2
4affa89b-72f6-4305-aeca-e5182efbe467	25	6	2
4affa89b-72f6-4305-aeca-e5182efbe467	25	7	0
4affa89b-72f6-4305-aeca-e5182efbe467	25	8	0
4affa89b-72f6-4305-aeca-e5182efbe467	25	9	2
4affa89b-72f6-4305-aeca-e5182efbe467	26	0	3
4affa89b-72f6-4305-aeca-e5182efbe467	26	1	3
4affa89b-72f6-4305-aeca-e5182efbe467	26	2	2
4affa89b-72f6-4305-aeca-e5182efbe467	26	3	2
4affa89b-72f6-4305-aeca-e5182efbe467	26	4	2
4affa89b-72f6-4305-aeca-e5182efbe467	26	5	2
4affa89b-72f6-4305-aeca-e5182efbe467	26	6	2
4affa89b-72f6-4305-aeca-e5182efbe467	26	7	0
4affa89b-72f6-4305-aeca-e5182efbe467	26	8	0
4affa89b-72f6-4305-aeca-e5182efbe467	26	9	2
4affa89b-72f6-4305-aeca-e5182efbe467	27	0	2
4affa89b-72f6-4305-aeca-e5182efbe467	27	1	2
4affa89b-72f6-4305-aeca-e5182efbe467	27	2	2
4affa89b-72f6-4305-aeca-e5182efbe467	27	3	2
4affa89b-72f6-4305-aeca-e5182efbe467	27	4	2
4affa89b-72f6-4305-aeca-e5182efbe467	27	5	1
4affa89b-72f6-4305-aeca-e5182efbe467	27	6	2
4affa89b-72f6-4305-aeca-e5182efbe467	27	7	0
4affa89b-72f6-4305-aeca-e5182efbe467	27	8	0
4affa89b-72f6-4305-aeca-e5182efbe467	27	9	2
4affa89b-72f6-4305-aeca-e5182efbe467	28	0	2
4affa89b-72f6-4305-aeca-e5182efbe467	28	1	2
4affa89b-72f6-4305-aeca-e5182efbe467	28	2	2
4affa89b-72f6-4305-aeca-e5182efbe467	28	3	2
4affa89b-72f6-4305-aeca-e5182efbe467	28	4	2
4affa89b-72f6-4305-aeca-e5182efbe467	28	5	3
4affa89b-72f6-4305-aeca-e5182efbe467	28	6	2
4affa89b-72f6-4305-aeca-e5182efbe467	28	7	0
4affa89b-72f6-4305-aeca-e5182efbe467	28	8	0
4affa89b-72f6-4305-aeca-e5182efbe467	28	9	2
4affa89b-72f6-4305-aeca-e5182efbe467	29	0	2
4affa89b-72f6-4305-aeca-e5182efbe467	29	1	2
4affa89b-72f6-4305-aeca-e5182efbe467	29	2	2
4affa89b-72f6-4305-aeca-e5182efbe467	29	3	2
4affa89b-72f6-4305-aeca-e5182efbe467	29	4	2
4affa89b-72f6-4305-aeca-e5182efbe467	29	5	2
4affa89b-72f6-4305-aeca-e5182efbe467	29	6	2
4affa89b-72f6-4305-aeca-e5182efbe467	29	7	0
4affa89b-72f6-4305-aeca-e5182efbe467	29	8	0
4affa89b-72f6-4305-aeca-e5182efbe467	29	9	2
4affa89b-72f6-4305-aeca-e5182efbe467	30	0	2
4affa89b-72f6-4305-aeca-e5182efbe467	30	1	2
4affa89b-72f6-4305-aeca-e5182efbe467	30	2	2
4affa89b-72f6-4305-aeca-e5182efbe467	30	3	2
4affa89b-72f6-4305-aeca-e5182efbe467	30	4	2
4affa89b-72f6-4305-aeca-e5182efbe467	30	5	2
4affa89b-72f6-4305-aeca-e5182efbe467	30	6	2
4affa89b-72f6-4305-aeca-e5182efbe467	30	7	0
4affa89b-72f6-4305-aeca-e5182efbe467	30	8	0
4affa89b-72f6-4305-aeca-e5182efbe467	30	9	2
4affa89b-72f6-4305-aeca-e5182efbe467	31	0	2
4affa89b-72f6-4305-aeca-e5182efbe467	31	1	0
4affa89b-72f6-4305-aeca-e5182efbe467	31	2	2
4affa89b-72f6-4305-aeca-e5182efbe467	31	3	2
4affa89b-72f6-4305-aeca-e5182efbe467	31	4	2
4affa89b-72f6-4305-aeca-e5182efbe467	31	5	2
4affa89b-72f6-4305-aeca-e5182efbe467	31	6	2
4affa89b-72f6-4305-aeca-e5182efbe467	31	7	0
4affa89b-72f6-4305-aeca-e5182efbe467	31	8	0
4affa89b-72f6-4305-aeca-e5182efbe467	31	9	2
4affa89b-72f6-4305-aeca-e5182efbe467	32	0	2
4affa89b-72f6-4305-aeca-e5182efbe467	32	1	0
4affa89b-72f6-4305-aeca-e5182efbe467	32	2	1
4affa89b-72f6-4305-aeca-e5182efbe467	32	3	2
4affa89b-72f6-4305-aeca-e5182efbe467	32	4	2
4affa89b-72f6-4305-aeca-e5182efbe467	32	5	2
4affa89b-72f6-4305-aeca-e5182efbe467	32	6	2
4affa89b-72f6-4305-aeca-e5182efbe467	32	7	0
4affa89b-72f6-4305-aeca-e5182efbe467	32	8	0
4affa89b-72f6-4305-aeca-e5182efbe467	32	9	2
4affa89b-72f6-4305-aeca-e5182efbe467	33	0	2
4affa89b-72f6-4305-aeca-e5182efbe467	33	1	0
4affa89b-72f6-4305-aeca-e5182efbe467	33	2	3
4affa89b-72f6-4305-aeca-e5182efbe467	33	3	2
4affa89b-72f6-4305-aeca-e5182efbe467	33	4	1
4affa89b-72f6-4305-aeca-e5182efbe467	33	5	2
4affa89b-72f6-4305-aeca-e5182efbe467	33	6	2
4affa89b-72f6-4305-aeca-e5182efbe467	33	7	0
4affa89b-72f6-4305-aeca-e5182efbe467	33	8	0
4affa89b-72f6-4305-aeca-e5182efbe467	33	9	2
4affa89b-72f6-4305-aeca-e5182efbe467	34	0	2
4affa89b-72f6-4305-aeca-e5182efbe467	34	1	0
4affa89b-72f6-4305-aeca-e5182efbe467	34	2	2
4affa89b-72f6-4305-aeca-e5182efbe467	34	3	1
4affa89b-72f6-4305-aeca-e5182efbe467	34	4	3
4affa89b-72f6-4305-aeca-e5182efbe467	34	5	2
4affa89b-72f6-4305-aeca-e5182efbe467	34	6	2
4affa89b-72f6-4305-aeca-e5182efbe467	34	7	0
4affa89b-72f6-4305-aeca-e5182efbe467	34	8	0
4affa89b-72f6-4305-aeca-e5182efbe467	34	9	2
4affa89b-72f6-4305-aeca-e5182efbe467	35	0	2
4affa89b-72f6-4305-aeca-e5182efbe467	35	1	0
4affa89b-72f6-4305-aeca-e5182efbe467	35	2	2
4affa89b-72f6-4305-aeca-e5182efbe467	35	3	2
4affa89b-72f6-4305-aeca-e5182efbe467	35	4	2
4affa89b-72f6-4305-aeca-e5182efbe467	35	5	2
4affa89b-72f6-4305-aeca-e5182efbe467	35	6	2
4affa89b-72f6-4305-aeca-e5182efbe467	35	7	0
4affa89b-72f6-4305-aeca-e5182efbe467	35	8	0
4affa89b-72f6-4305-aeca-e5182efbe467	35	9	2
4affa89b-72f6-4305-aeca-e5182efbe467	36	0	2
4affa89b-72f6-4305-aeca-e5182efbe467	36	1	0
4affa89b-72f6-4305-aeca-e5182efbe467	36	2	2
4affa89b-72f6-4305-aeca-e5182efbe467	36	3	2
4affa89b-72f6-4305-aeca-e5182efbe467	36	4	2
4affa89b-72f6-4305-aeca-e5182efbe467	36	5	2
4affa89b-72f6-4305-aeca-e5182efbe467	36	6	2
4affa89b-72f6-4305-aeca-e5182efbe467	36	7	0
4affa89b-72f6-4305-aeca-e5182efbe467	36	8	0
4affa89b-72f6-4305-aeca-e5182efbe467	36	9	2
4affa89b-72f6-4305-aeca-e5182efbe467	37	0	4
4affa89b-72f6-4305-aeca-e5182efbe467	37	1	0
4affa89b-72f6-4305-aeca-e5182efbe467	37	2	2
4affa89b-72f6-4305-aeca-e5182efbe467	37	3	2
4affa89b-72f6-4305-aeca-e5182efbe467	37	4	2
4affa89b-72f6-4305-aeca-e5182efbe467	37	5	2
4affa89b-72f6-4305-aeca-e5182efbe467	37	6	2
4affa89b-72f6-4305-aeca-e5182efbe467	37	7	0
4affa89b-72f6-4305-aeca-e5182efbe467	37	8	0
4affa89b-72f6-4305-aeca-e5182efbe467	37	9	2
4affa89b-72f6-4305-aeca-e5182efbe467	38	0	4
4affa89b-72f6-4305-aeca-e5182efbe467	38	1	0
4affa89b-72f6-4305-aeca-e5182efbe467	38	2	2
4affa89b-72f6-4305-aeca-e5182efbe467	38	3	2
4affa89b-72f6-4305-aeca-e5182efbe467	38	4	2
4affa89b-72f6-4305-aeca-e5182efbe467	38	5	2
4affa89b-72f6-4305-aeca-e5182efbe467	38	6	2
4affa89b-72f6-4305-aeca-e5182efbe467	38	7	0
4affa89b-72f6-4305-aeca-e5182efbe467	38	8	0
4affa89b-72f6-4305-aeca-e5182efbe467	38	9	2
4affa89b-72f6-4305-aeca-e5182efbe467	39	0	2
4affa89b-72f6-4305-aeca-e5182efbe467	39	1	0
4affa89b-72f6-4305-aeca-e5182efbe467	39	2	2
4affa89b-72f6-4305-aeca-e5182efbe467	39	3	2
4affa89b-72f6-4305-aeca-e5182efbe467	39	4	0
4affa89b-72f6-4305-aeca-e5182efbe467	39	5	2
4affa89b-72f6-4305-aeca-e5182efbe467	39	6	2
4affa89b-72f6-4305-aeca-e5182efbe467	39	7	0
4affa89b-72f6-4305-aeca-e5182efbe467	39	8	0
4affa89b-72f6-4305-aeca-e5182efbe467	39	9	2
4affa89b-72f6-4305-aeca-e5182efbe467	40	0	3
4affa89b-72f6-4305-aeca-e5182efbe467	40	1	0
4affa89b-72f6-4305-aeca-e5182efbe467	40	2	2
4affa89b-72f6-4305-aeca-e5182efbe467	40	3	1
4affa89b-72f6-4305-aeca-e5182efbe467	40	4	0
4affa89b-72f6-4305-aeca-e5182efbe467	40	5	2
4affa89b-72f6-4305-aeca-e5182efbe467	40	6	2
4affa89b-72f6-4305-aeca-e5182efbe467	40	7	0
4affa89b-72f6-4305-aeca-e5182efbe467	40	8	0
4affa89b-72f6-4305-aeca-e5182efbe467	40	9	1
4affa89b-72f6-4305-aeca-e5182efbe467	41	0	2
4affa89b-72f6-4305-aeca-e5182efbe467	41	1	0
4affa89b-72f6-4305-aeca-e5182efbe467	41	2	2
4affa89b-72f6-4305-aeca-e5182efbe467	41	3	2
4affa89b-72f6-4305-aeca-e5182efbe467	41	4	0
4affa89b-72f6-4305-aeca-e5182efbe467	41	5	3
4affa89b-72f6-4305-aeca-e5182efbe467	41	6	2
4affa89b-72f6-4305-aeca-e5182efbe467	41	7	0
4affa89b-72f6-4305-aeca-e5182efbe467	41	8	0
4affa89b-72f6-4305-aeca-e5182efbe467	41	9	3
4affa89b-72f6-4305-aeca-e5182efbe467	42	0	2
4affa89b-72f6-4305-aeca-e5182efbe467	42	1	0
4affa89b-72f6-4305-aeca-e5182efbe467	42	2	2
4affa89b-72f6-4305-aeca-e5182efbe467	42	3	2
4affa89b-72f6-4305-aeca-e5182efbe467	42	4	0
4affa89b-72f6-4305-aeca-e5182efbe467	42	5	2
4affa89b-72f6-4305-aeca-e5182efbe467	42	6	2
4affa89b-72f6-4305-aeca-e5182efbe467	42	7	0
4affa89b-72f6-4305-aeca-e5182efbe467	42	8	0
4affa89b-72f6-4305-aeca-e5182efbe467	42	9	2
4affa89b-72f6-4305-aeca-e5182efbe467	43	0	2
4affa89b-72f6-4305-aeca-e5182efbe467	43	1	0
4affa89b-72f6-4305-aeca-e5182efbe467	43	2	1
4affa89b-72f6-4305-aeca-e5182efbe467	43	3	2
4affa89b-72f6-4305-aeca-e5182efbe467	43	4	0
4affa89b-72f6-4305-aeca-e5182efbe467	43	5	2
4affa89b-72f6-4305-aeca-e5182efbe467	43	6	2
4affa89b-72f6-4305-aeca-e5182efbe467	43	7	0
4affa89b-72f6-4305-aeca-e5182efbe467	43	8	0
4affa89b-72f6-4305-aeca-e5182efbe467	43	9	2
4affa89b-72f6-4305-aeca-e5182efbe467	44	0	2
4affa89b-72f6-4305-aeca-e5182efbe467	44	1	0
4affa89b-72f6-4305-aeca-e5182efbe467	44	2	2
4affa89b-72f6-4305-aeca-e5182efbe467	44	3	2
4affa89b-72f6-4305-aeca-e5182efbe467	44	4	0
4affa89b-72f6-4305-aeca-e5182efbe467	44	5	2
4affa89b-72f6-4305-aeca-e5182efbe467	44	6	2
4affa89b-72f6-4305-aeca-e5182efbe467	44	7	0
4affa89b-72f6-4305-aeca-e5182efbe467	44	8	0
4affa89b-72f6-4305-aeca-e5182efbe467	44	9	2
4affa89b-72f6-4305-aeca-e5182efbe467	45	0	2
4affa89b-72f6-4305-aeca-e5182efbe467	45	1	0
4affa89b-72f6-4305-aeca-e5182efbe467	45	2	3
4affa89b-72f6-4305-aeca-e5182efbe467	45	3	2
4affa89b-72f6-4305-aeca-e5182efbe467	45	4	0
4affa89b-72f6-4305-aeca-e5182efbe467	45	5	2
4affa89b-72f6-4305-aeca-e5182efbe467	45	6	2
4affa89b-72f6-4305-aeca-e5182efbe467	45	7	0
4affa89b-72f6-4305-aeca-e5182efbe467	45	8	0
4affa89b-72f6-4305-aeca-e5182efbe467	45	9	2
4affa89b-72f6-4305-aeca-e5182efbe467	46	0	3
4affa89b-72f6-4305-aeca-e5182efbe467	46	1	0
4affa89b-72f6-4305-aeca-e5182efbe467	46	2	1
4affa89b-72f6-4305-aeca-e5182efbe467	46	3	2
4affa89b-72f6-4305-aeca-e5182efbe467	46	4	0
4affa89b-72f6-4305-aeca-e5182efbe467	46	5	2
4affa89b-72f6-4305-aeca-e5182efbe467	46	6	2
4affa89b-72f6-4305-aeca-e5182efbe467	46	7	0
4affa89b-72f6-4305-aeca-e5182efbe467	46	8	0
4affa89b-72f6-4305-aeca-e5182efbe467	46	9	2
4affa89b-72f6-4305-aeca-e5182efbe467	47	0	2
4affa89b-72f6-4305-aeca-e5182efbe467	47	1	0
4affa89b-72f6-4305-aeca-e5182efbe467	47	2	2
4affa89b-72f6-4305-aeca-e5182efbe467	47	3	2
4affa89b-72f6-4305-aeca-e5182efbe467	47	4	0
4affa89b-72f6-4305-aeca-e5182efbe467	47	5	3
4affa89b-72f6-4305-aeca-e5182efbe467	47	6	1
4affa89b-72f6-4305-aeca-e5182efbe467	47	7	0
4affa89b-72f6-4305-aeca-e5182efbe467	47	8	0
4affa89b-72f6-4305-aeca-e5182efbe467	47	9	2
4affa89b-72f6-4305-aeca-e5182efbe467	48	0	2
4affa89b-72f6-4305-aeca-e5182efbe467	48	1	0
4affa89b-72f6-4305-aeca-e5182efbe467	48	2	2
4affa89b-72f6-4305-aeca-e5182efbe467	48	3	2
4affa89b-72f6-4305-aeca-e5182efbe467	48	4	0
4affa89b-72f6-4305-aeca-e5182efbe467	48	5	2
4affa89b-72f6-4305-aeca-e5182efbe467	48	6	3
4affa89b-72f6-4305-aeca-e5182efbe467	48	7	0
4affa89b-72f6-4305-aeca-e5182efbe467	48	8	0
4affa89b-72f6-4305-aeca-e5182efbe467	48	9	2
4affa89b-72f6-4305-aeca-e5182efbe467	49	0	2
4affa89b-72f6-4305-aeca-e5182efbe467	49	1	0
4affa89b-72f6-4305-aeca-e5182efbe467	49	2	0
4affa89b-72f6-4305-aeca-e5182efbe467	49	3	2
4affa89b-72f6-4305-aeca-e5182efbe467	49	4	0
4affa89b-72f6-4305-aeca-e5182efbe467	49	5	2
4affa89b-72f6-4305-aeca-e5182efbe467	49	6	2
4affa89b-72f6-4305-aeca-e5182efbe467	49	7	0
4affa89b-72f6-4305-aeca-e5182efbe467	49	8	0
4affa89b-72f6-4305-aeca-e5182efbe467	49	9	2
4affa89b-72f6-4305-aeca-e5182efbe467	50	0	2
4affa89b-72f6-4305-aeca-e5182efbe467	50	1	0
4affa89b-72f6-4305-aeca-e5182efbe467	50	2	0
4affa89b-72f6-4305-aeca-e5182efbe467	50	3	3
4affa89b-72f6-4305-aeca-e5182efbe467	50	4	0
4affa89b-72f6-4305-aeca-e5182efbe467	50	5	2
4affa89b-72f6-4305-aeca-e5182efbe467	50	6	2
4affa89b-72f6-4305-aeca-e5182efbe467	50	7	0
4affa89b-72f6-4305-aeca-e5182efbe467	50	8	0
4affa89b-72f6-4305-aeca-e5182efbe467	50	9	2
4affa89b-72f6-4305-aeca-e5182efbe467	51	0	0
4affa89b-72f6-4305-aeca-e5182efbe467	51	1	0
4affa89b-72f6-4305-aeca-e5182efbe467	51	2	0
4affa89b-72f6-4305-aeca-e5182efbe467	51	3	2
4affa89b-72f6-4305-aeca-e5182efbe467	51	4	0
4affa89b-72f6-4305-aeca-e5182efbe467	51	5	2
4affa89b-72f6-4305-aeca-e5182efbe467	51	6	2
4affa89b-72f6-4305-aeca-e5182efbe467	51	7	0
4affa89b-72f6-4305-aeca-e5182efbe467	51	8	0
4affa89b-72f6-4305-aeca-e5182efbe467	51	9	1
4affa89b-72f6-4305-aeca-e5182efbe467	52	0	0
4affa89b-72f6-4305-aeca-e5182efbe467	52	1	0
4affa89b-72f6-4305-aeca-e5182efbe467	52	2	0
4affa89b-72f6-4305-aeca-e5182efbe467	52	3	2
4affa89b-72f6-4305-aeca-e5182efbe467	52	4	0
4affa89b-72f6-4305-aeca-e5182efbe467	52	5	0
4affa89b-72f6-4305-aeca-e5182efbe467	52	6	2
4affa89b-72f6-4305-aeca-e5182efbe467	52	7	0
4affa89b-72f6-4305-aeca-e5182efbe467	52	8	0
4affa89b-72f6-4305-aeca-e5182efbe467	52	9	2
4affa89b-72f6-4305-aeca-e5182efbe467	53	0	0
4affa89b-72f6-4305-aeca-e5182efbe467	53	1	0
4affa89b-72f6-4305-aeca-e5182efbe467	53	2	0
4affa89b-72f6-4305-aeca-e5182efbe467	53	3	2
4affa89b-72f6-4305-aeca-e5182efbe467	53	4	0
4affa89b-72f6-4305-aeca-e5182efbe467	53	5	0
4affa89b-72f6-4305-aeca-e5182efbe467	53	6	2
4affa89b-72f6-4305-aeca-e5182efbe467	53	7	0
4affa89b-72f6-4305-aeca-e5182efbe467	53	8	0
4affa89b-72f6-4305-aeca-e5182efbe467	53	9	3
4affa89b-72f6-4305-aeca-e5182efbe467	54	0	0
4affa89b-72f6-4305-aeca-e5182efbe467	54	1	0
4affa89b-72f6-4305-aeca-e5182efbe467	54	2	0
4affa89b-72f6-4305-aeca-e5182efbe467	54	3	2
4affa89b-72f6-4305-aeca-e5182efbe467	54	4	0
4affa89b-72f6-4305-aeca-e5182efbe467	54	5	0
4affa89b-72f6-4305-aeca-e5182efbe467	54	6	2
4affa89b-72f6-4305-aeca-e5182efbe467	54	7	0
4affa89b-72f6-4305-aeca-e5182efbe467	54	8	0
4affa89b-72f6-4305-aeca-e5182efbe467	54	9	1
4affa89b-72f6-4305-aeca-e5182efbe467	55	0	0
4affa89b-72f6-4305-aeca-e5182efbe467	55	1	0
4affa89b-72f6-4305-aeca-e5182efbe467	55	2	0
4affa89b-72f6-4305-aeca-e5182efbe467	55	3	0
4affa89b-72f6-4305-aeca-e5182efbe467	55	4	0
4affa89b-72f6-4305-aeca-e5182efbe467	55	5	0
4affa89b-72f6-4305-aeca-e5182efbe467	55	6	2
4affa89b-72f6-4305-aeca-e5182efbe467	55	7	0
4affa89b-72f6-4305-aeca-e5182efbe467	55	8	0
4affa89b-72f6-4305-aeca-e5182efbe467	55	9	2
4affa89b-72f6-4305-aeca-e5182efbe467	56	0	0
4affa89b-72f6-4305-aeca-e5182efbe467	56	1	0
4affa89b-72f6-4305-aeca-e5182efbe467	56	2	0
4affa89b-72f6-4305-aeca-e5182efbe467	56	3	0
4affa89b-72f6-4305-aeca-e5182efbe467	56	4	0
4affa89b-72f6-4305-aeca-e5182efbe467	56	5	0
4affa89b-72f6-4305-aeca-e5182efbe467	56	6	2
4affa89b-72f6-4305-aeca-e5182efbe467	56	7	0
4affa89b-72f6-4305-aeca-e5182efbe467	56	8	0
4affa89b-72f6-4305-aeca-e5182efbe467	56	9	2
4affa89b-72f6-4305-aeca-e5182efbe467	57	0	0
4affa89b-72f6-4305-aeca-e5182efbe467	57	1	0
4affa89b-72f6-4305-aeca-e5182efbe467	57	2	0
4affa89b-72f6-4305-aeca-e5182efbe467	57	3	0
4affa89b-72f6-4305-aeca-e5182efbe467	57	4	0
4affa89b-72f6-4305-aeca-e5182efbe467	57	5	0
4affa89b-72f6-4305-aeca-e5182efbe467	57	6	2
4affa89b-72f6-4305-aeca-e5182efbe467	57	7	0
4affa89b-72f6-4305-aeca-e5182efbe467	57	8	0
4affa89b-72f6-4305-aeca-e5182efbe467	57	9	0
4affa89b-72f6-4305-aeca-e5182efbe467	58	0	0
4affa89b-72f6-4305-aeca-e5182efbe467	58	1	0
4affa89b-72f6-4305-aeca-e5182efbe467	58	2	0
4affa89b-72f6-4305-aeca-e5182efbe467	58	3	0
4affa89b-72f6-4305-aeca-e5182efbe467	58	4	0
4affa89b-72f6-4305-aeca-e5182efbe467	58	5	0
4affa89b-72f6-4305-aeca-e5182efbe467	58	6	2
4affa89b-72f6-4305-aeca-e5182efbe467	58	7	0
4affa89b-72f6-4305-aeca-e5182efbe467	58	8	0
4affa89b-72f6-4305-aeca-e5182efbe467	58	9	0
4affa89b-72f6-4305-aeca-e5182efbe467	59	0	0
4affa89b-72f6-4305-aeca-e5182efbe467	59	1	0
4affa89b-72f6-4305-aeca-e5182efbe467	59	2	0
4affa89b-72f6-4305-aeca-e5182efbe467	59	3	0
4affa89b-72f6-4305-aeca-e5182efbe467	59	4	0
4affa89b-72f6-4305-aeca-e5182efbe467	59	5	0
4affa89b-72f6-4305-aeca-e5182efbe467	59	6	2
4affa89b-72f6-4305-aeca-e5182efbe467	59	7	0
4affa89b-72f6-4305-aeca-e5182efbe467	59	8	0
4affa89b-72f6-4305-aeca-e5182efbe467	59	9	0
4affa89b-72f6-4305-aeca-e5182efbe467	60	0	2
4affa89b-72f6-4305-aeca-e5182efbe467	60	1	2
4affa89b-72f6-4305-aeca-e5182efbe467	60	2	2
4affa89b-72f6-4305-aeca-e5182efbe467	60	3	2
4affa89b-72f6-4305-aeca-e5182efbe467	60	4	2
4affa89b-72f6-4305-aeca-e5182efbe467	60	5	2
4affa89b-72f6-4305-aeca-e5182efbe467	60	6	2
4affa89b-72f6-4305-aeca-e5182efbe467	60	7	2
4affa89b-72f6-4305-aeca-e5182efbe467	60	8	2
4affa89b-72f6-4305-aeca-e5182efbe467	60	9	2
570c7caf-b7ad-4ffe-89e6-5f870e48be7b	2	2	2
570c7caf-b7ad-4ffe-89e6-5f870e48be7b	3	2	2
570c7caf-b7ad-4ffe-89e6-5f870e48be7b	4	2	2
570c7caf-b7ad-4ffe-89e6-5f870e48be7b	5	2	2
570c7caf-b7ad-4ffe-89e6-5f870e48be7b	6	2	2
570c7caf-b7ad-4ffe-89e6-5f870e48be7b	7	2	3
570c7caf-b7ad-4ffe-89e6-5f870e48be7b	8	2	2
570c7caf-b7ad-4ffe-89e6-5f870e48be7b	8	9	2
570c7caf-b7ad-4ffe-89e6-5f870e48be7b	9	2	2
570c7caf-b7ad-4ffe-89e6-5f870e48be7b	9	9	2
570c7caf-b7ad-4ffe-89e6-5f870e48be7b	10	2	2
570c7caf-b7ad-4ffe-89e6-5f870e48be7b	10	9	2
570c7caf-b7ad-4ffe-89e6-5f870e48be7b	11	2	2
570c7caf-b7ad-4ffe-89e6-5f870e48be7b	11	9	2
570c7caf-b7ad-4ffe-89e6-5f870e48be7b	12	0	2
570c7caf-b7ad-4ffe-89e6-5f870e48be7b	12	2	3
570c7caf-b7ad-4ffe-89e6-5f870e48be7b	12	9	2
570c7caf-b7ad-4ffe-89e6-5f870e48be7b	13	0	2
570c7caf-b7ad-4ffe-89e6-5f870e48be7b	13	2	2
570c7caf-b7ad-4ffe-89e6-5f870e48be7b	13	9	1
570c7caf-b7ad-4ffe-89e6-5f870e48be7b	14	0	1
570c7caf-b7ad-4ffe-89e6-5f870e48be7b	14	2	2
570c7caf-b7ad-4ffe-89e6-5f870e48be7b	14	9	2
570c7caf-b7ad-4ffe-89e6-5f870e48be7b	15	0	3
570c7caf-b7ad-4ffe-89e6-5f870e48be7b	15	2	2
570c7caf-b7ad-4ffe-89e6-5f870e48be7b	15	7	2
570c7caf-b7ad-4ffe-89e6-5f870e48be7b	15	9	2
570c7caf-b7ad-4ffe-89e6-5f870e48be7b	16	0	2
570c7caf-b7ad-4ffe-89e6-5f870e48be7b	16	2	2
570c7caf-b7ad-4ffe-89e6-5f870e48be7b	16	7	2
570c7caf-b7ad-4ffe-89e6-5f870e48be7b	16	9	2
570c7caf-b7ad-4ffe-89e6-5f870e48be7b	17	0	2
570c7caf-b7ad-4ffe-89e6-5f870e48be7b	17	2	1
570c7caf-b7ad-4ffe-89e6-5f870e48be7b	17	7	2
570c7caf-b7ad-4ffe-89e6-5f870e48be7b	17	9	2
570c7caf-b7ad-4ffe-89e6-5f870e48be7b	18	0	2
570c7caf-b7ad-4ffe-89e6-5f870e48be7b	18	2	2
570c7caf-b7ad-4ffe-89e6-5f870e48be7b	18	7	2
570c7caf-b7ad-4ffe-89e6-5f870e48be7b	18	9	2
570c7caf-b7ad-4ffe-89e6-5f870e48be7b	19	0	2
570c7caf-b7ad-4ffe-89e6-5f870e48be7b	19	2	2
570c7caf-b7ad-4ffe-89e6-5f870e48be7b	19	7	2
570c7caf-b7ad-4ffe-89e6-5f870e48be7b	19	9	1
570c7caf-b7ad-4ffe-89e6-5f870e48be7b	20	0	2
570c7caf-b7ad-4ffe-89e6-5f870e48be7b	20	2	2
570c7caf-b7ad-4ffe-89e6-5f870e48be7b	20	7	1
570c7caf-b7ad-4ffe-89e6-5f870e48be7b	20	9	2
570c7caf-b7ad-4ffe-89e6-5f870e48be7b	21	0	3
570c7caf-b7ad-4ffe-89e6-5f870e48be7b	21	2	2
570c7caf-b7ad-4ffe-89e6-5f870e48be7b	21	7	2
570c7caf-b7ad-4ffe-89e6-5f870e48be7b	21	9	2
570c7caf-b7ad-4ffe-89e6-5f870e48be7b	22	0	2
570c7caf-b7ad-4ffe-89e6-5f870e48be7b	22	2	2
570c7caf-b7ad-4ffe-89e6-5f870e48be7b	22	7	2
570c7caf-b7ad-4ffe-89e6-5f870e48be7b	22	9	2
570c7caf-b7ad-4ffe-89e6-5f870e48be7b	23	0	2
570c7caf-b7ad-4ffe-89e6-5f870e48be7b	23	2	2
570c7caf-b7ad-4ffe-89e6-5f870e48be7b	23	7	2
570c7caf-b7ad-4ffe-89e6-5f870e48be7b	23	9	2
570c7caf-b7ad-4ffe-89e6-5f870e48be7b	24	0	2
570c7caf-b7ad-4ffe-89e6-5f870e48be7b	24	2	2
570c7caf-b7ad-4ffe-89e6-5f870e48be7b	24	7	2
570c7caf-b7ad-4ffe-89e6-5f870e48be7b	24	9	2
570c7caf-b7ad-4ffe-89e6-5f870e48be7b	25	0	2
570c7caf-b7ad-4ffe-89e6-5f870e48be7b	25	2	2
570c7caf-b7ad-4ffe-89e6-5f870e48be7b	25	7	2
570c7caf-b7ad-4ffe-89e6-5f870e48be7b	25	9	2
570c7caf-b7ad-4ffe-89e6-5f870e48be7b	26	0	2
570c7caf-b7ad-4ffe-89e6-5f870e48be7b	26	2	2
570c7caf-b7ad-4ffe-89e6-5f870e48be7b	26	4	2
570c7caf-b7ad-4ffe-89e6-5f870e48be7b	26	7	2
570c7caf-b7ad-4ffe-89e6-5f870e48be7b	26	9	2
570c7caf-b7ad-4ffe-89e6-5f870e48be7b	27	0	2
570c7caf-b7ad-4ffe-89e6-5f870e48be7b	27	2	2
570c7caf-b7ad-4ffe-89e6-5f870e48be7b	27	4	2
570c7caf-b7ad-4ffe-89e6-5f870e48be7b	27	7	3
570c7caf-b7ad-4ffe-89e6-5f870e48be7b	27	9	2
570c7caf-b7ad-4ffe-89e6-5f870e48be7b	28	0	2
570c7caf-b7ad-4ffe-89e6-5f870e48be7b	28	2	3
570c7caf-b7ad-4ffe-89e6-5f870e48be7b	28	4	1
570c7caf-b7ad-4ffe-89e6-5f870e48be7b	28	7	2
570c7caf-b7ad-4ffe-89e6-5f870e48be7b	28	9	2
570c7caf-b7ad-4ffe-89e6-5f870e48be7b	29	0	1
570c7caf-b7ad-4ffe-89e6-5f870e48be7b	29	2	1
570c7caf-b7ad-4ffe-89e6-5f870e48be7b	29	4	3
570c7caf-b7ad-4ffe-89e6-5f870e48be7b	29	7	2
570c7caf-b7ad-4ffe-89e6-5f870e48be7b	29	9	2
570c7caf-b7ad-4ffe-89e6-5f870e48be7b	30	0	2
570c7caf-b7ad-4ffe-89e6-5f870e48be7b	30	2	2
570c7caf-b7ad-4ffe-89e6-5f870e48be7b	30	4	2
570c7caf-b7ad-4ffe-89e6-5f870e48be7b	30	7	1
570c7caf-b7ad-4ffe-89e6-5f870e48be7b	30	9	2
570c7caf-b7ad-4ffe-89e6-5f870e48be7b	31	0	3
570c7caf-b7ad-4ffe-89e6-5f870e48be7b	31	2	2
570c7caf-b7ad-4ffe-89e6-5f870e48be7b	31	4	2
570c7caf-b7ad-4ffe-89e6-5f870e48be7b	31	7	2
570c7caf-b7ad-4ffe-89e6-5f870e48be7b	31	9	2
570c7caf-b7ad-4ffe-89e6-5f870e48be7b	32	0	2
570c7caf-b7ad-4ffe-89e6-5f870e48be7b	32	2	0
570c7caf-b7ad-4ffe-89e6-5f870e48be7b	32	4	2
570c7caf-b7ad-4ffe-89e6-5f870e48be7b	32	7	2
570c7caf-b7ad-4ffe-89e6-5f870e48be7b	32	9	2
570c7caf-b7ad-4ffe-89e6-5f870e48be7b	33	0	2
570c7caf-b7ad-4ffe-89e6-5f870e48be7b	33	2	0
570c7caf-b7ad-4ffe-89e6-5f870e48be7b	33	4	2
570c7caf-b7ad-4ffe-89e6-5f870e48be7b	33	7	2
570c7caf-b7ad-4ffe-89e6-5f870e48be7b	33	9	2
570c7caf-b7ad-4ffe-89e6-5f870e48be7b	34	0	2
570c7caf-b7ad-4ffe-89e6-5f870e48be7b	34	2	0
570c7caf-b7ad-4ffe-89e6-5f870e48be7b	34	4	2
570c7caf-b7ad-4ffe-89e6-5f870e48be7b	34	7	2
570c7caf-b7ad-4ffe-89e6-5f870e48be7b	34	9	3
570c7caf-b7ad-4ffe-89e6-5f870e48be7b	35	0	2
570c7caf-b7ad-4ffe-89e6-5f870e48be7b	35	2	0
570c7caf-b7ad-4ffe-89e6-5f870e48be7b	35	4	3
570c7caf-b7ad-4ffe-89e6-5f870e48be7b	35	7	2
570c7caf-b7ad-4ffe-89e6-5f870e48be7b	35	9	2
570c7caf-b7ad-4ffe-89e6-5f870e48be7b	36	0	2
570c7caf-b7ad-4ffe-89e6-5f870e48be7b	36	2	0
570c7caf-b7ad-4ffe-89e6-5f870e48be7b	36	4	2
570c7caf-b7ad-4ffe-89e6-5f870e48be7b	36	7	2
570c7caf-b7ad-4ffe-89e6-5f870e48be7b	36	9	2
570c7caf-b7ad-4ffe-89e6-5f870e48be7b	37	0	0
570c7caf-b7ad-4ffe-89e6-5f870e48be7b	37	2	0
570c7caf-b7ad-4ffe-89e6-5f870e48be7b	37	3	2
570c7caf-b7ad-4ffe-89e6-5f870e48be7b	37	4	2
570c7caf-b7ad-4ffe-89e6-5f870e48be7b	37	7	2
570c7caf-b7ad-4ffe-89e6-5f870e48be7b	37	9	2
570c7caf-b7ad-4ffe-89e6-5f870e48be7b	38	0	0
570c7caf-b7ad-4ffe-89e6-5f870e48be7b	38	2	0
570c7caf-b7ad-4ffe-89e6-5f870e48be7b	38	3	2
570c7caf-b7ad-4ffe-89e6-5f870e48be7b	38	4	2
570c7caf-b7ad-4ffe-89e6-5f870e48be7b	38	6	2
570c7caf-b7ad-4ffe-89e6-5f870e48be7b	38	7	2
570c7caf-b7ad-4ffe-89e6-5f870e48be7b	38	9	2
570c7caf-b7ad-4ffe-89e6-5f870e48be7b	39	0	0
570c7caf-b7ad-4ffe-89e6-5f870e48be7b	39	2	0
570c7caf-b7ad-4ffe-89e6-5f870e48be7b	39	3	2
570c7caf-b7ad-4ffe-89e6-5f870e48be7b	39	4	2
570c7caf-b7ad-4ffe-89e6-5f870e48be7b	39	6	2
570c7caf-b7ad-4ffe-89e6-5f870e48be7b	39	7	3
570c7caf-b7ad-4ffe-89e6-5f870e48be7b	39	9	2
570c7caf-b7ad-4ffe-89e6-5f870e48be7b	40	0	0
570c7caf-b7ad-4ffe-89e6-5f870e48be7b	40	2	0
570c7caf-b7ad-4ffe-89e6-5f870e48be7b	40	3	2
570c7caf-b7ad-4ffe-89e6-5f870e48be7b	40	4	2
570c7caf-b7ad-4ffe-89e6-5f870e48be7b	40	6	2
570c7caf-b7ad-4ffe-89e6-5f870e48be7b	40	7	2
570c7caf-b7ad-4ffe-89e6-5f870e48be7b	40	9	2
570c7caf-b7ad-4ffe-89e6-5f870e48be7b	41	0	0
570c7caf-b7ad-4ffe-89e6-5f870e48be7b	41	2	0
570c7caf-b7ad-4ffe-89e6-5f870e48be7b	41	3	2
570c7caf-b7ad-4ffe-89e6-5f870e48be7b	41	4	2
570c7caf-b7ad-4ffe-89e6-5f870e48be7b	41	6	2
570c7caf-b7ad-4ffe-89e6-5f870e48be7b	41	7	2
570c7caf-b7ad-4ffe-89e6-5f870e48be7b	41	8	2
570c7caf-b7ad-4ffe-89e6-5f870e48be7b	41	9	2
570c7caf-b7ad-4ffe-89e6-5f870e48be7b	42	0	0
570c7caf-b7ad-4ffe-89e6-5f870e48be7b	42	2	0
570c7caf-b7ad-4ffe-89e6-5f870e48be7b	42	3	3
570c7caf-b7ad-4ffe-89e6-5f870e48be7b	42	4	2
570c7caf-b7ad-4ffe-89e6-5f870e48be7b	42	6	2
570c7caf-b7ad-4ffe-89e6-5f870e48be7b	42	7	2
570c7caf-b7ad-4ffe-89e6-5f870e48be7b	42	8	2
570c7caf-b7ad-4ffe-89e6-5f870e48be7b	42	9	2
570c7caf-b7ad-4ffe-89e6-5f870e48be7b	43	0	0
570c7caf-b7ad-4ffe-89e6-5f870e48be7b	43	2	0
570c7caf-b7ad-4ffe-89e6-5f870e48be7b	43	3	2
570c7caf-b7ad-4ffe-89e6-5f870e48be7b	43	4	1
570c7caf-b7ad-4ffe-89e6-5f870e48be7b	43	6	3
570c7caf-b7ad-4ffe-89e6-5f870e48be7b	43	7	2
570c7caf-b7ad-4ffe-89e6-5f870e48be7b	43	8	2
570c7caf-b7ad-4ffe-89e6-5f870e48be7b	43	9	2
570c7caf-b7ad-4ffe-89e6-5f870e48be7b	44	0	0
570c7caf-b7ad-4ffe-89e6-5f870e48be7b	44	2	0
570c7caf-b7ad-4ffe-89e6-5f870e48be7b	44	3	2
570c7caf-b7ad-4ffe-89e6-5f870e48be7b	44	4	2
570c7caf-b7ad-4ffe-89e6-5f870e48be7b	44	6	2
570c7caf-b7ad-4ffe-89e6-5f870e48be7b	44	7	3
570c7caf-b7ad-4ffe-89e6-5f870e48be7b	44	8	2
570c7caf-b7ad-4ffe-89e6-5f870e48be7b	44	9	2
570c7caf-b7ad-4ffe-89e6-5f870e48be7b	45	0	0
570c7caf-b7ad-4ffe-89e6-5f870e48be7b	45	2	0
570c7caf-b7ad-4ffe-89e6-5f870e48be7b	45	3	2
570c7caf-b7ad-4ffe-89e6-5f870e48be7b	45	4	3
570c7caf-b7ad-4ffe-89e6-5f870e48be7b	45	6	2
570c7caf-b7ad-4ffe-89e6-5f870e48be7b	45	7	2
570c7caf-b7ad-4ffe-89e6-5f870e48be7b	45	8	2
570c7caf-b7ad-4ffe-89e6-5f870e48be7b	45	9	2
570c7caf-b7ad-4ffe-89e6-5f870e48be7b	46	0	0
570c7caf-b7ad-4ffe-89e6-5f870e48be7b	46	2	0
570c7caf-b7ad-4ffe-89e6-5f870e48be7b	46	3	2
570c7caf-b7ad-4ffe-89e6-5f870e48be7b	46	4	2
570c7caf-b7ad-4ffe-89e6-5f870e48be7b	46	6	2
570c7caf-b7ad-4ffe-89e6-5f870e48be7b	46	7	2
570c7caf-b7ad-4ffe-89e6-5f870e48be7b	46	8	1
570c7caf-b7ad-4ffe-89e6-5f870e48be7b	46	9	3
570c7caf-b7ad-4ffe-89e6-5f870e48be7b	47	0	0
570c7caf-b7ad-4ffe-89e6-5f870e48be7b	47	2	0
570c7caf-b7ad-4ffe-89e6-5f870e48be7b	47	3	3
570c7caf-b7ad-4ffe-89e6-5f870e48be7b	47	4	2
570c7caf-b7ad-4ffe-89e6-5f870e48be7b	47	6	2
570c7caf-b7ad-4ffe-89e6-5f870e48be7b	47	7	2
570c7caf-b7ad-4ffe-89e6-5f870e48be7b	47	8	2
570c7caf-b7ad-4ffe-89e6-5f870e48be7b	47	9	2
570c7caf-b7ad-4ffe-89e6-5f870e48be7b	48	0	0
570c7caf-b7ad-4ffe-89e6-5f870e48be7b	48	2	0
570c7caf-b7ad-4ffe-89e6-5f870e48be7b	48	3	2
570c7caf-b7ad-4ffe-89e6-5f870e48be7b	48	4	2
570c7caf-b7ad-4ffe-89e6-5f870e48be7b	48	5	2
570c7caf-b7ad-4ffe-89e6-5f870e48be7b	48	6	3
570c7caf-b7ad-4ffe-89e6-5f870e48be7b	48	7	2
570c7caf-b7ad-4ffe-89e6-5f870e48be7b	48	8	2
570c7caf-b7ad-4ffe-89e6-5f870e48be7b	48	9	2
570c7caf-b7ad-4ffe-89e6-5f870e48be7b	49	0	0
570c7caf-b7ad-4ffe-89e6-5f870e48be7b	49	2	0
570c7caf-b7ad-4ffe-89e6-5f870e48be7b	49	3	2
570c7caf-b7ad-4ffe-89e6-5f870e48be7b	49	4	2
570c7caf-b7ad-4ffe-89e6-5f870e48be7b	49	5	2
570c7caf-b7ad-4ffe-89e6-5f870e48be7b	49	6	2
570c7caf-b7ad-4ffe-89e6-5f870e48be7b	49	7	2
570c7caf-b7ad-4ffe-89e6-5f870e48be7b	49	8	2
570c7caf-b7ad-4ffe-89e6-5f870e48be7b	49	9	2
570c7caf-b7ad-4ffe-89e6-5f870e48be7b	50	0	0
570c7caf-b7ad-4ffe-89e6-5f870e48be7b	50	2	0
570c7caf-b7ad-4ffe-89e6-5f870e48be7b	50	3	2
570c7caf-b7ad-4ffe-89e6-5f870e48be7b	50	4	2
570c7caf-b7ad-4ffe-89e6-5f870e48be7b	50	5	2
570c7caf-b7ad-4ffe-89e6-5f870e48be7b	50	6	2
570c7caf-b7ad-4ffe-89e6-5f870e48be7b	50	7	2
570c7caf-b7ad-4ffe-89e6-5f870e48be7b	50	8	2
570c7caf-b7ad-4ffe-89e6-5f870e48be7b	50	9	3
570c7caf-b7ad-4ffe-89e6-5f870e48be7b	51	0	0
570c7caf-b7ad-4ffe-89e6-5f870e48be7b	51	2	0
570c7caf-b7ad-4ffe-89e6-5f870e48be7b	51	3	2
570c7caf-b7ad-4ffe-89e6-5f870e48be7b	51	4	0
570c7caf-b7ad-4ffe-89e6-5f870e48be7b	51	5	2
570c7caf-b7ad-4ffe-89e6-5f870e48be7b	51	6	2
570c7caf-b7ad-4ffe-89e6-5f870e48be7b	51	7	1
570c7caf-b7ad-4ffe-89e6-5f870e48be7b	51	8	2
570c7caf-b7ad-4ffe-89e6-5f870e48be7b	51	9	2
570c7caf-b7ad-4ffe-89e6-5f870e48be7b	52	0	0
570c7caf-b7ad-4ffe-89e6-5f870e48be7b	52	2	0
570c7caf-b7ad-4ffe-89e6-5f870e48be7b	52	3	2
570c7caf-b7ad-4ffe-89e6-5f870e48be7b	52	4	0
570c7caf-b7ad-4ffe-89e6-5f870e48be7b	52	5	2
570c7caf-b7ad-4ffe-89e6-5f870e48be7b	52	6	2
570c7caf-b7ad-4ffe-89e6-5f870e48be7b	52	7	3
570c7caf-b7ad-4ffe-89e6-5f870e48be7b	52	8	3
570c7caf-b7ad-4ffe-89e6-5f870e48be7b	52	9	2
570c7caf-b7ad-4ffe-89e6-5f870e48be7b	53	0	0
570c7caf-b7ad-4ffe-89e6-5f870e48be7b	53	2	0
570c7caf-b7ad-4ffe-89e6-5f870e48be7b	53	3	2
570c7caf-b7ad-4ffe-89e6-5f870e48be7b	53	4	0
570c7caf-b7ad-4ffe-89e6-5f870e48be7b	53	5	1
570c7caf-b7ad-4ffe-89e6-5f870e48be7b	53	6	1
570c7caf-b7ad-4ffe-89e6-5f870e48be7b	53	7	2
570c7caf-b7ad-4ffe-89e6-5f870e48be7b	53	8	2
570c7caf-b7ad-4ffe-89e6-5f870e48be7b	53	9	2
570c7caf-b7ad-4ffe-89e6-5f870e48be7b	54	0	0
570c7caf-b7ad-4ffe-89e6-5f870e48be7b	54	1	2
570c7caf-b7ad-4ffe-89e6-5f870e48be7b	54	2	0
570c7caf-b7ad-4ffe-89e6-5f870e48be7b	54	3	2
570c7caf-b7ad-4ffe-89e6-5f870e48be7b	54	4	0
570c7caf-b7ad-4ffe-89e6-5f870e48be7b	54	5	2
570c7caf-b7ad-4ffe-89e6-5f870e48be7b	54	6	2
570c7caf-b7ad-4ffe-89e6-5f870e48be7b	54	7	2
570c7caf-b7ad-4ffe-89e6-5f870e48be7b	54	8	2
570c7caf-b7ad-4ffe-89e6-5f870e48be7b	54	9	2
570c7caf-b7ad-4ffe-89e6-5f870e48be7b	55	0	0
570c7caf-b7ad-4ffe-89e6-5f870e48be7b	55	1	2
570c7caf-b7ad-4ffe-89e6-5f870e48be7b	55	2	0
570c7caf-b7ad-4ffe-89e6-5f870e48be7b	55	3	2
570c7caf-b7ad-4ffe-89e6-5f870e48be7b	55	4	0
570c7caf-b7ad-4ffe-89e6-5f870e48be7b	55	5	2
570c7caf-b7ad-4ffe-89e6-5f870e48be7b	55	6	2
570c7caf-b7ad-4ffe-89e6-5f870e48be7b	55	7	1
570c7caf-b7ad-4ffe-89e6-5f870e48be7b	55	8	3
570c7caf-b7ad-4ffe-89e6-5f870e48be7b	55	9	2
570c7caf-b7ad-4ffe-89e6-5f870e48be7b	56	0	0
570c7caf-b7ad-4ffe-89e6-5f870e48be7b	56	1	2
570c7caf-b7ad-4ffe-89e6-5f870e48be7b	56	2	0
570c7caf-b7ad-4ffe-89e6-5f870e48be7b	56	3	2
570c7caf-b7ad-4ffe-89e6-5f870e48be7b	56	4	0
570c7caf-b7ad-4ffe-89e6-5f870e48be7b	56	5	2
570c7caf-b7ad-4ffe-89e6-5f870e48be7b	56	6	2
570c7caf-b7ad-4ffe-89e6-5f870e48be7b	56	7	2
570c7caf-b7ad-4ffe-89e6-5f870e48be7b	56	8	1
570c7caf-b7ad-4ffe-89e6-5f870e48be7b	56	9	2
570c7caf-b7ad-4ffe-89e6-5f870e48be7b	57	0	0
570c7caf-b7ad-4ffe-89e6-5f870e48be7b	57	1	2
570c7caf-b7ad-4ffe-89e6-5f870e48be7b	57	2	0
570c7caf-b7ad-4ffe-89e6-5f870e48be7b	57	3	2
570c7caf-b7ad-4ffe-89e6-5f870e48be7b	57	4	0
570c7caf-b7ad-4ffe-89e6-5f870e48be7b	57	5	3
570c7caf-b7ad-4ffe-89e6-5f870e48be7b	57	6	2
570c7caf-b7ad-4ffe-89e6-5f870e48be7b	57	7	2
570c7caf-b7ad-4ffe-89e6-5f870e48be7b	57	8	2
570c7caf-b7ad-4ffe-89e6-5f870e48be7b	57	9	2
570c7caf-b7ad-4ffe-89e6-5f870e48be7b	58	0	0
570c7caf-b7ad-4ffe-89e6-5f870e48be7b	58	1	2
570c7caf-b7ad-4ffe-89e6-5f870e48be7b	58	2	0
570c7caf-b7ad-4ffe-89e6-5f870e48be7b	58	3	2
570c7caf-b7ad-4ffe-89e6-5f870e48be7b	58	4	0
570c7caf-b7ad-4ffe-89e6-5f870e48be7b	58	5	2
570c7caf-b7ad-4ffe-89e6-5f870e48be7b	58	6	2
570c7caf-b7ad-4ffe-89e6-5f870e48be7b	58	7	2
570c7caf-b7ad-4ffe-89e6-5f870e48be7b	58	8	2
570c7caf-b7ad-4ffe-89e6-5f870e48be7b	58	9	2
570c7caf-b7ad-4ffe-89e6-5f870e48be7b	59	0	0
570c7caf-b7ad-4ffe-89e6-5f870e48be7b	59	1	3
570c7caf-b7ad-4ffe-89e6-5f870e48be7b	59	2	0
570c7caf-b7ad-4ffe-89e6-5f870e48be7b	59	3	2
570c7caf-b7ad-4ffe-89e6-5f870e48be7b	59	4	0
570c7caf-b7ad-4ffe-89e6-5f870e48be7b	59	5	2
570c7caf-b7ad-4ffe-89e6-5f870e48be7b	59	6	2
570c7caf-b7ad-4ffe-89e6-5f870e48be7b	59	7	2
570c7caf-b7ad-4ffe-89e6-5f870e48be7b	59	8	0
570c7caf-b7ad-4ffe-89e6-5f870e48be7b	59	9	2
570c7caf-b7ad-4ffe-89e6-5f870e48be7b	60	0	0
570c7caf-b7ad-4ffe-89e6-5f870e48be7b	60	1	2
570c7caf-b7ad-4ffe-89e6-5f870e48be7b	60	2	0
570c7caf-b7ad-4ffe-89e6-5f870e48be7b	60	3	2
570c7caf-b7ad-4ffe-89e6-5f870e48be7b	60	4	0
570c7caf-b7ad-4ffe-89e6-5f870e48be7b	60	5	2
570c7caf-b7ad-4ffe-89e6-5f870e48be7b	60	6	2
570c7caf-b7ad-4ffe-89e6-5f870e48be7b	60	7	3
570c7caf-b7ad-4ffe-89e6-5f870e48be7b	60	8	0
570c7caf-b7ad-4ffe-89e6-5f870e48be7b	60	9	2
570c7caf-b7ad-4ffe-89e6-5f870e48be7b	61	0	0
570c7caf-b7ad-4ffe-89e6-5f870e48be7b	61	1	2
570c7caf-b7ad-4ffe-89e6-5f870e48be7b	61	2	0
570c7caf-b7ad-4ffe-89e6-5f870e48be7b	61	3	2
570c7caf-b7ad-4ffe-89e6-5f870e48be7b	61	4	0
570c7caf-b7ad-4ffe-89e6-5f870e48be7b	61	5	2
570c7caf-b7ad-4ffe-89e6-5f870e48be7b	61	6	2
570c7caf-b7ad-4ffe-89e6-5f870e48be7b	61	7	2
570c7caf-b7ad-4ffe-89e6-5f870e48be7b	61	8	0
570c7caf-b7ad-4ffe-89e6-5f870e48be7b	61	9	2
570c7caf-b7ad-4ffe-89e6-5f870e48be7b	62	0	0
570c7caf-b7ad-4ffe-89e6-5f870e48be7b	62	1	2
570c7caf-b7ad-4ffe-89e6-5f870e48be7b	62	2	0
570c7caf-b7ad-4ffe-89e6-5f870e48be7b	62	3	2
570c7caf-b7ad-4ffe-89e6-5f870e48be7b	62	4	0
570c7caf-b7ad-4ffe-89e6-5f870e48be7b	62	5	2
570c7caf-b7ad-4ffe-89e6-5f870e48be7b	62	6	2
570c7caf-b7ad-4ffe-89e6-5f870e48be7b	62	7	2
570c7caf-b7ad-4ffe-89e6-5f870e48be7b	62	8	0
570c7caf-b7ad-4ffe-89e6-5f870e48be7b	62	9	2
570c7caf-b7ad-4ffe-89e6-5f870e48be7b	63	0	0
570c7caf-b7ad-4ffe-89e6-5f870e48be7b	63	1	2
570c7caf-b7ad-4ffe-89e6-5f870e48be7b	63	2	0
570c7caf-b7ad-4ffe-89e6-5f870e48be7b	63	3	2
570c7caf-b7ad-4ffe-89e6-5f870e48be7b	63	4	0
570c7caf-b7ad-4ffe-89e6-5f870e48be7b	63	5	2
570c7caf-b7ad-4ffe-89e6-5f870e48be7b	63	6	2
570c7caf-b7ad-4ffe-89e6-5f870e48be7b	63	7	1
570c7caf-b7ad-4ffe-89e6-5f870e48be7b	63	8	0
570c7caf-b7ad-4ffe-89e6-5f870e48be7b	63	9	2
570c7caf-b7ad-4ffe-89e6-5f870e48be7b	64	0	0
570c7caf-b7ad-4ffe-89e6-5f870e48be7b	64	1	3
570c7caf-b7ad-4ffe-89e6-5f870e48be7b	64	2	0
570c7caf-b7ad-4ffe-89e6-5f870e48be7b	64	3	2
570c7caf-b7ad-4ffe-89e6-5f870e48be7b	64	4	0
570c7caf-b7ad-4ffe-89e6-5f870e48be7b	64	5	2
570c7caf-b7ad-4ffe-89e6-5f870e48be7b	64	6	3
570c7caf-b7ad-4ffe-89e6-5f870e48be7b	64	7	3
570c7caf-b7ad-4ffe-89e6-5f870e48be7b	64	8	0
570c7caf-b7ad-4ffe-89e6-5f870e48be7b	64	9	2
570c7caf-b7ad-4ffe-89e6-5f870e48be7b	65	0	0
570c7caf-b7ad-4ffe-89e6-5f870e48be7b	65	1	2
570c7caf-b7ad-4ffe-89e6-5f870e48be7b	65	2	0
570c7caf-b7ad-4ffe-89e6-5f870e48be7b	65	3	2
570c7caf-b7ad-4ffe-89e6-5f870e48be7b	65	4	0
570c7caf-b7ad-4ffe-89e6-5f870e48be7b	65	5	2
570c7caf-b7ad-4ffe-89e6-5f870e48be7b	65	6	1
570c7caf-b7ad-4ffe-89e6-5f870e48be7b	65	7	2
570c7caf-b7ad-4ffe-89e6-5f870e48be7b	65	8	0
570c7caf-b7ad-4ffe-89e6-5f870e48be7b	65	9	2
570c7caf-b7ad-4ffe-89e6-5f870e48be7b	66	0	0
570c7caf-b7ad-4ffe-89e6-5f870e48be7b	66	1	2
570c7caf-b7ad-4ffe-89e6-5f870e48be7b	66	2	0
570c7caf-b7ad-4ffe-89e6-5f870e48be7b	66	3	2
570c7caf-b7ad-4ffe-89e6-5f870e48be7b	66	4	0
570c7caf-b7ad-4ffe-89e6-5f870e48be7b	66	5	1
570c7caf-b7ad-4ffe-89e6-5f870e48be7b	66	6	2
570c7caf-b7ad-4ffe-89e6-5f870e48be7b	66	7	2
570c7caf-b7ad-4ffe-89e6-5f870e48be7b	66	8	0
570c7caf-b7ad-4ffe-89e6-5f870e48be7b	66	9	2
570c7caf-b7ad-4ffe-89e6-5f870e48be7b	67	0	0
570c7caf-b7ad-4ffe-89e6-5f870e48be7b	67	1	2
570c7caf-b7ad-4ffe-89e6-5f870e48be7b	67	2	0
570c7caf-b7ad-4ffe-89e6-5f870e48be7b	67	3	2
570c7caf-b7ad-4ffe-89e6-5f870e48be7b	67	4	0
570c7caf-b7ad-4ffe-89e6-5f870e48be7b	67	5	2
570c7caf-b7ad-4ffe-89e6-5f870e48be7b	67	6	2
570c7caf-b7ad-4ffe-89e6-5f870e48be7b	67	7	0
570c7caf-b7ad-4ffe-89e6-5f870e48be7b	67	8	0
570c7caf-b7ad-4ffe-89e6-5f870e48be7b	67	9	2
570c7caf-b7ad-4ffe-89e6-5f870e48be7b	68	0	0
570c7caf-b7ad-4ffe-89e6-5f870e48be7b	68	1	2
570c7caf-b7ad-4ffe-89e6-5f870e48be7b	68	2	0
570c7caf-b7ad-4ffe-89e6-5f870e48be7b	68	3	2
570c7caf-b7ad-4ffe-89e6-5f870e48be7b	68	4	0
570c7caf-b7ad-4ffe-89e6-5f870e48be7b	68	5	2
570c7caf-b7ad-4ffe-89e6-5f870e48be7b	68	6	0
570c7caf-b7ad-4ffe-89e6-5f870e48be7b	68	7	0
570c7caf-b7ad-4ffe-89e6-5f870e48be7b	68	8	0
570c7caf-b7ad-4ffe-89e6-5f870e48be7b	68	9	2
570c7caf-b7ad-4ffe-89e6-5f870e48be7b	69	0	0
570c7caf-b7ad-4ffe-89e6-5f870e48be7b	69	1	2
570c7caf-b7ad-4ffe-89e6-5f870e48be7b	69	2	0
570c7caf-b7ad-4ffe-89e6-5f870e48be7b	69	3	2
570c7caf-b7ad-4ffe-89e6-5f870e48be7b	69	4	0
570c7caf-b7ad-4ffe-89e6-5f870e48be7b	69	5	2
570c7caf-b7ad-4ffe-89e6-5f870e48be7b	69	6	0
570c7caf-b7ad-4ffe-89e6-5f870e48be7b	69	7	0
570c7caf-b7ad-4ffe-89e6-5f870e48be7b	69	8	0
570c7caf-b7ad-4ffe-89e6-5f870e48be7b	69	9	2
570c7caf-b7ad-4ffe-89e6-5f870e48be7b	70	0	0
570c7caf-b7ad-4ffe-89e6-5f870e48be7b	70	1	2
570c7caf-b7ad-4ffe-89e6-5f870e48be7b	70	2	0
570c7caf-b7ad-4ffe-89e6-5f870e48be7b	70	3	2
570c7caf-b7ad-4ffe-89e6-5f870e48be7b	70	4	0
570c7caf-b7ad-4ffe-89e6-5f870e48be7b	70	5	2
570c7caf-b7ad-4ffe-89e6-5f870e48be7b	70	6	0
570c7caf-b7ad-4ffe-89e6-5f870e48be7b	70	7	0
570c7caf-b7ad-4ffe-89e6-5f870e48be7b	70	8	0
570c7caf-b7ad-4ffe-89e6-5f870e48be7b	70	9	2
570c7caf-b7ad-4ffe-89e6-5f870e48be7b	71	0	0
570c7caf-b7ad-4ffe-89e6-5f870e48be7b	71	1	2
570c7caf-b7ad-4ffe-89e6-5f870e48be7b	71	2	0
570c7caf-b7ad-4ffe-89e6-5f870e48be7b	71	3	3
570c7caf-b7ad-4ffe-89e6-5f870e48be7b	71	4	0
570c7caf-b7ad-4ffe-89e6-5f870e48be7b	71	5	2
570c7caf-b7ad-4ffe-89e6-5f870e48be7b	71	6	0
570c7caf-b7ad-4ffe-89e6-5f870e48be7b	71	7	0
570c7caf-b7ad-4ffe-89e6-5f870e48be7b	71	8	0
570c7caf-b7ad-4ffe-89e6-5f870e48be7b	71	9	2
570c7caf-b7ad-4ffe-89e6-5f870e48be7b	72	0	0
570c7caf-b7ad-4ffe-89e6-5f870e48be7b	72	1	2
570c7caf-b7ad-4ffe-89e6-5f870e48be7b	72	2	0
570c7caf-b7ad-4ffe-89e6-5f870e48be7b	72	3	2
570c7caf-b7ad-4ffe-89e6-5f870e48be7b	72	4	0
570c7caf-b7ad-4ffe-89e6-5f870e48be7b	72	5	2
570c7caf-b7ad-4ffe-89e6-5f870e48be7b	72	6	0
570c7caf-b7ad-4ffe-89e6-5f870e48be7b	72	7	0
570c7caf-b7ad-4ffe-89e6-5f870e48be7b	72	8	0
570c7caf-b7ad-4ffe-89e6-5f870e48be7b	72	9	2
570c7caf-b7ad-4ffe-89e6-5f870e48be7b	73	0	0
570c7caf-b7ad-4ffe-89e6-5f870e48be7b	73	1	2
570c7caf-b7ad-4ffe-89e6-5f870e48be7b	73	2	0
570c7caf-b7ad-4ffe-89e6-5f870e48be7b	73	3	1
570c7caf-b7ad-4ffe-89e6-5f870e48be7b	73	4	0
570c7caf-b7ad-4ffe-89e6-5f870e48be7b	73	5	0
570c7caf-b7ad-4ffe-89e6-5f870e48be7b	73	6	0
570c7caf-b7ad-4ffe-89e6-5f870e48be7b	73	7	0
570c7caf-b7ad-4ffe-89e6-5f870e48be7b	73	8	0
570c7caf-b7ad-4ffe-89e6-5f870e48be7b	73	9	2
570c7caf-b7ad-4ffe-89e6-5f870e48be7b	74	0	0
570c7caf-b7ad-4ffe-89e6-5f870e48be7b	74	1	2
570c7caf-b7ad-4ffe-89e6-5f870e48be7b	74	2	0
570c7caf-b7ad-4ffe-89e6-5f870e48be7b	74	3	3
570c7caf-b7ad-4ffe-89e6-5f870e48be7b	74	4	0
570c7caf-b7ad-4ffe-89e6-5f870e48be7b	74	5	0
570c7caf-b7ad-4ffe-89e6-5f870e48be7b	74	6	0
570c7caf-b7ad-4ffe-89e6-5f870e48be7b	74	7	0
570c7caf-b7ad-4ffe-89e6-5f870e48be7b	74	8	0
570c7caf-b7ad-4ffe-89e6-5f870e48be7b	74	9	3
570c7caf-b7ad-4ffe-89e6-5f870e48be7b	75	0	0
570c7caf-b7ad-4ffe-89e6-5f870e48be7b	75	1	2
570c7caf-b7ad-4ffe-89e6-5f870e48be7b	75	2	0
570c7caf-b7ad-4ffe-89e6-5f870e48be7b	75	3	2
570c7caf-b7ad-4ffe-89e6-5f870e48be7b	75	4	0
570c7caf-b7ad-4ffe-89e6-5f870e48be7b	75	5	0
570c7caf-b7ad-4ffe-89e6-5f870e48be7b	75	6	0
570c7caf-b7ad-4ffe-89e6-5f870e48be7b	75	7	0
570c7caf-b7ad-4ffe-89e6-5f870e48be7b	75	8	0
570c7caf-b7ad-4ffe-89e6-5f870e48be7b	75	9	2
570c7caf-b7ad-4ffe-89e6-5f870e48be7b	76	0	0
570c7caf-b7ad-4ffe-89e6-5f870e48be7b	76	1	2
570c7caf-b7ad-4ffe-89e6-5f870e48be7b	76	2	0
570c7caf-b7ad-4ffe-89e6-5f870e48be7b	76	3	2
570c7caf-b7ad-4ffe-89e6-5f870e48be7b	76	4	0
570c7caf-b7ad-4ffe-89e6-5f870e48be7b	76	5	0
570c7caf-b7ad-4ffe-89e6-5f870e48be7b	76	6	0
570c7caf-b7ad-4ffe-89e6-5f870e48be7b	76	7	0
570c7caf-b7ad-4ffe-89e6-5f870e48be7b	76	8	0
570c7caf-b7ad-4ffe-89e6-5f870e48be7b	76	9	1
570c7caf-b7ad-4ffe-89e6-5f870e48be7b	77	0	0
570c7caf-b7ad-4ffe-89e6-5f870e48be7b	77	1	2
570c7caf-b7ad-4ffe-89e6-5f870e48be7b	77	2	0
570c7caf-b7ad-4ffe-89e6-5f870e48be7b	77	3	0
570c7caf-b7ad-4ffe-89e6-5f870e48be7b	77	4	0
570c7caf-b7ad-4ffe-89e6-5f870e48be7b	77	5	0
570c7caf-b7ad-4ffe-89e6-5f870e48be7b	77	6	0
570c7caf-b7ad-4ffe-89e6-5f870e48be7b	77	7	0
570c7caf-b7ad-4ffe-89e6-5f870e48be7b	77	8	0
570c7caf-b7ad-4ffe-89e6-5f870e48be7b	77	9	3
570c7caf-b7ad-4ffe-89e6-5f870e48be7b	78	0	0
570c7caf-b7ad-4ffe-89e6-5f870e48be7b	78	1	2
570c7caf-b7ad-4ffe-89e6-5f870e48be7b	78	2	0
570c7caf-b7ad-4ffe-89e6-5f870e48be7b	78	3	0
570c7caf-b7ad-4ffe-89e6-5f870e48be7b	78	4	0
570c7caf-b7ad-4ffe-89e6-5f870e48be7b	78	5	0
570c7caf-b7ad-4ffe-89e6-5f870e48be7b	78	6	0
570c7caf-b7ad-4ffe-89e6-5f870e48be7b	78	7	0
570c7caf-b7ad-4ffe-89e6-5f870e48be7b	78	8	0
570c7caf-b7ad-4ffe-89e6-5f870e48be7b	78	9	2
570c7caf-b7ad-4ffe-89e6-5f870e48be7b	79	0	0
570c7caf-b7ad-4ffe-89e6-5f870e48be7b	79	1	2
570c7caf-b7ad-4ffe-89e6-5f870e48be7b	79	2	0
570c7caf-b7ad-4ffe-89e6-5f870e48be7b	79	3	0
570c7caf-b7ad-4ffe-89e6-5f870e48be7b	79	4	0
570c7caf-b7ad-4ffe-89e6-5f870e48be7b	79	5	0
570c7caf-b7ad-4ffe-89e6-5f870e48be7b	79	6	0
570c7caf-b7ad-4ffe-89e6-5f870e48be7b	79	7	0
570c7caf-b7ad-4ffe-89e6-5f870e48be7b	79	8	0
570c7caf-b7ad-4ffe-89e6-5f870e48be7b	79	9	2
570c7caf-b7ad-4ffe-89e6-5f870e48be7b	80	0	0
570c7caf-b7ad-4ffe-89e6-5f870e48be7b	80	1	2
570c7caf-b7ad-4ffe-89e6-5f870e48be7b	80	2	0
570c7caf-b7ad-4ffe-89e6-5f870e48be7b	80	3	0
570c7caf-b7ad-4ffe-89e6-5f870e48be7b	80	4	0
570c7caf-b7ad-4ffe-89e6-5f870e48be7b	80	5	0
570c7caf-b7ad-4ffe-89e6-5f870e48be7b	80	6	0
570c7caf-b7ad-4ffe-89e6-5f870e48be7b	80	7	0
570c7caf-b7ad-4ffe-89e6-5f870e48be7b	80	8	0
570c7caf-b7ad-4ffe-89e6-5f870e48be7b	80	9	0
570c7caf-b7ad-4ffe-89e6-5f870e48be7b	81	0	0
570c7caf-b7ad-4ffe-89e6-5f870e48be7b	81	1	2
570c7caf-b7ad-4ffe-89e6-5f870e48be7b	81	2	0
570c7caf-b7ad-4ffe-89e6-5f870e48be7b	81	3	0
570c7caf-b7ad-4ffe-89e6-5f870e48be7b	81	4	0
570c7caf-b7ad-4ffe-89e6-5f870e48be7b	81	5	0
570c7caf-b7ad-4ffe-89e6-5f870e48be7b	81	6	0
570c7caf-b7ad-4ffe-89e6-5f870e48be7b	81	7	0
570c7caf-b7ad-4ffe-89e6-5f870e48be7b	81	8	0
570c7caf-b7ad-4ffe-89e6-5f870e48be7b	81	9	0
570c7caf-b7ad-4ffe-89e6-5f870e48be7b	82	0	0
570c7caf-b7ad-4ffe-89e6-5f870e48be7b	82	1	2
570c7caf-b7ad-4ffe-89e6-5f870e48be7b	82	2	0
570c7caf-b7ad-4ffe-89e6-5f870e48be7b	82	3	0
570c7caf-b7ad-4ffe-89e6-5f870e48be7b	82	4	0
570c7caf-b7ad-4ffe-89e6-5f870e48be7b	82	5	0
570c7caf-b7ad-4ffe-89e6-5f870e48be7b	82	6	0
570c7caf-b7ad-4ffe-89e6-5f870e48be7b	82	7	0
570c7caf-b7ad-4ffe-89e6-5f870e48be7b	82	8	0
570c7caf-b7ad-4ffe-89e6-5f870e48be7b	82	9	0
570c7caf-b7ad-4ffe-89e6-5f870e48be7b	83	0	0
570c7caf-b7ad-4ffe-89e6-5f870e48be7b	83	1	1
570c7caf-b7ad-4ffe-89e6-5f870e48be7b	83	2	0
570c7caf-b7ad-4ffe-89e6-5f870e48be7b	83	3	0
570c7caf-b7ad-4ffe-89e6-5f870e48be7b	83	4	0
570c7caf-b7ad-4ffe-89e6-5f870e48be7b	83	5	0
570c7caf-b7ad-4ffe-89e6-5f870e48be7b	83	6	0
570c7caf-b7ad-4ffe-89e6-5f870e48be7b	83	7	0
570c7caf-b7ad-4ffe-89e6-5f870e48be7b	83	8	0
570c7caf-b7ad-4ffe-89e6-5f870e48be7b	83	9	0
570c7caf-b7ad-4ffe-89e6-5f870e48be7b	84	0	0
570c7caf-b7ad-4ffe-89e6-5f870e48be7b	84	1	2
570c7caf-b7ad-4ffe-89e6-5f870e48be7b	84	2	0
570c7caf-b7ad-4ffe-89e6-5f870e48be7b	84	3	0
570c7caf-b7ad-4ffe-89e6-5f870e48be7b	84	4	0
570c7caf-b7ad-4ffe-89e6-5f870e48be7b	84	5	0
570c7caf-b7ad-4ffe-89e6-5f870e48be7b	84	6	0
570c7caf-b7ad-4ffe-89e6-5f870e48be7b	84	7	0
570c7caf-b7ad-4ffe-89e6-5f870e48be7b	84	8	0
570c7caf-b7ad-4ffe-89e6-5f870e48be7b	84	9	0
570c7caf-b7ad-4ffe-89e6-5f870e48be7b	85	0	0
570c7caf-b7ad-4ffe-89e6-5f870e48be7b	85	1	2
570c7caf-b7ad-4ffe-89e6-5f870e48be7b	85	2	0
570c7caf-b7ad-4ffe-89e6-5f870e48be7b	85	3	0
570c7caf-b7ad-4ffe-89e6-5f870e48be7b	85	4	0
570c7caf-b7ad-4ffe-89e6-5f870e48be7b	85	5	0
570c7caf-b7ad-4ffe-89e6-5f870e48be7b	85	6	0
570c7caf-b7ad-4ffe-89e6-5f870e48be7b	85	7	0
570c7caf-b7ad-4ffe-89e6-5f870e48be7b	85	8	0
570c7caf-b7ad-4ffe-89e6-5f870e48be7b	85	9	0
570c7caf-b7ad-4ffe-89e6-5f870e48be7b	86	0	0
570c7caf-b7ad-4ffe-89e6-5f870e48be7b	86	1	2
570c7caf-b7ad-4ffe-89e6-5f870e48be7b	86	2	0
570c7caf-b7ad-4ffe-89e6-5f870e48be7b	86	3	0
570c7caf-b7ad-4ffe-89e6-5f870e48be7b	86	4	0
570c7caf-b7ad-4ffe-89e6-5f870e48be7b	86	5	0
570c7caf-b7ad-4ffe-89e6-5f870e48be7b	86	6	0
570c7caf-b7ad-4ffe-89e6-5f870e48be7b	86	7	0
570c7caf-b7ad-4ffe-89e6-5f870e48be7b	86	8	0
570c7caf-b7ad-4ffe-89e6-5f870e48be7b	86	9	0
570c7caf-b7ad-4ffe-89e6-5f870e48be7b	87	0	0
570c7caf-b7ad-4ffe-89e6-5f870e48be7b	87	1	2
570c7caf-b7ad-4ffe-89e6-5f870e48be7b	87	2	0
570c7caf-b7ad-4ffe-89e6-5f870e48be7b	87	3	0
570c7caf-b7ad-4ffe-89e6-5f870e48be7b	87	4	0
570c7caf-b7ad-4ffe-89e6-5f870e48be7b	87	5	0
570c7caf-b7ad-4ffe-89e6-5f870e48be7b	87	6	0
570c7caf-b7ad-4ffe-89e6-5f870e48be7b	87	7	0
570c7caf-b7ad-4ffe-89e6-5f870e48be7b	87	8	0
570c7caf-b7ad-4ffe-89e6-5f870e48be7b	87	9	0
570c7caf-b7ad-4ffe-89e6-5f870e48be7b	88	0	0
570c7caf-b7ad-4ffe-89e6-5f870e48be7b	88	1	2
570c7caf-b7ad-4ffe-89e6-5f870e48be7b	88	2	0
570c7caf-b7ad-4ffe-89e6-5f870e48be7b	88	3	0
570c7caf-b7ad-4ffe-89e6-5f870e48be7b	88	4	0
570c7caf-b7ad-4ffe-89e6-5f870e48be7b	88	5	0
570c7caf-b7ad-4ffe-89e6-5f870e48be7b	88	6	0
570c7caf-b7ad-4ffe-89e6-5f870e48be7b	88	7	0
570c7caf-b7ad-4ffe-89e6-5f870e48be7b	88	8	0
570c7caf-b7ad-4ffe-89e6-5f870e48be7b	88	9	0
b13338c0-b1fc-418e-9bbc-5e5204adebc0	2	7	2
b13338c0-b1fc-418e-9bbc-5e5204adebc0	3	7	2
b13338c0-b1fc-418e-9bbc-5e5204adebc0	4	7	2
b13338c0-b1fc-418e-9bbc-5e5204adebc0	5	0	2
b13338c0-b1fc-418e-9bbc-5e5204adebc0	5	2	2
b13338c0-b1fc-418e-9bbc-5e5204adebc0	5	7	2
b13338c0-b1fc-418e-9bbc-5e5204adebc0	6	0	2
b13338c0-b1fc-418e-9bbc-5e5204adebc0	6	2	2
b13338c0-b1fc-418e-9bbc-5e5204adebc0	6	7	2
b13338c0-b1fc-418e-9bbc-5e5204adebc0	7	0	2
b13338c0-b1fc-418e-9bbc-5e5204adebc0	7	2	2
b13338c0-b1fc-418e-9bbc-5e5204adebc0	7	7	1
b13338c0-b1fc-418e-9bbc-5e5204adebc0	8	0	2
b13338c0-b1fc-418e-9bbc-5e5204adebc0	8	2	2
b13338c0-b1fc-418e-9bbc-5e5204adebc0	8	7	2
b13338c0-b1fc-418e-9bbc-5e5204adebc0	9	0	2
b13338c0-b1fc-418e-9bbc-5e5204adebc0	9	2	2
b13338c0-b1fc-418e-9bbc-5e5204adebc0	9	7	2
b13338c0-b1fc-418e-9bbc-5e5204adebc0	10	0	1
b13338c0-b1fc-418e-9bbc-5e5204adebc0	10	2	1
b13338c0-b1fc-418e-9bbc-5e5204adebc0	10	7	2
b13338c0-b1fc-418e-9bbc-5e5204adebc0	11	0	2
b13338c0-b1fc-418e-9bbc-5e5204adebc0	11	2	2
b13338c0-b1fc-418e-9bbc-5e5204adebc0	11	7	2
b13338c0-b1fc-418e-9bbc-5e5204adebc0	12	0	2
b13338c0-b1fc-418e-9bbc-5e5204adebc0	12	2	2
b13338c0-b1fc-418e-9bbc-5e5204adebc0	12	7	2
b13338c0-b1fc-418e-9bbc-5e5204adebc0	13	0	2
b13338c0-b1fc-418e-9bbc-5e5204adebc0	13	2	2
b13338c0-b1fc-418e-9bbc-5e5204adebc0	13	7	2
b13338c0-b1fc-418e-9bbc-5e5204adebc0	14	0	2
b13338c0-b1fc-418e-9bbc-5e5204adebc0	14	2	2
b13338c0-b1fc-418e-9bbc-5e5204adebc0	14	7	2
b13338c0-b1fc-418e-9bbc-5e5204adebc0	15	0	1
b13338c0-b1fc-418e-9bbc-5e5204adebc0	15	2	2
b13338c0-b1fc-418e-9bbc-5e5204adebc0	15	7	2
b13338c0-b1fc-418e-9bbc-5e5204adebc0	16	0	2
b13338c0-b1fc-418e-9bbc-5e5204adebc0	16	2	2
b13338c0-b1fc-418e-9bbc-5e5204adebc0	16	7	1
b13338c0-b1fc-418e-9bbc-5e5204adebc0	17	0	2
b13338c0-b1fc-418e-9bbc-5e5204adebc0	17	2	2
b13338c0-b1fc-418e-9bbc-5e5204adebc0	17	7	2
b13338c0-b1fc-418e-9bbc-5e5204adebc0	18	0	2
b13338c0-b1fc-418e-9bbc-5e5204adebc0	18	2	2
b13338c0-b1fc-418e-9bbc-5e5204adebc0	18	7	2
b13338c0-b1fc-418e-9bbc-5e5204adebc0	19	0	2
b13338c0-b1fc-418e-9bbc-5e5204adebc0	19	1	2
b13338c0-b1fc-418e-9bbc-5e5204adebc0	19	2	1
b13338c0-b1fc-418e-9bbc-5e5204adebc0	19	7	2
b13338c0-b1fc-418e-9bbc-5e5204adebc0	20	0	2
b13338c0-b1fc-418e-9bbc-5e5204adebc0	20	1	2
b13338c0-b1fc-418e-9bbc-5e5204adebc0	20	2	2
b13338c0-b1fc-418e-9bbc-5e5204adebc0	20	6	2
b13338c0-b1fc-418e-9bbc-5e5204adebc0	20	7	2
b13338c0-b1fc-418e-9bbc-5e5204adebc0	21	0	2
b13338c0-b1fc-418e-9bbc-5e5204adebc0	21	1	2
b13338c0-b1fc-418e-9bbc-5e5204adebc0	21	2	2
b13338c0-b1fc-418e-9bbc-5e5204adebc0	21	3	2
b13338c0-b1fc-418e-9bbc-5e5204adebc0	21	6	2
b13338c0-b1fc-418e-9bbc-5e5204adebc0	21	7	2
b13338c0-b1fc-418e-9bbc-5e5204adebc0	22	0	2
b13338c0-b1fc-418e-9bbc-5e5204adebc0	22	1	2
b13338c0-b1fc-418e-9bbc-5e5204adebc0	22	2	2
b13338c0-b1fc-418e-9bbc-5e5204adebc0	22	3	2
b13338c0-b1fc-418e-9bbc-5e5204adebc0	22	5	2
b13338c0-b1fc-418e-9bbc-5e5204adebc0	22	6	2
b13338c0-b1fc-418e-9bbc-5e5204adebc0	22	7	2
b13338c0-b1fc-418e-9bbc-5e5204adebc0	23	0	2
b13338c0-b1fc-418e-9bbc-5e5204adebc0	23	1	2
b13338c0-b1fc-418e-9bbc-5e5204adebc0	23	2	2
b13338c0-b1fc-418e-9bbc-5e5204adebc0	23	3	2
b13338c0-b1fc-418e-9bbc-5e5204adebc0	23	5	2
b13338c0-b1fc-418e-9bbc-5e5204adebc0	23	6	2
b13338c0-b1fc-418e-9bbc-5e5204adebc0	23	7	2
b13338c0-b1fc-418e-9bbc-5e5204adebc0	24	0	2
b13338c0-b1fc-418e-9bbc-5e5204adebc0	24	1	1
b13338c0-b1fc-418e-9bbc-5e5204adebc0	24	2	2
b13338c0-b1fc-418e-9bbc-5e5204adebc0	24	3	2
b13338c0-b1fc-418e-9bbc-5e5204adebc0	24	5	2
b13338c0-b1fc-418e-9bbc-5e5204adebc0	24	6	2
b13338c0-b1fc-418e-9bbc-5e5204adebc0	24	7	2
b13338c0-b1fc-418e-9bbc-5e5204adebc0	25	0	2
b13338c0-b1fc-418e-9bbc-5e5204adebc0	25	1	2
b13338c0-b1fc-418e-9bbc-5e5204adebc0	25	2	2
b13338c0-b1fc-418e-9bbc-5e5204adebc0	25	3	2
b13338c0-b1fc-418e-9bbc-5e5204adebc0	25	4	2
b13338c0-b1fc-418e-9bbc-5e5204adebc0	25	5	2
b13338c0-b1fc-418e-9bbc-5e5204adebc0	25	6	1
b13338c0-b1fc-418e-9bbc-5e5204adebc0	25	7	2
b13338c0-b1fc-418e-9bbc-5e5204adebc0	26	0	2
b13338c0-b1fc-418e-9bbc-5e5204adebc0	26	1	2
b13338c0-b1fc-418e-9bbc-5e5204adebc0	26	2	2
b13338c0-b1fc-418e-9bbc-5e5204adebc0	26	3	1
b13338c0-b1fc-418e-9bbc-5e5204adebc0	26	4	2
b13338c0-b1fc-418e-9bbc-5e5204adebc0	26	5	2
b13338c0-b1fc-418e-9bbc-5e5204adebc0	26	6	2
b13338c0-b1fc-418e-9bbc-5e5204adebc0	26	7	2
b13338c0-b1fc-418e-9bbc-5e5204adebc0	27	0	2
b13338c0-b1fc-418e-9bbc-5e5204adebc0	27	1	2
b13338c0-b1fc-418e-9bbc-5e5204adebc0	27	2	2
b13338c0-b1fc-418e-9bbc-5e5204adebc0	27	3	2
b13338c0-b1fc-418e-9bbc-5e5204adebc0	27	4	2
b13338c0-b1fc-418e-9bbc-5e5204adebc0	27	5	2
b13338c0-b1fc-418e-9bbc-5e5204adebc0	27	6	2
b13338c0-b1fc-418e-9bbc-5e5204adebc0	27	7	2
b13338c0-b1fc-418e-9bbc-5e5204adebc0	28	0	3
b13338c0-b1fc-418e-9bbc-5e5204adebc0	28	1	2
b13338c0-b1fc-418e-9bbc-5e5204adebc0	28	2	2
b13338c0-b1fc-418e-9bbc-5e5204adebc0	28	3	2
b13338c0-b1fc-418e-9bbc-5e5204adebc0	28	4	2
b13338c0-b1fc-418e-9bbc-5e5204adebc0	28	5	3
b13338c0-b1fc-418e-9bbc-5e5204adebc0	28	6	2
b13338c0-b1fc-418e-9bbc-5e5204adebc0	28	7	2
b13338c0-b1fc-418e-9bbc-5e5204adebc0	28	9	2
b13338c0-b1fc-418e-9bbc-5e5204adebc0	29	0	2
b13338c0-b1fc-418e-9bbc-5e5204adebc0	29	1	2
b13338c0-b1fc-418e-9bbc-5e5204adebc0	29	2	2
b13338c0-b1fc-418e-9bbc-5e5204adebc0	29	3	2
b13338c0-b1fc-418e-9bbc-5e5204adebc0	29	4	2
b13338c0-b1fc-418e-9bbc-5e5204adebc0	29	5	2
b13338c0-b1fc-418e-9bbc-5e5204adebc0	29	6	2
b13338c0-b1fc-418e-9bbc-5e5204adebc0	29	7	2
b13338c0-b1fc-418e-9bbc-5e5204adebc0	29	9	2
b13338c0-b1fc-418e-9bbc-5e5204adebc0	30	0	2
b13338c0-b1fc-418e-9bbc-5e5204adebc0	30	1	2
b13338c0-b1fc-418e-9bbc-5e5204adebc0	30	2	2
b13338c0-b1fc-418e-9bbc-5e5204adebc0	30	3	2
b13338c0-b1fc-418e-9bbc-5e5204adebc0	30	4	1
b13338c0-b1fc-418e-9bbc-5e5204adebc0	30	5	2
b13338c0-b1fc-418e-9bbc-5e5204adebc0	30	6	1
b13338c0-b1fc-418e-9bbc-5e5204adebc0	30	7	2
b13338c0-b1fc-418e-9bbc-5e5204adebc0	30	9	2
b13338c0-b1fc-418e-9bbc-5e5204adebc0	31	0	2
b13338c0-b1fc-418e-9bbc-5e5204adebc0	31	1	2
b13338c0-b1fc-418e-9bbc-5e5204adebc0	31	2	2
b13338c0-b1fc-418e-9bbc-5e5204adebc0	31	3	1
b13338c0-b1fc-418e-9bbc-5e5204adebc0	31	4	2
b13338c0-b1fc-418e-9bbc-5e5204adebc0	31	5	2
b13338c0-b1fc-418e-9bbc-5e5204adebc0	31	6	2
b13338c0-b1fc-418e-9bbc-5e5204adebc0	31	7	2
b13338c0-b1fc-418e-9bbc-5e5204adebc0	31	9	2
b13338c0-b1fc-418e-9bbc-5e5204adebc0	32	0	1
b13338c0-b1fc-418e-9bbc-5e5204adebc0	32	1	2
b13338c0-b1fc-418e-9bbc-5e5204adebc0	32	2	2
b13338c0-b1fc-418e-9bbc-5e5204adebc0	32	3	2
b13338c0-b1fc-418e-9bbc-5e5204adebc0	32	4	2
b13338c0-b1fc-418e-9bbc-5e5204adebc0	32	5	2
b13338c0-b1fc-418e-9bbc-5e5204adebc0	32	6	2
b13338c0-b1fc-418e-9bbc-5e5204adebc0	32	7	2
b13338c0-b1fc-418e-9bbc-5e5204adebc0	32	9	2
b13338c0-b1fc-418e-9bbc-5e5204adebc0	33	0	2
b13338c0-b1fc-418e-9bbc-5e5204adebc0	33	1	2
b13338c0-b1fc-418e-9bbc-5e5204adebc0	33	2	2
b13338c0-b1fc-418e-9bbc-5e5204adebc0	33	3	2
b13338c0-b1fc-418e-9bbc-5e5204adebc0	33	4	2
b13338c0-b1fc-418e-9bbc-5e5204adebc0	33	5	2
b13338c0-b1fc-418e-9bbc-5e5204adebc0	33	6	2
b13338c0-b1fc-418e-9bbc-5e5204adebc0	33	7	2
b13338c0-b1fc-418e-9bbc-5e5204adebc0	33	9	2
b13338c0-b1fc-418e-9bbc-5e5204adebc0	34	0	2
b13338c0-b1fc-418e-9bbc-5e5204adebc0	34	1	2
b13338c0-b1fc-418e-9bbc-5e5204adebc0	34	2	2
b13338c0-b1fc-418e-9bbc-5e5204adebc0	34	3	2
b13338c0-b1fc-418e-9bbc-5e5204adebc0	34	4	2
b13338c0-b1fc-418e-9bbc-5e5204adebc0	34	5	2
b13338c0-b1fc-418e-9bbc-5e5204adebc0	34	6	2
b13338c0-b1fc-418e-9bbc-5e5204adebc0	34	7	2
b13338c0-b1fc-418e-9bbc-5e5204adebc0	34	8	2
b13338c0-b1fc-418e-9bbc-5e5204adebc0	34	9	2
b13338c0-b1fc-418e-9bbc-5e5204adebc0	35	0	2
b13338c0-b1fc-418e-9bbc-5e5204adebc0	35	1	2
b13338c0-b1fc-418e-9bbc-5e5204adebc0	35	2	2
b13338c0-b1fc-418e-9bbc-5e5204adebc0	35	3	2
b13338c0-b1fc-418e-9bbc-5e5204adebc0	35	4	1
b13338c0-b1fc-418e-9bbc-5e5204adebc0	35	5	2
b13338c0-b1fc-418e-9bbc-5e5204adebc0	35	6	2
b13338c0-b1fc-418e-9bbc-5e5204adebc0	35	7	2
b13338c0-b1fc-418e-9bbc-5e5204adebc0	35	8	2
b13338c0-b1fc-418e-9bbc-5e5204adebc0	35	9	3
b13338c0-b1fc-418e-9bbc-5e5204adebc0	36	0	2
b13338c0-b1fc-418e-9bbc-5e5204adebc0	36	1	2
b13338c0-b1fc-418e-9bbc-5e5204adebc0	36	2	2
b13338c0-b1fc-418e-9bbc-5e5204adebc0	36	3	2
b13338c0-b1fc-418e-9bbc-5e5204adebc0	36	4	2
b13338c0-b1fc-418e-9bbc-5e5204adebc0	36	5	2
b13338c0-b1fc-418e-9bbc-5e5204adebc0	36	6	2
b13338c0-b1fc-418e-9bbc-5e5204adebc0	36	7	2
b13338c0-b1fc-418e-9bbc-5e5204adebc0	36	8	2
b13338c0-b1fc-418e-9bbc-5e5204adebc0	36	9	2
b13338c0-b1fc-418e-9bbc-5e5204adebc0	37	0	2
b13338c0-b1fc-418e-9bbc-5e5204adebc0	37	1	1
b13338c0-b1fc-418e-9bbc-5e5204adebc0	37	2	2
b13338c0-b1fc-418e-9bbc-5e5204adebc0	37	3	2
b13338c0-b1fc-418e-9bbc-5e5204adebc0	37	4	2
b13338c0-b1fc-418e-9bbc-5e5204adebc0	37	5	1
b13338c0-b1fc-418e-9bbc-5e5204adebc0	37	6	2
b13338c0-b1fc-418e-9bbc-5e5204adebc0	37	7	1
b13338c0-b1fc-418e-9bbc-5e5204adebc0	37	8	2
b13338c0-b1fc-418e-9bbc-5e5204adebc0	37	9	2
b13338c0-b1fc-418e-9bbc-5e5204adebc0	38	0	2
b13338c0-b1fc-418e-9bbc-5e5204adebc0	38	1	2
b13338c0-b1fc-418e-9bbc-5e5204adebc0	38	2	2
b13338c0-b1fc-418e-9bbc-5e5204adebc0	38	3	2
b13338c0-b1fc-418e-9bbc-5e5204adebc0	38	4	2
b13338c0-b1fc-418e-9bbc-5e5204adebc0	38	5	2
b13338c0-b1fc-418e-9bbc-5e5204adebc0	38	6	2
b13338c0-b1fc-418e-9bbc-5e5204adebc0	38	7	2
b13338c0-b1fc-418e-9bbc-5e5204adebc0	38	8	2
b13338c0-b1fc-418e-9bbc-5e5204adebc0	38	9	2
b13338c0-b1fc-418e-9bbc-5e5204adebc0	39	0	2
b13338c0-b1fc-418e-9bbc-5e5204adebc0	39	1	3
b13338c0-b1fc-418e-9bbc-5e5204adebc0	39	2	2
b13338c0-b1fc-418e-9bbc-5e5204adebc0	39	3	2
b13338c0-b1fc-418e-9bbc-5e5204adebc0	39	4	2
b13338c0-b1fc-418e-9bbc-5e5204adebc0	39	5	2
b13338c0-b1fc-418e-9bbc-5e5204adebc0	39	6	2
b13338c0-b1fc-418e-9bbc-5e5204adebc0	39	7	2
b13338c0-b1fc-418e-9bbc-5e5204adebc0	39	8	1
b13338c0-b1fc-418e-9bbc-5e5204adebc0	39	9	2
b13338c0-b1fc-418e-9bbc-5e5204adebc0	40	0	2
b13338c0-b1fc-418e-9bbc-5e5204adebc0	40	1	2
b13338c0-b1fc-418e-9bbc-5e5204adebc0	40	2	1
b13338c0-b1fc-418e-9bbc-5e5204adebc0	40	3	2
b13338c0-b1fc-418e-9bbc-5e5204adebc0	40	4	2
b13338c0-b1fc-418e-9bbc-5e5204adebc0	40	5	2
b13338c0-b1fc-418e-9bbc-5e5204adebc0	40	6	2
b13338c0-b1fc-418e-9bbc-5e5204adebc0	40	7	2
b13338c0-b1fc-418e-9bbc-5e5204adebc0	40	8	2
b13338c0-b1fc-418e-9bbc-5e5204adebc0	40	9	2
b13338c0-b1fc-418e-9bbc-5e5204adebc0	41	0	2
b13338c0-b1fc-418e-9bbc-5e5204adebc0	41	1	1
b13338c0-b1fc-418e-9bbc-5e5204adebc0	41	2	2
b13338c0-b1fc-418e-9bbc-5e5204adebc0	41	3	2
b13338c0-b1fc-418e-9bbc-5e5204adebc0	41	4	2
b13338c0-b1fc-418e-9bbc-5e5204adebc0	41	5	2
b13338c0-b1fc-418e-9bbc-5e5204adebc0	41	6	2
b13338c0-b1fc-418e-9bbc-5e5204adebc0	41	7	2
b13338c0-b1fc-418e-9bbc-5e5204adebc0	41	8	2
b13338c0-b1fc-418e-9bbc-5e5204adebc0	41	9	2
b13338c0-b1fc-418e-9bbc-5e5204adebc0	42	0	1
b13338c0-b1fc-418e-9bbc-5e5204adebc0	42	1	3
b13338c0-b1fc-418e-9bbc-5e5204adebc0	42	2	2
b13338c0-b1fc-418e-9bbc-5e5204adebc0	42	3	2
b13338c0-b1fc-418e-9bbc-5e5204adebc0	42	4	2
b13338c0-b1fc-418e-9bbc-5e5204adebc0	42	5	2
b13338c0-b1fc-418e-9bbc-5e5204adebc0	42	6	2
b13338c0-b1fc-418e-9bbc-5e5204adebc0	42	7	2
b13338c0-b1fc-418e-9bbc-5e5204adebc0	42	8	2
b13338c0-b1fc-418e-9bbc-5e5204adebc0	42	9	2
b13338c0-b1fc-418e-9bbc-5e5204adebc0	43	0	2
b13338c0-b1fc-418e-9bbc-5e5204adebc0	43	1	2
b13338c0-b1fc-418e-9bbc-5e5204adebc0	43	2	2
b13338c0-b1fc-418e-9bbc-5e5204adebc0	43	3	2
b13338c0-b1fc-418e-9bbc-5e5204adebc0	43	4	2
b13338c0-b1fc-418e-9bbc-5e5204adebc0	43	5	2
b13338c0-b1fc-418e-9bbc-5e5204adebc0	43	6	3
b13338c0-b1fc-418e-9bbc-5e5204adebc0	43	7	2
b13338c0-b1fc-418e-9bbc-5e5204adebc0	43	8	2
b13338c0-b1fc-418e-9bbc-5e5204adebc0	43	9	2
b13338c0-b1fc-418e-9bbc-5e5204adebc0	44	0	2
b13338c0-b1fc-418e-9bbc-5e5204adebc0	44	1	2
b13338c0-b1fc-418e-9bbc-5e5204adebc0	44	2	2
b13338c0-b1fc-418e-9bbc-5e5204adebc0	44	3	3
b13338c0-b1fc-418e-9bbc-5e5204adebc0	44	4	2
b13338c0-b1fc-418e-9bbc-5e5204adebc0	44	5	2
b13338c0-b1fc-418e-9bbc-5e5204adebc0	44	6	2
b13338c0-b1fc-418e-9bbc-5e5204adebc0	44	7	2
b13338c0-b1fc-418e-9bbc-5e5204adebc0	44	8	1
b13338c0-b1fc-418e-9bbc-5e5204adebc0	44	9	1
b13338c0-b1fc-418e-9bbc-5e5204adebc0	45	0	3
b13338c0-b1fc-418e-9bbc-5e5204adebc0	45	1	0
b13338c0-b1fc-418e-9bbc-5e5204adebc0	45	2	2
b13338c0-b1fc-418e-9bbc-5e5204adebc0	45	3	2
b13338c0-b1fc-418e-9bbc-5e5204adebc0	45	4	2
b13338c0-b1fc-418e-9bbc-5e5204adebc0	45	5	2
b13338c0-b1fc-418e-9bbc-5e5204adebc0	45	6	2
b13338c0-b1fc-418e-9bbc-5e5204adebc0	45	7	2
b13338c0-b1fc-418e-9bbc-5e5204adebc0	45	8	2
b13338c0-b1fc-418e-9bbc-5e5204adebc0	45	9	2
b13338c0-b1fc-418e-9bbc-5e5204adebc0	46	0	1
b13338c0-b1fc-418e-9bbc-5e5204adebc0	46	1	0
b13338c0-b1fc-418e-9bbc-5e5204adebc0	46	2	2
b13338c0-b1fc-418e-9bbc-5e5204adebc0	46	3	2
b13338c0-b1fc-418e-9bbc-5e5204adebc0	46	4	2
b13338c0-b1fc-418e-9bbc-5e5204adebc0	46	5	2
b13338c0-b1fc-418e-9bbc-5e5204adebc0	46	6	2
b13338c0-b1fc-418e-9bbc-5e5204adebc0	46	7	2
b13338c0-b1fc-418e-9bbc-5e5204adebc0	46	8	2
b13338c0-b1fc-418e-9bbc-5e5204adebc0	46	9	2
b13338c0-b1fc-418e-9bbc-5e5204adebc0	47	0	2
b13338c0-b1fc-418e-9bbc-5e5204adebc0	47	1	0
b13338c0-b1fc-418e-9bbc-5e5204adebc0	47	2	2
b13338c0-b1fc-418e-9bbc-5e5204adebc0	47	3	2
b13338c0-b1fc-418e-9bbc-5e5204adebc0	47	4	2
b13338c0-b1fc-418e-9bbc-5e5204adebc0	47	5	1
b13338c0-b1fc-418e-9bbc-5e5204adebc0	47	6	1
b13338c0-b1fc-418e-9bbc-5e5204adebc0	47	7	2
b13338c0-b1fc-418e-9bbc-5e5204adebc0	47	8	2
b13338c0-b1fc-418e-9bbc-5e5204adebc0	47	9	2
b13338c0-b1fc-418e-9bbc-5e5204adebc0	48	0	2
b13338c0-b1fc-418e-9bbc-5e5204adebc0	48	1	0
b13338c0-b1fc-418e-9bbc-5e5204adebc0	48	2	2
b13338c0-b1fc-418e-9bbc-5e5204adebc0	48	3	1
b13338c0-b1fc-418e-9bbc-5e5204adebc0	48	4	3
b13338c0-b1fc-418e-9bbc-5e5204adebc0	48	5	2
b13338c0-b1fc-418e-9bbc-5e5204adebc0	48	6	3
b13338c0-b1fc-418e-9bbc-5e5204adebc0	48	7	2
b13338c0-b1fc-418e-9bbc-5e5204adebc0	48	8	2
b13338c0-b1fc-418e-9bbc-5e5204adebc0	48	9	2
b13338c0-b1fc-418e-9bbc-5e5204adebc0	49	0	0
b13338c0-b1fc-418e-9bbc-5e5204adebc0	49	1	0
b13338c0-b1fc-418e-9bbc-5e5204adebc0	49	2	2
b13338c0-b1fc-418e-9bbc-5e5204adebc0	49	3	3
b13338c0-b1fc-418e-9bbc-5e5204adebc0	49	4	2
b13338c0-b1fc-418e-9bbc-5e5204adebc0	49	5	2
b13338c0-b1fc-418e-9bbc-5e5204adebc0	49	6	2
b13338c0-b1fc-418e-9bbc-5e5204adebc0	49	7	2
b13338c0-b1fc-418e-9bbc-5e5204adebc0	49	8	2
b13338c0-b1fc-418e-9bbc-5e5204adebc0	49	9	2
b13338c0-b1fc-418e-9bbc-5e5204adebc0	50	0	0
b13338c0-b1fc-418e-9bbc-5e5204adebc0	50	1	0
b13338c0-b1fc-418e-9bbc-5e5204adebc0	50	2	2
b13338c0-b1fc-418e-9bbc-5e5204adebc0	50	3	2
b13338c0-b1fc-418e-9bbc-5e5204adebc0	50	4	2
b13338c0-b1fc-418e-9bbc-5e5204adebc0	50	5	2
b13338c0-b1fc-418e-9bbc-5e5204adebc0	50	6	1
b13338c0-b1fc-418e-9bbc-5e5204adebc0	50	7	1
b13338c0-b1fc-418e-9bbc-5e5204adebc0	50	8	2
b13338c0-b1fc-418e-9bbc-5e5204adebc0	50	9	2
b13338c0-b1fc-418e-9bbc-5e5204adebc0	51	0	0
b13338c0-b1fc-418e-9bbc-5e5204adebc0	51	1	0
b13338c0-b1fc-418e-9bbc-5e5204adebc0	51	2	2
b13338c0-b1fc-418e-9bbc-5e5204adebc0	51	3	1
b13338c0-b1fc-418e-9bbc-5e5204adebc0	51	4	2
b13338c0-b1fc-418e-9bbc-5e5204adebc0	51	5	2
b13338c0-b1fc-418e-9bbc-5e5204adebc0	51	6	3
b13338c0-b1fc-418e-9bbc-5e5204adebc0	51	7	2
b13338c0-b1fc-418e-9bbc-5e5204adebc0	51	8	2
b13338c0-b1fc-418e-9bbc-5e5204adebc0	51	9	2
b13338c0-b1fc-418e-9bbc-5e5204adebc0	52	0	0
b13338c0-b1fc-418e-9bbc-5e5204adebc0	52	1	0
b13338c0-b1fc-418e-9bbc-5e5204adebc0	52	2	2
b13338c0-b1fc-418e-9bbc-5e5204adebc0	52	3	3
b13338c0-b1fc-418e-9bbc-5e5204adebc0	52	4	1
b13338c0-b1fc-418e-9bbc-5e5204adebc0	52	5	2
b13338c0-b1fc-418e-9bbc-5e5204adebc0	52	6	2
b13338c0-b1fc-418e-9bbc-5e5204adebc0	52	7	3
b13338c0-b1fc-418e-9bbc-5e5204adebc0	52	8	2
b13338c0-b1fc-418e-9bbc-5e5204adebc0	52	9	2
b13338c0-b1fc-418e-9bbc-5e5204adebc0	53	0	0
b13338c0-b1fc-418e-9bbc-5e5204adebc0	53	1	0
b13338c0-b1fc-418e-9bbc-5e5204adebc0	53	2	1
b13338c0-b1fc-418e-9bbc-5e5204adebc0	53	3	2
b13338c0-b1fc-418e-9bbc-5e5204adebc0	53	4	3
b13338c0-b1fc-418e-9bbc-5e5204adebc0	53	5	2
b13338c0-b1fc-418e-9bbc-5e5204adebc0	53	6	2
b13338c0-b1fc-418e-9bbc-5e5204adebc0	53	7	2
b13338c0-b1fc-418e-9bbc-5e5204adebc0	53	8	2
b13338c0-b1fc-418e-9bbc-5e5204adebc0	53	9	2
b13338c0-b1fc-418e-9bbc-5e5204adebc0	54	0	0
b13338c0-b1fc-418e-9bbc-5e5204adebc0	54	1	0
b13338c0-b1fc-418e-9bbc-5e5204adebc0	54	2	2
b13338c0-b1fc-418e-9bbc-5e5204adebc0	54	3	2
b13338c0-b1fc-418e-9bbc-5e5204adebc0	54	4	2
b13338c0-b1fc-418e-9bbc-5e5204adebc0	54	5	2
b13338c0-b1fc-418e-9bbc-5e5204adebc0	54	6	0
b13338c0-b1fc-418e-9bbc-5e5204adebc0	54	7	1
b13338c0-b1fc-418e-9bbc-5e5204adebc0	54	8	2
b13338c0-b1fc-418e-9bbc-5e5204adebc0	54	9	1
b13338c0-b1fc-418e-9bbc-5e5204adebc0	55	0	0
b13338c0-b1fc-418e-9bbc-5e5204adebc0	55	1	0
b13338c0-b1fc-418e-9bbc-5e5204adebc0	55	2	3
b13338c0-b1fc-418e-9bbc-5e5204adebc0	55	3	0
b13338c0-b1fc-418e-9bbc-5e5204adebc0	55	4	1
b13338c0-b1fc-418e-9bbc-5e5204adebc0	55	5	2
b13338c0-b1fc-418e-9bbc-5e5204adebc0	55	6	0
b13338c0-b1fc-418e-9bbc-5e5204adebc0	55	7	3
b13338c0-b1fc-418e-9bbc-5e5204adebc0	55	8	2
b13338c0-b1fc-418e-9bbc-5e5204adebc0	55	9	2
b13338c0-b1fc-418e-9bbc-5e5204adebc0	56	0	0
b13338c0-b1fc-418e-9bbc-5e5204adebc0	56	1	0
b13338c0-b1fc-418e-9bbc-5e5204adebc0	56	2	2
b13338c0-b1fc-418e-9bbc-5e5204adebc0	56	3	0
b13338c0-b1fc-418e-9bbc-5e5204adebc0	56	4	3
b13338c0-b1fc-418e-9bbc-5e5204adebc0	56	5	2
b13338c0-b1fc-418e-9bbc-5e5204adebc0	56	6	0
b13338c0-b1fc-418e-9bbc-5e5204adebc0	56	7	2
b13338c0-b1fc-418e-9bbc-5e5204adebc0	56	8	2
b13338c0-b1fc-418e-9bbc-5e5204adebc0	56	9	2
b13338c0-b1fc-418e-9bbc-5e5204adebc0	57	0	0
b13338c0-b1fc-418e-9bbc-5e5204adebc0	57	1	0
b13338c0-b1fc-418e-9bbc-5e5204adebc0	57	2	1
b13338c0-b1fc-418e-9bbc-5e5204adebc0	57	3	0
b13338c0-b1fc-418e-9bbc-5e5204adebc0	57	4	2
b13338c0-b1fc-418e-9bbc-5e5204adebc0	57	5	2
b13338c0-b1fc-418e-9bbc-5e5204adebc0	57	6	0
b13338c0-b1fc-418e-9bbc-5e5204adebc0	57	7	2
b13338c0-b1fc-418e-9bbc-5e5204adebc0	57	8	3
b13338c0-b1fc-418e-9bbc-5e5204adebc0	57	9	2
b13338c0-b1fc-418e-9bbc-5e5204adebc0	58	0	0
b13338c0-b1fc-418e-9bbc-5e5204adebc0	58	1	0
b13338c0-b1fc-418e-9bbc-5e5204adebc0	58	2	3
b13338c0-b1fc-418e-9bbc-5e5204adebc0	58	3	0
b13338c0-b1fc-418e-9bbc-5e5204adebc0	58	4	2
b13338c0-b1fc-418e-9bbc-5e5204adebc0	58	5	2
b13338c0-b1fc-418e-9bbc-5e5204adebc0	58	6	0
b13338c0-b1fc-418e-9bbc-5e5204adebc0	58	7	0
b13338c0-b1fc-418e-9bbc-5e5204adebc0	58	8	2
b13338c0-b1fc-418e-9bbc-5e5204adebc0	58	9	2
b13338c0-b1fc-418e-9bbc-5e5204adebc0	59	0	0
b13338c0-b1fc-418e-9bbc-5e5204adebc0	59	1	0
b13338c0-b1fc-418e-9bbc-5e5204adebc0	59	2	2
b13338c0-b1fc-418e-9bbc-5e5204adebc0	59	3	0
b13338c0-b1fc-418e-9bbc-5e5204adebc0	59	4	0
b13338c0-b1fc-418e-9bbc-5e5204adebc0	59	5	2
b13338c0-b1fc-418e-9bbc-5e5204adebc0	59	6	0
b13338c0-b1fc-418e-9bbc-5e5204adebc0	59	7	0
b13338c0-b1fc-418e-9bbc-5e5204adebc0	59	8	2
b13338c0-b1fc-418e-9bbc-5e5204adebc0	59	9	2
b13338c0-b1fc-418e-9bbc-5e5204adebc0	60	0	0
b13338c0-b1fc-418e-9bbc-5e5204adebc0	60	1	0
b13338c0-b1fc-418e-9bbc-5e5204adebc0	60	2	2
b13338c0-b1fc-418e-9bbc-5e5204adebc0	60	3	0
b13338c0-b1fc-418e-9bbc-5e5204adebc0	60	4	0
b13338c0-b1fc-418e-9bbc-5e5204adebc0	60	5	1
b13338c0-b1fc-418e-9bbc-5e5204adebc0	60	6	0
b13338c0-b1fc-418e-9bbc-5e5204adebc0	60	7	0
b13338c0-b1fc-418e-9bbc-5e5204adebc0	60	8	2
b13338c0-b1fc-418e-9bbc-5e5204adebc0	60	9	2
b13338c0-b1fc-418e-9bbc-5e5204adebc0	61	0	0
b13338c0-b1fc-418e-9bbc-5e5204adebc0	61	1	0
b13338c0-b1fc-418e-9bbc-5e5204adebc0	61	2	0
b13338c0-b1fc-418e-9bbc-5e5204adebc0	61	3	0
b13338c0-b1fc-418e-9bbc-5e5204adebc0	61	4	0
b13338c0-b1fc-418e-9bbc-5e5204adebc0	61	5	2
b13338c0-b1fc-418e-9bbc-5e5204adebc0	61	6	0
b13338c0-b1fc-418e-9bbc-5e5204adebc0	61	7	0
b13338c0-b1fc-418e-9bbc-5e5204adebc0	61	8	1
b13338c0-b1fc-418e-9bbc-5e5204adebc0	61	9	2
b13338c0-b1fc-418e-9bbc-5e5204adebc0	62	0	0
b13338c0-b1fc-418e-9bbc-5e5204adebc0	62	1	0
b13338c0-b1fc-418e-9bbc-5e5204adebc0	62	2	0
b13338c0-b1fc-418e-9bbc-5e5204adebc0	62	3	0
b13338c0-b1fc-418e-9bbc-5e5204adebc0	62	4	0
b13338c0-b1fc-418e-9bbc-5e5204adebc0	62	5	3
b13338c0-b1fc-418e-9bbc-5e5204adebc0	62	6	0
b13338c0-b1fc-418e-9bbc-5e5204adebc0	62	7	0
b13338c0-b1fc-418e-9bbc-5e5204adebc0	62	8	3
b13338c0-b1fc-418e-9bbc-5e5204adebc0	62	9	2
b13338c0-b1fc-418e-9bbc-5e5204adebc0	63	0	0
b13338c0-b1fc-418e-9bbc-5e5204adebc0	63	1	0
b13338c0-b1fc-418e-9bbc-5e5204adebc0	63	2	0
b13338c0-b1fc-418e-9bbc-5e5204adebc0	63	3	0
b13338c0-b1fc-418e-9bbc-5e5204adebc0	63	4	0
b13338c0-b1fc-418e-9bbc-5e5204adebc0	63	5	2
b13338c0-b1fc-418e-9bbc-5e5204adebc0	63	6	0
b13338c0-b1fc-418e-9bbc-5e5204adebc0	63	7	0
b13338c0-b1fc-418e-9bbc-5e5204adebc0	63	8	2
b13338c0-b1fc-418e-9bbc-5e5204adebc0	63	9	2
b13338c0-b1fc-418e-9bbc-5e5204adebc0	64	0	0
b13338c0-b1fc-418e-9bbc-5e5204adebc0	64	1	0
b13338c0-b1fc-418e-9bbc-5e5204adebc0	64	2	0
b13338c0-b1fc-418e-9bbc-5e5204adebc0	64	3	0
b13338c0-b1fc-418e-9bbc-5e5204adebc0	64	4	0
b13338c0-b1fc-418e-9bbc-5e5204adebc0	64	5	1
b13338c0-b1fc-418e-9bbc-5e5204adebc0	64	6	0
b13338c0-b1fc-418e-9bbc-5e5204adebc0	64	7	0
b13338c0-b1fc-418e-9bbc-5e5204adebc0	64	8	1
b13338c0-b1fc-418e-9bbc-5e5204adebc0	64	9	2
b13338c0-b1fc-418e-9bbc-5e5204adebc0	65	0	0
b13338c0-b1fc-418e-9bbc-5e5204adebc0	65	1	0
b13338c0-b1fc-418e-9bbc-5e5204adebc0	65	2	0
b13338c0-b1fc-418e-9bbc-5e5204adebc0	65	3	0
b13338c0-b1fc-418e-9bbc-5e5204adebc0	65	4	0
b13338c0-b1fc-418e-9bbc-5e5204adebc0	65	5	3
b13338c0-b1fc-418e-9bbc-5e5204adebc0	65	6	0
b13338c0-b1fc-418e-9bbc-5e5204adebc0	65	7	0
b13338c0-b1fc-418e-9bbc-5e5204adebc0	65	8	3
b13338c0-b1fc-418e-9bbc-5e5204adebc0	65	9	2
b13338c0-b1fc-418e-9bbc-5e5204adebc0	66	0	0
b13338c0-b1fc-418e-9bbc-5e5204adebc0	66	1	0
b13338c0-b1fc-418e-9bbc-5e5204adebc0	66	2	0
b13338c0-b1fc-418e-9bbc-5e5204adebc0	66	3	0
b13338c0-b1fc-418e-9bbc-5e5204adebc0	66	4	0
b13338c0-b1fc-418e-9bbc-5e5204adebc0	66	5	2
b13338c0-b1fc-418e-9bbc-5e5204adebc0	66	6	0
b13338c0-b1fc-418e-9bbc-5e5204adebc0	66	7	0
b13338c0-b1fc-418e-9bbc-5e5204adebc0	66	8	2
b13338c0-b1fc-418e-9bbc-5e5204adebc0	66	9	2
b13338c0-b1fc-418e-9bbc-5e5204adebc0	67	0	0
b13338c0-b1fc-418e-9bbc-5e5204adebc0	67	1	0
b13338c0-b1fc-418e-9bbc-5e5204adebc0	67	2	0
b13338c0-b1fc-418e-9bbc-5e5204adebc0	67	3	0
b13338c0-b1fc-418e-9bbc-5e5204adebc0	67	4	0
b13338c0-b1fc-418e-9bbc-5e5204adebc0	67	5	2
b13338c0-b1fc-418e-9bbc-5e5204adebc0	67	6	0
b13338c0-b1fc-418e-9bbc-5e5204adebc0	67	7	0
b13338c0-b1fc-418e-9bbc-5e5204adebc0	67	8	2
b13338c0-b1fc-418e-9bbc-5e5204adebc0	67	9	1
b13338c0-b1fc-418e-9bbc-5e5204adebc0	68	0	0
b13338c0-b1fc-418e-9bbc-5e5204adebc0	68	1	0
b13338c0-b1fc-418e-9bbc-5e5204adebc0	68	2	0
b13338c0-b1fc-418e-9bbc-5e5204adebc0	68	3	0
b13338c0-b1fc-418e-9bbc-5e5204adebc0	68	4	0
b13338c0-b1fc-418e-9bbc-5e5204adebc0	68	5	0
b13338c0-b1fc-418e-9bbc-5e5204adebc0	68	6	0
b13338c0-b1fc-418e-9bbc-5e5204adebc0	68	7	0
b13338c0-b1fc-418e-9bbc-5e5204adebc0	68	8	0
b13338c0-b1fc-418e-9bbc-5e5204adebc0	68	9	2
b13338c0-b1fc-418e-9bbc-5e5204adebc0	69	0	0
b13338c0-b1fc-418e-9bbc-5e5204adebc0	69	1	0
b13338c0-b1fc-418e-9bbc-5e5204adebc0	69	2	0
b13338c0-b1fc-418e-9bbc-5e5204adebc0	69	3	0
b13338c0-b1fc-418e-9bbc-5e5204adebc0	69	4	0
b13338c0-b1fc-418e-9bbc-5e5204adebc0	69	5	0
b13338c0-b1fc-418e-9bbc-5e5204adebc0	69	6	0
b13338c0-b1fc-418e-9bbc-5e5204adebc0	69	7	0
b13338c0-b1fc-418e-9bbc-5e5204adebc0	69	8	0
b13338c0-b1fc-418e-9bbc-5e5204adebc0	69	9	3
b13338c0-b1fc-418e-9bbc-5e5204adebc0	70	0	0
b13338c0-b1fc-418e-9bbc-5e5204adebc0	70	1	0
b13338c0-b1fc-418e-9bbc-5e5204adebc0	70	2	0
b13338c0-b1fc-418e-9bbc-5e5204adebc0	70	3	0
b13338c0-b1fc-418e-9bbc-5e5204adebc0	70	4	0
b13338c0-b1fc-418e-9bbc-5e5204adebc0	70	5	0
b13338c0-b1fc-418e-9bbc-5e5204adebc0	70	6	0
b13338c0-b1fc-418e-9bbc-5e5204adebc0	70	7	0
b13338c0-b1fc-418e-9bbc-5e5204adebc0	70	8	0
b13338c0-b1fc-418e-9bbc-5e5204adebc0	70	9	2
b13338c0-b1fc-418e-9bbc-5e5204adebc0	71	0	0
b13338c0-b1fc-418e-9bbc-5e5204adebc0	71	1	0
b13338c0-b1fc-418e-9bbc-5e5204adebc0	71	2	0
b13338c0-b1fc-418e-9bbc-5e5204adebc0	71	3	0
b13338c0-b1fc-418e-9bbc-5e5204adebc0	71	4	0
b13338c0-b1fc-418e-9bbc-5e5204adebc0	71	5	0
b13338c0-b1fc-418e-9bbc-5e5204adebc0	71	6	0
b13338c0-b1fc-418e-9bbc-5e5204adebc0	71	7	0
b13338c0-b1fc-418e-9bbc-5e5204adebc0	71	8	0
b13338c0-b1fc-418e-9bbc-5e5204adebc0	71	9	1
b13338c0-b1fc-418e-9bbc-5e5204adebc0	72	0	0
b13338c0-b1fc-418e-9bbc-5e5204adebc0	72	1	0
b13338c0-b1fc-418e-9bbc-5e5204adebc0	72	2	0
b13338c0-b1fc-418e-9bbc-5e5204adebc0	72	3	0
b13338c0-b1fc-418e-9bbc-5e5204adebc0	72	4	0
b13338c0-b1fc-418e-9bbc-5e5204adebc0	72	5	0
b13338c0-b1fc-418e-9bbc-5e5204adebc0	72	6	0
b13338c0-b1fc-418e-9bbc-5e5204adebc0	72	7	0
b13338c0-b1fc-418e-9bbc-5e5204adebc0	72	8	0
b13338c0-b1fc-418e-9bbc-5e5204adebc0	72	9	3
b13338c0-b1fc-418e-9bbc-5e5204adebc0	73	0	0
b13338c0-b1fc-418e-9bbc-5e5204adebc0	73	1	0
b13338c0-b1fc-418e-9bbc-5e5204adebc0	73	2	0
b13338c0-b1fc-418e-9bbc-5e5204adebc0	73	3	0
b13338c0-b1fc-418e-9bbc-5e5204adebc0	73	4	0
b13338c0-b1fc-418e-9bbc-5e5204adebc0	73	5	0
b13338c0-b1fc-418e-9bbc-5e5204adebc0	73	6	0
b13338c0-b1fc-418e-9bbc-5e5204adebc0	73	7	0
b13338c0-b1fc-418e-9bbc-5e5204adebc0	73	8	0
b13338c0-b1fc-418e-9bbc-5e5204adebc0	73	9	2
b13338c0-b1fc-418e-9bbc-5e5204adebc0	74	0	0
b13338c0-b1fc-418e-9bbc-5e5204adebc0	74	1	0
b13338c0-b1fc-418e-9bbc-5e5204adebc0	74	2	0
b13338c0-b1fc-418e-9bbc-5e5204adebc0	74	3	0
b13338c0-b1fc-418e-9bbc-5e5204adebc0	74	4	0
b13338c0-b1fc-418e-9bbc-5e5204adebc0	74	5	0
b13338c0-b1fc-418e-9bbc-5e5204adebc0	74	6	0
b13338c0-b1fc-418e-9bbc-5e5204adebc0	74	7	0
b13338c0-b1fc-418e-9bbc-5e5204adebc0	74	8	0
b13338c0-b1fc-418e-9bbc-5e5204adebc0	74	9	2
6274be74-e859-4445-9d77-97a5966704d8	2	2	2
6274be74-e859-4445-9d77-97a5966704d8	2	7	2
6274be74-e859-4445-9d77-97a5966704d8	3	2	3
6274be74-e859-4445-9d77-97a5966704d8	3	7	2
6274be74-e859-4445-9d77-97a5966704d8	4	2	1
6274be74-e859-4445-9d77-97a5966704d8	4	7	2
6274be74-e859-4445-9d77-97a5966704d8	5	2	2
6274be74-e859-4445-9d77-97a5966704d8	5	7	2
6274be74-e859-4445-9d77-97a5966704d8	6	2	2
6274be74-e859-4445-9d77-97a5966704d8	6	7	2
6274be74-e859-4445-9d77-97a5966704d8	7	2	2
6274be74-e859-4445-9d77-97a5966704d8	7	5	2
6274be74-e859-4445-9d77-97a5966704d8	7	7	3
6274be74-e859-4445-9d77-97a5966704d8	8	0	2
6274be74-e859-4445-9d77-97a5966704d8	8	2	3
6274be74-e859-4445-9d77-97a5966704d8	8	4	4
6274be74-e859-4445-9d77-97a5966704d8	8	5	1
6274be74-e859-4445-9d77-97a5966704d8	8	7	1
6274be74-e859-4445-9d77-97a5966704d8	8	9	2
6274be74-e859-4445-9d77-97a5966704d8	9	0	1
6274be74-e859-4445-9d77-97a5966704d8	9	2	2
6274be74-e859-4445-9d77-97a5966704d8	9	4	2
6274be74-e859-4445-9d77-97a5966704d8	9	5	3
6274be74-e859-4445-9d77-97a5966704d8	9	7	2
6274be74-e859-4445-9d77-97a5966704d8	9	9	2
6274be74-e859-4445-9d77-97a5966704d8	10	0	3
6274be74-e859-4445-9d77-97a5966704d8	10	2	1
6274be74-e859-4445-9d77-97a5966704d8	10	4	2
6274be74-e859-4445-9d77-97a5966704d8	10	5	2
6274be74-e859-4445-9d77-97a5966704d8	10	7	2
6274be74-e859-4445-9d77-97a5966704d8	10	9	2
6274be74-e859-4445-9d77-97a5966704d8	11	0	2
6274be74-e859-4445-9d77-97a5966704d8	11	2	2
6274be74-e859-4445-9d77-97a5966704d8	11	4	2
6274be74-e859-4445-9d77-97a5966704d8	11	5	2
6274be74-e859-4445-9d77-97a5966704d8	11	7	2
6274be74-e859-4445-9d77-97a5966704d8	11	9	2
6274be74-e859-4445-9d77-97a5966704d8	12	0	2
6274be74-e859-4445-9d77-97a5966704d8	12	2	2
6274be74-e859-4445-9d77-97a5966704d8	12	4	4
6274be74-e859-4445-9d77-97a5966704d8	12	5	2
6274be74-e859-4445-9d77-97a5966704d8	12	7	2
6274be74-e859-4445-9d77-97a5966704d8	12	9	2
6274be74-e859-4445-9d77-97a5966704d8	13	0	2
6274be74-e859-4445-9d77-97a5966704d8	13	2	2
6274be74-e859-4445-9d77-97a5966704d8	13	4	4
6274be74-e859-4445-9d77-97a5966704d8	13	5	3
6274be74-e859-4445-9d77-97a5966704d8	13	7	2
6274be74-e859-4445-9d77-97a5966704d8	13	9	3
6274be74-e859-4445-9d77-97a5966704d8	14	0	3
6274be74-e859-4445-9d77-97a5966704d8	14	2	2
6274be74-e859-4445-9d77-97a5966704d8	14	4	3
6274be74-e859-4445-9d77-97a5966704d8	14	5	2
6274be74-e859-4445-9d77-97a5966704d8	14	7	2
6274be74-e859-4445-9d77-97a5966704d8	14	9	3
6274be74-e859-4445-9d77-97a5966704d8	15	0	2
6274be74-e859-4445-9d77-97a5966704d8	15	2	2
6274be74-e859-4445-9d77-97a5966704d8	15	4	1
6274be74-e859-4445-9d77-97a5966704d8	15	5	2
6274be74-e859-4445-9d77-97a5966704d8	15	7	2
6274be74-e859-4445-9d77-97a5966704d8	15	9	2
6274be74-e859-4445-9d77-97a5966704d8	16	0	2
6274be74-e859-4445-9d77-97a5966704d8	16	2	2
6274be74-e859-4445-9d77-97a5966704d8	16	4	2
6274be74-e859-4445-9d77-97a5966704d8	16	5	2
6274be74-e859-4445-9d77-97a5966704d8	16	7	2
6274be74-e859-4445-9d77-97a5966704d8	16	9	2
6274be74-e859-4445-9d77-97a5966704d8	17	0	2
6274be74-e859-4445-9d77-97a5966704d8	17	2	0
6274be74-e859-4445-9d77-97a5966704d8	17	4	2
6274be74-e859-4445-9d77-97a5966704d8	17	5	2
6274be74-e859-4445-9d77-97a5966704d8	17	7	2
6274be74-e859-4445-9d77-97a5966704d8	17	9	2
6274be74-e859-4445-9d77-97a5966704d8	18	0	2
6274be74-e859-4445-9d77-97a5966704d8	18	2	0
6274be74-e859-4445-9d77-97a5966704d8	18	4	2
6274be74-e859-4445-9d77-97a5966704d8	18	5	2
6274be74-e859-4445-9d77-97a5966704d8	18	7	2
6274be74-e859-4445-9d77-97a5966704d8	18	9	2
6274be74-e859-4445-9d77-97a5966704d8	19	0	2
6274be74-e859-4445-9d77-97a5966704d8	19	2	0
6274be74-e859-4445-9d77-97a5966704d8	19	4	3
6274be74-e859-4445-9d77-97a5966704d8	19	5	3
6274be74-e859-4445-9d77-97a5966704d8	19	7	2
6274be74-e859-4445-9d77-97a5966704d8	19	9	2
6274be74-e859-4445-9d77-97a5966704d8	20	0	3
6274be74-e859-4445-9d77-97a5966704d8	20	2	0
6274be74-e859-4445-9d77-97a5966704d8	20	4	1
6274be74-e859-4445-9d77-97a5966704d8	20	5	2
6274be74-e859-4445-9d77-97a5966704d8	20	7	1
6274be74-e859-4445-9d77-97a5966704d8	20	9	2
6274be74-e859-4445-9d77-97a5966704d8	21	0	2
6274be74-e859-4445-9d77-97a5966704d8	21	2	0
6274be74-e859-4445-9d77-97a5966704d8	21	4	2
6274be74-e859-4445-9d77-97a5966704d8	21	5	2
6274be74-e859-4445-9d77-97a5966704d8	21	6	2
6274be74-e859-4445-9d77-97a5966704d8	21	7	2
6274be74-e859-4445-9d77-97a5966704d8	21	9	3
6274be74-e859-4445-9d77-97a5966704d8	22	0	2
6274be74-e859-4445-9d77-97a5966704d8	22	2	0
6274be74-e859-4445-9d77-97a5966704d8	22	4	2
6274be74-e859-4445-9d77-97a5966704d8	22	5	2
6274be74-e859-4445-9d77-97a5966704d8	22	6	2
6274be74-e859-4445-9d77-97a5966704d8	22	7	2
6274be74-e859-4445-9d77-97a5966704d8	22	9	2
6274be74-e859-4445-9d77-97a5966704d8	23	0	2
6274be74-e859-4445-9d77-97a5966704d8	23	2	0
6274be74-e859-4445-9d77-97a5966704d8	23	4	2
6274be74-e859-4445-9d77-97a5966704d8	23	5	2
6274be74-e859-4445-9d77-97a5966704d8	23	6	3
6274be74-e859-4445-9d77-97a5966704d8	23	7	2
6274be74-e859-4445-9d77-97a5966704d8	23	9	2
6274be74-e859-4445-9d77-97a5966704d8	24	0	2
6274be74-e859-4445-9d77-97a5966704d8	24	1	2
6274be74-e859-4445-9d77-97a5966704d8	24	2	0
6274be74-e859-4445-9d77-97a5966704d8	24	4	1
6274be74-e859-4445-9d77-97a5966704d8	24	5	4
6274be74-e859-4445-9d77-97a5966704d8	24	6	1
6274be74-e859-4445-9d77-97a5966704d8	24	7	2
6274be74-e859-4445-9d77-97a5966704d8	24	9	2
6274be74-e859-4445-9d77-97a5966704d8	25	0	2
6274be74-e859-4445-9d77-97a5966704d8	25	1	2
6274be74-e859-4445-9d77-97a5966704d8	25	2	0
6274be74-e859-4445-9d77-97a5966704d8	25	4	3
6274be74-e859-4445-9d77-97a5966704d8	25	5	2
6274be74-e859-4445-9d77-97a5966704d8	25	6	2
6274be74-e859-4445-9d77-97a5966704d8	25	7	2
6274be74-e859-4445-9d77-97a5966704d8	25	9	2
6274be74-e859-4445-9d77-97a5966704d8	26	0	2
6274be74-e859-4445-9d77-97a5966704d8	26	1	2
6274be74-e859-4445-9d77-97a5966704d8	26	2	0
6274be74-e859-4445-9d77-97a5966704d8	26	4	0
6274be74-e859-4445-9d77-97a5966704d8	26	5	2
6274be74-e859-4445-9d77-97a5966704d8	26	6	2
6274be74-e859-4445-9d77-97a5966704d8	26	7	2
6274be74-e859-4445-9d77-97a5966704d8	26	9	2
6274be74-e859-4445-9d77-97a5966704d8	27	0	2
6274be74-e859-4445-9d77-97a5966704d8	27	1	3
6274be74-e859-4445-9d77-97a5966704d8	27	2	0
6274be74-e859-4445-9d77-97a5966704d8	27	4	0
6274be74-e859-4445-9d77-97a5966704d8	27	5	2
6274be74-e859-4445-9d77-97a5966704d8	27	6	4
6274be74-e859-4445-9d77-97a5966704d8	27	7	2
6274be74-e859-4445-9d77-97a5966704d8	27	9	2
6274be74-e859-4445-9d77-97a5966704d8	28	0	2
6274be74-e859-4445-9d77-97a5966704d8	28	1	1
6274be74-e859-4445-9d77-97a5966704d8	28	2	0
6274be74-e859-4445-9d77-97a5966704d8	28	4	0
6274be74-e859-4445-9d77-97a5966704d8	28	5	2
6274be74-e859-4445-9d77-97a5966704d8	28	6	4
6274be74-e859-4445-9d77-97a5966704d8	28	7	1
6274be74-e859-4445-9d77-97a5966704d8	28	9	2
6274be74-e859-4445-9d77-97a5966704d8	29	0	2
6274be74-e859-4445-9d77-97a5966704d8	29	1	2
6274be74-e859-4445-9d77-97a5966704d8	29	2	0
6274be74-e859-4445-9d77-97a5966704d8	29	4	0
6274be74-e859-4445-9d77-97a5966704d8	29	5	2
6274be74-e859-4445-9d77-97a5966704d8	29	6	4
6274be74-e859-4445-9d77-97a5966704d8	29	7	2
6274be74-e859-4445-9d77-97a5966704d8	29	9	2
6274be74-e859-4445-9d77-97a5966704d8	30	0	2
6274be74-e859-4445-9d77-97a5966704d8	30	1	2
6274be74-e859-4445-9d77-97a5966704d8	30	2	0
6274be74-e859-4445-9d77-97a5966704d8	30	4	0
6274be74-e859-4445-9d77-97a5966704d8	30	5	3
6274be74-e859-4445-9d77-97a5966704d8	30	6	4
6274be74-e859-4445-9d77-97a5966704d8	30	7	2
6274be74-e859-4445-9d77-97a5966704d8	30	9	2
6274be74-e859-4445-9d77-97a5966704d8	31	0	3
6274be74-e859-4445-9d77-97a5966704d8	31	1	2
6274be74-e859-4445-9d77-97a5966704d8	31	2	0
6274be74-e859-4445-9d77-97a5966704d8	31	4	0
6274be74-e859-4445-9d77-97a5966704d8	31	5	2
6274be74-e859-4445-9d77-97a5966704d8	31	6	4
6274be74-e859-4445-9d77-97a5966704d8	31	7	2
6274be74-e859-4445-9d77-97a5966704d8	31	9	2
6274be74-e859-4445-9d77-97a5966704d8	32	0	2
6274be74-e859-4445-9d77-97a5966704d8	32	1	3
6274be74-e859-4445-9d77-97a5966704d8	32	2	0
6274be74-e859-4445-9d77-97a5966704d8	32	4	0
6274be74-e859-4445-9d77-97a5966704d8	32	5	2
6274be74-e859-4445-9d77-97a5966704d8	32	6	3
6274be74-e859-4445-9d77-97a5966704d8	32	7	2
6274be74-e859-4445-9d77-97a5966704d8	32	9	3
6274be74-e859-4445-9d77-97a5966704d8	33	0	2
6274be74-e859-4445-9d77-97a5966704d8	33	1	1
6274be74-e859-4445-9d77-97a5966704d8	33	2	0
6274be74-e859-4445-9d77-97a5966704d8	33	3	2
6274be74-e859-4445-9d77-97a5966704d8	33	4	0
6274be74-e859-4445-9d77-97a5966704d8	33	5	2
6274be74-e859-4445-9d77-97a5966704d8	33	6	2
6274be74-e859-4445-9d77-97a5966704d8	33	7	2
6274be74-e859-4445-9d77-97a5966704d8	33	9	2
6274be74-e859-4445-9d77-97a5966704d8	34	0	2
6274be74-e859-4445-9d77-97a5966704d8	34	1	2
6274be74-e859-4445-9d77-97a5966704d8	34	2	0
6274be74-e859-4445-9d77-97a5966704d8	34	3	2
6274be74-e859-4445-9d77-97a5966704d8	34	4	0
6274be74-e859-4445-9d77-97a5966704d8	34	5	2
6274be74-e859-4445-9d77-97a5966704d8	34	6	2
6274be74-e859-4445-9d77-97a5966704d8	34	7	2
6274be74-e859-4445-9d77-97a5966704d8	34	9	2
6274be74-e859-4445-9d77-97a5966704d8	35	0	2
6274be74-e859-4445-9d77-97a5966704d8	35	1	2
6274be74-e859-4445-9d77-97a5966704d8	35	2	0
6274be74-e859-4445-9d77-97a5966704d8	35	3	2
6274be74-e859-4445-9d77-97a5966704d8	35	4	0
6274be74-e859-4445-9d77-97a5966704d8	35	5	2
6274be74-e859-4445-9d77-97a5966704d8	35	6	2
6274be74-e859-4445-9d77-97a5966704d8	35	7	2
6274be74-e859-4445-9d77-97a5966704d8	35	8	2
6274be74-e859-4445-9d77-97a5966704d8	35	9	2
6274be74-e859-4445-9d77-97a5966704d8	36	0	2
6274be74-e859-4445-9d77-97a5966704d8	36	1	3
6274be74-e859-4445-9d77-97a5966704d8	36	2	0
6274be74-e859-4445-9d77-97a5966704d8	36	3	3
6274be74-e859-4445-9d77-97a5966704d8	36	4	0
6274be74-e859-4445-9d77-97a5966704d8	36	5	2
6274be74-e859-4445-9d77-97a5966704d8	36	6	2
6274be74-e859-4445-9d77-97a5966704d8	36	7	2
6274be74-e859-4445-9d77-97a5966704d8	36	8	2
6274be74-e859-4445-9d77-97a5966704d8	36	9	2
6274be74-e859-4445-9d77-97a5966704d8	37	0	2
6274be74-e859-4445-9d77-97a5966704d8	37	1	1
6274be74-e859-4445-9d77-97a5966704d8	37	2	0
6274be74-e859-4445-9d77-97a5966704d8	37	3	1
6274be74-e859-4445-9d77-97a5966704d8	37	4	0
6274be74-e859-4445-9d77-97a5966704d8	37	5	2
6274be74-e859-4445-9d77-97a5966704d8	37	6	2
6274be74-e859-4445-9d77-97a5966704d8	37	7	2
6274be74-e859-4445-9d77-97a5966704d8	37	8	2
6274be74-e859-4445-9d77-97a5966704d8	37	9	2
6274be74-e859-4445-9d77-97a5966704d8	38	0	2
6274be74-e859-4445-9d77-97a5966704d8	38	1	2
6274be74-e859-4445-9d77-97a5966704d8	38	2	0
6274be74-e859-4445-9d77-97a5966704d8	38	3	2
6274be74-e859-4445-9d77-97a5966704d8	38	4	0
6274be74-e859-4445-9d77-97a5966704d8	38	5	4
6274be74-e859-4445-9d77-97a5966704d8	38	6	2
6274be74-e859-4445-9d77-97a5966704d8	38	7	3
6274be74-e859-4445-9d77-97a5966704d8	38	8	3
6274be74-e859-4445-9d77-97a5966704d8	38	9	2
6274be74-e859-4445-9d77-97a5966704d8	39	0	2
6274be74-e859-4445-9d77-97a5966704d8	39	1	0
6274be74-e859-4445-9d77-97a5966704d8	39	2	0
6274be74-e859-4445-9d77-97a5966704d8	39	3	3
6274be74-e859-4445-9d77-97a5966704d8	39	4	0
6274be74-e859-4445-9d77-97a5966704d8	39	5	1
6274be74-e859-4445-9d77-97a5966704d8	39	6	2
6274be74-e859-4445-9d77-97a5966704d8	39	7	2
6274be74-e859-4445-9d77-97a5966704d8	39	8	1
6274be74-e859-4445-9d77-97a5966704d8	39	9	2
6274be74-e859-4445-9d77-97a5966704d8	40	0	1
6274be74-e859-4445-9d77-97a5966704d8	40	1	0
6274be74-e859-4445-9d77-97a5966704d8	40	2	0
6274be74-e859-4445-9d77-97a5966704d8	40	3	1
6274be74-e859-4445-9d77-97a5966704d8	40	4	0
6274be74-e859-4445-9d77-97a5966704d8	40	5	4
6274be74-e859-4445-9d77-97a5966704d8	40	6	2
6274be74-e859-4445-9d77-97a5966704d8	40	7	1
6274be74-e859-4445-9d77-97a5966704d8	40	8	2
6274be74-e859-4445-9d77-97a5966704d8	40	9	2
6274be74-e859-4445-9d77-97a5966704d8	41	0	1
6274be74-e859-4445-9d77-97a5966704d8	41	1	0
6274be74-e859-4445-9d77-97a5966704d8	41	2	0
6274be74-e859-4445-9d77-97a5966704d8	41	3	2
6274be74-e859-4445-9d77-97a5966704d8	41	4	0
6274be74-e859-4445-9d77-97a5966704d8	41	5	2
6274be74-e859-4445-9d77-97a5966704d8	41	6	2
6274be74-e859-4445-9d77-97a5966704d8	41	7	3
6274be74-e859-4445-9d77-97a5966704d8	41	8	3
6274be74-e859-4445-9d77-97a5966704d8	41	9	2
6274be74-e859-4445-9d77-97a5966704d8	42	0	2
6274be74-e859-4445-9d77-97a5966704d8	42	1	0
6274be74-e859-4445-9d77-97a5966704d8	42	2	0
6274be74-e859-4445-9d77-97a5966704d8	42	3	2
6274be74-e859-4445-9d77-97a5966704d8	42	4	0
6274be74-e859-4445-9d77-97a5966704d8	42	5	2
6274be74-e859-4445-9d77-97a5966704d8	42	6	2
6274be74-e859-4445-9d77-97a5966704d8	42	7	2
6274be74-e859-4445-9d77-97a5966704d8	42	8	1
6274be74-e859-4445-9d77-97a5966704d8	42	9	1
6274be74-e859-4445-9d77-97a5966704d8	43	0	2
6274be74-e859-4445-9d77-97a5966704d8	43	1	0
6274be74-e859-4445-9d77-97a5966704d8	43	2	0
6274be74-e859-4445-9d77-97a5966704d8	43	3	2
6274be74-e859-4445-9d77-97a5966704d8	43	4	0
6274be74-e859-4445-9d77-97a5966704d8	43	5	2
6274be74-e859-4445-9d77-97a5966704d8	43	6	1
6274be74-e859-4445-9d77-97a5966704d8	43	7	2
6274be74-e859-4445-9d77-97a5966704d8	43	8	2
6274be74-e859-4445-9d77-97a5966704d8	43	9	2
6274be74-e859-4445-9d77-97a5966704d8	44	0	2
6274be74-e859-4445-9d77-97a5966704d8	44	1	0
6274be74-e859-4445-9d77-97a5966704d8	44	2	0
6274be74-e859-4445-9d77-97a5966704d8	44	3	2
6274be74-e859-4445-9d77-97a5966704d8	44	4	0
6274be74-e859-4445-9d77-97a5966704d8	44	5	2
6274be74-e859-4445-9d77-97a5966704d8	44	6	2
6274be74-e859-4445-9d77-97a5966704d8	44	7	0
6274be74-e859-4445-9d77-97a5966704d8	44	8	2
6274be74-e859-4445-9d77-97a5966704d8	44	9	2
6274be74-e859-4445-9d77-97a5966704d8	45	0	3
6274be74-e859-4445-9d77-97a5966704d8	45	1	0
6274be74-e859-4445-9d77-97a5966704d8	45	2	0
6274be74-e859-4445-9d77-97a5966704d8	45	3	3
6274be74-e859-4445-9d77-97a5966704d8	45	4	0
6274be74-e859-4445-9d77-97a5966704d8	45	5	2
6274be74-e859-4445-9d77-97a5966704d8	45	6	2
6274be74-e859-4445-9d77-97a5966704d8	45	7	0
6274be74-e859-4445-9d77-97a5966704d8	45	8	2
6274be74-e859-4445-9d77-97a5966704d8	45	9	2
6274be74-e859-4445-9d77-97a5966704d8	46	0	1
6274be74-e859-4445-9d77-97a5966704d8	46	1	0
6274be74-e859-4445-9d77-97a5966704d8	46	2	0
6274be74-e859-4445-9d77-97a5966704d8	46	3	1
6274be74-e859-4445-9d77-97a5966704d8	46	4	0
6274be74-e859-4445-9d77-97a5966704d8	46	5	2
6274be74-e859-4445-9d77-97a5966704d8	46	6	2
6274be74-e859-4445-9d77-97a5966704d8	46	7	0
6274be74-e859-4445-9d77-97a5966704d8	46	8	2
6274be74-e859-4445-9d77-97a5966704d8	46	9	2
6274be74-e859-4445-9d77-97a5966704d8	47	0	2
6274be74-e859-4445-9d77-97a5966704d8	47	1	0
6274be74-e859-4445-9d77-97a5966704d8	47	2	0
6274be74-e859-4445-9d77-97a5966704d8	47	3	2
6274be74-e859-4445-9d77-97a5966704d8	47	4	0
6274be74-e859-4445-9d77-97a5966704d8	47	5	0
6274be74-e859-4445-9d77-97a5966704d8	47	6	2
6274be74-e859-4445-9d77-97a5966704d8	47	7	0
6274be74-e859-4445-9d77-97a5966704d8	47	8	2
6274be74-e859-4445-9d77-97a5966704d8	47	9	2
6274be74-e859-4445-9d77-97a5966704d8	48	0	3
6274be74-e859-4445-9d77-97a5966704d8	48	1	0
6274be74-e859-4445-9d77-97a5966704d8	48	2	0
6274be74-e859-4445-9d77-97a5966704d8	48	3	0
6274be74-e859-4445-9d77-97a5966704d8	48	4	0
6274be74-e859-4445-9d77-97a5966704d8	48	5	0
6274be74-e859-4445-9d77-97a5966704d8	48	6	2
6274be74-e859-4445-9d77-97a5966704d8	48	7	0
6274be74-e859-4445-9d77-97a5966704d8	48	8	1
6274be74-e859-4445-9d77-97a5966704d8	48	9	2
6274be74-e859-4445-9d77-97a5966704d8	49	0	1
6274be74-e859-4445-9d77-97a5966704d8	49	1	0
6274be74-e859-4445-9d77-97a5966704d8	49	2	0
6274be74-e859-4445-9d77-97a5966704d8	49	3	0
6274be74-e859-4445-9d77-97a5966704d8	49	4	0
6274be74-e859-4445-9d77-97a5966704d8	49	5	0
6274be74-e859-4445-9d77-97a5966704d8	49	6	1
6274be74-e859-4445-9d77-97a5966704d8	49	7	0
6274be74-e859-4445-9d77-97a5966704d8	49	8	3
6274be74-e859-4445-9d77-97a5966704d8	49	9	0
6274be74-e859-4445-9d77-97a5966704d8	50	0	0
6274be74-e859-4445-9d77-97a5966704d8	50	1	0
6274be74-e859-4445-9d77-97a5966704d8	50	2	0
6274be74-e859-4445-9d77-97a5966704d8	50	3	0
6274be74-e859-4445-9d77-97a5966704d8	50	4	0
6274be74-e859-4445-9d77-97a5966704d8	50	5	0
6274be74-e859-4445-9d77-97a5966704d8	50	6	2
6274be74-e859-4445-9d77-97a5966704d8	50	7	0
6274be74-e859-4445-9d77-97a5966704d8	50	8	0
6274be74-e859-4445-9d77-97a5966704d8	50	9	0
6274be74-e859-4445-9d77-97a5966704d8	51	0	0
6274be74-e859-4445-9d77-97a5966704d8	51	1	0
6274be74-e859-4445-9d77-97a5966704d8	51	2	0
6274be74-e859-4445-9d77-97a5966704d8	51	3	0
6274be74-e859-4445-9d77-97a5966704d8	51	4	0
6274be74-e859-4445-9d77-97a5966704d8	51	5	0
6274be74-e859-4445-9d77-97a5966704d8	51	6	2
6274be74-e859-4445-9d77-97a5966704d8	51	7	0
6274be74-e859-4445-9d77-97a5966704d8	51	8	0
6274be74-e859-4445-9d77-97a5966704d8	51	9	0
6274be74-e859-4445-9d77-97a5966704d8	52	0	0
6274be74-e859-4445-9d77-97a5966704d8	52	1	0
6274be74-e859-4445-9d77-97a5966704d8	52	2	0
6274be74-e859-4445-9d77-97a5966704d8	52	3	0
6274be74-e859-4445-9d77-97a5966704d8	52	4	0
6274be74-e859-4445-9d77-97a5966704d8	52	5	0
6274be74-e859-4445-9d77-97a5966704d8	52	6	2
6274be74-e859-4445-9d77-97a5966704d8	52	7	0
6274be74-e859-4445-9d77-97a5966704d8	52	8	0
6274be74-e859-4445-9d77-97a5966704d8	52	9	0
6274be74-e859-4445-9d77-97a5966704d8	53	0	0
6274be74-e859-4445-9d77-97a5966704d8	53	1	0
6274be74-e859-4445-9d77-97a5966704d8	53	2	0
6274be74-e859-4445-9d77-97a5966704d8	53	3	0
6274be74-e859-4445-9d77-97a5966704d8	53	4	0
6274be74-e859-4445-9d77-97a5966704d8	53	5	0
6274be74-e859-4445-9d77-97a5966704d8	53	6	2
6274be74-e859-4445-9d77-97a5966704d8	53	7	0
6274be74-e859-4445-9d77-97a5966704d8	53	8	0
6274be74-e859-4445-9d77-97a5966704d8	53	9	0
7510b7d9-a206-42cb-801f-c72dff7093e7	2	9	2
7510b7d9-a206-42cb-801f-c72dff7093e7	3	6	2
7510b7d9-a206-42cb-801f-c72dff7093e7	3	9	2
7510b7d9-a206-42cb-801f-c72dff7093e7	4	6	2
7510b7d9-a206-42cb-801f-c72dff7093e7	4	9	2
7510b7d9-a206-42cb-801f-c72dff7093e7	5	6	2
7510b7d9-a206-42cb-801f-c72dff7093e7	5	9	2
7510b7d9-a206-42cb-801f-c72dff7093e7	6	6	2
7510b7d9-a206-42cb-801f-c72dff7093e7	6	9	2
7510b7d9-a206-42cb-801f-c72dff7093e7	7	5	2
7510b7d9-a206-42cb-801f-c72dff7093e7	7	6	2
7510b7d9-a206-42cb-801f-c72dff7093e7	7	8	2
7510b7d9-a206-42cb-801f-c72dff7093e7	7	9	1
7510b7d9-a206-42cb-801f-c72dff7093e7	8	5	3
7510b7d9-a206-42cb-801f-c72dff7093e7	8	6	1
7510b7d9-a206-42cb-801f-c72dff7093e7	8	8	2
7510b7d9-a206-42cb-801f-c72dff7093e7	8	9	2
7510b7d9-a206-42cb-801f-c72dff7093e7	9	5	1
7510b7d9-a206-42cb-801f-c72dff7093e7	9	6	2
7510b7d9-a206-42cb-801f-c72dff7093e7	9	8	2
7510b7d9-a206-42cb-801f-c72dff7093e7	9	9	2
7510b7d9-a206-42cb-801f-c72dff7093e7	10	5	2
7510b7d9-a206-42cb-801f-c72dff7093e7	10	6	2
7510b7d9-a206-42cb-801f-c72dff7093e7	10	8	3
7510b7d9-a206-42cb-801f-c72dff7093e7	10	9	2
7510b7d9-a206-42cb-801f-c72dff7093e7	11	5	2
7510b7d9-a206-42cb-801f-c72dff7093e7	11	6	2
7510b7d9-a206-42cb-801f-c72dff7093e7	11	8	1
7510b7d9-a206-42cb-801f-c72dff7093e7	11	9	2
7510b7d9-a206-42cb-801f-c72dff7093e7	12	5	2
7510b7d9-a206-42cb-801f-c72dff7093e7	12	6	2
7510b7d9-a206-42cb-801f-c72dff7093e7	12	8	2
7510b7d9-a206-42cb-801f-c72dff7093e7	12	9	2
7510b7d9-a206-42cb-801f-c72dff7093e7	13	5	2
7510b7d9-a206-42cb-801f-c72dff7093e7	13	6	2
7510b7d9-a206-42cb-801f-c72dff7093e7	13	8	1
7510b7d9-a206-42cb-801f-c72dff7093e7	13	9	2
7510b7d9-a206-42cb-801f-c72dff7093e7	14	5	2
7510b7d9-a206-42cb-801f-c72dff7093e7	14	6	2
7510b7d9-a206-42cb-801f-c72dff7093e7	14	8	2
7510b7d9-a206-42cb-801f-c72dff7093e7	14	9	2
7510b7d9-a206-42cb-801f-c72dff7093e7	15	5	2
7510b7d9-a206-42cb-801f-c72dff7093e7	15	6	2
7510b7d9-a206-42cb-801f-c72dff7093e7	15	8	2
7510b7d9-a206-42cb-801f-c72dff7093e7	15	9	2
7510b7d9-a206-42cb-801f-c72dff7093e7	16	5	2
7510b7d9-a206-42cb-801f-c72dff7093e7	16	6	2
7510b7d9-a206-42cb-801f-c72dff7093e7	16	7	2
7510b7d9-a206-42cb-801f-c72dff7093e7	16	8	2
7510b7d9-a206-42cb-801f-c72dff7093e7	16	9	2
7510b7d9-a206-42cb-801f-c72dff7093e7	17	5	2
7510b7d9-a206-42cb-801f-c72dff7093e7	17	6	2
7510b7d9-a206-42cb-801f-c72dff7093e7	17	7	2
7510b7d9-a206-42cb-801f-c72dff7093e7	17	8	2
7510b7d9-a206-42cb-801f-c72dff7093e7	17	9	2
7510b7d9-a206-42cb-801f-c72dff7093e7	18	5	2
7510b7d9-a206-42cb-801f-c72dff7093e7	18	6	2
7510b7d9-a206-42cb-801f-c72dff7093e7	18	7	2
7510b7d9-a206-42cb-801f-c72dff7093e7	18	8	1
7510b7d9-a206-42cb-801f-c72dff7093e7	18	9	1
7510b7d9-a206-42cb-801f-c72dff7093e7	19	5	3
7510b7d9-a206-42cb-801f-c72dff7093e7	19	6	1
7510b7d9-a206-42cb-801f-c72dff7093e7	19	7	1
7510b7d9-a206-42cb-801f-c72dff7093e7	19	8	2
7510b7d9-a206-42cb-801f-c72dff7093e7	19	9	2
7510b7d9-a206-42cb-801f-c72dff7093e7	20	5	2
7510b7d9-a206-42cb-801f-c72dff7093e7	20	6	2
7510b7d9-a206-42cb-801f-c72dff7093e7	20	7	3
7510b7d9-a206-42cb-801f-c72dff7093e7	20	8	2
7510b7d9-a206-42cb-801f-c72dff7093e7	20	9	2
7510b7d9-a206-42cb-801f-c72dff7093e7	21	0	2
7510b7d9-a206-42cb-801f-c72dff7093e7	21	1	2
7510b7d9-a206-42cb-801f-c72dff7093e7	21	5	2
7510b7d9-a206-42cb-801f-c72dff7093e7	21	6	2
7510b7d9-a206-42cb-801f-c72dff7093e7	21	7	2
7510b7d9-a206-42cb-801f-c72dff7093e7	21	8	2
7510b7d9-a206-42cb-801f-c72dff7093e7	21	9	2
7510b7d9-a206-42cb-801f-c72dff7093e7	22	0	1
7510b7d9-a206-42cb-801f-c72dff7093e7	22	1	2
7510b7d9-a206-42cb-801f-c72dff7093e7	22	5	2
7510b7d9-a206-42cb-801f-c72dff7093e7	22	6	2
7510b7d9-a206-42cb-801f-c72dff7093e7	22	7	2
7510b7d9-a206-42cb-801f-c72dff7093e7	22	8	2
7510b7d9-a206-42cb-801f-c72dff7093e7	22	9	2
7510b7d9-a206-42cb-801f-c72dff7093e7	23	0	3
7510b7d9-a206-42cb-801f-c72dff7093e7	23	1	2
7510b7d9-a206-42cb-801f-c72dff7093e7	23	5	2
7510b7d9-a206-42cb-801f-c72dff7093e7	23	6	2
7510b7d9-a206-42cb-801f-c72dff7093e7	23	7	2
7510b7d9-a206-42cb-801f-c72dff7093e7	23	8	2
7510b7d9-a206-42cb-801f-c72dff7093e7	23	9	2
7510b7d9-a206-42cb-801f-c72dff7093e7	24	0	2
7510b7d9-a206-42cb-801f-c72dff7093e7	24	1	1
7510b7d9-a206-42cb-801f-c72dff7093e7	24	2	2
7510b7d9-a206-42cb-801f-c72dff7093e7	24	5	2
7510b7d9-a206-42cb-801f-c72dff7093e7	24	6	2
7510b7d9-a206-42cb-801f-c72dff7093e7	24	7	2
7510b7d9-a206-42cb-801f-c72dff7093e7	24	8	2
7510b7d9-a206-42cb-801f-c72dff7093e7	24	9	2
7510b7d9-a206-42cb-801f-c72dff7093e7	25	0	2
7510b7d9-a206-42cb-801f-c72dff7093e7	25	1	3
7510b7d9-a206-42cb-801f-c72dff7093e7	25	2	3
7510b7d9-a206-42cb-801f-c72dff7093e7	25	5	0
7510b7d9-a206-42cb-801f-c72dff7093e7	25	6	2
7510b7d9-a206-42cb-801f-c72dff7093e7	25	7	2
7510b7d9-a206-42cb-801f-c72dff7093e7	25	8	2
7510b7d9-a206-42cb-801f-c72dff7093e7	25	9	2
7510b7d9-a206-42cb-801f-c72dff7093e7	26	0	2
7510b7d9-a206-42cb-801f-c72dff7093e7	26	1	2
7510b7d9-a206-42cb-801f-c72dff7093e7	26	2	1
7510b7d9-a206-42cb-801f-c72dff7093e7	26	5	0
7510b7d9-a206-42cb-801f-c72dff7093e7	26	6	2
7510b7d9-a206-42cb-801f-c72dff7093e7	26	7	2
7510b7d9-a206-42cb-801f-c72dff7093e7	26	8	2
7510b7d9-a206-42cb-801f-c72dff7093e7	26	9	2
7510b7d9-a206-42cb-801f-c72dff7093e7	27	0	2
7510b7d9-a206-42cb-801f-c72dff7093e7	27	1	2
7510b7d9-a206-42cb-801f-c72dff7093e7	27	2	2
7510b7d9-a206-42cb-801f-c72dff7093e7	27	5	0
7510b7d9-a206-42cb-801f-c72dff7093e7	27	6	2
7510b7d9-a206-42cb-801f-c72dff7093e7	27	7	2
7510b7d9-a206-42cb-801f-c72dff7093e7	27	8	2
7510b7d9-a206-42cb-801f-c72dff7093e7	27	9	2
7510b7d9-a206-42cb-801f-c72dff7093e7	28	0	2
7510b7d9-a206-42cb-801f-c72dff7093e7	28	1	2
7510b7d9-a206-42cb-801f-c72dff7093e7	28	2	2
7510b7d9-a206-42cb-801f-c72dff7093e7	28	5	0
7510b7d9-a206-42cb-801f-c72dff7093e7	28	6	2
7510b7d9-a206-42cb-801f-c72dff7093e7	28	7	3
7510b7d9-a206-42cb-801f-c72dff7093e7	28	8	2
7510b7d9-a206-42cb-801f-c72dff7093e7	28	9	2
7510b7d9-a206-42cb-801f-c72dff7093e7	29	0	3
7510b7d9-a206-42cb-801f-c72dff7093e7	29	1	2
7510b7d9-a206-42cb-801f-c72dff7093e7	29	2	2
7510b7d9-a206-42cb-801f-c72dff7093e7	29	5	0
7510b7d9-a206-42cb-801f-c72dff7093e7	29	6	2
7510b7d9-a206-42cb-801f-c72dff7093e7	29	7	2
7510b7d9-a206-42cb-801f-c72dff7093e7	29	8	1
7510b7d9-a206-42cb-801f-c72dff7093e7	29	9	1
7510b7d9-a206-42cb-801f-c72dff7093e7	30	0	2
7510b7d9-a206-42cb-801f-c72dff7093e7	30	1	2
7510b7d9-a206-42cb-801f-c72dff7093e7	30	2	2
7510b7d9-a206-42cb-801f-c72dff7093e7	30	4	2
7510b7d9-a206-42cb-801f-c72dff7093e7	30	5	0
7510b7d9-a206-42cb-801f-c72dff7093e7	30	6	2
7510b7d9-a206-42cb-801f-c72dff7093e7	30	7	2
7510b7d9-a206-42cb-801f-c72dff7093e7	30	8	2
7510b7d9-a206-42cb-801f-c72dff7093e7	30	9	2
7510b7d9-a206-42cb-801f-c72dff7093e7	31	0	2
7510b7d9-a206-42cb-801f-c72dff7093e7	31	1	2
7510b7d9-a206-42cb-801f-c72dff7093e7	31	2	2
7510b7d9-a206-42cb-801f-c72dff7093e7	31	4	2
7510b7d9-a206-42cb-801f-c72dff7093e7	31	5	0
7510b7d9-a206-42cb-801f-c72dff7093e7	31	6	1
7510b7d9-a206-42cb-801f-c72dff7093e7	31	7	2
7510b7d9-a206-42cb-801f-c72dff7093e7	31	8	2
7510b7d9-a206-42cb-801f-c72dff7093e7	31	9	2
7510b7d9-a206-42cb-801f-c72dff7093e7	32	0	2
7510b7d9-a206-42cb-801f-c72dff7093e7	32	1	2
7510b7d9-a206-42cb-801f-c72dff7093e7	32	2	2
7510b7d9-a206-42cb-801f-c72dff7093e7	32	4	2
7510b7d9-a206-42cb-801f-c72dff7093e7	32	5	0
7510b7d9-a206-42cb-801f-c72dff7093e7	32	6	2
7510b7d9-a206-42cb-801f-c72dff7093e7	32	7	2
7510b7d9-a206-42cb-801f-c72dff7093e7	32	8	2
7510b7d9-a206-42cb-801f-c72dff7093e7	32	9	2
7510b7d9-a206-42cb-801f-c72dff7093e7	33	0	1
7510b7d9-a206-42cb-801f-c72dff7093e7	33	1	3
7510b7d9-a206-42cb-801f-c72dff7093e7	33	2	2
7510b7d9-a206-42cb-801f-c72dff7093e7	33	4	2
7510b7d9-a206-42cb-801f-c72dff7093e7	33	5	0
7510b7d9-a206-42cb-801f-c72dff7093e7	33	6	2
7510b7d9-a206-42cb-801f-c72dff7093e7	33	7	2
7510b7d9-a206-42cb-801f-c72dff7093e7	33	8	3
7510b7d9-a206-42cb-801f-c72dff7093e7	33	9	2
7510b7d9-a206-42cb-801f-c72dff7093e7	34	0	2
7510b7d9-a206-42cb-801f-c72dff7093e7	34	1	2
7510b7d9-a206-42cb-801f-c72dff7093e7	34	2	2
7510b7d9-a206-42cb-801f-c72dff7093e7	34	4	2
7510b7d9-a206-42cb-801f-c72dff7093e7	34	5	0
7510b7d9-a206-42cb-801f-c72dff7093e7	34	6	2
7510b7d9-a206-42cb-801f-c72dff7093e7	34	7	2
7510b7d9-a206-42cb-801f-c72dff7093e7	34	8	2
7510b7d9-a206-42cb-801f-c72dff7093e7	34	9	2
7510b7d9-a206-42cb-801f-c72dff7093e7	35	0	2
7510b7d9-a206-42cb-801f-c72dff7093e7	35	1	2
7510b7d9-a206-42cb-801f-c72dff7093e7	35	2	2
7510b7d9-a206-42cb-801f-c72dff7093e7	35	4	3
7510b7d9-a206-42cb-801f-c72dff7093e7	35	5	0
7510b7d9-a206-42cb-801f-c72dff7093e7	35	6	2
7510b7d9-a206-42cb-801f-c72dff7093e7	35	7	2
7510b7d9-a206-42cb-801f-c72dff7093e7	35	8	2
7510b7d9-a206-42cb-801f-c72dff7093e7	35	9	3
7510b7d9-a206-42cb-801f-c72dff7093e7	36	0	2
7510b7d9-a206-42cb-801f-c72dff7093e7	36	1	2
7510b7d9-a206-42cb-801f-c72dff7093e7	36	2	3
7510b7d9-a206-42cb-801f-c72dff7093e7	36	4	2
7510b7d9-a206-42cb-801f-c72dff7093e7	36	5	0
7510b7d9-a206-42cb-801f-c72dff7093e7	36	6	2
7510b7d9-a206-42cb-801f-c72dff7093e7	36	7	2
7510b7d9-a206-42cb-801f-c72dff7093e7	36	8	2
7510b7d9-a206-42cb-801f-c72dff7093e7	36	9	2
7510b7d9-a206-42cb-801f-c72dff7093e7	37	0	2
7510b7d9-a206-42cb-801f-c72dff7093e7	37	1	2
7510b7d9-a206-42cb-801f-c72dff7093e7	37	2	2
7510b7d9-a206-42cb-801f-c72dff7093e7	37	4	2
7510b7d9-a206-42cb-801f-c72dff7093e7	37	5	0
7510b7d9-a206-42cb-801f-c72dff7093e7	37	6	3
7510b7d9-a206-42cb-801f-c72dff7093e7	37	7	2
7510b7d9-a206-42cb-801f-c72dff7093e7	37	8	2
7510b7d9-a206-42cb-801f-c72dff7093e7	37	9	2
7510b7d9-a206-42cb-801f-c72dff7093e7	38	0	2
7510b7d9-a206-42cb-801f-c72dff7093e7	38	1	2
7510b7d9-a206-42cb-801f-c72dff7093e7	38	2	2
7510b7d9-a206-42cb-801f-c72dff7093e7	38	4	2
7510b7d9-a206-42cb-801f-c72dff7093e7	38	5	0
7510b7d9-a206-42cb-801f-c72dff7093e7	38	6	2
7510b7d9-a206-42cb-801f-c72dff7093e7	38	7	2
7510b7d9-a206-42cb-801f-c72dff7093e7	38	8	2
7510b7d9-a206-42cb-801f-c72dff7093e7	38	9	2
7510b7d9-a206-42cb-801f-c72dff7093e7	39	0	2
7510b7d9-a206-42cb-801f-c72dff7093e7	39	1	2
7510b7d9-a206-42cb-801f-c72dff7093e7	39	2	1
7510b7d9-a206-42cb-801f-c72dff7093e7	39	4	2
7510b7d9-a206-42cb-801f-c72dff7093e7	39	5	0
7510b7d9-a206-42cb-801f-c72dff7093e7	39	6	2
7510b7d9-a206-42cb-801f-c72dff7093e7	39	7	3
7510b7d9-a206-42cb-801f-c72dff7093e7	39	8	2
7510b7d9-a206-42cb-801f-c72dff7093e7	39	9	2
7510b7d9-a206-42cb-801f-c72dff7093e7	40	0	2
7510b7d9-a206-42cb-801f-c72dff7093e7	40	1	2
7510b7d9-a206-42cb-801f-c72dff7093e7	40	2	3
7510b7d9-a206-42cb-801f-c72dff7093e7	40	4	2
7510b7d9-a206-42cb-801f-c72dff7093e7	40	5	0
7510b7d9-a206-42cb-801f-c72dff7093e7	40	6	2
7510b7d9-a206-42cb-801f-c72dff7093e7	40	7	2
7510b7d9-a206-42cb-801f-c72dff7093e7	40	8	2
7510b7d9-a206-42cb-801f-c72dff7093e7	40	9	2
7510b7d9-a206-42cb-801f-c72dff7093e7	41	0	2
7510b7d9-a206-42cb-801f-c72dff7093e7	41	1	2
7510b7d9-a206-42cb-801f-c72dff7093e7	41	2	2
7510b7d9-a206-42cb-801f-c72dff7093e7	41	4	2
7510b7d9-a206-42cb-801f-c72dff7093e7	41	5	0
7510b7d9-a206-42cb-801f-c72dff7093e7	41	6	2
7510b7d9-a206-42cb-801f-c72dff7093e7	41	7	2
7510b7d9-a206-42cb-801f-c72dff7093e7	41	8	2
7510b7d9-a206-42cb-801f-c72dff7093e7	41	9	2
7510b7d9-a206-42cb-801f-c72dff7093e7	42	0	2
7510b7d9-a206-42cb-801f-c72dff7093e7	42	1	2
7510b7d9-a206-42cb-801f-c72dff7093e7	42	2	1
7510b7d9-a206-42cb-801f-c72dff7093e7	42	4	3
7510b7d9-a206-42cb-801f-c72dff7093e7	42	5	0
7510b7d9-a206-42cb-801f-c72dff7093e7	42	6	2
7510b7d9-a206-42cb-801f-c72dff7093e7	42	7	2
7510b7d9-a206-42cb-801f-c72dff7093e7	42	8	2
7510b7d9-a206-42cb-801f-c72dff7093e7	42	9	2
7510b7d9-a206-42cb-801f-c72dff7093e7	43	0	3
7510b7d9-a206-42cb-801f-c72dff7093e7	43	1	2
7510b7d9-a206-42cb-801f-c72dff7093e7	43	2	3
7510b7d9-a206-42cb-801f-c72dff7093e7	43	4	2
7510b7d9-a206-42cb-801f-c72dff7093e7	43	5	0
7510b7d9-a206-42cb-801f-c72dff7093e7	43	6	2
7510b7d9-a206-42cb-801f-c72dff7093e7	43	7	2
7510b7d9-a206-42cb-801f-c72dff7093e7	43	8	1
7510b7d9-a206-42cb-801f-c72dff7093e7	43	9	2
7510b7d9-a206-42cb-801f-c72dff7093e7	44	0	2
7510b7d9-a206-42cb-801f-c72dff7093e7	44	1	3
7510b7d9-a206-42cb-801f-c72dff7093e7	44	2	0
7510b7d9-a206-42cb-801f-c72dff7093e7	44	3	2
7510b7d9-a206-42cb-801f-c72dff7093e7	44	4	2
7510b7d9-a206-42cb-801f-c72dff7093e7	44	5	0
7510b7d9-a206-42cb-801f-c72dff7093e7	44	6	2
7510b7d9-a206-42cb-801f-c72dff7093e7	44	7	2
7510b7d9-a206-42cb-801f-c72dff7093e7	44	8	2
7510b7d9-a206-42cb-801f-c72dff7093e7	44	9	2
7510b7d9-a206-42cb-801f-c72dff7093e7	45	0	2
7510b7d9-a206-42cb-801f-c72dff7093e7	45	1	2
7510b7d9-a206-42cb-801f-c72dff7093e7	45	2	0
7510b7d9-a206-42cb-801f-c72dff7093e7	45	3	2
7510b7d9-a206-42cb-801f-c72dff7093e7	45	4	2
7510b7d9-a206-42cb-801f-c72dff7093e7	45	5	0
7510b7d9-a206-42cb-801f-c72dff7093e7	45	6	2
7510b7d9-a206-42cb-801f-c72dff7093e7	45	7	3
7510b7d9-a206-42cb-801f-c72dff7093e7	45	8	2
7510b7d9-a206-42cb-801f-c72dff7093e7	45	9	2
7510b7d9-a206-42cb-801f-c72dff7093e7	46	0	2
7510b7d9-a206-42cb-801f-c72dff7093e7	46	1	2
7510b7d9-a206-42cb-801f-c72dff7093e7	46	2	0
7510b7d9-a206-42cb-801f-c72dff7093e7	46	3	2
7510b7d9-a206-42cb-801f-c72dff7093e7	46	4	2
7510b7d9-a206-42cb-801f-c72dff7093e7	46	5	0
7510b7d9-a206-42cb-801f-c72dff7093e7	46	6	2
7510b7d9-a206-42cb-801f-c72dff7093e7	46	7	2
7510b7d9-a206-42cb-801f-c72dff7093e7	46	8	2
7510b7d9-a206-42cb-801f-c72dff7093e7	46	9	3
7510b7d9-a206-42cb-801f-c72dff7093e7	47	0	2
7510b7d9-a206-42cb-801f-c72dff7093e7	47	1	2
7510b7d9-a206-42cb-801f-c72dff7093e7	47	2	0
7510b7d9-a206-42cb-801f-c72dff7093e7	47	3	1
7510b7d9-a206-42cb-801f-c72dff7093e7	47	4	2
7510b7d9-a206-42cb-801f-c72dff7093e7	47	5	0
7510b7d9-a206-42cb-801f-c72dff7093e7	47	6	2
7510b7d9-a206-42cb-801f-c72dff7093e7	47	7	2
7510b7d9-a206-42cb-801f-c72dff7093e7	47	8	2
7510b7d9-a206-42cb-801f-c72dff7093e7	47	9	2
7510b7d9-a206-42cb-801f-c72dff7093e7	48	0	2
7510b7d9-a206-42cb-801f-c72dff7093e7	48	1	2
7510b7d9-a206-42cb-801f-c72dff7093e7	48	2	0
7510b7d9-a206-42cb-801f-c72dff7093e7	48	3	3
7510b7d9-a206-42cb-801f-c72dff7093e7	48	4	2
7510b7d9-a206-42cb-801f-c72dff7093e7	48	5	0
7510b7d9-a206-42cb-801f-c72dff7093e7	48	6	3
7510b7d9-a206-42cb-801f-c72dff7093e7	48	7	2
7510b7d9-a206-42cb-801f-c72dff7093e7	48	8	2
7510b7d9-a206-42cb-801f-c72dff7093e7	48	9	2
7510b7d9-a206-42cb-801f-c72dff7093e7	49	0	3
7510b7d9-a206-42cb-801f-c72dff7093e7	49	1	2
7510b7d9-a206-42cb-801f-c72dff7093e7	49	2	0
7510b7d9-a206-42cb-801f-c72dff7093e7	49	3	2
7510b7d9-a206-42cb-801f-c72dff7093e7	49	4	2
7510b7d9-a206-42cb-801f-c72dff7093e7	49	5	0
7510b7d9-a206-42cb-801f-c72dff7093e7	49	6	2
7510b7d9-a206-42cb-801f-c72dff7093e7	49	7	2
7510b7d9-a206-42cb-801f-c72dff7093e7	49	8	2
7510b7d9-a206-42cb-801f-c72dff7093e7	49	9	2
7510b7d9-a206-42cb-801f-c72dff7093e7	50	0	2
7510b7d9-a206-42cb-801f-c72dff7093e7	50	1	3
7510b7d9-a206-42cb-801f-c72dff7093e7	50	2	0
7510b7d9-a206-42cb-801f-c72dff7093e7	50	3	2
7510b7d9-a206-42cb-801f-c72dff7093e7	50	4	2
7510b7d9-a206-42cb-801f-c72dff7093e7	50	5	0
7510b7d9-a206-42cb-801f-c72dff7093e7	50	6	2
7510b7d9-a206-42cb-801f-c72dff7093e7	50	7	2
7510b7d9-a206-42cb-801f-c72dff7093e7	50	8	0
7510b7d9-a206-42cb-801f-c72dff7093e7	50	9	2
7510b7d9-a206-42cb-801f-c72dff7093e7	51	0	2
7510b7d9-a206-42cb-801f-c72dff7093e7	51	1	2
7510b7d9-a206-42cb-801f-c72dff7093e7	51	2	0
7510b7d9-a206-42cb-801f-c72dff7093e7	51	3	1
7510b7d9-a206-42cb-801f-c72dff7093e7	51	4	2
7510b7d9-a206-42cb-801f-c72dff7093e7	51	5	0
7510b7d9-a206-42cb-801f-c72dff7093e7	51	6	2
7510b7d9-a206-42cb-801f-c72dff7093e7	51	7	2
7510b7d9-a206-42cb-801f-c72dff7093e7	51	8	0
7510b7d9-a206-42cb-801f-c72dff7093e7	51	9	2
7510b7d9-a206-42cb-801f-c72dff7093e7	52	0	2
7510b7d9-a206-42cb-801f-c72dff7093e7	52	1	2
7510b7d9-a206-42cb-801f-c72dff7093e7	52	2	0
7510b7d9-a206-42cb-801f-c72dff7093e7	52	3	2
7510b7d9-a206-42cb-801f-c72dff7093e7	52	4	2
7510b7d9-a206-42cb-801f-c72dff7093e7	52	5	0
7510b7d9-a206-42cb-801f-c72dff7093e7	52	6	2
7510b7d9-a206-42cb-801f-c72dff7093e7	52	7	2
7510b7d9-a206-42cb-801f-c72dff7093e7	52	8	0
7510b7d9-a206-42cb-801f-c72dff7093e7	52	9	3
7510b7d9-a206-42cb-801f-c72dff7093e7	53	0	2
7510b7d9-a206-42cb-801f-c72dff7093e7	53	1	2
7510b7d9-a206-42cb-801f-c72dff7093e7	53	2	0
7510b7d9-a206-42cb-801f-c72dff7093e7	53	3	2
7510b7d9-a206-42cb-801f-c72dff7093e7	53	4	1
7510b7d9-a206-42cb-801f-c72dff7093e7	53	5	0
7510b7d9-a206-42cb-801f-c72dff7093e7	53	6	2
7510b7d9-a206-42cb-801f-c72dff7093e7	53	7	2
7510b7d9-a206-42cb-801f-c72dff7093e7	53	8	0
7510b7d9-a206-42cb-801f-c72dff7093e7	53	9	2
7510b7d9-a206-42cb-801f-c72dff7093e7	54	0	2
7510b7d9-a206-42cb-801f-c72dff7093e7	54	1	2
7510b7d9-a206-42cb-801f-c72dff7093e7	54	2	0
7510b7d9-a206-42cb-801f-c72dff7093e7	54	3	2
7510b7d9-a206-42cb-801f-c72dff7093e7	54	4	2
7510b7d9-a206-42cb-801f-c72dff7093e7	54	5	0
7510b7d9-a206-42cb-801f-c72dff7093e7	54	6	3
7510b7d9-a206-42cb-801f-c72dff7093e7	54	7	2
7510b7d9-a206-42cb-801f-c72dff7093e7	54	8	0
7510b7d9-a206-42cb-801f-c72dff7093e7	54	9	2
7510b7d9-a206-42cb-801f-c72dff7093e7	55	0	2
7510b7d9-a206-42cb-801f-c72dff7093e7	55	1	2
7510b7d9-a206-42cb-801f-c72dff7093e7	55	2	0
7510b7d9-a206-42cb-801f-c72dff7093e7	55	3	2
7510b7d9-a206-42cb-801f-c72dff7093e7	55	4	2
7510b7d9-a206-42cb-801f-c72dff7093e7	55	5	0
7510b7d9-a206-42cb-801f-c72dff7093e7	55	6	2
7510b7d9-a206-42cb-801f-c72dff7093e7	55	7	2
7510b7d9-a206-42cb-801f-c72dff7093e7	55	8	0
7510b7d9-a206-42cb-801f-c72dff7093e7	55	9	2
7510b7d9-a206-42cb-801f-c72dff7093e7	56	0	2
7510b7d9-a206-42cb-801f-c72dff7093e7	56	1	2
7510b7d9-a206-42cb-801f-c72dff7093e7	56	2	0
7510b7d9-a206-42cb-801f-c72dff7093e7	56	3	2
7510b7d9-a206-42cb-801f-c72dff7093e7	56	4	2
7510b7d9-a206-42cb-801f-c72dff7093e7	56	5	0
7510b7d9-a206-42cb-801f-c72dff7093e7	56	6	2
7510b7d9-a206-42cb-801f-c72dff7093e7	56	7	2
7510b7d9-a206-42cb-801f-c72dff7093e7	56	8	0
7510b7d9-a206-42cb-801f-c72dff7093e7	56	9	2
7510b7d9-a206-42cb-801f-c72dff7093e7	57	0	2
7510b7d9-a206-42cb-801f-c72dff7093e7	57	1	2
7510b7d9-a206-42cb-801f-c72dff7093e7	57	2	0
7510b7d9-a206-42cb-801f-c72dff7093e7	57	3	2
7510b7d9-a206-42cb-801f-c72dff7093e7	57	4	2
7510b7d9-a206-42cb-801f-c72dff7093e7	57	5	0
7510b7d9-a206-42cb-801f-c72dff7093e7	57	6	2
7510b7d9-a206-42cb-801f-c72dff7093e7	57	7	2
7510b7d9-a206-42cb-801f-c72dff7093e7	57	8	0
7510b7d9-a206-42cb-801f-c72dff7093e7	57	9	2
7510b7d9-a206-42cb-801f-c72dff7093e7	58	0	2
7510b7d9-a206-42cb-801f-c72dff7093e7	58	1	2
7510b7d9-a206-42cb-801f-c72dff7093e7	58	2	0
7510b7d9-a206-42cb-801f-c72dff7093e7	58	3	2
7510b7d9-a206-42cb-801f-c72dff7093e7	58	4	0
7510b7d9-a206-42cb-801f-c72dff7093e7	58	5	0
7510b7d9-a206-42cb-801f-c72dff7093e7	58	6	2
7510b7d9-a206-42cb-801f-c72dff7093e7	58	7	2
7510b7d9-a206-42cb-801f-c72dff7093e7	58	8	0
7510b7d9-a206-42cb-801f-c72dff7093e7	58	9	2
7510b7d9-a206-42cb-801f-c72dff7093e7	59	0	2
7510b7d9-a206-42cb-801f-c72dff7093e7	59	1	2
7510b7d9-a206-42cb-801f-c72dff7093e7	59	2	0
7510b7d9-a206-42cb-801f-c72dff7093e7	59	3	2
7510b7d9-a206-42cb-801f-c72dff7093e7	59	4	0
7510b7d9-a206-42cb-801f-c72dff7093e7	59	5	0
7510b7d9-a206-42cb-801f-c72dff7093e7	59	6	2
7510b7d9-a206-42cb-801f-c72dff7093e7	59	7	2
7510b7d9-a206-42cb-801f-c72dff7093e7	59	8	0
7510b7d9-a206-42cb-801f-c72dff7093e7	59	9	2
7510b7d9-a206-42cb-801f-c72dff7093e7	60	0	1
7510b7d9-a206-42cb-801f-c72dff7093e7	60	1	2
7510b7d9-a206-42cb-801f-c72dff7093e7	60	2	0
7510b7d9-a206-42cb-801f-c72dff7093e7	60	3	2
7510b7d9-a206-42cb-801f-c72dff7093e7	60	4	0
7510b7d9-a206-42cb-801f-c72dff7093e7	60	5	0
7510b7d9-a206-42cb-801f-c72dff7093e7	60	6	2
7510b7d9-a206-42cb-801f-c72dff7093e7	60	7	2
7510b7d9-a206-42cb-801f-c72dff7093e7	60	8	0
7510b7d9-a206-42cb-801f-c72dff7093e7	60	9	2
7510b7d9-a206-42cb-801f-c72dff7093e7	61	0	2
7510b7d9-a206-42cb-801f-c72dff7093e7	61	1	2
7510b7d9-a206-42cb-801f-c72dff7093e7	61	2	0
7510b7d9-a206-42cb-801f-c72dff7093e7	61	3	2
7510b7d9-a206-42cb-801f-c72dff7093e7	61	4	0
7510b7d9-a206-42cb-801f-c72dff7093e7	61	5	0
7510b7d9-a206-42cb-801f-c72dff7093e7	61	6	2
7510b7d9-a206-42cb-801f-c72dff7093e7	61	7	2
7510b7d9-a206-42cb-801f-c72dff7093e7	61	8	0
7510b7d9-a206-42cb-801f-c72dff7093e7	61	9	2
7510b7d9-a206-42cb-801f-c72dff7093e7	62	0	2
7510b7d9-a206-42cb-801f-c72dff7093e7	62	1	2
7510b7d9-a206-42cb-801f-c72dff7093e7	62	2	0
7510b7d9-a206-42cb-801f-c72dff7093e7	62	3	0
7510b7d9-a206-42cb-801f-c72dff7093e7	62	4	0
7510b7d9-a206-42cb-801f-c72dff7093e7	62	5	0
7510b7d9-a206-42cb-801f-c72dff7093e7	62	6	2
7510b7d9-a206-42cb-801f-c72dff7093e7	62	7	2
7510b7d9-a206-42cb-801f-c72dff7093e7	62	8	0
7510b7d9-a206-42cb-801f-c72dff7093e7	62	9	2
7510b7d9-a206-42cb-801f-c72dff7093e7	63	0	2
7510b7d9-a206-42cb-801f-c72dff7093e7	63	1	2
7510b7d9-a206-42cb-801f-c72dff7093e7	63	2	0
7510b7d9-a206-42cb-801f-c72dff7093e7	63	3	0
7510b7d9-a206-42cb-801f-c72dff7093e7	63	4	0
7510b7d9-a206-42cb-801f-c72dff7093e7	63	5	0
7510b7d9-a206-42cb-801f-c72dff7093e7	63	6	2
7510b7d9-a206-42cb-801f-c72dff7093e7	63	7	2
7510b7d9-a206-42cb-801f-c72dff7093e7	63	8	0
7510b7d9-a206-42cb-801f-c72dff7093e7	63	9	1
7510b7d9-a206-42cb-801f-c72dff7093e7	64	0	2
7510b7d9-a206-42cb-801f-c72dff7093e7	64	1	2
7510b7d9-a206-42cb-801f-c72dff7093e7	64	2	0
7510b7d9-a206-42cb-801f-c72dff7093e7	64	3	0
7510b7d9-a206-42cb-801f-c72dff7093e7	64	4	0
7510b7d9-a206-42cb-801f-c72dff7093e7	64	5	0
7510b7d9-a206-42cb-801f-c72dff7093e7	64	6	2
7510b7d9-a206-42cb-801f-c72dff7093e7	64	7	2
7510b7d9-a206-42cb-801f-c72dff7093e7	64	8	0
7510b7d9-a206-42cb-801f-c72dff7093e7	64	9	2
7510b7d9-a206-42cb-801f-c72dff7093e7	65	0	0
7510b7d9-a206-42cb-801f-c72dff7093e7	65	1	2
7510b7d9-a206-42cb-801f-c72dff7093e7	65	2	0
7510b7d9-a206-42cb-801f-c72dff7093e7	65	3	0
7510b7d9-a206-42cb-801f-c72dff7093e7	65	4	0
7510b7d9-a206-42cb-801f-c72dff7093e7	65	5	0
7510b7d9-a206-42cb-801f-c72dff7093e7	65	6	1
7510b7d9-a206-42cb-801f-c72dff7093e7	65	7	2
7510b7d9-a206-42cb-801f-c72dff7093e7	65	8	0
7510b7d9-a206-42cb-801f-c72dff7093e7	65	9	1
7510b7d9-a206-42cb-801f-c72dff7093e7	66	0	0
7510b7d9-a206-42cb-801f-c72dff7093e7	66	1	2
7510b7d9-a206-42cb-801f-c72dff7093e7	66	2	0
7510b7d9-a206-42cb-801f-c72dff7093e7	66	3	0
7510b7d9-a206-42cb-801f-c72dff7093e7	66	4	0
7510b7d9-a206-42cb-801f-c72dff7093e7	66	5	0
7510b7d9-a206-42cb-801f-c72dff7093e7	66	6	2
7510b7d9-a206-42cb-801f-c72dff7093e7	66	7	2
7510b7d9-a206-42cb-801f-c72dff7093e7	66	8	0
7510b7d9-a206-42cb-801f-c72dff7093e7	66	9	3
7510b7d9-a206-42cb-801f-c72dff7093e7	67	0	0
7510b7d9-a206-42cb-801f-c72dff7093e7	67	1	2
7510b7d9-a206-42cb-801f-c72dff7093e7	67	2	0
7510b7d9-a206-42cb-801f-c72dff7093e7	67	3	0
7510b7d9-a206-42cb-801f-c72dff7093e7	67	4	0
7510b7d9-a206-42cb-801f-c72dff7093e7	67	5	0
7510b7d9-a206-42cb-801f-c72dff7093e7	67	6	2
7510b7d9-a206-42cb-801f-c72dff7093e7	67	7	3
7510b7d9-a206-42cb-801f-c72dff7093e7	67	8	0
7510b7d9-a206-42cb-801f-c72dff7093e7	67	9	2
7510b7d9-a206-42cb-801f-c72dff7093e7	68	0	0
7510b7d9-a206-42cb-801f-c72dff7093e7	68	1	2
7510b7d9-a206-42cb-801f-c72dff7093e7	68	2	0
7510b7d9-a206-42cb-801f-c72dff7093e7	68	3	0
7510b7d9-a206-42cb-801f-c72dff7093e7	68	4	0
7510b7d9-a206-42cb-801f-c72dff7093e7	68	5	0
7510b7d9-a206-42cb-801f-c72dff7093e7	68	6	2
7510b7d9-a206-42cb-801f-c72dff7093e7	68	7	2
7510b7d9-a206-42cb-801f-c72dff7093e7	68	8	0
7510b7d9-a206-42cb-801f-c72dff7093e7	68	9	1
7510b7d9-a206-42cb-801f-c72dff7093e7	69	0	0
7510b7d9-a206-42cb-801f-c72dff7093e7	69	1	2
7510b7d9-a206-42cb-801f-c72dff7093e7	69	2	0
7510b7d9-a206-42cb-801f-c72dff7093e7	69	3	0
7510b7d9-a206-42cb-801f-c72dff7093e7	69	4	0
7510b7d9-a206-42cb-801f-c72dff7093e7	69	5	0
7510b7d9-a206-42cb-801f-c72dff7093e7	69	6	2
7510b7d9-a206-42cb-801f-c72dff7093e7	69	7	2
7510b7d9-a206-42cb-801f-c72dff7093e7	69	8	0
7510b7d9-a206-42cb-801f-c72dff7093e7	69	9	3
7510b7d9-a206-42cb-801f-c72dff7093e7	70	0	0
7510b7d9-a206-42cb-801f-c72dff7093e7	70	1	2
7510b7d9-a206-42cb-801f-c72dff7093e7	70	2	0
7510b7d9-a206-42cb-801f-c72dff7093e7	70	3	0
7510b7d9-a206-42cb-801f-c72dff7093e7	70	4	0
7510b7d9-a206-42cb-801f-c72dff7093e7	70	5	0
7510b7d9-a206-42cb-801f-c72dff7093e7	70	6	0
7510b7d9-a206-42cb-801f-c72dff7093e7	70	7	2
7510b7d9-a206-42cb-801f-c72dff7093e7	70	8	0
7510b7d9-a206-42cb-801f-c72dff7093e7	70	9	0
7510b7d9-a206-42cb-801f-c72dff7093e7	71	0	0
7510b7d9-a206-42cb-801f-c72dff7093e7	71	1	2
7510b7d9-a206-42cb-801f-c72dff7093e7	71	2	0
7510b7d9-a206-42cb-801f-c72dff7093e7	71	3	0
7510b7d9-a206-42cb-801f-c72dff7093e7	71	4	0
7510b7d9-a206-42cb-801f-c72dff7093e7	71	5	0
7510b7d9-a206-42cb-801f-c72dff7093e7	71	6	0
7510b7d9-a206-42cb-801f-c72dff7093e7	71	7	2
7510b7d9-a206-42cb-801f-c72dff7093e7	71	8	0
7510b7d9-a206-42cb-801f-c72dff7093e7	71	9	0
7510b7d9-a206-42cb-801f-c72dff7093e7	72	0	0
7510b7d9-a206-42cb-801f-c72dff7093e7	72	1	3
7510b7d9-a206-42cb-801f-c72dff7093e7	72	2	0
7510b7d9-a206-42cb-801f-c72dff7093e7	72	3	0
7510b7d9-a206-42cb-801f-c72dff7093e7	72	4	0
7510b7d9-a206-42cb-801f-c72dff7093e7	72	5	0
7510b7d9-a206-42cb-801f-c72dff7093e7	72	6	0
7510b7d9-a206-42cb-801f-c72dff7093e7	72	7	2
7510b7d9-a206-42cb-801f-c72dff7093e7	72	8	0
7510b7d9-a206-42cb-801f-c72dff7093e7	72	9	0
7510b7d9-a206-42cb-801f-c72dff7093e7	73	0	0
7510b7d9-a206-42cb-801f-c72dff7093e7	73	1	2
7510b7d9-a206-42cb-801f-c72dff7093e7	73	2	0
7510b7d9-a206-42cb-801f-c72dff7093e7	73	3	0
7510b7d9-a206-42cb-801f-c72dff7093e7	73	4	0
7510b7d9-a206-42cb-801f-c72dff7093e7	73	5	0
7510b7d9-a206-42cb-801f-c72dff7093e7	73	6	0
7510b7d9-a206-42cb-801f-c72dff7093e7	73	7	2
7510b7d9-a206-42cb-801f-c72dff7093e7	73	8	0
7510b7d9-a206-42cb-801f-c72dff7093e7	73	9	0
7510b7d9-a206-42cb-801f-c72dff7093e7	74	0	0
7510b7d9-a206-42cb-801f-c72dff7093e7	74	1	2
7510b7d9-a206-42cb-801f-c72dff7093e7	74	2	0
7510b7d9-a206-42cb-801f-c72dff7093e7	74	3	0
7510b7d9-a206-42cb-801f-c72dff7093e7	74	4	0
7510b7d9-a206-42cb-801f-c72dff7093e7	74	5	0
7510b7d9-a206-42cb-801f-c72dff7093e7	74	6	0
7510b7d9-a206-42cb-801f-c72dff7093e7	74	7	2
7510b7d9-a206-42cb-801f-c72dff7093e7	74	8	0
7510b7d9-a206-42cb-801f-c72dff7093e7	74	9	0
7510b7d9-a206-42cb-801f-c72dff7093e7	75	0	0
7510b7d9-a206-42cb-801f-c72dff7093e7	75	1	2
7510b7d9-a206-42cb-801f-c72dff7093e7	75	2	0
7510b7d9-a206-42cb-801f-c72dff7093e7	75	3	0
7510b7d9-a206-42cb-801f-c72dff7093e7	75	4	0
7510b7d9-a206-42cb-801f-c72dff7093e7	75	5	0
7510b7d9-a206-42cb-801f-c72dff7093e7	75	6	0
7510b7d9-a206-42cb-801f-c72dff7093e7	75	7	2
7510b7d9-a206-42cb-801f-c72dff7093e7	75	8	0
7510b7d9-a206-42cb-801f-c72dff7093e7	75	9	0
7510b7d9-a206-42cb-801f-c72dff7093e7	76	0	0
7510b7d9-a206-42cb-801f-c72dff7093e7	76	1	2
7510b7d9-a206-42cb-801f-c72dff7093e7	76	2	0
7510b7d9-a206-42cb-801f-c72dff7093e7	76	3	0
7510b7d9-a206-42cb-801f-c72dff7093e7	76	4	0
7510b7d9-a206-42cb-801f-c72dff7093e7	76	5	0
7510b7d9-a206-42cb-801f-c72dff7093e7	76	6	0
7510b7d9-a206-42cb-801f-c72dff7093e7	76	7	2
7510b7d9-a206-42cb-801f-c72dff7093e7	76	8	0
7510b7d9-a206-42cb-801f-c72dff7093e7	76	9	0
7510b7d9-a206-42cb-801f-c72dff7093e7	77	0	0
7510b7d9-a206-42cb-801f-c72dff7093e7	77	1	2
7510b7d9-a206-42cb-801f-c72dff7093e7	77	2	0
7510b7d9-a206-42cb-801f-c72dff7093e7	77	3	0
7510b7d9-a206-42cb-801f-c72dff7093e7	77	4	0
7510b7d9-a206-42cb-801f-c72dff7093e7	77	5	0
7510b7d9-a206-42cb-801f-c72dff7093e7	77	6	0
7510b7d9-a206-42cb-801f-c72dff7093e7	77	7	3
7510b7d9-a206-42cb-801f-c72dff7093e7	77	8	0
7510b7d9-a206-42cb-801f-c72dff7093e7	77	9	0
7510b7d9-a206-42cb-801f-c72dff7093e7	78	0	0
7510b7d9-a206-42cb-801f-c72dff7093e7	78	1	2
7510b7d9-a206-42cb-801f-c72dff7093e7	78	2	0
7510b7d9-a206-42cb-801f-c72dff7093e7	78	3	0
7510b7d9-a206-42cb-801f-c72dff7093e7	78	4	0
7510b7d9-a206-42cb-801f-c72dff7093e7	78	5	0
7510b7d9-a206-42cb-801f-c72dff7093e7	78	6	0
7510b7d9-a206-42cb-801f-c72dff7093e7	78	7	2
7510b7d9-a206-42cb-801f-c72dff7093e7	78	8	0
7510b7d9-a206-42cb-801f-c72dff7093e7	78	9	0
7510b7d9-a206-42cb-801f-c72dff7093e7	79	0	0
7510b7d9-a206-42cb-801f-c72dff7093e7	79	1	2
7510b7d9-a206-42cb-801f-c72dff7093e7	79	2	0
7510b7d9-a206-42cb-801f-c72dff7093e7	79	3	0
7510b7d9-a206-42cb-801f-c72dff7093e7	79	4	0
7510b7d9-a206-42cb-801f-c72dff7093e7	79	5	0
7510b7d9-a206-42cb-801f-c72dff7093e7	79	6	0
7510b7d9-a206-42cb-801f-c72dff7093e7	79	7	2
7510b7d9-a206-42cb-801f-c72dff7093e7	79	8	0
7510b7d9-a206-42cb-801f-c72dff7093e7	79	9	0
7510b7d9-a206-42cb-801f-c72dff7093e7	80	0	0
7510b7d9-a206-42cb-801f-c72dff7093e7	80	1	2
7510b7d9-a206-42cb-801f-c72dff7093e7	80	2	0
7510b7d9-a206-42cb-801f-c72dff7093e7	80	3	0
7510b7d9-a206-42cb-801f-c72dff7093e7	80	4	0
7510b7d9-a206-42cb-801f-c72dff7093e7	80	5	0
7510b7d9-a206-42cb-801f-c72dff7093e7	80	6	0
7510b7d9-a206-42cb-801f-c72dff7093e7	80	7	2
7510b7d9-a206-42cb-801f-c72dff7093e7	80	8	0
7510b7d9-a206-42cb-801f-c72dff7093e7	80	9	0
7510b7d9-a206-42cb-801f-c72dff7093e7	81	0	0
7510b7d9-a206-42cb-801f-c72dff7093e7	81	1	2
7510b7d9-a206-42cb-801f-c72dff7093e7	81	2	0
7510b7d9-a206-42cb-801f-c72dff7093e7	81	3	0
7510b7d9-a206-42cb-801f-c72dff7093e7	81	4	0
7510b7d9-a206-42cb-801f-c72dff7093e7	81	5	0
7510b7d9-a206-42cb-801f-c72dff7093e7	81	6	0
7510b7d9-a206-42cb-801f-c72dff7093e7	81	7	2
7510b7d9-a206-42cb-801f-c72dff7093e7	81	8	0
7510b7d9-a206-42cb-801f-c72dff7093e7	81	9	0
7510b7d9-a206-42cb-801f-c72dff7093e7	82	0	0
7510b7d9-a206-42cb-801f-c72dff7093e7	82	1	3
7510b7d9-a206-42cb-801f-c72dff7093e7	82	2	0
7510b7d9-a206-42cb-801f-c72dff7093e7	82	3	0
7510b7d9-a206-42cb-801f-c72dff7093e7	82	4	0
7510b7d9-a206-42cb-801f-c72dff7093e7	82	5	0
7510b7d9-a206-42cb-801f-c72dff7093e7	82	6	0
7510b7d9-a206-42cb-801f-c72dff7093e7	82	7	0
7510b7d9-a206-42cb-801f-c72dff7093e7	82	8	0
7510b7d9-a206-42cb-801f-c72dff7093e7	82	9	0
7510b7d9-a206-42cb-801f-c72dff7093e7	83	0	0
7510b7d9-a206-42cb-801f-c72dff7093e7	83	1	2
7510b7d9-a206-42cb-801f-c72dff7093e7	83	2	0
7510b7d9-a206-42cb-801f-c72dff7093e7	83	3	0
7510b7d9-a206-42cb-801f-c72dff7093e7	83	4	0
7510b7d9-a206-42cb-801f-c72dff7093e7	83	5	0
7510b7d9-a206-42cb-801f-c72dff7093e7	83	6	0
7510b7d9-a206-42cb-801f-c72dff7093e7	83	7	0
7510b7d9-a206-42cb-801f-c72dff7093e7	83	8	0
7510b7d9-a206-42cb-801f-c72dff7093e7	83	9	0
7510b7d9-a206-42cb-801f-c72dff7093e7	84	0	0
7510b7d9-a206-42cb-801f-c72dff7093e7	84	1	2
7510b7d9-a206-42cb-801f-c72dff7093e7	84	2	0
7510b7d9-a206-42cb-801f-c72dff7093e7	84	3	0
7510b7d9-a206-42cb-801f-c72dff7093e7	84	4	0
7510b7d9-a206-42cb-801f-c72dff7093e7	84	5	0
7510b7d9-a206-42cb-801f-c72dff7093e7	84	6	0
7510b7d9-a206-42cb-801f-c72dff7093e7	84	7	0
7510b7d9-a206-42cb-801f-c72dff7093e7	84	8	0
7510b7d9-a206-42cb-801f-c72dff7093e7	84	9	0
7510b7d9-a206-42cb-801f-c72dff7093e7	85	0	0
7510b7d9-a206-42cb-801f-c72dff7093e7	85	1	2
7510b7d9-a206-42cb-801f-c72dff7093e7	85	2	0
7510b7d9-a206-42cb-801f-c72dff7093e7	85	3	0
7510b7d9-a206-42cb-801f-c72dff7093e7	85	4	0
7510b7d9-a206-42cb-801f-c72dff7093e7	85	5	0
7510b7d9-a206-42cb-801f-c72dff7093e7	85	6	0
7510b7d9-a206-42cb-801f-c72dff7093e7	85	7	0
7510b7d9-a206-42cb-801f-c72dff7093e7	85	8	0
7510b7d9-a206-42cb-801f-c72dff7093e7	85	9	0
7510b7d9-a206-42cb-801f-c72dff7093e7	86	0	0
7510b7d9-a206-42cb-801f-c72dff7093e7	86	1	2
7510b7d9-a206-42cb-801f-c72dff7093e7	86	2	0
7510b7d9-a206-42cb-801f-c72dff7093e7	86	3	0
7510b7d9-a206-42cb-801f-c72dff7093e7	86	4	0
7510b7d9-a206-42cb-801f-c72dff7093e7	86	5	0
7510b7d9-a206-42cb-801f-c72dff7093e7	86	6	0
7510b7d9-a206-42cb-801f-c72dff7093e7	86	7	0
7510b7d9-a206-42cb-801f-c72dff7093e7	86	8	0
7510b7d9-a206-42cb-801f-c72dff7093e7	86	9	0
7dd06d03-d082-4b98-80be-5f194b7a05fd	3	2	2
7dd06d03-d082-4b98-80be-5f194b7a05fd	4	2	2
7dd06d03-d082-4b98-80be-5f194b7a05fd	5	2	2
7dd06d03-d082-4b98-80be-5f194b7a05fd	5	6	2
7dd06d03-d082-4b98-80be-5f194b7a05fd	6	2	2
7dd06d03-d082-4b98-80be-5f194b7a05fd	6	6	2
7dd06d03-d082-4b98-80be-5f194b7a05fd	7	0	2
7dd06d03-d082-4b98-80be-5f194b7a05fd	7	2	2
7dd06d03-d082-4b98-80be-5f194b7a05fd	7	6	2
7dd06d03-d082-4b98-80be-5f194b7a05fd	8	0	2
7dd06d03-d082-4b98-80be-5f194b7a05fd	8	2	1
7dd06d03-d082-4b98-80be-5f194b7a05fd	8	6	2
7dd06d03-d082-4b98-80be-5f194b7a05fd	9	0	2
7dd06d03-d082-4b98-80be-5f194b7a05fd	9	2	2
7dd06d03-d082-4b98-80be-5f194b7a05fd	9	6	2
7dd06d03-d082-4b98-80be-5f194b7a05fd	10	0	2
7dd06d03-d082-4b98-80be-5f194b7a05fd	10	2	2
7dd06d03-d082-4b98-80be-5f194b7a05fd	10	6	1
7dd06d03-d082-4b98-80be-5f194b7a05fd	11	0	2
7dd06d03-d082-4b98-80be-5f194b7a05fd	11	2	2
7dd06d03-d082-4b98-80be-5f194b7a05fd	11	6	2
7dd06d03-d082-4b98-80be-5f194b7a05fd	12	0	1
7dd06d03-d082-4b98-80be-5f194b7a05fd	12	2	2
7dd06d03-d082-4b98-80be-5f194b7a05fd	12	6	2
7dd06d03-d082-4b98-80be-5f194b7a05fd	13	0	2
7dd06d03-d082-4b98-80be-5f194b7a05fd	13	2	1
7dd06d03-d082-4b98-80be-5f194b7a05fd	13	6	2
7dd06d03-d082-4b98-80be-5f194b7a05fd	14	0	2
7dd06d03-d082-4b98-80be-5f194b7a05fd	14	2	2
7dd06d03-d082-4b98-80be-5f194b7a05fd	14	6	2
7dd06d03-d082-4b98-80be-5f194b7a05fd	15	0	2
7dd06d03-d082-4b98-80be-5f194b7a05fd	15	2	2
7dd06d03-d082-4b98-80be-5f194b7a05fd	15	6	1
7dd06d03-d082-4b98-80be-5f194b7a05fd	16	0	2
7dd06d03-d082-4b98-80be-5f194b7a05fd	16	2	2
7dd06d03-d082-4b98-80be-5f194b7a05fd	16	6	2
7dd06d03-d082-4b98-80be-5f194b7a05fd	17	0	1
7dd06d03-d082-4b98-80be-5f194b7a05fd	17	2	2
7dd06d03-d082-4b98-80be-5f194b7a05fd	17	6	2
7dd06d03-d082-4b98-80be-5f194b7a05fd	17	7	2
7dd06d03-d082-4b98-80be-5f194b7a05fd	18	0	2
7dd06d03-d082-4b98-80be-5f194b7a05fd	18	2	2
7dd06d03-d082-4b98-80be-5f194b7a05fd	18	6	2
7dd06d03-d082-4b98-80be-5f194b7a05fd	18	7	2
7dd06d03-d082-4b98-80be-5f194b7a05fd	19	0	2
7dd06d03-d082-4b98-80be-5f194b7a05fd	19	2	2
7dd06d03-d082-4b98-80be-5f194b7a05fd	19	6	2
7dd06d03-d082-4b98-80be-5f194b7a05fd	19	7	2
7dd06d03-d082-4b98-80be-5f194b7a05fd	20	0	2
7dd06d03-d082-4b98-80be-5f194b7a05fd	20	2	2
7dd06d03-d082-4b98-80be-5f194b7a05fd	20	6	2
7dd06d03-d082-4b98-80be-5f194b7a05fd	20	7	2
7dd06d03-d082-4b98-80be-5f194b7a05fd	21	0	2
7dd06d03-d082-4b98-80be-5f194b7a05fd	21	2	2
7dd06d03-d082-4b98-80be-5f194b7a05fd	21	6	2
7dd06d03-d082-4b98-80be-5f194b7a05fd	21	7	2
7dd06d03-d082-4b98-80be-5f194b7a05fd	22	0	2
7dd06d03-d082-4b98-80be-5f194b7a05fd	22	2	2
7dd06d03-d082-4b98-80be-5f194b7a05fd	22	6	2
7dd06d03-d082-4b98-80be-5f194b7a05fd	22	7	3
7dd06d03-d082-4b98-80be-5f194b7a05fd	23	0	2
7dd06d03-d082-4b98-80be-5f194b7a05fd	23	2	2
7dd06d03-d082-4b98-80be-5f194b7a05fd	23	3	2
7dd06d03-d082-4b98-80be-5f194b7a05fd	23	6	2
7dd06d03-d082-4b98-80be-5f194b7a05fd	23	7	2
7dd06d03-d082-4b98-80be-5f194b7a05fd	24	0	2
7dd06d03-d082-4b98-80be-5f194b7a05fd	24	2	2
7dd06d03-d082-4b98-80be-5f194b7a05fd	24	3	2
7dd06d03-d082-4b98-80be-5f194b7a05fd	24	6	2
7dd06d03-d082-4b98-80be-5f194b7a05fd	24	7	2
7dd06d03-d082-4b98-80be-5f194b7a05fd	25	0	2
7dd06d03-d082-4b98-80be-5f194b7a05fd	25	2	2
7dd06d03-d082-4b98-80be-5f194b7a05fd	25	3	3
7dd06d03-d082-4b98-80be-5f194b7a05fd	25	6	2
7dd06d03-d082-4b98-80be-5f194b7a05fd	25	7	2
7dd06d03-d082-4b98-80be-5f194b7a05fd	25	9	2
7dd06d03-d082-4b98-80be-5f194b7a05fd	26	0	2
7dd06d03-d082-4b98-80be-5f194b7a05fd	26	2	2
7dd06d03-d082-4b98-80be-5f194b7a05fd	26	3	1
7dd06d03-d082-4b98-80be-5f194b7a05fd	26	6	2
7dd06d03-d082-4b98-80be-5f194b7a05fd	26	7	2
7dd06d03-d082-4b98-80be-5f194b7a05fd	26	9	2
7dd06d03-d082-4b98-80be-5f194b7a05fd	27	0	2
7dd06d03-d082-4b98-80be-5f194b7a05fd	27	2	2
7dd06d03-d082-4b98-80be-5f194b7a05fd	27	3	2
7dd06d03-d082-4b98-80be-5f194b7a05fd	27	6	2
7dd06d03-d082-4b98-80be-5f194b7a05fd	27	7	3
7dd06d03-d082-4b98-80be-5f194b7a05fd	27	9	2
7dd06d03-d082-4b98-80be-5f194b7a05fd	28	0	2
7dd06d03-d082-4b98-80be-5f194b7a05fd	28	2	1
7dd06d03-d082-4b98-80be-5f194b7a05fd	28	3	2
7dd06d03-d082-4b98-80be-5f194b7a05fd	28	6	2
7dd06d03-d082-4b98-80be-5f194b7a05fd	28	7	1
7dd06d03-d082-4b98-80be-5f194b7a05fd	28	9	2
7dd06d03-d082-4b98-80be-5f194b7a05fd	29	0	2
7dd06d03-d082-4b98-80be-5f194b7a05fd	29	2	2
7dd06d03-d082-4b98-80be-5f194b7a05fd	29	3	3
7dd06d03-d082-4b98-80be-5f194b7a05fd	29	6	2
7dd06d03-d082-4b98-80be-5f194b7a05fd	29	7	2
7dd06d03-d082-4b98-80be-5f194b7a05fd	29	9	2
7dd06d03-d082-4b98-80be-5f194b7a05fd	30	0	2
7dd06d03-d082-4b98-80be-5f194b7a05fd	30	2	2
7dd06d03-d082-4b98-80be-5f194b7a05fd	30	3	2
7dd06d03-d082-4b98-80be-5f194b7a05fd	30	6	1
7dd06d03-d082-4b98-80be-5f194b7a05fd	30	7	3
7dd06d03-d082-4b98-80be-5f194b7a05fd	30	9	1
7dd06d03-d082-4b98-80be-5f194b7a05fd	31	0	2
7dd06d03-d082-4b98-80be-5f194b7a05fd	31	2	2
7dd06d03-d082-4b98-80be-5f194b7a05fd	31	3	2
7dd06d03-d082-4b98-80be-5f194b7a05fd	31	6	2
7dd06d03-d082-4b98-80be-5f194b7a05fd	31	7	2
7dd06d03-d082-4b98-80be-5f194b7a05fd	31	9	2
7dd06d03-d082-4b98-80be-5f194b7a05fd	32	0	1
7dd06d03-d082-4b98-80be-5f194b7a05fd	32	2	3
7dd06d03-d082-4b98-80be-5f194b7a05fd	32	3	2
7dd06d03-d082-4b98-80be-5f194b7a05fd	32	6	2
7dd06d03-d082-4b98-80be-5f194b7a05fd	32	7	2
7dd06d03-d082-4b98-80be-5f194b7a05fd	32	9	2
7dd06d03-d082-4b98-80be-5f194b7a05fd	33	0	2
7dd06d03-d082-4b98-80be-5f194b7a05fd	33	2	1
7dd06d03-d082-4b98-80be-5f194b7a05fd	33	3	3
7dd06d03-d082-4b98-80be-5f194b7a05fd	33	6	2
7dd06d03-d082-4b98-80be-5f194b7a05fd	33	7	2
7dd06d03-d082-4b98-80be-5f194b7a05fd	33	9	2
7dd06d03-d082-4b98-80be-5f194b7a05fd	34	0	2
7dd06d03-d082-4b98-80be-5f194b7a05fd	34	2	2
7dd06d03-d082-4b98-80be-5f194b7a05fd	34	3	1
7dd06d03-d082-4b98-80be-5f194b7a05fd	34	6	3
7dd06d03-d082-4b98-80be-5f194b7a05fd	34	7	2
7dd06d03-d082-4b98-80be-5f194b7a05fd	34	9	2
7dd06d03-d082-4b98-80be-5f194b7a05fd	35	0	2
7dd06d03-d082-4b98-80be-5f194b7a05fd	35	2	2
7dd06d03-d082-4b98-80be-5f194b7a05fd	35	3	2
7dd06d03-d082-4b98-80be-5f194b7a05fd	35	5	2
7dd06d03-d082-4b98-80be-5f194b7a05fd	35	6	1
7dd06d03-d082-4b98-80be-5f194b7a05fd	35	7	2
7dd06d03-d082-4b98-80be-5f194b7a05fd	35	9	1
7dd06d03-d082-4b98-80be-5f194b7a05fd	36	0	3
7dd06d03-d082-4b98-80be-5f194b7a05fd	36	2	2
7dd06d03-d082-4b98-80be-5f194b7a05fd	36	3	2
7dd06d03-d082-4b98-80be-5f194b7a05fd	36	5	2
7dd06d03-d082-4b98-80be-5f194b7a05fd	36	6	2
7dd06d03-d082-4b98-80be-5f194b7a05fd	36	7	2
7dd06d03-d082-4b98-80be-5f194b7a05fd	36	9	3
7dd06d03-d082-4b98-80be-5f194b7a05fd	37	0	1
7dd06d03-d082-4b98-80be-5f194b7a05fd	37	2	2
7dd06d03-d082-4b98-80be-5f194b7a05fd	37	3	2
7dd06d03-d082-4b98-80be-5f194b7a05fd	37	5	2
7dd06d03-d082-4b98-80be-5f194b7a05fd	37	6	2
7dd06d03-d082-4b98-80be-5f194b7a05fd	37	7	2
7dd06d03-d082-4b98-80be-5f194b7a05fd	37	9	1
7dd06d03-d082-4b98-80be-5f194b7a05fd	38	0	2
7dd06d03-d082-4b98-80be-5f194b7a05fd	38	2	0
7dd06d03-d082-4b98-80be-5f194b7a05fd	38	3	3
7dd06d03-d082-4b98-80be-5f194b7a05fd	38	5	2
7dd06d03-d082-4b98-80be-5f194b7a05fd	38	6	2
7dd06d03-d082-4b98-80be-5f194b7a05fd	38	7	2
7dd06d03-d082-4b98-80be-5f194b7a05fd	38	9	2
7dd06d03-d082-4b98-80be-5f194b7a05fd	39	0	2
7dd06d03-d082-4b98-80be-5f194b7a05fd	39	2	0
7dd06d03-d082-4b98-80be-5f194b7a05fd	39	3	1
7dd06d03-d082-4b98-80be-5f194b7a05fd	39	4	2
7dd06d03-d082-4b98-80be-5f194b7a05fd	39	5	2
7dd06d03-d082-4b98-80be-5f194b7a05fd	39	6	2
7dd06d03-d082-4b98-80be-5f194b7a05fd	39	7	2
7dd06d03-d082-4b98-80be-5f194b7a05fd	39	9	2
7dd06d03-d082-4b98-80be-5f194b7a05fd	40	0	2
7dd06d03-d082-4b98-80be-5f194b7a05fd	40	2	0
7dd06d03-d082-4b98-80be-5f194b7a05fd	40	3	2
7dd06d03-d082-4b98-80be-5f194b7a05fd	40	4	2
7dd06d03-d082-4b98-80be-5f194b7a05fd	40	5	1
7dd06d03-d082-4b98-80be-5f194b7a05fd	40	6	2
7dd06d03-d082-4b98-80be-5f194b7a05fd	40	7	2
7dd06d03-d082-4b98-80be-5f194b7a05fd	40	9	2
7dd06d03-d082-4b98-80be-5f194b7a05fd	41	0	2
7dd06d03-d082-4b98-80be-5f194b7a05fd	41	2	0
7dd06d03-d082-4b98-80be-5f194b7a05fd	41	3	2
7dd06d03-d082-4b98-80be-5f194b7a05fd	41	4	2
7dd06d03-d082-4b98-80be-5f194b7a05fd	41	5	2
7dd06d03-d082-4b98-80be-5f194b7a05fd	41	6	2
7dd06d03-d082-4b98-80be-5f194b7a05fd	41	7	2
7dd06d03-d082-4b98-80be-5f194b7a05fd	41	9	2
7dd06d03-d082-4b98-80be-5f194b7a05fd	42	0	2
7dd06d03-d082-4b98-80be-5f194b7a05fd	42	2	0
7dd06d03-d082-4b98-80be-5f194b7a05fd	42	3	0
7dd06d03-d082-4b98-80be-5f194b7a05fd	42	4	2
7dd06d03-d082-4b98-80be-5f194b7a05fd	42	5	2
7dd06d03-d082-4b98-80be-5f194b7a05fd	42	6	2
7dd06d03-d082-4b98-80be-5f194b7a05fd	42	7	2
7dd06d03-d082-4b98-80be-5f194b7a05fd	42	9	2
7dd06d03-d082-4b98-80be-5f194b7a05fd	43	0	2
7dd06d03-d082-4b98-80be-5f194b7a05fd	43	2	0
7dd06d03-d082-4b98-80be-5f194b7a05fd	43	3	0
7dd06d03-d082-4b98-80be-5f194b7a05fd	43	4	2
7dd06d03-d082-4b98-80be-5f194b7a05fd	43	5	2
7dd06d03-d082-4b98-80be-5f194b7a05fd	43	6	2
7dd06d03-d082-4b98-80be-5f194b7a05fd	43	7	2
7dd06d03-d082-4b98-80be-5f194b7a05fd	43	9	2
7dd06d03-d082-4b98-80be-5f194b7a05fd	44	0	2
7dd06d03-d082-4b98-80be-5f194b7a05fd	44	2	0
7dd06d03-d082-4b98-80be-5f194b7a05fd	44	3	0
7dd06d03-d082-4b98-80be-5f194b7a05fd	44	4	3
7dd06d03-d082-4b98-80be-5f194b7a05fd	44	5	2
7dd06d03-d082-4b98-80be-5f194b7a05fd	44	6	2
7dd06d03-d082-4b98-80be-5f194b7a05fd	44	7	2
7dd06d03-d082-4b98-80be-5f194b7a05fd	44	9	3
7dd06d03-d082-4b98-80be-5f194b7a05fd	45	0	2
7dd06d03-d082-4b98-80be-5f194b7a05fd	45	2	0
7dd06d03-d082-4b98-80be-5f194b7a05fd	45	3	0
7dd06d03-d082-4b98-80be-5f194b7a05fd	45	4	2
7dd06d03-d082-4b98-80be-5f194b7a05fd	45	5	1
7dd06d03-d082-4b98-80be-5f194b7a05fd	45	6	1
7dd06d03-d082-4b98-80be-5f194b7a05fd	45	7	1
7dd06d03-d082-4b98-80be-5f194b7a05fd	45	9	1
7dd06d03-d082-4b98-80be-5f194b7a05fd	46	0	2
7dd06d03-d082-4b98-80be-5f194b7a05fd	46	2	0
7dd06d03-d082-4b98-80be-5f194b7a05fd	46	3	0
7dd06d03-d082-4b98-80be-5f194b7a05fd	46	4	2
7dd06d03-d082-4b98-80be-5f194b7a05fd	46	5	3
7dd06d03-d082-4b98-80be-5f194b7a05fd	46	6	2
7dd06d03-d082-4b98-80be-5f194b7a05fd	46	7	2
7dd06d03-d082-4b98-80be-5f194b7a05fd	46	9	1
7dd06d03-d082-4b98-80be-5f194b7a05fd	47	0	1
7dd06d03-d082-4b98-80be-5f194b7a05fd	47	2	0
7dd06d03-d082-4b98-80be-5f194b7a05fd	47	3	0
7dd06d03-d082-4b98-80be-5f194b7a05fd	47	4	2
7dd06d03-d082-4b98-80be-5f194b7a05fd	47	5	1
7dd06d03-d082-4b98-80be-5f194b7a05fd	47	6	2
7dd06d03-d082-4b98-80be-5f194b7a05fd	47	7	2
7dd06d03-d082-4b98-80be-5f194b7a05fd	47	9	3
7dd06d03-d082-4b98-80be-5f194b7a05fd	48	0	2
7dd06d03-d082-4b98-80be-5f194b7a05fd	48	1	2
7dd06d03-d082-4b98-80be-5f194b7a05fd	48	2	0
7dd06d03-d082-4b98-80be-5f194b7a05fd	48	3	0
7dd06d03-d082-4b98-80be-5f194b7a05fd	48	4	2
7dd06d03-d082-4b98-80be-5f194b7a05fd	48	5	2
7dd06d03-d082-4b98-80be-5f194b7a05fd	48	6	2
7dd06d03-d082-4b98-80be-5f194b7a05fd	48	7	3
7dd06d03-d082-4b98-80be-5f194b7a05fd	48	9	2
7dd06d03-d082-4b98-80be-5f194b7a05fd	49	0	2
7dd06d03-d082-4b98-80be-5f194b7a05fd	49	1	2
7dd06d03-d082-4b98-80be-5f194b7a05fd	49	2	0
7dd06d03-d082-4b98-80be-5f194b7a05fd	49	3	0
7dd06d03-d082-4b98-80be-5f194b7a05fd	49	4	3
7dd06d03-d082-4b98-80be-5f194b7a05fd	49	5	2
7dd06d03-d082-4b98-80be-5f194b7a05fd	49	6	1
7dd06d03-d082-4b98-80be-5f194b7a05fd	49	7	1
7dd06d03-d082-4b98-80be-5f194b7a05fd	49	9	3
7dd06d03-d082-4b98-80be-5f194b7a05fd	50	0	2
7dd06d03-d082-4b98-80be-5f194b7a05fd	50	1	2
7dd06d03-d082-4b98-80be-5f194b7a05fd	50	2	0
7dd06d03-d082-4b98-80be-5f194b7a05fd	50	3	0
7dd06d03-d082-4b98-80be-5f194b7a05fd	50	4	1
7dd06d03-d082-4b98-80be-5f194b7a05fd	50	5	2
7dd06d03-d082-4b98-80be-5f194b7a05fd	50	6	3
7dd06d03-d082-4b98-80be-5f194b7a05fd	50	7	2
7dd06d03-d082-4b98-80be-5f194b7a05fd	50	9	1
7dd06d03-d082-4b98-80be-5f194b7a05fd	51	0	1
7dd06d03-d082-4b98-80be-5f194b7a05fd	51	1	2
7dd06d03-d082-4b98-80be-5f194b7a05fd	51	2	0
7dd06d03-d082-4b98-80be-5f194b7a05fd	51	3	0
7dd06d03-d082-4b98-80be-5f194b7a05fd	51	4	2
7dd06d03-d082-4b98-80be-5f194b7a05fd	51	5	2
7dd06d03-d082-4b98-80be-5f194b7a05fd	51	6	1
7dd06d03-d082-4b98-80be-5f194b7a05fd	51	7	2
7dd06d03-d082-4b98-80be-5f194b7a05fd	51	9	2
7dd06d03-d082-4b98-80be-5f194b7a05fd	52	0	3
7dd06d03-d082-4b98-80be-5f194b7a05fd	52	1	2
7dd06d03-d082-4b98-80be-5f194b7a05fd	52	2	0
7dd06d03-d082-4b98-80be-5f194b7a05fd	52	3	0
7dd06d03-d082-4b98-80be-5f194b7a05fd	52	4	3
7dd06d03-d082-4b98-80be-5f194b7a05fd	52	5	2
7dd06d03-d082-4b98-80be-5f194b7a05fd	52	6	2
7dd06d03-d082-4b98-80be-5f194b7a05fd	52	7	0
7dd06d03-d082-4b98-80be-5f194b7a05fd	52	9	2
7dd06d03-d082-4b98-80be-5f194b7a05fd	53	0	1
7dd06d03-d082-4b98-80be-5f194b7a05fd	53	1	1
7dd06d03-d082-4b98-80be-5f194b7a05fd	53	2	0
7dd06d03-d082-4b98-80be-5f194b7a05fd	53	3	0
7dd06d03-d082-4b98-80be-5f194b7a05fd	53	4	2
7dd06d03-d082-4b98-80be-5f194b7a05fd	53	5	2
7dd06d03-d082-4b98-80be-5f194b7a05fd	53	6	2
7dd06d03-d082-4b98-80be-5f194b7a05fd	53	7	0
7dd06d03-d082-4b98-80be-5f194b7a05fd	53	9	0
7dd06d03-d082-4b98-80be-5f194b7a05fd	54	0	2
7dd06d03-d082-4b98-80be-5f194b7a05fd	54	1	2
7dd06d03-d082-4b98-80be-5f194b7a05fd	54	2	0
7dd06d03-d082-4b98-80be-5f194b7a05fd	54	3	0
7dd06d03-d082-4b98-80be-5f194b7a05fd	54	4	2
7dd06d03-d082-4b98-80be-5f194b7a05fd	54	5	3
7dd06d03-d082-4b98-80be-5f194b7a05fd	54	6	2
7dd06d03-d082-4b98-80be-5f194b7a05fd	54	7	0
7dd06d03-d082-4b98-80be-5f194b7a05fd	54	9	0
7dd06d03-d082-4b98-80be-5f194b7a05fd	55	0	2
7dd06d03-d082-4b98-80be-5f194b7a05fd	55	1	3
7dd06d03-d082-4b98-80be-5f194b7a05fd	55	2	0
7dd06d03-d082-4b98-80be-5f194b7a05fd	55	3	0
7dd06d03-d082-4b98-80be-5f194b7a05fd	55	4	2
7dd06d03-d082-4b98-80be-5f194b7a05fd	55	5	1
7dd06d03-d082-4b98-80be-5f194b7a05fd	55	6	2
7dd06d03-d082-4b98-80be-5f194b7a05fd	55	7	0
7dd06d03-d082-4b98-80be-5f194b7a05fd	55	9	0
7dd06d03-d082-4b98-80be-5f194b7a05fd	56	0	2
7dd06d03-d082-4b98-80be-5f194b7a05fd	56	1	2
7dd06d03-d082-4b98-80be-5f194b7a05fd	56	2	0
7dd06d03-d082-4b98-80be-5f194b7a05fd	56	3	0
7dd06d03-d082-4b98-80be-5f194b7a05fd	56	4	2
7dd06d03-d082-4b98-80be-5f194b7a05fd	56	5	2
7dd06d03-d082-4b98-80be-5f194b7a05fd	56	6	2
7dd06d03-d082-4b98-80be-5f194b7a05fd	56	7	0
7dd06d03-d082-4b98-80be-5f194b7a05fd	56	9	0
7dd06d03-d082-4b98-80be-5f194b7a05fd	57	0	2
7dd06d03-d082-4b98-80be-5f194b7a05fd	57	1	2
7dd06d03-d082-4b98-80be-5f194b7a05fd	57	2	0
7dd06d03-d082-4b98-80be-5f194b7a05fd	57	3	0
7dd06d03-d082-4b98-80be-5f194b7a05fd	57	4	2
7dd06d03-d082-4b98-80be-5f194b7a05fd	57	5	2
7dd06d03-d082-4b98-80be-5f194b7a05fd	57	6	2
7dd06d03-d082-4b98-80be-5f194b7a05fd	57	7	0
7dd06d03-d082-4b98-80be-5f194b7a05fd	57	9	0
7dd06d03-d082-4b98-80be-5f194b7a05fd	58	0	2
7dd06d03-d082-4b98-80be-5f194b7a05fd	58	1	2
7dd06d03-d082-4b98-80be-5f194b7a05fd	58	2	0
7dd06d03-d082-4b98-80be-5f194b7a05fd	58	3	0
7dd06d03-d082-4b98-80be-5f194b7a05fd	58	4	2
7dd06d03-d082-4b98-80be-5f194b7a05fd	58	5	2
7dd06d03-d082-4b98-80be-5f194b7a05fd	58	6	3
7dd06d03-d082-4b98-80be-5f194b7a05fd	58	7	0
7dd06d03-d082-4b98-80be-5f194b7a05fd	58	9	0
7dd06d03-d082-4b98-80be-5f194b7a05fd	59	0	2
7dd06d03-d082-4b98-80be-5f194b7a05fd	59	1	2
7dd06d03-d082-4b98-80be-5f194b7a05fd	59	2	0
7dd06d03-d082-4b98-80be-5f194b7a05fd	59	3	0
7dd06d03-d082-4b98-80be-5f194b7a05fd	59	4	2
7dd06d03-d082-4b98-80be-5f194b7a05fd	59	5	2
7dd06d03-d082-4b98-80be-5f194b7a05fd	59	6	1
7dd06d03-d082-4b98-80be-5f194b7a05fd	59	7	0
7dd06d03-d082-4b98-80be-5f194b7a05fd	59	9	0
7dd06d03-d082-4b98-80be-5f194b7a05fd	60	0	3
7dd06d03-d082-4b98-80be-5f194b7a05fd	60	1	2
7dd06d03-d082-4b98-80be-5f194b7a05fd	60	2	0
7dd06d03-d082-4b98-80be-5f194b7a05fd	60	3	0
7dd06d03-d082-4b98-80be-5f194b7a05fd	60	4	2
7dd06d03-d082-4b98-80be-5f194b7a05fd	60	5	2
7dd06d03-d082-4b98-80be-5f194b7a05fd	60	6	2
7dd06d03-d082-4b98-80be-5f194b7a05fd	60	7	0
7dd06d03-d082-4b98-80be-5f194b7a05fd	60	9	0
7dd06d03-d082-4b98-80be-5f194b7a05fd	61	0	1
7dd06d03-d082-4b98-80be-5f194b7a05fd	61	1	2
7dd06d03-d082-4b98-80be-5f194b7a05fd	61	2	0
7dd06d03-d082-4b98-80be-5f194b7a05fd	61	3	0
7dd06d03-d082-4b98-80be-5f194b7a05fd	61	4	2
7dd06d03-d082-4b98-80be-5f194b7a05fd	61	5	2
7dd06d03-d082-4b98-80be-5f194b7a05fd	61	6	2
7dd06d03-d082-4b98-80be-5f194b7a05fd	61	7	0
7dd06d03-d082-4b98-80be-5f194b7a05fd	61	9	0
7dd06d03-d082-4b98-80be-5f194b7a05fd	62	0	2
7dd06d03-d082-4b98-80be-5f194b7a05fd	62	1	2
7dd06d03-d082-4b98-80be-5f194b7a05fd	62	2	0
7dd06d03-d082-4b98-80be-5f194b7a05fd	62	3	0
7dd06d03-d082-4b98-80be-5f194b7a05fd	62	4	2
7dd06d03-d082-4b98-80be-5f194b7a05fd	62	5	2
7dd06d03-d082-4b98-80be-5f194b7a05fd	62	6	2
7dd06d03-d082-4b98-80be-5f194b7a05fd	62	7	0
7dd06d03-d082-4b98-80be-5f194b7a05fd	62	9	0
7dd06d03-d082-4b98-80be-5f194b7a05fd	63	0	2
7dd06d03-d082-4b98-80be-5f194b7a05fd	63	1	2
7dd06d03-d082-4b98-80be-5f194b7a05fd	63	2	0
7dd06d03-d082-4b98-80be-5f194b7a05fd	63	3	0
7dd06d03-d082-4b98-80be-5f194b7a05fd	63	4	2
7dd06d03-d082-4b98-80be-5f194b7a05fd	63	5	2
7dd06d03-d082-4b98-80be-5f194b7a05fd	63	6	2
7dd06d03-d082-4b98-80be-5f194b7a05fd	63	7	0
7dd06d03-d082-4b98-80be-5f194b7a05fd	63	9	0
7dd06d03-d082-4b98-80be-5f194b7a05fd	64	0	2
7dd06d03-d082-4b98-80be-5f194b7a05fd	64	1	2
7dd06d03-d082-4b98-80be-5f194b7a05fd	64	2	0
7dd06d03-d082-4b98-80be-5f194b7a05fd	64	3	0
7dd06d03-d082-4b98-80be-5f194b7a05fd	64	4	2
7dd06d03-d082-4b98-80be-5f194b7a05fd	64	5	2
7dd06d03-d082-4b98-80be-5f194b7a05fd	64	6	2
7dd06d03-d082-4b98-80be-5f194b7a05fd	64	7	0
7dd06d03-d082-4b98-80be-5f194b7a05fd	64	9	0
7dd06d03-d082-4b98-80be-5f194b7a05fd	65	0	2
7dd06d03-d082-4b98-80be-5f194b7a05fd	65	1	2
7dd06d03-d082-4b98-80be-5f194b7a05fd	65	2	0
7dd06d03-d082-4b98-80be-5f194b7a05fd	65	3	0
7dd06d03-d082-4b98-80be-5f194b7a05fd	65	4	2
7dd06d03-d082-4b98-80be-5f194b7a05fd	65	5	2
7dd06d03-d082-4b98-80be-5f194b7a05fd	65	6	2
7dd06d03-d082-4b98-80be-5f194b7a05fd	65	7	0
7dd06d03-d082-4b98-80be-5f194b7a05fd	65	9	0
7dd06d03-d082-4b98-80be-5f194b7a05fd	66	0	2
7dd06d03-d082-4b98-80be-5f194b7a05fd	66	1	2
7dd06d03-d082-4b98-80be-5f194b7a05fd	66	2	0
7dd06d03-d082-4b98-80be-5f194b7a05fd	66	3	0
7dd06d03-d082-4b98-80be-5f194b7a05fd	66	4	2
7dd06d03-d082-4b98-80be-5f194b7a05fd	66	5	2
7dd06d03-d082-4b98-80be-5f194b7a05fd	66	6	2
7dd06d03-d082-4b98-80be-5f194b7a05fd	66	7	0
7dd06d03-d082-4b98-80be-5f194b7a05fd	66	9	0
7dd06d03-d082-4b98-80be-5f194b7a05fd	67	0	2
7dd06d03-d082-4b98-80be-5f194b7a05fd	67	1	2
7dd06d03-d082-4b98-80be-5f194b7a05fd	67	2	0
7dd06d03-d082-4b98-80be-5f194b7a05fd	67	3	0
7dd06d03-d082-4b98-80be-5f194b7a05fd	67	4	1
7dd06d03-d082-4b98-80be-5f194b7a05fd	67	5	2
7dd06d03-d082-4b98-80be-5f194b7a05fd	67	6	2
7dd06d03-d082-4b98-80be-5f194b7a05fd	67	7	0
7dd06d03-d082-4b98-80be-5f194b7a05fd	67	9	0
7dd06d03-d082-4b98-80be-5f194b7a05fd	68	0	2
7dd06d03-d082-4b98-80be-5f194b7a05fd	68	1	2
7dd06d03-d082-4b98-80be-5f194b7a05fd	68	2	0
7dd06d03-d082-4b98-80be-5f194b7a05fd	68	3	0
7dd06d03-d082-4b98-80be-5f194b7a05fd	68	4	1
7dd06d03-d082-4b98-80be-5f194b7a05fd	68	5	2
7dd06d03-d082-4b98-80be-5f194b7a05fd	68	6	2
7dd06d03-d082-4b98-80be-5f194b7a05fd	68	7	0
7dd06d03-d082-4b98-80be-5f194b7a05fd	68	9	0
7dd06d03-d082-4b98-80be-5f194b7a05fd	69	0	2
7dd06d03-d082-4b98-80be-5f194b7a05fd	69	1	2
7dd06d03-d082-4b98-80be-5f194b7a05fd	69	2	0
7dd06d03-d082-4b98-80be-5f194b7a05fd	69	3	0
7dd06d03-d082-4b98-80be-5f194b7a05fd	69	4	2
7dd06d03-d082-4b98-80be-5f194b7a05fd	69	5	2
7dd06d03-d082-4b98-80be-5f194b7a05fd	69	6	2
7dd06d03-d082-4b98-80be-5f194b7a05fd	69	7	0
7dd06d03-d082-4b98-80be-5f194b7a05fd	69	9	0
7dd06d03-d082-4b98-80be-5f194b7a05fd	70	0	2
7dd06d03-d082-4b98-80be-5f194b7a05fd	70	1	1
7dd06d03-d082-4b98-80be-5f194b7a05fd	70	2	0
7dd06d03-d082-4b98-80be-5f194b7a05fd	70	3	0
7dd06d03-d082-4b98-80be-5f194b7a05fd	70	4	2
7dd06d03-d082-4b98-80be-5f194b7a05fd	70	5	2
7dd06d03-d082-4b98-80be-5f194b7a05fd	70	6	2
7dd06d03-d082-4b98-80be-5f194b7a05fd	70	7	0
7dd06d03-d082-4b98-80be-5f194b7a05fd	70	9	0
7dd06d03-d082-4b98-80be-5f194b7a05fd	71	0	2
7dd06d03-d082-4b98-80be-5f194b7a05fd	71	1	2
7dd06d03-d082-4b98-80be-5f194b7a05fd	71	2	0
7dd06d03-d082-4b98-80be-5f194b7a05fd	71	3	0
7dd06d03-d082-4b98-80be-5f194b7a05fd	71	4	2
7dd06d03-d082-4b98-80be-5f194b7a05fd	71	5	2
7dd06d03-d082-4b98-80be-5f194b7a05fd	71	6	2
7dd06d03-d082-4b98-80be-5f194b7a05fd	71	7	0
7dd06d03-d082-4b98-80be-5f194b7a05fd	71	9	0
7dd06d03-d082-4b98-80be-5f194b7a05fd	72	0	2
7dd06d03-d082-4b98-80be-5f194b7a05fd	72	1	2
7dd06d03-d082-4b98-80be-5f194b7a05fd	72	2	0
7dd06d03-d082-4b98-80be-5f194b7a05fd	72	3	0
7dd06d03-d082-4b98-80be-5f194b7a05fd	72	4	2
7dd06d03-d082-4b98-80be-5f194b7a05fd	72	5	1
7dd06d03-d082-4b98-80be-5f194b7a05fd	72	6	2
7dd06d03-d082-4b98-80be-5f194b7a05fd	72	7	0
7dd06d03-d082-4b98-80be-5f194b7a05fd	72	9	0
7dd06d03-d082-4b98-80be-5f194b7a05fd	73	0	2
7dd06d03-d082-4b98-80be-5f194b7a05fd	73	1	2
7dd06d03-d082-4b98-80be-5f194b7a05fd	73	2	0
7dd06d03-d082-4b98-80be-5f194b7a05fd	73	3	0
7dd06d03-d082-4b98-80be-5f194b7a05fd	73	4	2
7dd06d03-d082-4b98-80be-5f194b7a05fd	73	5	2
7dd06d03-d082-4b98-80be-5f194b7a05fd	73	6	2
7dd06d03-d082-4b98-80be-5f194b7a05fd	73	7	0
7dd06d03-d082-4b98-80be-5f194b7a05fd	73	9	0
7dd06d03-d082-4b98-80be-5f194b7a05fd	74	0	2
7dd06d03-d082-4b98-80be-5f194b7a05fd	74	1	2
7dd06d03-d082-4b98-80be-5f194b7a05fd	74	2	0
7dd06d03-d082-4b98-80be-5f194b7a05fd	74	3	0
7dd06d03-d082-4b98-80be-5f194b7a05fd	74	4	2
7dd06d03-d082-4b98-80be-5f194b7a05fd	74	5	2
7dd06d03-d082-4b98-80be-5f194b7a05fd	74	6	2
7dd06d03-d082-4b98-80be-5f194b7a05fd	74	7	0
7dd06d03-d082-4b98-80be-5f194b7a05fd	74	9	0
7dd06d03-d082-4b98-80be-5f194b7a05fd	75	0	2
7dd06d03-d082-4b98-80be-5f194b7a05fd	75	1	2
7dd06d03-d082-4b98-80be-5f194b7a05fd	75	2	0
7dd06d03-d082-4b98-80be-5f194b7a05fd	75	3	0
7dd06d03-d082-4b98-80be-5f194b7a05fd	75	4	2
7dd06d03-d082-4b98-80be-5f194b7a05fd	75	5	2
7dd06d03-d082-4b98-80be-5f194b7a05fd	75	6	2
7dd06d03-d082-4b98-80be-5f194b7a05fd	75	7	0
7dd06d03-d082-4b98-80be-5f194b7a05fd	75	9	0
7dd06d03-d082-4b98-80be-5f194b7a05fd	76	0	2
7dd06d03-d082-4b98-80be-5f194b7a05fd	76	1	1
7dd06d03-d082-4b98-80be-5f194b7a05fd	76	2	0
7dd06d03-d082-4b98-80be-5f194b7a05fd	76	3	0
7dd06d03-d082-4b98-80be-5f194b7a05fd	76	4	2
7dd06d03-d082-4b98-80be-5f194b7a05fd	76	5	2
7dd06d03-d082-4b98-80be-5f194b7a05fd	76	6	1
7dd06d03-d082-4b98-80be-5f194b7a05fd	76	7	0
7dd06d03-d082-4b98-80be-5f194b7a05fd	76	9	0
7dd06d03-d082-4b98-80be-5f194b7a05fd	77	0	2
7dd06d03-d082-4b98-80be-5f194b7a05fd	77	1	2
7dd06d03-d082-4b98-80be-5f194b7a05fd	77	2	0
7dd06d03-d082-4b98-80be-5f194b7a05fd	77	3	0
7dd06d03-d082-4b98-80be-5f194b7a05fd	77	4	2
7dd06d03-d082-4b98-80be-5f194b7a05fd	77	5	2
7dd06d03-d082-4b98-80be-5f194b7a05fd	77	6	2
7dd06d03-d082-4b98-80be-5f194b7a05fd	77	7	0
7dd06d03-d082-4b98-80be-5f194b7a05fd	77	9	0
7dd06d03-d082-4b98-80be-5f194b7a05fd	78	0	1
7dd06d03-d082-4b98-80be-5f194b7a05fd	78	1	2
7dd06d03-d082-4b98-80be-5f194b7a05fd	78	2	0
7dd06d03-d082-4b98-80be-5f194b7a05fd	78	3	0
7dd06d03-d082-4b98-80be-5f194b7a05fd	78	4	2
7dd06d03-d082-4b98-80be-5f194b7a05fd	78	5	2
7dd06d03-d082-4b98-80be-5f194b7a05fd	78	6	2
7dd06d03-d082-4b98-80be-5f194b7a05fd	78	7	0
7dd06d03-d082-4b98-80be-5f194b7a05fd	78	8	2
7dd06d03-d082-4b98-80be-5f194b7a05fd	78	9	0
7dd06d03-d082-4b98-80be-5f194b7a05fd	79	0	2
7dd06d03-d082-4b98-80be-5f194b7a05fd	79	1	2
7dd06d03-d082-4b98-80be-5f194b7a05fd	79	2	0
7dd06d03-d082-4b98-80be-5f194b7a05fd	79	3	0
7dd06d03-d082-4b98-80be-5f194b7a05fd	79	4	2
7dd06d03-d082-4b98-80be-5f194b7a05fd	79	5	1
7dd06d03-d082-4b98-80be-5f194b7a05fd	79	6	2
7dd06d03-d082-4b98-80be-5f194b7a05fd	79	7	0
7dd06d03-d082-4b98-80be-5f194b7a05fd	79	8	2
7dd06d03-d082-4b98-80be-5f194b7a05fd	79	9	0
7dd06d03-d082-4b98-80be-5f194b7a05fd	80	0	2
7dd06d03-d082-4b98-80be-5f194b7a05fd	80	1	2
7dd06d03-d082-4b98-80be-5f194b7a05fd	80	2	0
7dd06d03-d082-4b98-80be-5f194b7a05fd	80	3	0
7dd06d03-d082-4b98-80be-5f194b7a05fd	80	4	2
7dd06d03-d082-4b98-80be-5f194b7a05fd	80	5	2
7dd06d03-d082-4b98-80be-5f194b7a05fd	80	6	2
7dd06d03-d082-4b98-80be-5f194b7a05fd	80	7	0
7dd06d03-d082-4b98-80be-5f194b7a05fd	80	8	2
7dd06d03-d082-4b98-80be-5f194b7a05fd	80	9	0
7dd06d03-d082-4b98-80be-5f194b7a05fd	81	0	2
7dd06d03-d082-4b98-80be-5f194b7a05fd	81	1	2
7dd06d03-d082-4b98-80be-5f194b7a05fd	81	2	0
7dd06d03-d082-4b98-80be-5f194b7a05fd	81	3	0
7dd06d03-d082-4b98-80be-5f194b7a05fd	81	4	2
7dd06d03-d082-4b98-80be-5f194b7a05fd	81	5	2
7dd06d03-d082-4b98-80be-5f194b7a05fd	81	6	2
7dd06d03-d082-4b98-80be-5f194b7a05fd	81	7	0
7dd06d03-d082-4b98-80be-5f194b7a05fd	81	8	2
7dd06d03-d082-4b98-80be-5f194b7a05fd	81	9	0
7dd06d03-d082-4b98-80be-5f194b7a05fd	82	0	2
7dd06d03-d082-4b98-80be-5f194b7a05fd	82	1	2
7dd06d03-d082-4b98-80be-5f194b7a05fd	82	2	0
7dd06d03-d082-4b98-80be-5f194b7a05fd	82	3	0
7dd06d03-d082-4b98-80be-5f194b7a05fd	82	4	2
7dd06d03-d082-4b98-80be-5f194b7a05fd	82	5	2
7dd06d03-d082-4b98-80be-5f194b7a05fd	82	6	2
7dd06d03-d082-4b98-80be-5f194b7a05fd	82	7	0
7dd06d03-d082-4b98-80be-5f194b7a05fd	82	8	2
7dd06d03-d082-4b98-80be-5f194b7a05fd	82	9	0
7dd06d03-d082-4b98-80be-5f194b7a05fd	83	0	2
7dd06d03-d082-4b98-80be-5f194b7a05fd	83	1	2
7dd06d03-d082-4b98-80be-5f194b7a05fd	83	2	0
7dd06d03-d082-4b98-80be-5f194b7a05fd	83	3	0
7dd06d03-d082-4b98-80be-5f194b7a05fd	83	4	2
7dd06d03-d082-4b98-80be-5f194b7a05fd	83	5	2
7dd06d03-d082-4b98-80be-5f194b7a05fd	83	6	2
7dd06d03-d082-4b98-80be-5f194b7a05fd	83	7	0
7dd06d03-d082-4b98-80be-5f194b7a05fd	83	8	2
7dd06d03-d082-4b98-80be-5f194b7a05fd	83	9	0
7dd06d03-d082-4b98-80be-5f194b7a05fd	84	0	2
7dd06d03-d082-4b98-80be-5f194b7a05fd	84	1	2
7dd06d03-d082-4b98-80be-5f194b7a05fd	84	2	0
7dd06d03-d082-4b98-80be-5f194b7a05fd	84	3	0
7dd06d03-d082-4b98-80be-5f194b7a05fd	84	4	1
7dd06d03-d082-4b98-80be-5f194b7a05fd	84	5	0
7dd06d03-d082-4b98-80be-5f194b7a05fd	84	6	1
7dd06d03-d082-4b98-80be-5f194b7a05fd	84	7	0
7dd06d03-d082-4b98-80be-5f194b7a05fd	84	8	2
7dd06d03-d082-4b98-80be-5f194b7a05fd	84	9	0
7dd06d03-d082-4b98-80be-5f194b7a05fd	85	0	2
7dd06d03-d082-4b98-80be-5f194b7a05fd	85	1	3
7dd06d03-d082-4b98-80be-5f194b7a05fd	85	2	0
7dd06d03-d082-4b98-80be-5f194b7a05fd	85	3	0
7dd06d03-d082-4b98-80be-5f194b7a05fd	85	4	2
7dd06d03-d082-4b98-80be-5f194b7a05fd	85	5	0
7dd06d03-d082-4b98-80be-5f194b7a05fd	85	6	2
7dd06d03-d082-4b98-80be-5f194b7a05fd	85	7	0
7dd06d03-d082-4b98-80be-5f194b7a05fd	85	8	3
7dd06d03-d082-4b98-80be-5f194b7a05fd	85	9	0
7dd06d03-d082-4b98-80be-5f194b7a05fd	86	0	1
7dd06d03-d082-4b98-80be-5f194b7a05fd	86	1	2
7dd06d03-d082-4b98-80be-5f194b7a05fd	86	2	0
7dd06d03-d082-4b98-80be-5f194b7a05fd	86	3	0
7dd06d03-d082-4b98-80be-5f194b7a05fd	86	4	2
7dd06d03-d082-4b98-80be-5f194b7a05fd	86	5	0
7dd06d03-d082-4b98-80be-5f194b7a05fd	86	6	1
7dd06d03-d082-4b98-80be-5f194b7a05fd	86	7	0
7dd06d03-d082-4b98-80be-5f194b7a05fd	86	8	1
7dd06d03-d082-4b98-80be-5f194b7a05fd	86	9	0
7dd06d03-d082-4b98-80be-5f194b7a05fd	87	0	2
7dd06d03-d082-4b98-80be-5f194b7a05fd	87	1	3
7dd06d03-d082-4b98-80be-5f194b7a05fd	87	2	0
7dd06d03-d082-4b98-80be-5f194b7a05fd	87	3	0
7dd06d03-d082-4b98-80be-5f194b7a05fd	87	4	2
7dd06d03-d082-4b98-80be-5f194b7a05fd	87	5	0
7dd06d03-d082-4b98-80be-5f194b7a05fd	87	6	3
7dd06d03-d082-4b98-80be-5f194b7a05fd	87	7	0
7dd06d03-d082-4b98-80be-5f194b7a05fd	87	8	2
7dd06d03-d082-4b98-80be-5f194b7a05fd	87	9	0
7dd06d03-d082-4b98-80be-5f194b7a05fd	88	0	1
7dd06d03-d082-4b98-80be-5f194b7a05fd	88	1	1
7dd06d03-d082-4b98-80be-5f194b7a05fd	88	2	0
7dd06d03-d082-4b98-80be-5f194b7a05fd	88	3	0
7dd06d03-d082-4b98-80be-5f194b7a05fd	88	4	2
7dd06d03-d082-4b98-80be-5f194b7a05fd	88	5	0
7dd06d03-d082-4b98-80be-5f194b7a05fd	88	6	2
7dd06d03-d082-4b98-80be-5f194b7a05fd	88	7	0
7dd06d03-d082-4b98-80be-5f194b7a05fd	88	8	2
7dd06d03-d082-4b98-80be-5f194b7a05fd	88	9	0
7dd06d03-d082-4b98-80be-5f194b7a05fd	89	0	3
7dd06d03-d082-4b98-80be-5f194b7a05fd	89	1	2
7dd06d03-d082-4b98-80be-5f194b7a05fd	89	2	0
7dd06d03-d082-4b98-80be-5f194b7a05fd	89	3	0
7dd06d03-d082-4b98-80be-5f194b7a05fd	89	4	2
7dd06d03-d082-4b98-80be-5f194b7a05fd	89	5	0
7dd06d03-d082-4b98-80be-5f194b7a05fd	89	6	2
7dd06d03-d082-4b98-80be-5f194b7a05fd	89	7	0
7dd06d03-d082-4b98-80be-5f194b7a05fd	89	8	2
7dd06d03-d082-4b98-80be-5f194b7a05fd	89	9	0
7dd06d03-d082-4b98-80be-5f194b7a05fd	90	0	2
7dd06d03-d082-4b98-80be-5f194b7a05fd	90	1	2
7dd06d03-d082-4b98-80be-5f194b7a05fd	90	2	0
7dd06d03-d082-4b98-80be-5f194b7a05fd	90	3	0
7dd06d03-d082-4b98-80be-5f194b7a05fd	90	4	2
7dd06d03-d082-4b98-80be-5f194b7a05fd	90	5	0
7dd06d03-d082-4b98-80be-5f194b7a05fd	90	6	0
7dd06d03-d082-4b98-80be-5f194b7a05fd	90	7	0
7dd06d03-d082-4b98-80be-5f194b7a05fd	90	8	1
7dd06d03-d082-4b98-80be-5f194b7a05fd	90	9	0
7dd06d03-d082-4b98-80be-5f194b7a05fd	91	0	2
7dd06d03-d082-4b98-80be-5f194b7a05fd	91	1	0
7dd06d03-d082-4b98-80be-5f194b7a05fd	91	2	0
7dd06d03-d082-4b98-80be-5f194b7a05fd	91	3	0
7dd06d03-d082-4b98-80be-5f194b7a05fd	91	4	2
7dd06d03-d082-4b98-80be-5f194b7a05fd	91	5	0
7dd06d03-d082-4b98-80be-5f194b7a05fd	91	6	0
7dd06d03-d082-4b98-80be-5f194b7a05fd	91	7	0
7dd06d03-d082-4b98-80be-5f194b7a05fd	91	8	2
7dd06d03-d082-4b98-80be-5f194b7a05fd	91	9	0
7dd06d03-d082-4b98-80be-5f194b7a05fd	92	0	0
7dd06d03-d082-4b98-80be-5f194b7a05fd	92	1	0
7dd06d03-d082-4b98-80be-5f194b7a05fd	92	2	0
7dd06d03-d082-4b98-80be-5f194b7a05fd	92	3	0
7dd06d03-d082-4b98-80be-5f194b7a05fd	92	4	1
7dd06d03-d082-4b98-80be-5f194b7a05fd	92	5	0
7dd06d03-d082-4b98-80be-5f194b7a05fd	92	6	0
7dd06d03-d082-4b98-80be-5f194b7a05fd	92	7	0
7dd06d03-d082-4b98-80be-5f194b7a05fd	92	8	2
7dd06d03-d082-4b98-80be-5f194b7a05fd	92	9	0
7dd06d03-d082-4b98-80be-5f194b7a05fd	93	0	0
7dd06d03-d082-4b98-80be-5f194b7a05fd	93	1	0
7dd06d03-d082-4b98-80be-5f194b7a05fd	93	2	0
7dd06d03-d082-4b98-80be-5f194b7a05fd	93	3	0
7dd06d03-d082-4b98-80be-5f194b7a05fd	93	4	2
7dd06d03-d082-4b98-80be-5f194b7a05fd	93	5	0
7dd06d03-d082-4b98-80be-5f194b7a05fd	93	6	0
7dd06d03-d082-4b98-80be-5f194b7a05fd	93	7	0
7dd06d03-d082-4b98-80be-5f194b7a05fd	93	8	2
7dd06d03-d082-4b98-80be-5f194b7a05fd	93	9	0
7dd06d03-d082-4b98-80be-5f194b7a05fd	94	0	0
7dd06d03-d082-4b98-80be-5f194b7a05fd	94	1	0
7dd06d03-d082-4b98-80be-5f194b7a05fd	94	2	0
7dd06d03-d082-4b98-80be-5f194b7a05fd	94	3	0
7dd06d03-d082-4b98-80be-5f194b7a05fd	94	4	2
7dd06d03-d082-4b98-80be-5f194b7a05fd	94	5	0
7dd06d03-d082-4b98-80be-5f194b7a05fd	94	6	0
7dd06d03-d082-4b98-80be-5f194b7a05fd	94	7	0
7dd06d03-d082-4b98-80be-5f194b7a05fd	94	8	2
7dd06d03-d082-4b98-80be-5f194b7a05fd	94	9	0
7dd06d03-d082-4b98-80be-5f194b7a05fd	95	0	0
7dd06d03-d082-4b98-80be-5f194b7a05fd	95	1	0
7dd06d03-d082-4b98-80be-5f194b7a05fd	95	2	0
7dd06d03-d082-4b98-80be-5f194b7a05fd	95	3	0
7dd06d03-d082-4b98-80be-5f194b7a05fd	95	4	2
7dd06d03-d082-4b98-80be-5f194b7a05fd	95	5	0
7dd06d03-d082-4b98-80be-5f194b7a05fd	95	6	0
7dd06d03-d082-4b98-80be-5f194b7a05fd	95	7	0
7dd06d03-d082-4b98-80be-5f194b7a05fd	95	8	0
7dd06d03-d082-4b98-80be-5f194b7a05fd	95	9	0
7dd06d03-d082-4b98-80be-5f194b7a05fd	96	0	0
7dd06d03-d082-4b98-80be-5f194b7a05fd	96	1	0
7dd06d03-d082-4b98-80be-5f194b7a05fd	96	2	0
7dd06d03-d082-4b98-80be-5f194b7a05fd	96	3	0
7dd06d03-d082-4b98-80be-5f194b7a05fd	96	4	2
7dd06d03-d082-4b98-80be-5f194b7a05fd	96	5	0
7dd06d03-d082-4b98-80be-5f194b7a05fd	96	6	0
7dd06d03-d082-4b98-80be-5f194b7a05fd	96	7	0
7dd06d03-d082-4b98-80be-5f194b7a05fd	96	8	0
7dd06d03-d082-4b98-80be-5f194b7a05fd	96	9	0
7dd06d03-d082-4b98-80be-5f194b7a05fd	97	0	0
7dd06d03-d082-4b98-80be-5f194b7a05fd	97	1	0
7dd06d03-d082-4b98-80be-5f194b7a05fd	97	2	0
7dd06d03-d082-4b98-80be-5f194b7a05fd	97	3	0
7dd06d03-d082-4b98-80be-5f194b7a05fd	97	4	2
7dd06d03-d082-4b98-80be-5f194b7a05fd	97	5	0
7dd06d03-d082-4b98-80be-5f194b7a05fd	97	6	0
7dd06d03-d082-4b98-80be-5f194b7a05fd	97	7	0
7dd06d03-d082-4b98-80be-5f194b7a05fd	97	8	0
7dd06d03-d082-4b98-80be-5f194b7a05fd	97	9	0
7dd06d03-d082-4b98-80be-5f194b7a05fd	98	0	0
7dd06d03-d082-4b98-80be-5f194b7a05fd	98	1	0
7dd06d03-d082-4b98-80be-5f194b7a05fd	98	2	0
7dd06d03-d082-4b98-80be-5f194b7a05fd	98	3	0
7dd06d03-d082-4b98-80be-5f194b7a05fd	98	4	2
7dd06d03-d082-4b98-80be-5f194b7a05fd	98	5	0
7dd06d03-d082-4b98-80be-5f194b7a05fd	98	6	0
7dd06d03-d082-4b98-80be-5f194b7a05fd	98	7	0
7dd06d03-d082-4b98-80be-5f194b7a05fd	98	8	0
7dd06d03-d082-4b98-80be-5f194b7a05fd	98	9	0
7dd06d03-d082-4b98-80be-5f194b7a05fd	99	0	0
7dd06d03-d082-4b98-80be-5f194b7a05fd	99	1	0
7dd06d03-d082-4b98-80be-5f194b7a05fd	99	2	0
7dd06d03-d082-4b98-80be-5f194b7a05fd	99	3	0
7dd06d03-d082-4b98-80be-5f194b7a05fd	99	4	2
7dd06d03-d082-4b98-80be-5f194b7a05fd	99	5	0
7dd06d03-d082-4b98-80be-5f194b7a05fd	99	6	0
7dd06d03-d082-4b98-80be-5f194b7a05fd	99	7	0
7dd06d03-d082-4b98-80be-5f194b7a05fd	99	8	0
7dd06d03-d082-4b98-80be-5f194b7a05fd	99	9	0
7dd06d03-d082-4b98-80be-5f194b7a05fd	100	0	0
7dd06d03-d082-4b98-80be-5f194b7a05fd	100	1	0
7dd06d03-d082-4b98-80be-5f194b7a05fd	100	2	0
7dd06d03-d082-4b98-80be-5f194b7a05fd	100	3	0
7dd06d03-d082-4b98-80be-5f194b7a05fd	100	4	2
7dd06d03-d082-4b98-80be-5f194b7a05fd	100	5	0
7dd06d03-d082-4b98-80be-5f194b7a05fd	100	6	0
7dd06d03-d082-4b98-80be-5f194b7a05fd	100	7	0
7dd06d03-d082-4b98-80be-5f194b7a05fd	100	8	0
7dd06d03-d082-4b98-80be-5f194b7a05fd	100	9	0
7dd06d03-d082-4b98-80be-5f194b7a05fd	101	0	0
7dd06d03-d082-4b98-80be-5f194b7a05fd	101	1	0
7dd06d03-d082-4b98-80be-5f194b7a05fd	101	2	0
7dd06d03-d082-4b98-80be-5f194b7a05fd	101	3	0
7dd06d03-d082-4b98-80be-5f194b7a05fd	101	4	2
7dd06d03-d082-4b98-80be-5f194b7a05fd	101	5	0
7dd06d03-d082-4b98-80be-5f194b7a05fd	101	6	0
7dd06d03-d082-4b98-80be-5f194b7a05fd	101	7	0
7dd06d03-d082-4b98-80be-5f194b7a05fd	101	8	0
7dd06d03-d082-4b98-80be-5f194b7a05fd	101	9	0
7dd06d03-d082-4b98-80be-5f194b7a05fd	102	0	0
7dd06d03-d082-4b98-80be-5f194b7a05fd	102	1	0
7dd06d03-d082-4b98-80be-5f194b7a05fd	102	2	0
7dd06d03-d082-4b98-80be-5f194b7a05fd	102	3	0
7dd06d03-d082-4b98-80be-5f194b7a05fd	102	4	1
7dd06d03-d082-4b98-80be-5f194b7a05fd	102	5	0
7dd06d03-d082-4b98-80be-5f194b7a05fd	102	6	0
7dd06d03-d082-4b98-80be-5f194b7a05fd	102	7	0
7dd06d03-d082-4b98-80be-5f194b7a05fd	102	8	0
7dd06d03-d082-4b98-80be-5f194b7a05fd	102	9	0
7dd06d03-d082-4b98-80be-5f194b7a05fd	103	0	0
7dd06d03-d082-4b98-80be-5f194b7a05fd	103	1	0
7dd06d03-d082-4b98-80be-5f194b7a05fd	103	2	0
7dd06d03-d082-4b98-80be-5f194b7a05fd	103	3	0
7dd06d03-d082-4b98-80be-5f194b7a05fd	103	4	2
7dd06d03-d082-4b98-80be-5f194b7a05fd	103	5	0
7dd06d03-d082-4b98-80be-5f194b7a05fd	103	6	0
7dd06d03-d082-4b98-80be-5f194b7a05fd	103	7	0
7dd06d03-d082-4b98-80be-5f194b7a05fd	103	8	0
7dd06d03-d082-4b98-80be-5f194b7a05fd	103	9	0
7dd06d03-d082-4b98-80be-5f194b7a05fd	104	0	0
7dd06d03-d082-4b98-80be-5f194b7a05fd	104	1	0
7dd06d03-d082-4b98-80be-5f194b7a05fd	104	2	0
7dd06d03-d082-4b98-80be-5f194b7a05fd	104	3	0
7dd06d03-d082-4b98-80be-5f194b7a05fd	104	4	3
7dd06d03-d082-4b98-80be-5f194b7a05fd	104	5	0
7dd06d03-d082-4b98-80be-5f194b7a05fd	104	6	0
7dd06d03-d082-4b98-80be-5f194b7a05fd	104	7	0
7dd06d03-d082-4b98-80be-5f194b7a05fd	104	8	0
7dd06d03-d082-4b98-80be-5f194b7a05fd	104	9	0
7dd06d03-d082-4b98-80be-5f194b7a05fd	105	0	0
7dd06d03-d082-4b98-80be-5f194b7a05fd	105	1	0
7dd06d03-d082-4b98-80be-5f194b7a05fd	105	2	0
7dd06d03-d082-4b98-80be-5f194b7a05fd	105	3	0
7dd06d03-d082-4b98-80be-5f194b7a05fd	105	4	2
7dd06d03-d082-4b98-80be-5f194b7a05fd	105	5	0
7dd06d03-d082-4b98-80be-5f194b7a05fd	105	6	0
7dd06d03-d082-4b98-80be-5f194b7a05fd	105	7	0
7dd06d03-d082-4b98-80be-5f194b7a05fd	105	8	0
7dd06d03-d082-4b98-80be-5f194b7a05fd	105	9	0
7dd06d03-d082-4b98-80be-5f194b7a05fd	106	0	0
7dd06d03-d082-4b98-80be-5f194b7a05fd	106	1	0
7dd06d03-d082-4b98-80be-5f194b7a05fd	106	2	0
7dd06d03-d082-4b98-80be-5f194b7a05fd	106	3	0
7dd06d03-d082-4b98-80be-5f194b7a05fd	106	4	2
7dd06d03-d082-4b98-80be-5f194b7a05fd	106	5	0
7dd06d03-d082-4b98-80be-5f194b7a05fd	106	6	0
7dd06d03-d082-4b98-80be-5f194b7a05fd	106	7	0
7dd06d03-d082-4b98-80be-5f194b7a05fd	106	8	0
7dd06d03-d082-4b98-80be-5f194b7a05fd	106	9	0
7dd06d03-d082-4b98-80be-5f194b7a05fd	107	0	0
7dd06d03-d082-4b98-80be-5f194b7a05fd	107	1	0
7dd06d03-d082-4b98-80be-5f194b7a05fd	107	2	0
7dd06d03-d082-4b98-80be-5f194b7a05fd	107	3	0
7dd06d03-d082-4b98-80be-5f194b7a05fd	107	4	2
7dd06d03-d082-4b98-80be-5f194b7a05fd	107	5	0
7dd06d03-d082-4b98-80be-5f194b7a05fd	107	6	0
7dd06d03-d082-4b98-80be-5f194b7a05fd	107	7	0
7dd06d03-d082-4b98-80be-5f194b7a05fd	107	8	0
7dd06d03-d082-4b98-80be-5f194b7a05fd	107	9	0
7dd06d03-d082-4b98-80be-5f194b7a05fd	108	0	0
7dd06d03-d082-4b98-80be-5f194b7a05fd	108	1	0
7dd06d03-d082-4b98-80be-5f194b7a05fd	108	2	0
7dd06d03-d082-4b98-80be-5f194b7a05fd	108	3	0
7dd06d03-d082-4b98-80be-5f194b7a05fd	108	4	2
7dd06d03-d082-4b98-80be-5f194b7a05fd	108	5	0
7dd06d03-d082-4b98-80be-5f194b7a05fd	108	6	0
7dd06d03-d082-4b98-80be-5f194b7a05fd	108	7	0
7dd06d03-d082-4b98-80be-5f194b7a05fd	108	8	0
7dd06d03-d082-4b98-80be-5f194b7a05fd	108	9	0
7dd06d03-d082-4b98-80be-5f194b7a05fd	109	0	0
7dd06d03-d082-4b98-80be-5f194b7a05fd	109	1	0
7dd06d03-d082-4b98-80be-5f194b7a05fd	109	2	0
7dd06d03-d082-4b98-80be-5f194b7a05fd	109	3	0
7dd06d03-d082-4b98-80be-5f194b7a05fd	109	4	2
7dd06d03-d082-4b98-80be-5f194b7a05fd	109	5	0
7dd06d03-d082-4b98-80be-5f194b7a05fd	109	6	0
7dd06d03-d082-4b98-80be-5f194b7a05fd	109	7	0
7dd06d03-d082-4b98-80be-5f194b7a05fd	109	8	0
7dd06d03-d082-4b98-80be-5f194b7a05fd	109	9	0
7dd06d03-d082-4b98-80be-5f194b7a05fd	110	0	0
7dd06d03-d082-4b98-80be-5f194b7a05fd	110	1	0
7dd06d03-d082-4b98-80be-5f194b7a05fd	110	2	0
7dd06d03-d082-4b98-80be-5f194b7a05fd	110	3	0
7dd06d03-d082-4b98-80be-5f194b7a05fd	110	4	2
7dd06d03-d082-4b98-80be-5f194b7a05fd	110	5	0
7dd06d03-d082-4b98-80be-5f194b7a05fd	110	6	0
7dd06d03-d082-4b98-80be-5f194b7a05fd	110	7	0
7dd06d03-d082-4b98-80be-5f194b7a05fd	110	8	0
7dd06d03-d082-4b98-80be-5f194b7a05fd	110	9	0
7dd06d03-d082-4b98-80be-5f194b7a05fd	111	0	0
7dd06d03-d082-4b98-80be-5f194b7a05fd	111	1	0
7dd06d03-d082-4b98-80be-5f194b7a05fd	111	2	0
7dd06d03-d082-4b98-80be-5f194b7a05fd	111	3	0
7dd06d03-d082-4b98-80be-5f194b7a05fd	111	4	2
7dd06d03-d082-4b98-80be-5f194b7a05fd	111	5	0
7dd06d03-d082-4b98-80be-5f194b7a05fd	111	6	0
7dd06d03-d082-4b98-80be-5f194b7a05fd	111	7	0
7dd06d03-d082-4b98-80be-5f194b7a05fd	111	8	0
7dd06d03-d082-4b98-80be-5f194b7a05fd	111	9	0
7dd06d03-d082-4b98-80be-5f194b7a05fd	112	0	0
7dd06d03-d082-4b98-80be-5f194b7a05fd	112	1	0
7dd06d03-d082-4b98-80be-5f194b7a05fd	112	2	0
7dd06d03-d082-4b98-80be-5f194b7a05fd	112	3	0
7dd06d03-d082-4b98-80be-5f194b7a05fd	112	4	2
7dd06d03-d082-4b98-80be-5f194b7a05fd	112	5	0
7dd06d03-d082-4b98-80be-5f194b7a05fd	112	6	0
7dd06d03-d082-4b98-80be-5f194b7a05fd	112	7	0
7dd06d03-d082-4b98-80be-5f194b7a05fd	112	8	0
7dd06d03-d082-4b98-80be-5f194b7a05fd	112	9	0
7dd06d03-d082-4b98-80be-5f194b7a05fd	113	0	0
7dd06d03-d082-4b98-80be-5f194b7a05fd	113	1	0
7dd06d03-d082-4b98-80be-5f194b7a05fd	113	2	0
7dd06d03-d082-4b98-80be-5f194b7a05fd	113	3	0
7dd06d03-d082-4b98-80be-5f194b7a05fd	113	4	2
7dd06d03-d082-4b98-80be-5f194b7a05fd	113	5	0
7dd06d03-d082-4b98-80be-5f194b7a05fd	113	6	0
7dd06d03-d082-4b98-80be-5f194b7a05fd	113	7	0
7dd06d03-d082-4b98-80be-5f194b7a05fd	113	8	0
7dd06d03-d082-4b98-80be-5f194b7a05fd	113	9	0
50c92e48-ec61-461b-a6c0-b88515c837a9	2	5	2
50c92e48-ec61-461b-a6c0-b88515c837a9	3	4	2
50c92e48-ec61-461b-a6c0-b88515c837a9	3	5	3
50c92e48-ec61-461b-a6c0-b88515c837a9	4	4	2
50c92e48-ec61-461b-a6c0-b88515c837a9	4	5	1
50c92e48-ec61-461b-a6c0-b88515c837a9	5	4	2
50c92e48-ec61-461b-a6c0-b88515c837a9	5	5	2
50c92e48-ec61-461b-a6c0-b88515c837a9	6	4	2
50c92e48-ec61-461b-a6c0-b88515c837a9	6	5	2
50c92e48-ec61-461b-a6c0-b88515c837a9	7	4	2
50c92e48-ec61-461b-a6c0-b88515c837a9	7	5	2
50c92e48-ec61-461b-a6c0-b88515c837a9	7	9	2
50c92e48-ec61-461b-a6c0-b88515c837a9	8	2	2
50c92e48-ec61-461b-a6c0-b88515c837a9	8	4	2
50c92e48-ec61-461b-a6c0-b88515c837a9	8	5	1
50c92e48-ec61-461b-a6c0-b88515c837a9	8	9	2
50c92e48-ec61-461b-a6c0-b88515c837a9	9	2	2
50c92e48-ec61-461b-a6c0-b88515c837a9	9	4	2
50c92e48-ec61-461b-a6c0-b88515c837a9	9	5	2
50c92e48-ec61-461b-a6c0-b88515c837a9	9	9	2
50c92e48-ec61-461b-a6c0-b88515c837a9	10	2	2
50c92e48-ec61-461b-a6c0-b88515c837a9	10	4	1
50c92e48-ec61-461b-a6c0-b88515c837a9	10	5	2
50c92e48-ec61-461b-a6c0-b88515c837a9	10	9	2
50c92e48-ec61-461b-a6c0-b88515c837a9	11	2	2
50c92e48-ec61-461b-a6c0-b88515c837a9	11	4	2
50c92e48-ec61-461b-a6c0-b88515c837a9	11	5	2
50c92e48-ec61-461b-a6c0-b88515c837a9	11	9	2
50c92e48-ec61-461b-a6c0-b88515c837a9	12	2	2
50c92e48-ec61-461b-a6c0-b88515c837a9	12	4	2
50c92e48-ec61-461b-a6c0-b88515c837a9	12	5	2
50c92e48-ec61-461b-a6c0-b88515c837a9	12	9	1
50c92e48-ec61-461b-a6c0-b88515c837a9	13	2	1
50c92e48-ec61-461b-a6c0-b88515c837a9	13	4	2
50c92e48-ec61-461b-a6c0-b88515c837a9	13	5	2
50c92e48-ec61-461b-a6c0-b88515c837a9	13	9	2
50c92e48-ec61-461b-a6c0-b88515c837a9	14	2	2
50c92e48-ec61-461b-a6c0-b88515c837a9	14	4	3
50c92e48-ec61-461b-a6c0-b88515c837a9	14	5	1
50c92e48-ec61-461b-a6c0-b88515c837a9	14	9	2
50c92e48-ec61-461b-a6c0-b88515c837a9	15	2	2
50c92e48-ec61-461b-a6c0-b88515c837a9	15	4	2
50c92e48-ec61-461b-a6c0-b88515c837a9	15	5	2
50c92e48-ec61-461b-a6c0-b88515c837a9	15	9	3
50c92e48-ec61-461b-a6c0-b88515c837a9	16	2	3
50c92e48-ec61-461b-a6c0-b88515c837a9	16	4	2
50c92e48-ec61-461b-a6c0-b88515c837a9	16	5	2
50c92e48-ec61-461b-a6c0-b88515c837a9	16	9	2
50c92e48-ec61-461b-a6c0-b88515c837a9	17	2	2
50c92e48-ec61-461b-a6c0-b88515c837a9	17	4	2
50c92e48-ec61-461b-a6c0-b88515c837a9	17	5	2
50c92e48-ec61-461b-a6c0-b88515c837a9	17	9	2
50c92e48-ec61-461b-a6c0-b88515c837a9	18	2	2
50c92e48-ec61-461b-a6c0-b88515c837a9	18	4	3
50c92e48-ec61-461b-a6c0-b88515c837a9	18	5	2
50c92e48-ec61-461b-a6c0-b88515c837a9	18	9	2
50c92e48-ec61-461b-a6c0-b88515c837a9	19	2	2
50c92e48-ec61-461b-a6c0-b88515c837a9	19	4	1
50c92e48-ec61-461b-a6c0-b88515c837a9	19	5	2
50c92e48-ec61-461b-a6c0-b88515c837a9	19	9	2
50c92e48-ec61-461b-a6c0-b88515c837a9	20	2	2
50c92e48-ec61-461b-a6c0-b88515c837a9	20	4	0
50c92e48-ec61-461b-a6c0-b88515c837a9	20	5	2
50c92e48-ec61-461b-a6c0-b88515c837a9	20	9	2
50c92e48-ec61-461b-a6c0-b88515c837a9	21	2	2
50c92e48-ec61-461b-a6c0-b88515c837a9	21	4	0
50c92e48-ec61-461b-a6c0-b88515c837a9	21	5	2
50c92e48-ec61-461b-a6c0-b88515c837a9	21	9	2
50c92e48-ec61-461b-a6c0-b88515c837a9	22	1	2
50c92e48-ec61-461b-a6c0-b88515c837a9	22	2	2
50c92e48-ec61-461b-a6c0-b88515c837a9	22	4	0
50c92e48-ec61-461b-a6c0-b88515c837a9	22	5	2
50c92e48-ec61-461b-a6c0-b88515c837a9	22	9	2
50c92e48-ec61-461b-a6c0-b88515c837a9	23	0	2
50c92e48-ec61-461b-a6c0-b88515c837a9	23	1	2
50c92e48-ec61-461b-a6c0-b88515c837a9	23	2	2
50c92e48-ec61-461b-a6c0-b88515c837a9	23	4	0
50c92e48-ec61-461b-a6c0-b88515c837a9	23	5	2
50c92e48-ec61-461b-a6c0-b88515c837a9	23	9	2
50c92e48-ec61-461b-a6c0-b88515c837a9	24	0	2
50c92e48-ec61-461b-a6c0-b88515c837a9	24	1	2
50c92e48-ec61-461b-a6c0-b88515c837a9	24	2	2
50c92e48-ec61-461b-a6c0-b88515c837a9	24	4	0
50c92e48-ec61-461b-a6c0-b88515c837a9	24	5	2
50c92e48-ec61-461b-a6c0-b88515c837a9	24	8	2
50c92e48-ec61-461b-a6c0-b88515c837a9	24	9	1
50c92e48-ec61-461b-a6c0-b88515c837a9	25	0	2
50c92e48-ec61-461b-a6c0-b88515c837a9	25	1	2
50c92e48-ec61-461b-a6c0-b88515c837a9	25	2	1
50c92e48-ec61-461b-a6c0-b88515c837a9	25	4	0
50c92e48-ec61-461b-a6c0-b88515c837a9	25	5	2
50c92e48-ec61-461b-a6c0-b88515c837a9	25	8	2
50c92e48-ec61-461b-a6c0-b88515c837a9	25	9	2
50c92e48-ec61-461b-a6c0-b88515c837a9	26	0	2
50c92e48-ec61-461b-a6c0-b88515c837a9	26	1	2
50c92e48-ec61-461b-a6c0-b88515c837a9	26	2	3
50c92e48-ec61-461b-a6c0-b88515c837a9	26	4	0
50c92e48-ec61-461b-a6c0-b88515c837a9	26	5	2
50c92e48-ec61-461b-a6c0-b88515c837a9	26	6	2
50c92e48-ec61-461b-a6c0-b88515c837a9	26	8	2
50c92e48-ec61-461b-a6c0-b88515c837a9	26	9	2
50c92e48-ec61-461b-a6c0-b88515c837a9	27	0	2
50c92e48-ec61-461b-a6c0-b88515c837a9	27	1	3
50c92e48-ec61-461b-a6c0-b88515c837a9	27	2	2
50c92e48-ec61-461b-a6c0-b88515c837a9	27	4	0
50c92e48-ec61-461b-a6c0-b88515c837a9	27	5	2
50c92e48-ec61-461b-a6c0-b88515c837a9	27	6	2
50c92e48-ec61-461b-a6c0-b88515c837a9	27	8	1
50c92e48-ec61-461b-a6c0-b88515c837a9	27	9	2
50c92e48-ec61-461b-a6c0-b88515c837a9	28	0	3
50c92e48-ec61-461b-a6c0-b88515c837a9	28	1	2
50c92e48-ec61-461b-a6c0-b88515c837a9	28	2	2
50c92e48-ec61-461b-a6c0-b88515c837a9	28	4	0
50c92e48-ec61-461b-a6c0-b88515c837a9	28	5	3
50c92e48-ec61-461b-a6c0-b88515c837a9	28	6	2
50c92e48-ec61-461b-a6c0-b88515c837a9	28	8	3
50c92e48-ec61-461b-a6c0-b88515c837a9	28	9	2
50c92e48-ec61-461b-a6c0-b88515c837a9	29	0	2
50c92e48-ec61-461b-a6c0-b88515c837a9	29	1	2
50c92e48-ec61-461b-a6c0-b88515c837a9	29	2	2
50c92e48-ec61-461b-a6c0-b88515c837a9	29	4	0
50c92e48-ec61-461b-a6c0-b88515c837a9	29	5	2
50c92e48-ec61-461b-a6c0-b88515c837a9	29	6	2
50c92e48-ec61-461b-a6c0-b88515c837a9	29	8	2
50c92e48-ec61-461b-a6c0-b88515c837a9	29	9	3
50c92e48-ec61-461b-a6c0-b88515c837a9	30	0	2
50c92e48-ec61-461b-a6c0-b88515c837a9	30	1	2
50c92e48-ec61-461b-a6c0-b88515c837a9	30	2	2
50c92e48-ec61-461b-a6c0-b88515c837a9	30	4	0
50c92e48-ec61-461b-a6c0-b88515c837a9	30	5	1
50c92e48-ec61-461b-a6c0-b88515c837a9	30	6	2
50c92e48-ec61-461b-a6c0-b88515c837a9	30	8	1
50c92e48-ec61-461b-a6c0-b88515c837a9	30	9	1
50c92e48-ec61-461b-a6c0-b88515c837a9	31	0	2
50c92e48-ec61-461b-a6c0-b88515c837a9	31	1	2
50c92e48-ec61-461b-a6c0-b88515c837a9	31	2	2
50c92e48-ec61-461b-a6c0-b88515c837a9	31	4	0
50c92e48-ec61-461b-a6c0-b88515c837a9	31	5	2
50c92e48-ec61-461b-a6c0-b88515c837a9	31	6	1
50c92e48-ec61-461b-a6c0-b88515c837a9	31	8	2
50c92e48-ec61-461b-a6c0-b88515c837a9	31	9	2
50c92e48-ec61-461b-a6c0-b88515c837a9	32	0	2
50c92e48-ec61-461b-a6c0-b88515c837a9	32	1	3
50c92e48-ec61-461b-a6c0-b88515c837a9	32	2	3
50c92e48-ec61-461b-a6c0-b88515c837a9	32	4	0
50c92e48-ec61-461b-a6c0-b88515c837a9	32	5	3
50c92e48-ec61-461b-a6c0-b88515c837a9	32	6	2
50c92e48-ec61-461b-a6c0-b88515c837a9	32	8	2
50c92e48-ec61-461b-a6c0-b88515c837a9	32	9	3
50c92e48-ec61-461b-a6c0-b88515c837a9	33	0	3
50c92e48-ec61-461b-a6c0-b88515c837a9	33	1	2
50c92e48-ec61-461b-a6c0-b88515c837a9	33	2	2
50c92e48-ec61-461b-a6c0-b88515c837a9	33	4	0
50c92e48-ec61-461b-a6c0-b88515c837a9	33	5	1
50c92e48-ec61-461b-a6c0-b88515c837a9	33	6	2
50c92e48-ec61-461b-a6c0-b88515c837a9	33	8	2
50c92e48-ec61-461b-a6c0-b88515c837a9	33	9	1
50c92e48-ec61-461b-a6c0-b88515c837a9	34	0	2
50c92e48-ec61-461b-a6c0-b88515c837a9	34	1	2
50c92e48-ec61-461b-a6c0-b88515c837a9	34	2	2
50c92e48-ec61-461b-a6c0-b88515c837a9	34	4	0
50c92e48-ec61-461b-a6c0-b88515c837a9	34	5	1
50c92e48-ec61-461b-a6c0-b88515c837a9	34	6	3
50c92e48-ec61-461b-a6c0-b88515c837a9	34	8	2
50c92e48-ec61-461b-a6c0-b88515c837a9	34	9	0
50c92e48-ec61-461b-a6c0-b88515c837a9	35	0	2
50c92e48-ec61-461b-a6c0-b88515c837a9	35	1	2
50c92e48-ec61-461b-a6c0-b88515c837a9	35	2	2
50c92e48-ec61-461b-a6c0-b88515c837a9	35	4	0
50c92e48-ec61-461b-a6c0-b88515c837a9	35	5	2
50c92e48-ec61-461b-a6c0-b88515c837a9	35	6	2
50c92e48-ec61-461b-a6c0-b88515c837a9	35	8	2
50c92e48-ec61-461b-a6c0-b88515c837a9	35	9	0
50c92e48-ec61-461b-a6c0-b88515c837a9	36	0	2
50c92e48-ec61-461b-a6c0-b88515c837a9	36	1	2
50c92e48-ec61-461b-a6c0-b88515c837a9	36	2	2
50c92e48-ec61-461b-a6c0-b88515c837a9	36	4	0
50c92e48-ec61-461b-a6c0-b88515c837a9	36	5	2
50c92e48-ec61-461b-a6c0-b88515c837a9	36	6	2
50c92e48-ec61-461b-a6c0-b88515c837a9	36	8	1
50c92e48-ec61-461b-a6c0-b88515c837a9	36	9	0
50c92e48-ec61-461b-a6c0-b88515c837a9	37	0	2
50c92e48-ec61-461b-a6c0-b88515c837a9	37	1	2
50c92e48-ec61-461b-a6c0-b88515c837a9	37	2	0
50c92e48-ec61-461b-a6c0-b88515c837a9	37	3	2
50c92e48-ec61-461b-a6c0-b88515c837a9	37	4	0
50c92e48-ec61-461b-a6c0-b88515c837a9	37	5	2
50c92e48-ec61-461b-a6c0-b88515c837a9	37	6	2
50c92e48-ec61-461b-a6c0-b88515c837a9	37	8	2
50c92e48-ec61-461b-a6c0-b88515c837a9	37	9	0
50c92e48-ec61-461b-a6c0-b88515c837a9	38	0	2
50c92e48-ec61-461b-a6c0-b88515c837a9	38	1	2
50c92e48-ec61-461b-a6c0-b88515c837a9	38	2	0
50c92e48-ec61-461b-a6c0-b88515c837a9	38	3	2
50c92e48-ec61-461b-a6c0-b88515c837a9	38	4	0
50c92e48-ec61-461b-a6c0-b88515c837a9	38	5	2
50c92e48-ec61-461b-a6c0-b88515c837a9	38	6	2
50c92e48-ec61-461b-a6c0-b88515c837a9	38	8	2
50c92e48-ec61-461b-a6c0-b88515c837a9	38	9	0
50c92e48-ec61-461b-a6c0-b88515c837a9	39	0	1
50c92e48-ec61-461b-a6c0-b88515c837a9	39	1	2
50c92e48-ec61-461b-a6c0-b88515c837a9	39	2	0
50c92e48-ec61-461b-a6c0-b88515c837a9	39	3	2
50c92e48-ec61-461b-a6c0-b88515c837a9	39	4	0
50c92e48-ec61-461b-a6c0-b88515c837a9	39	5	2
50c92e48-ec61-461b-a6c0-b88515c837a9	39	6	2
50c92e48-ec61-461b-a6c0-b88515c837a9	39	8	2
50c92e48-ec61-461b-a6c0-b88515c837a9	39	9	0
50c92e48-ec61-461b-a6c0-b88515c837a9	40	0	2
50c92e48-ec61-461b-a6c0-b88515c837a9	40	1	2
50c92e48-ec61-461b-a6c0-b88515c837a9	40	2	0
50c92e48-ec61-461b-a6c0-b88515c837a9	40	3	2
50c92e48-ec61-461b-a6c0-b88515c837a9	40	4	0
50c92e48-ec61-461b-a6c0-b88515c837a9	40	5	2
50c92e48-ec61-461b-a6c0-b88515c837a9	40	6	2
50c92e48-ec61-461b-a6c0-b88515c837a9	40	8	2
50c92e48-ec61-461b-a6c0-b88515c837a9	40	9	0
50c92e48-ec61-461b-a6c0-b88515c837a9	41	0	2
50c92e48-ec61-461b-a6c0-b88515c837a9	41	1	2
50c92e48-ec61-461b-a6c0-b88515c837a9	41	2	0
50c92e48-ec61-461b-a6c0-b88515c837a9	41	3	2
50c92e48-ec61-461b-a6c0-b88515c837a9	41	4	0
50c92e48-ec61-461b-a6c0-b88515c837a9	41	5	2
50c92e48-ec61-461b-a6c0-b88515c837a9	41	6	2
50c92e48-ec61-461b-a6c0-b88515c837a9	41	7	2
50c92e48-ec61-461b-a6c0-b88515c837a9	41	8	2
50c92e48-ec61-461b-a6c0-b88515c837a9	41	9	0
50c92e48-ec61-461b-a6c0-b88515c837a9	42	0	2
50c92e48-ec61-461b-a6c0-b88515c837a9	42	1	3
50c92e48-ec61-461b-a6c0-b88515c837a9	42	2	0
50c92e48-ec61-461b-a6c0-b88515c837a9	42	3	1
50c92e48-ec61-461b-a6c0-b88515c837a9	42	4	0
50c92e48-ec61-461b-a6c0-b88515c837a9	42	5	3
50c92e48-ec61-461b-a6c0-b88515c837a9	42	6	2
50c92e48-ec61-461b-a6c0-b88515c837a9	42	7	1
50c92e48-ec61-461b-a6c0-b88515c837a9	42	8	2
50c92e48-ec61-461b-a6c0-b88515c837a9	42	9	0
50c92e48-ec61-461b-a6c0-b88515c837a9	43	0	2
50c92e48-ec61-461b-a6c0-b88515c837a9	43	1	1
50c92e48-ec61-461b-a6c0-b88515c837a9	43	2	0
50c92e48-ec61-461b-a6c0-b88515c837a9	43	3	2
50c92e48-ec61-461b-a6c0-b88515c837a9	43	4	0
50c92e48-ec61-461b-a6c0-b88515c837a9	43	5	2
50c92e48-ec61-461b-a6c0-b88515c837a9	43	6	1
50c92e48-ec61-461b-a6c0-b88515c837a9	43	7	3
50c92e48-ec61-461b-a6c0-b88515c837a9	43	8	2
50c92e48-ec61-461b-a6c0-b88515c837a9	43	9	0
50c92e48-ec61-461b-a6c0-b88515c837a9	44	0	2
50c92e48-ec61-461b-a6c0-b88515c837a9	44	1	2
50c92e48-ec61-461b-a6c0-b88515c837a9	44	2	0
50c92e48-ec61-461b-a6c0-b88515c837a9	44	3	2
50c92e48-ec61-461b-a6c0-b88515c837a9	44	4	0
50c92e48-ec61-461b-a6c0-b88515c837a9	44	5	2
50c92e48-ec61-461b-a6c0-b88515c837a9	44	6	2
50c92e48-ec61-461b-a6c0-b88515c837a9	44	7	1
50c92e48-ec61-461b-a6c0-b88515c837a9	44	8	2
50c92e48-ec61-461b-a6c0-b88515c837a9	44	9	0
50c92e48-ec61-461b-a6c0-b88515c837a9	45	0	2
50c92e48-ec61-461b-a6c0-b88515c837a9	45	1	2
50c92e48-ec61-461b-a6c0-b88515c837a9	45	2	0
50c92e48-ec61-461b-a6c0-b88515c837a9	45	3	2
50c92e48-ec61-461b-a6c0-b88515c837a9	45	4	0
50c92e48-ec61-461b-a6c0-b88515c837a9	45	5	2
50c92e48-ec61-461b-a6c0-b88515c837a9	45	6	2
50c92e48-ec61-461b-a6c0-b88515c837a9	45	7	3
50c92e48-ec61-461b-a6c0-b88515c837a9	45	8	2
50c92e48-ec61-461b-a6c0-b88515c837a9	45	9	0
50c92e48-ec61-461b-a6c0-b88515c837a9	46	0	2
50c92e48-ec61-461b-a6c0-b88515c837a9	46	1	2
50c92e48-ec61-461b-a6c0-b88515c837a9	46	2	0
50c92e48-ec61-461b-a6c0-b88515c837a9	46	3	2
50c92e48-ec61-461b-a6c0-b88515c837a9	46	4	0
50c92e48-ec61-461b-a6c0-b88515c837a9	46	5	2
50c92e48-ec61-461b-a6c0-b88515c837a9	46	6	2
50c92e48-ec61-461b-a6c0-b88515c837a9	46	7	2
50c92e48-ec61-461b-a6c0-b88515c837a9	46	8	2
50c92e48-ec61-461b-a6c0-b88515c837a9	46	9	0
50c92e48-ec61-461b-a6c0-b88515c837a9	47	0	2
50c92e48-ec61-461b-a6c0-b88515c837a9	47	1	2
50c92e48-ec61-461b-a6c0-b88515c837a9	47	2	0
50c92e48-ec61-461b-a6c0-b88515c837a9	47	3	1
50c92e48-ec61-461b-a6c0-b88515c837a9	47	4	0
50c92e48-ec61-461b-a6c0-b88515c837a9	47	5	1
50c92e48-ec61-461b-a6c0-b88515c837a9	47	6	2
50c92e48-ec61-461b-a6c0-b88515c837a9	47	7	2
50c92e48-ec61-461b-a6c0-b88515c837a9	47	8	2
50c92e48-ec61-461b-a6c0-b88515c837a9	47	9	0
50c92e48-ec61-461b-a6c0-b88515c837a9	48	0	2
50c92e48-ec61-461b-a6c0-b88515c837a9	48	1	2
50c92e48-ec61-461b-a6c0-b88515c837a9	48	2	0
50c92e48-ec61-461b-a6c0-b88515c837a9	48	3	3
50c92e48-ec61-461b-a6c0-b88515c837a9	48	4	0
50c92e48-ec61-461b-a6c0-b88515c837a9	48	5	2
50c92e48-ec61-461b-a6c0-b88515c837a9	48	6	2
50c92e48-ec61-461b-a6c0-b88515c837a9	48	7	2
50c92e48-ec61-461b-a6c0-b88515c837a9	48	8	2
50c92e48-ec61-461b-a6c0-b88515c837a9	48	9	0
50c92e48-ec61-461b-a6c0-b88515c837a9	49	0	2
50c92e48-ec61-461b-a6c0-b88515c837a9	49	1	2
50c92e48-ec61-461b-a6c0-b88515c837a9	49	2	0
50c92e48-ec61-461b-a6c0-b88515c837a9	49	3	2
50c92e48-ec61-461b-a6c0-b88515c837a9	49	4	0
50c92e48-ec61-461b-a6c0-b88515c837a9	49	5	2
50c92e48-ec61-461b-a6c0-b88515c837a9	49	6	2
50c92e48-ec61-461b-a6c0-b88515c837a9	49	7	2
50c92e48-ec61-461b-a6c0-b88515c837a9	49	8	2
50c92e48-ec61-461b-a6c0-b88515c837a9	49	9	0
50c92e48-ec61-461b-a6c0-b88515c837a9	50	0	3
50c92e48-ec61-461b-a6c0-b88515c837a9	50	1	2
50c92e48-ec61-461b-a6c0-b88515c837a9	50	2	0
50c92e48-ec61-461b-a6c0-b88515c837a9	50	3	2
50c92e48-ec61-461b-a6c0-b88515c837a9	50	4	0
50c92e48-ec61-461b-a6c0-b88515c837a9	50	5	2
50c92e48-ec61-461b-a6c0-b88515c837a9	50	6	2
50c92e48-ec61-461b-a6c0-b88515c837a9	50	7	1
50c92e48-ec61-461b-a6c0-b88515c837a9	50	8	3
50c92e48-ec61-461b-a6c0-b88515c837a9	50	9	0
50c92e48-ec61-461b-a6c0-b88515c837a9	51	0	1
50c92e48-ec61-461b-a6c0-b88515c837a9	51	1	2
50c92e48-ec61-461b-a6c0-b88515c837a9	51	2	0
50c92e48-ec61-461b-a6c0-b88515c837a9	51	3	2
50c92e48-ec61-461b-a6c0-b88515c837a9	51	4	0
50c92e48-ec61-461b-a6c0-b88515c837a9	51	5	2
50c92e48-ec61-461b-a6c0-b88515c837a9	51	6	0
50c92e48-ec61-461b-a6c0-b88515c837a9	51	7	2
50c92e48-ec61-461b-a6c0-b88515c837a9	51	8	2
50c92e48-ec61-461b-a6c0-b88515c837a9	51	9	0
50c92e48-ec61-461b-a6c0-b88515c837a9	52	0	2
50c92e48-ec61-461b-a6c0-b88515c837a9	52	1	2
50c92e48-ec61-461b-a6c0-b88515c837a9	52	2	0
50c92e48-ec61-461b-a6c0-b88515c837a9	52	3	2
50c92e48-ec61-461b-a6c0-b88515c837a9	52	4	0
50c92e48-ec61-461b-a6c0-b88515c837a9	52	5	2
50c92e48-ec61-461b-a6c0-b88515c837a9	52	6	0
50c92e48-ec61-461b-a6c0-b88515c837a9	52	7	2
50c92e48-ec61-461b-a6c0-b88515c837a9	52	8	1
50c92e48-ec61-461b-a6c0-b88515c837a9	52	9	0
50c92e48-ec61-461b-a6c0-b88515c837a9	53	0	2
50c92e48-ec61-461b-a6c0-b88515c837a9	53	1	2
50c92e48-ec61-461b-a6c0-b88515c837a9	53	2	0
50c92e48-ec61-461b-a6c0-b88515c837a9	53	3	2
50c92e48-ec61-461b-a6c0-b88515c837a9	53	4	0
50c92e48-ec61-461b-a6c0-b88515c837a9	53	5	2
50c92e48-ec61-461b-a6c0-b88515c837a9	53	6	0
50c92e48-ec61-461b-a6c0-b88515c837a9	53	7	2
50c92e48-ec61-461b-a6c0-b88515c837a9	53	8	2
50c92e48-ec61-461b-a6c0-b88515c837a9	53	9	0
50c92e48-ec61-461b-a6c0-b88515c837a9	54	0	0
50c92e48-ec61-461b-a6c0-b88515c837a9	54	1	2
50c92e48-ec61-461b-a6c0-b88515c837a9	54	2	0
50c92e48-ec61-461b-a6c0-b88515c837a9	54	3	2
50c92e48-ec61-461b-a6c0-b88515c837a9	54	4	0
50c92e48-ec61-461b-a6c0-b88515c837a9	54	5	1
50c92e48-ec61-461b-a6c0-b88515c837a9	54	6	0
50c92e48-ec61-461b-a6c0-b88515c837a9	54	7	3
50c92e48-ec61-461b-a6c0-b88515c837a9	54	8	3
50c92e48-ec61-461b-a6c0-b88515c837a9	54	9	0
50c92e48-ec61-461b-a6c0-b88515c837a9	55	0	0
50c92e48-ec61-461b-a6c0-b88515c837a9	55	1	2
50c92e48-ec61-461b-a6c0-b88515c837a9	55	2	0
50c92e48-ec61-461b-a6c0-b88515c837a9	55	3	2
50c92e48-ec61-461b-a6c0-b88515c837a9	55	4	0
50c92e48-ec61-461b-a6c0-b88515c837a9	55	5	2
50c92e48-ec61-461b-a6c0-b88515c837a9	55	6	0
50c92e48-ec61-461b-a6c0-b88515c837a9	55	7	2
50c92e48-ec61-461b-a6c0-b88515c837a9	55	8	2
50c92e48-ec61-461b-a6c0-b88515c837a9	55	9	0
50c92e48-ec61-461b-a6c0-b88515c837a9	56	0	0
50c92e48-ec61-461b-a6c0-b88515c837a9	56	1	2
50c92e48-ec61-461b-a6c0-b88515c837a9	56	2	0
50c92e48-ec61-461b-a6c0-b88515c837a9	56	3	2
50c92e48-ec61-461b-a6c0-b88515c837a9	56	4	0
50c92e48-ec61-461b-a6c0-b88515c837a9	56	5	2
50c92e48-ec61-461b-a6c0-b88515c837a9	56	6	0
50c92e48-ec61-461b-a6c0-b88515c837a9	56	7	2
50c92e48-ec61-461b-a6c0-b88515c837a9	56	8	2
50c92e48-ec61-461b-a6c0-b88515c837a9	56	9	0
50c92e48-ec61-461b-a6c0-b88515c837a9	57	0	0
50c92e48-ec61-461b-a6c0-b88515c837a9	57	1	2
50c92e48-ec61-461b-a6c0-b88515c837a9	57	2	0
50c92e48-ec61-461b-a6c0-b88515c837a9	57	3	1
50c92e48-ec61-461b-a6c0-b88515c837a9	57	4	0
50c92e48-ec61-461b-a6c0-b88515c837a9	57	5	2
50c92e48-ec61-461b-a6c0-b88515c837a9	57	6	0
50c92e48-ec61-461b-a6c0-b88515c837a9	57	7	2
50c92e48-ec61-461b-a6c0-b88515c837a9	57	8	3
50c92e48-ec61-461b-a6c0-b88515c837a9	57	9	0
50c92e48-ec61-461b-a6c0-b88515c837a9	58	0	0
50c92e48-ec61-461b-a6c0-b88515c837a9	58	1	3
50c92e48-ec61-461b-a6c0-b88515c837a9	58	2	0
50c92e48-ec61-461b-a6c0-b88515c837a9	58	3	2
50c92e48-ec61-461b-a6c0-b88515c837a9	58	4	0
50c92e48-ec61-461b-a6c0-b88515c837a9	58	5	2
50c92e48-ec61-461b-a6c0-b88515c837a9	58	6	0
50c92e48-ec61-461b-a6c0-b88515c837a9	58	7	2
50c92e48-ec61-461b-a6c0-b88515c837a9	58	8	1
50c92e48-ec61-461b-a6c0-b88515c837a9	58	9	0
50c92e48-ec61-461b-a6c0-b88515c837a9	59	0	0
50c92e48-ec61-461b-a6c0-b88515c837a9	59	1	2
50c92e48-ec61-461b-a6c0-b88515c837a9	59	2	0
50c92e48-ec61-461b-a6c0-b88515c837a9	59	3	2
50c92e48-ec61-461b-a6c0-b88515c837a9	59	4	0
50c92e48-ec61-461b-a6c0-b88515c837a9	59	5	0
50c92e48-ec61-461b-a6c0-b88515c837a9	59	6	0
50c92e48-ec61-461b-a6c0-b88515c837a9	59	7	2
50c92e48-ec61-461b-a6c0-b88515c837a9	59	8	2
50c92e48-ec61-461b-a6c0-b88515c837a9	59	9	0
50c92e48-ec61-461b-a6c0-b88515c837a9	60	0	0
50c92e48-ec61-461b-a6c0-b88515c837a9	60	1	2
50c92e48-ec61-461b-a6c0-b88515c837a9	60	2	0
50c92e48-ec61-461b-a6c0-b88515c837a9	60	3	3
50c92e48-ec61-461b-a6c0-b88515c837a9	60	4	0
50c92e48-ec61-461b-a6c0-b88515c837a9	60	5	0
50c92e48-ec61-461b-a6c0-b88515c837a9	60	6	0
50c92e48-ec61-461b-a6c0-b88515c837a9	60	7	2
50c92e48-ec61-461b-a6c0-b88515c837a9	60	8	2
50c92e48-ec61-461b-a6c0-b88515c837a9	60	9	0
50c92e48-ec61-461b-a6c0-b88515c837a9	61	0	0
50c92e48-ec61-461b-a6c0-b88515c837a9	61	1	2
50c92e48-ec61-461b-a6c0-b88515c837a9	61	2	0
50c92e48-ec61-461b-a6c0-b88515c837a9	61	3	2
50c92e48-ec61-461b-a6c0-b88515c837a9	61	4	0
50c92e48-ec61-461b-a6c0-b88515c837a9	61	5	0
50c92e48-ec61-461b-a6c0-b88515c837a9	61	6	0
50c92e48-ec61-461b-a6c0-b88515c837a9	61	7	2
50c92e48-ec61-461b-a6c0-b88515c837a9	61	8	0
50c92e48-ec61-461b-a6c0-b88515c837a9	61	9	0
50c92e48-ec61-461b-a6c0-b88515c837a9	62	0	0
50c92e48-ec61-461b-a6c0-b88515c837a9	62	1	2
50c92e48-ec61-461b-a6c0-b88515c837a9	62	2	0
50c92e48-ec61-461b-a6c0-b88515c837a9	62	3	3
50c92e48-ec61-461b-a6c0-b88515c837a9	62	4	0
50c92e48-ec61-461b-a6c0-b88515c837a9	62	5	0
50c92e48-ec61-461b-a6c0-b88515c837a9	62	6	0
50c92e48-ec61-461b-a6c0-b88515c837a9	62	7	2
50c92e48-ec61-461b-a6c0-b88515c837a9	62	8	0
50c92e48-ec61-461b-a6c0-b88515c837a9	62	9	0
50c92e48-ec61-461b-a6c0-b88515c837a9	63	0	0
50c92e48-ec61-461b-a6c0-b88515c837a9	63	1	0
50c92e48-ec61-461b-a6c0-b88515c837a9	63	2	0
50c92e48-ec61-461b-a6c0-b88515c837a9	63	3	1
50c92e48-ec61-461b-a6c0-b88515c837a9	63	4	0
50c92e48-ec61-461b-a6c0-b88515c837a9	63	5	0
50c92e48-ec61-461b-a6c0-b88515c837a9	63	6	0
50c92e48-ec61-461b-a6c0-b88515c837a9	63	7	2
50c92e48-ec61-461b-a6c0-b88515c837a9	63	8	0
50c92e48-ec61-461b-a6c0-b88515c837a9	63	9	0
50c92e48-ec61-461b-a6c0-b88515c837a9	64	0	0
50c92e48-ec61-461b-a6c0-b88515c837a9	64	1	0
50c92e48-ec61-461b-a6c0-b88515c837a9	64	2	0
50c92e48-ec61-461b-a6c0-b88515c837a9	64	3	2
50c92e48-ec61-461b-a6c0-b88515c837a9	64	4	0
50c92e48-ec61-461b-a6c0-b88515c837a9	64	5	0
50c92e48-ec61-461b-a6c0-b88515c837a9	64	6	0
50c92e48-ec61-461b-a6c0-b88515c837a9	64	7	3
50c92e48-ec61-461b-a6c0-b88515c837a9	64	8	0
50c92e48-ec61-461b-a6c0-b88515c837a9	64	9	0
50c92e48-ec61-461b-a6c0-b88515c837a9	65	0	0
50c92e48-ec61-461b-a6c0-b88515c837a9	65	1	0
50c92e48-ec61-461b-a6c0-b88515c837a9	65	2	0
50c92e48-ec61-461b-a6c0-b88515c837a9	65	3	2
50c92e48-ec61-461b-a6c0-b88515c837a9	65	4	0
50c92e48-ec61-461b-a6c0-b88515c837a9	65	5	0
50c92e48-ec61-461b-a6c0-b88515c837a9	65	6	0
50c92e48-ec61-461b-a6c0-b88515c837a9	65	7	2
50c92e48-ec61-461b-a6c0-b88515c837a9	65	8	0
50c92e48-ec61-461b-a6c0-b88515c837a9	65	9	0
50c92e48-ec61-461b-a6c0-b88515c837a9	66	0	0
50c92e48-ec61-461b-a6c0-b88515c837a9	66	1	0
50c92e48-ec61-461b-a6c0-b88515c837a9	66	2	0
50c92e48-ec61-461b-a6c0-b88515c837a9	66	3	0
50c92e48-ec61-461b-a6c0-b88515c837a9	66	4	0
50c92e48-ec61-461b-a6c0-b88515c837a9	66	5	0
50c92e48-ec61-461b-a6c0-b88515c837a9	66	6	0
50c92e48-ec61-461b-a6c0-b88515c837a9	66	7	2
50c92e48-ec61-461b-a6c0-b88515c837a9	66	8	0
50c92e48-ec61-461b-a6c0-b88515c837a9	66	9	0
50c92e48-ec61-461b-a6c0-b88515c837a9	67	0	0
50c92e48-ec61-461b-a6c0-b88515c837a9	67	1	0
50c92e48-ec61-461b-a6c0-b88515c837a9	67	2	0
50c92e48-ec61-461b-a6c0-b88515c837a9	67	3	0
50c92e48-ec61-461b-a6c0-b88515c837a9	67	4	0
50c92e48-ec61-461b-a6c0-b88515c837a9	67	5	0
50c92e48-ec61-461b-a6c0-b88515c837a9	67	6	0
50c92e48-ec61-461b-a6c0-b88515c837a9	67	7	2
50c92e48-ec61-461b-a6c0-b88515c837a9	67	8	0
50c92e48-ec61-461b-a6c0-b88515c837a9	67	9	0
50c92e48-ec61-461b-a6c0-b88515c837a9	68	0	0
50c92e48-ec61-461b-a6c0-b88515c837a9	68	1	0
50c92e48-ec61-461b-a6c0-b88515c837a9	68	2	0
50c92e48-ec61-461b-a6c0-b88515c837a9	68	3	0
50c92e48-ec61-461b-a6c0-b88515c837a9	68	4	0
50c92e48-ec61-461b-a6c0-b88515c837a9	68	5	0
50c92e48-ec61-461b-a6c0-b88515c837a9	68	6	0
50c92e48-ec61-461b-a6c0-b88515c837a9	68	7	2
50c92e48-ec61-461b-a6c0-b88515c837a9	68	8	0
50c92e48-ec61-461b-a6c0-b88515c837a9	68	9	0
50c92e48-ec61-461b-a6c0-b88515c837a9	69	0	0
50c92e48-ec61-461b-a6c0-b88515c837a9	69	1	0
50c92e48-ec61-461b-a6c0-b88515c837a9	69	2	0
50c92e48-ec61-461b-a6c0-b88515c837a9	69	3	0
50c92e48-ec61-461b-a6c0-b88515c837a9	69	4	0
50c92e48-ec61-461b-a6c0-b88515c837a9	69	5	0
50c92e48-ec61-461b-a6c0-b88515c837a9	69	6	0
50c92e48-ec61-461b-a6c0-b88515c837a9	69	7	3
50c92e48-ec61-461b-a6c0-b88515c837a9	69	8	0
50c92e48-ec61-461b-a6c0-b88515c837a9	69	9	0
50c92e48-ec61-461b-a6c0-b88515c837a9	70	0	0
50c92e48-ec61-461b-a6c0-b88515c837a9	70	1	0
50c92e48-ec61-461b-a6c0-b88515c837a9	70	2	0
50c92e48-ec61-461b-a6c0-b88515c837a9	70	3	0
50c92e48-ec61-461b-a6c0-b88515c837a9	70	4	0
50c92e48-ec61-461b-a6c0-b88515c837a9	70	5	0
50c92e48-ec61-461b-a6c0-b88515c837a9	70	6	0
50c92e48-ec61-461b-a6c0-b88515c837a9	70	7	2
50c92e48-ec61-461b-a6c0-b88515c837a9	70	8	0
50c92e48-ec61-461b-a6c0-b88515c837a9	70	9	0
50c92e48-ec61-461b-a6c0-b88515c837a9	71	0	0
50c92e48-ec61-461b-a6c0-b88515c837a9	71	1	0
50c92e48-ec61-461b-a6c0-b88515c837a9	71	2	0
50c92e48-ec61-461b-a6c0-b88515c837a9	71	3	0
50c92e48-ec61-461b-a6c0-b88515c837a9	71	4	0
50c92e48-ec61-461b-a6c0-b88515c837a9	71	5	0
50c92e48-ec61-461b-a6c0-b88515c837a9	71	6	0
50c92e48-ec61-461b-a6c0-b88515c837a9	71	7	2
50c92e48-ec61-461b-a6c0-b88515c837a9	71	8	0
50c92e48-ec61-461b-a6c0-b88515c837a9	71	9	0
50c92e48-ec61-461b-a6c0-b88515c837a9	72	0	0
50c92e48-ec61-461b-a6c0-b88515c837a9	72	1	0
50c92e48-ec61-461b-a6c0-b88515c837a9	72	2	0
50c92e48-ec61-461b-a6c0-b88515c837a9	72	3	0
50c92e48-ec61-461b-a6c0-b88515c837a9	72	4	0
50c92e48-ec61-461b-a6c0-b88515c837a9	72	5	0
50c92e48-ec61-461b-a6c0-b88515c837a9	72	6	0
50c92e48-ec61-461b-a6c0-b88515c837a9	72	7	2
50c92e48-ec61-461b-a6c0-b88515c837a9	72	8	0
50c92e48-ec61-461b-a6c0-b88515c837a9	72	9	0
50c92e48-ec61-461b-a6c0-b88515c837a9	73	0	0
50c92e48-ec61-461b-a6c0-b88515c837a9	73	1	0
50c92e48-ec61-461b-a6c0-b88515c837a9	73	2	0
50c92e48-ec61-461b-a6c0-b88515c837a9	73	3	0
50c92e48-ec61-461b-a6c0-b88515c837a9	73	4	0
50c92e48-ec61-461b-a6c0-b88515c837a9	73	5	0
50c92e48-ec61-461b-a6c0-b88515c837a9	73	6	0
50c92e48-ec61-461b-a6c0-b88515c837a9	73	7	2
50c92e48-ec61-461b-a6c0-b88515c837a9	73	8	0
50c92e48-ec61-461b-a6c0-b88515c837a9	73	9	0
50c92e48-ec61-461b-a6c0-b88515c837a9	74	0	0
50c92e48-ec61-461b-a6c0-b88515c837a9	74	1	0
50c92e48-ec61-461b-a6c0-b88515c837a9	74	2	0
50c92e48-ec61-461b-a6c0-b88515c837a9	74	3	0
50c92e48-ec61-461b-a6c0-b88515c837a9	74	4	0
50c92e48-ec61-461b-a6c0-b88515c837a9	74	5	0
50c92e48-ec61-461b-a6c0-b88515c837a9	74	6	0
50c92e48-ec61-461b-a6c0-b88515c837a9	74	7	2
50c92e48-ec61-461b-a6c0-b88515c837a9	74	8	0
50c92e48-ec61-461b-a6c0-b88515c837a9	74	9	0
50c92e48-ec61-461b-a6c0-b88515c837a9	75	0	0
50c92e48-ec61-461b-a6c0-b88515c837a9	75	1	0
50c92e48-ec61-461b-a6c0-b88515c837a9	75	2	0
50c92e48-ec61-461b-a6c0-b88515c837a9	75	3	0
50c92e48-ec61-461b-a6c0-b88515c837a9	75	4	0
50c92e48-ec61-461b-a6c0-b88515c837a9	75	5	0
50c92e48-ec61-461b-a6c0-b88515c837a9	75	6	0
50c92e48-ec61-461b-a6c0-b88515c837a9	75	7	1
50c92e48-ec61-461b-a6c0-b88515c837a9	75	8	0
50c92e48-ec61-461b-a6c0-b88515c837a9	75	9	0
50c92e48-ec61-461b-a6c0-b88515c837a9	76	0	0
50c92e48-ec61-461b-a6c0-b88515c837a9	76	1	0
50c92e48-ec61-461b-a6c0-b88515c837a9	76	2	0
50c92e48-ec61-461b-a6c0-b88515c837a9	76	3	0
50c92e48-ec61-461b-a6c0-b88515c837a9	76	4	0
50c92e48-ec61-461b-a6c0-b88515c837a9	76	5	0
50c92e48-ec61-461b-a6c0-b88515c837a9	76	6	0
50c92e48-ec61-461b-a6c0-b88515c837a9	76	7	2
50c92e48-ec61-461b-a6c0-b88515c837a9	76	8	0
50c92e48-ec61-461b-a6c0-b88515c837a9	76	9	0
50c92e48-ec61-461b-a6c0-b88515c837a9	77	0	0
50c92e48-ec61-461b-a6c0-b88515c837a9	77	1	0
50c92e48-ec61-461b-a6c0-b88515c837a9	77	2	0
50c92e48-ec61-461b-a6c0-b88515c837a9	77	3	0
50c92e48-ec61-461b-a6c0-b88515c837a9	77	4	0
50c92e48-ec61-461b-a6c0-b88515c837a9	77	5	0
50c92e48-ec61-461b-a6c0-b88515c837a9	77	6	0
50c92e48-ec61-461b-a6c0-b88515c837a9	77	7	2
50c92e48-ec61-461b-a6c0-b88515c837a9	77	8	0
50c92e48-ec61-461b-a6c0-b88515c837a9	77	9	0
50c92e48-ec61-461b-a6c0-b88515c837a9	78	0	0
50c92e48-ec61-461b-a6c0-b88515c837a9	78	1	0
50c92e48-ec61-461b-a6c0-b88515c837a9	78	2	0
50c92e48-ec61-461b-a6c0-b88515c837a9	78	3	0
50c92e48-ec61-461b-a6c0-b88515c837a9	78	4	0
50c92e48-ec61-461b-a6c0-b88515c837a9	78	5	0
50c92e48-ec61-461b-a6c0-b88515c837a9	78	6	0
50c92e48-ec61-461b-a6c0-b88515c837a9	78	7	2
50c92e48-ec61-461b-a6c0-b88515c837a9	78	8	0
50c92e48-ec61-461b-a6c0-b88515c837a9	78	9	0
50c92e48-ec61-461b-a6c0-b88515c837a9	79	0	0
50c92e48-ec61-461b-a6c0-b88515c837a9	79	1	0
50c92e48-ec61-461b-a6c0-b88515c837a9	79	2	0
50c92e48-ec61-461b-a6c0-b88515c837a9	79	3	0
50c92e48-ec61-461b-a6c0-b88515c837a9	79	4	0
50c92e48-ec61-461b-a6c0-b88515c837a9	79	5	0
50c92e48-ec61-461b-a6c0-b88515c837a9	79	6	0
50c92e48-ec61-461b-a6c0-b88515c837a9	79	7	2
50c92e48-ec61-461b-a6c0-b88515c837a9	79	8	0
50c92e48-ec61-461b-a6c0-b88515c837a9	79	9	0
50c92e48-ec61-461b-a6c0-b88515c837a9	80	0	0
50c92e48-ec61-461b-a6c0-b88515c837a9	80	1	0
50c92e48-ec61-461b-a6c0-b88515c837a9	80	2	0
50c92e48-ec61-461b-a6c0-b88515c837a9	80	3	0
50c92e48-ec61-461b-a6c0-b88515c837a9	80	4	0
50c92e48-ec61-461b-a6c0-b88515c837a9	80	5	0
50c92e48-ec61-461b-a6c0-b88515c837a9	80	6	0
50c92e48-ec61-461b-a6c0-b88515c837a9	80	7	2
50c92e48-ec61-461b-a6c0-b88515c837a9	80	8	0
50c92e48-ec61-461b-a6c0-b88515c837a9	80	9	0
50c92e48-ec61-461b-a6c0-b88515c837a9	81	0	0
50c92e48-ec61-461b-a6c0-b88515c837a9	81	1	0
50c92e48-ec61-461b-a6c0-b88515c837a9	81	2	0
50c92e48-ec61-461b-a6c0-b88515c837a9	81	3	0
50c92e48-ec61-461b-a6c0-b88515c837a9	81	4	0
50c92e48-ec61-461b-a6c0-b88515c837a9	81	5	0
50c92e48-ec61-461b-a6c0-b88515c837a9	81	6	0
50c92e48-ec61-461b-a6c0-b88515c837a9	81	7	2
50c92e48-ec61-461b-a6c0-b88515c837a9	81	8	0
50c92e48-ec61-461b-a6c0-b88515c837a9	81	9	0
50c92e48-ec61-461b-a6c0-b88515c837a9	82	0	0
50c92e48-ec61-461b-a6c0-b88515c837a9	82	1	0
50c92e48-ec61-461b-a6c0-b88515c837a9	82	2	0
50c92e48-ec61-461b-a6c0-b88515c837a9	82	3	0
50c92e48-ec61-461b-a6c0-b88515c837a9	82	4	0
50c92e48-ec61-461b-a6c0-b88515c837a9	82	5	0
50c92e48-ec61-461b-a6c0-b88515c837a9	82	6	0
50c92e48-ec61-461b-a6c0-b88515c837a9	82	7	2
50c92e48-ec61-461b-a6c0-b88515c837a9	82	8	0
50c92e48-ec61-461b-a6c0-b88515c837a9	82	9	0
50c92e48-ec61-461b-a6c0-b88515c837a9	83	0	0
50c92e48-ec61-461b-a6c0-b88515c837a9	83	1	0
50c92e48-ec61-461b-a6c0-b88515c837a9	83	2	0
50c92e48-ec61-461b-a6c0-b88515c837a9	83	3	0
50c92e48-ec61-461b-a6c0-b88515c837a9	83	4	0
50c92e48-ec61-461b-a6c0-b88515c837a9	83	5	0
50c92e48-ec61-461b-a6c0-b88515c837a9	83	6	0
50c92e48-ec61-461b-a6c0-b88515c837a9	83	7	2
50c92e48-ec61-461b-a6c0-b88515c837a9	83	8	0
50c92e48-ec61-461b-a6c0-b88515c837a9	83	9	0
50c92e48-ec61-461b-a6c0-b88515c837a9	84	0	0
50c92e48-ec61-461b-a6c0-b88515c837a9	84	1	0
50c92e48-ec61-461b-a6c0-b88515c837a9	84	2	0
50c92e48-ec61-461b-a6c0-b88515c837a9	84	3	0
50c92e48-ec61-461b-a6c0-b88515c837a9	84	4	0
50c92e48-ec61-461b-a6c0-b88515c837a9	84	5	0
50c92e48-ec61-461b-a6c0-b88515c837a9	84	6	0
50c92e48-ec61-461b-a6c0-b88515c837a9	84	7	2
50c92e48-ec61-461b-a6c0-b88515c837a9	84	8	0
50c92e48-ec61-461b-a6c0-b88515c837a9	84	9	0
50c92e48-ec61-461b-a6c0-b88515c837a9	85	0	0
50c92e48-ec61-461b-a6c0-b88515c837a9	85	1	0
50c92e48-ec61-461b-a6c0-b88515c837a9	85	2	0
50c92e48-ec61-461b-a6c0-b88515c837a9	85	3	0
50c92e48-ec61-461b-a6c0-b88515c837a9	85	4	0
50c92e48-ec61-461b-a6c0-b88515c837a9	85	5	0
50c92e48-ec61-461b-a6c0-b88515c837a9	85	6	0
50c92e48-ec61-461b-a6c0-b88515c837a9	85	7	2
50c92e48-ec61-461b-a6c0-b88515c837a9	85	8	0
50c92e48-ec61-461b-a6c0-b88515c837a9	85	9	0
50c92e48-ec61-461b-a6c0-b88515c837a9	86	0	0
50c92e48-ec61-461b-a6c0-b88515c837a9	86	1	0
50c92e48-ec61-461b-a6c0-b88515c837a9	86	2	0
50c92e48-ec61-461b-a6c0-b88515c837a9	86	3	0
50c92e48-ec61-461b-a6c0-b88515c837a9	86	4	0
50c92e48-ec61-461b-a6c0-b88515c837a9	86	5	0
50c92e48-ec61-461b-a6c0-b88515c837a9	86	6	0
50c92e48-ec61-461b-a6c0-b88515c837a9	86	7	3
50c92e48-ec61-461b-a6c0-b88515c837a9	86	8	0
50c92e48-ec61-461b-a6c0-b88515c837a9	86	9	0
50c92e48-ec61-461b-a6c0-b88515c837a9	87	0	0
50c92e48-ec61-461b-a6c0-b88515c837a9	87	1	0
50c92e48-ec61-461b-a6c0-b88515c837a9	87	2	0
50c92e48-ec61-461b-a6c0-b88515c837a9	87	3	0
50c92e48-ec61-461b-a6c0-b88515c837a9	87	4	0
50c92e48-ec61-461b-a6c0-b88515c837a9	87	5	0
50c92e48-ec61-461b-a6c0-b88515c837a9	87	6	0
50c92e48-ec61-461b-a6c0-b88515c837a9	87	7	1
50c92e48-ec61-461b-a6c0-b88515c837a9	87	8	0
50c92e48-ec61-461b-a6c0-b88515c837a9	87	9	0
50c92e48-ec61-461b-a6c0-b88515c837a9	88	0	0
50c92e48-ec61-461b-a6c0-b88515c837a9	88	1	0
50c92e48-ec61-461b-a6c0-b88515c837a9	88	2	0
50c92e48-ec61-461b-a6c0-b88515c837a9	88	3	0
50c92e48-ec61-461b-a6c0-b88515c837a9	88	4	0
50c92e48-ec61-461b-a6c0-b88515c837a9	88	5	0
50c92e48-ec61-461b-a6c0-b88515c837a9	88	6	0
50c92e48-ec61-461b-a6c0-b88515c837a9	88	7	2
50c92e48-ec61-461b-a6c0-b88515c837a9	88	8	0
50c92e48-ec61-461b-a6c0-b88515c837a9	88	9	0
50c92e48-ec61-461b-a6c0-b88515c837a9	89	0	0
50c92e48-ec61-461b-a6c0-b88515c837a9	89	1	0
50c92e48-ec61-461b-a6c0-b88515c837a9	89	2	0
50c92e48-ec61-461b-a6c0-b88515c837a9	89	3	0
50c92e48-ec61-461b-a6c0-b88515c837a9	89	4	0
50c92e48-ec61-461b-a6c0-b88515c837a9	89	5	0
50c92e48-ec61-461b-a6c0-b88515c837a9	89	6	0
50c92e48-ec61-461b-a6c0-b88515c837a9	89	7	2
50c92e48-ec61-461b-a6c0-b88515c837a9	89	8	0
50c92e48-ec61-461b-a6c0-b88515c837a9	89	9	0
100a517b-364c-42cf-a54f-4533be408412	5	2	2
100a517b-364c-42cf-a54f-4533be408412	6	2	2
100a517b-364c-42cf-a54f-4533be408412	7	2	2
100a517b-364c-42cf-a54f-4533be408412	8	2	2
100a517b-364c-42cf-a54f-4533be408412	9	2	2
100a517b-364c-42cf-a54f-4533be408412	10	2	3
100a517b-364c-42cf-a54f-4533be408412	11	2	2
100a517b-364c-42cf-a54f-4533be408412	12	2	2
100a517b-364c-42cf-a54f-4533be408412	12	9	2
100a517b-364c-42cf-a54f-4533be408412	13	2	2
100a517b-364c-42cf-a54f-4533be408412	13	9	2
100a517b-364c-42cf-a54f-4533be408412	14	2	2
100a517b-364c-42cf-a54f-4533be408412	14	9	2
100a517b-364c-42cf-a54f-4533be408412	15	2	3
100a517b-364c-42cf-a54f-4533be408412	15	9	2
100a517b-364c-42cf-a54f-4533be408412	16	2	2
100a517b-364c-42cf-a54f-4533be408412	16	3	2
100a517b-364c-42cf-a54f-4533be408412	16	9	2
100a517b-364c-42cf-a54f-4533be408412	17	2	2
100a517b-364c-42cf-a54f-4533be408412	17	3	2
100a517b-364c-42cf-a54f-4533be408412	17	9	2
100a517b-364c-42cf-a54f-4533be408412	18	2	2
100a517b-364c-42cf-a54f-4533be408412	18	3	2
100a517b-364c-42cf-a54f-4533be408412	18	9	2
100a517b-364c-42cf-a54f-4533be408412	19	2	2
100a517b-364c-42cf-a54f-4533be408412	19	3	2
100a517b-364c-42cf-a54f-4533be408412	19	9	2
100a517b-364c-42cf-a54f-4533be408412	20	2	2
100a517b-364c-42cf-a54f-4533be408412	20	3	2
100a517b-364c-42cf-a54f-4533be408412	20	9	2
100a517b-364c-42cf-a54f-4533be408412	21	2	2
100a517b-364c-42cf-a54f-4533be408412	21	3	1
100a517b-364c-42cf-a54f-4533be408412	21	6	2
100a517b-364c-42cf-a54f-4533be408412	21	9	2
100a517b-364c-42cf-a54f-4533be408412	22	2	2
100a517b-364c-42cf-a54f-4533be408412	22	3	2
100a517b-364c-42cf-a54f-4533be408412	22	6	1
100a517b-364c-42cf-a54f-4533be408412	22	9	3
100a517b-364c-42cf-a54f-4533be408412	23	2	1
100a517b-364c-42cf-a54f-4533be408412	23	3	2
100a517b-364c-42cf-a54f-4533be408412	23	6	3
100a517b-364c-42cf-a54f-4533be408412	23	9	1
100a517b-364c-42cf-a54f-4533be408412	24	2	2
100a517b-364c-42cf-a54f-4533be408412	24	3	2
100a517b-364c-42cf-a54f-4533be408412	24	6	1
100a517b-364c-42cf-a54f-4533be408412	24	9	2
100a517b-364c-42cf-a54f-4533be408412	25	2	2
100a517b-364c-42cf-a54f-4533be408412	25	3	2
100a517b-364c-42cf-a54f-4533be408412	25	6	3
100a517b-364c-42cf-a54f-4533be408412	25	9	2
100a517b-364c-42cf-a54f-4533be408412	26	2	2
100a517b-364c-42cf-a54f-4533be408412	26	3	1
100a517b-364c-42cf-a54f-4533be408412	26	6	2
100a517b-364c-42cf-a54f-4533be408412	26	9	0
100a517b-364c-42cf-a54f-4533be408412	27	2	2
100a517b-364c-42cf-a54f-4533be408412	27	3	2
100a517b-364c-42cf-a54f-4533be408412	27	6	2
100a517b-364c-42cf-a54f-4533be408412	27	8	2
100a517b-364c-42cf-a54f-4533be408412	27	9	0
100a517b-364c-42cf-a54f-4533be408412	28	2	2
100a517b-364c-42cf-a54f-4533be408412	28	3	2
100a517b-364c-42cf-a54f-4533be408412	28	6	1
100a517b-364c-42cf-a54f-4533be408412	28	8	2
100a517b-364c-42cf-a54f-4533be408412	28	9	0
100a517b-364c-42cf-a54f-4533be408412	29	2	2
100a517b-364c-42cf-a54f-4533be408412	29	3	2
100a517b-364c-42cf-a54f-4533be408412	29	6	2
100a517b-364c-42cf-a54f-4533be408412	29	8	2
100a517b-364c-42cf-a54f-4533be408412	29	9	0
100a517b-364c-42cf-a54f-4533be408412	30	2	2
100a517b-364c-42cf-a54f-4533be408412	30	3	2
100a517b-364c-42cf-a54f-4533be408412	30	6	2
100a517b-364c-42cf-a54f-4533be408412	30	8	2
100a517b-364c-42cf-a54f-4533be408412	30	9	0
100a517b-364c-42cf-a54f-4533be408412	31	2	2
100a517b-364c-42cf-a54f-4533be408412	31	3	2
100a517b-364c-42cf-a54f-4533be408412	31	6	2
100a517b-364c-42cf-a54f-4533be408412	31	8	2
100a517b-364c-42cf-a54f-4533be408412	31	9	0
100a517b-364c-42cf-a54f-4533be408412	32	2	2
100a517b-364c-42cf-a54f-4533be408412	32	3	2
100a517b-364c-42cf-a54f-4533be408412	32	6	1
100a517b-364c-42cf-a54f-4533be408412	32	8	2
100a517b-364c-42cf-a54f-4533be408412	32	9	0
100a517b-364c-42cf-a54f-4533be408412	33	2	2
100a517b-364c-42cf-a54f-4533be408412	33	3	2
100a517b-364c-42cf-a54f-4533be408412	33	6	2
100a517b-364c-42cf-a54f-4533be408412	33	8	2
100a517b-364c-42cf-a54f-4533be408412	33	9	0
100a517b-364c-42cf-a54f-4533be408412	34	2	2
100a517b-364c-42cf-a54f-4533be408412	34	3	2
100a517b-364c-42cf-a54f-4533be408412	34	6	2
100a517b-364c-42cf-a54f-4533be408412	34	8	2
100a517b-364c-42cf-a54f-4533be408412	34	9	0
100a517b-364c-42cf-a54f-4533be408412	35	2	2
100a517b-364c-42cf-a54f-4533be408412	35	3	2
100a517b-364c-42cf-a54f-4533be408412	35	4	2
100a517b-364c-42cf-a54f-4533be408412	35	6	2
100a517b-364c-42cf-a54f-4533be408412	35	8	2
100a517b-364c-42cf-a54f-4533be408412	35	9	0
100a517b-364c-42cf-a54f-4533be408412	36	1	2
100a517b-364c-42cf-a54f-4533be408412	36	2	1
100a517b-364c-42cf-a54f-4533be408412	36	3	2
100a517b-364c-42cf-a54f-4533be408412	36	4	2
100a517b-364c-42cf-a54f-4533be408412	36	6	2
100a517b-364c-42cf-a54f-4533be408412	36	8	2
100a517b-364c-42cf-a54f-4533be408412	36	9	0
100a517b-364c-42cf-a54f-4533be408412	37	1	2
100a517b-364c-42cf-a54f-4533be408412	37	2	2
100a517b-364c-42cf-a54f-4533be408412	37	3	2
100a517b-364c-42cf-a54f-4533be408412	37	4	2
100a517b-364c-42cf-a54f-4533be408412	37	6	2
100a517b-364c-42cf-a54f-4533be408412	37	8	1
100a517b-364c-42cf-a54f-4533be408412	37	9	0
100a517b-364c-42cf-a54f-4533be408412	38	1	2
100a517b-364c-42cf-a54f-4533be408412	38	2	2
100a517b-364c-42cf-a54f-4533be408412	38	3	2
100a517b-364c-42cf-a54f-4533be408412	38	4	2
100a517b-364c-42cf-a54f-4533be408412	38	6	2
100a517b-364c-42cf-a54f-4533be408412	38	8	3
100a517b-364c-42cf-a54f-4533be408412	38	9	0
100a517b-364c-42cf-a54f-4533be408412	39	0	2
100a517b-364c-42cf-a54f-4533be408412	39	1	2
100a517b-364c-42cf-a54f-4533be408412	39	2	2
100a517b-364c-42cf-a54f-4533be408412	39	3	2
100a517b-364c-42cf-a54f-4533be408412	39	4	2
100a517b-364c-42cf-a54f-4533be408412	39	6	2
100a517b-364c-42cf-a54f-4533be408412	39	8	2
100a517b-364c-42cf-a54f-4533be408412	39	9	0
100a517b-364c-42cf-a54f-4533be408412	40	0	1
100a517b-364c-42cf-a54f-4533be408412	40	1	2
100a517b-364c-42cf-a54f-4533be408412	40	2	1
100a517b-364c-42cf-a54f-4533be408412	40	3	3
100a517b-364c-42cf-a54f-4533be408412	40	4	2
100a517b-364c-42cf-a54f-4533be408412	40	6	2
100a517b-364c-42cf-a54f-4533be408412	40	8	2
100a517b-364c-42cf-a54f-4533be408412	40	9	0
100a517b-364c-42cf-a54f-4533be408412	41	0	3
100a517b-364c-42cf-a54f-4533be408412	41	1	2
100a517b-364c-42cf-a54f-4533be408412	41	2	2
100a517b-364c-42cf-a54f-4533be408412	41	3	2
100a517b-364c-42cf-a54f-4533be408412	41	4	2
100a517b-364c-42cf-a54f-4533be408412	41	5	2
100a517b-364c-42cf-a54f-4533be408412	41	6	2
100a517b-364c-42cf-a54f-4533be408412	41	8	0
100a517b-364c-42cf-a54f-4533be408412	41	9	0
100a517b-364c-42cf-a54f-4533be408412	42	0	1
100a517b-364c-42cf-a54f-4533be408412	42	1	2
100a517b-364c-42cf-a54f-4533be408412	42	2	2
100a517b-364c-42cf-a54f-4533be408412	42	3	2
100a517b-364c-42cf-a54f-4533be408412	42	4	2
100a517b-364c-42cf-a54f-4533be408412	42	5	2
100a517b-364c-42cf-a54f-4533be408412	42	6	1
100a517b-364c-42cf-a54f-4533be408412	42	8	0
100a517b-364c-42cf-a54f-4533be408412	42	9	0
100a517b-364c-42cf-a54f-4533be408412	43	0	3
100a517b-364c-42cf-a54f-4533be408412	43	1	2
100a517b-364c-42cf-a54f-4533be408412	43	2	2
100a517b-364c-42cf-a54f-4533be408412	43	3	2
100a517b-364c-42cf-a54f-4533be408412	43	4	2
100a517b-364c-42cf-a54f-4533be408412	43	5	2
100a517b-364c-42cf-a54f-4533be408412	43	6	2
100a517b-364c-42cf-a54f-4533be408412	43	8	0
100a517b-364c-42cf-a54f-4533be408412	43	9	0
100a517b-364c-42cf-a54f-4533be408412	44	0	2
100a517b-364c-42cf-a54f-4533be408412	44	1	2
100a517b-364c-42cf-a54f-4533be408412	44	2	2
100a517b-364c-42cf-a54f-4533be408412	44	3	2
100a517b-364c-42cf-a54f-4533be408412	44	4	2
100a517b-364c-42cf-a54f-4533be408412	44	5	2
100a517b-364c-42cf-a54f-4533be408412	44	6	2
100a517b-364c-42cf-a54f-4533be408412	44	8	0
100a517b-364c-42cf-a54f-4533be408412	44	9	0
100a517b-364c-42cf-a54f-4533be408412	45	0	2
100a517b-364c-42cf-a54f-4533be408412	45	1	2
100a517b-364c-42cf-a54f-4533be408412	45	2	2
100a517b-364c-42cf-a54f-4533be408412	45	3	2
100a517b-364c-42cf-a54f-4533be408412	45	4	2
100a517b-364c-42cf-a54f-4533be408412	45	5	2
100a517b-364c-42cf-a54f-4533be408412	45	6	3
100a517b-364c-42cf-a54f-4533be408412	45	8	0
100a517b-364c-42cf-a54f-4533be408412	45	9	0
100a517b-364c-42cf-a54f-4533be408412	46	0	1
100a517b-364c-42cf-a54f-4533be408412	46	1	2
100a517b-364c-42cf-a54f-4533be408412	46	2	2
100a517b-364c-42cf-a54f-4533be408412	46	3	2
100a517b-364c-42cf-a54f-4533be408412	46	4	2
100a517b-364c-42cf-a54f-4533be408412	46	5	2
100a517b-364c-42cf-a54f-4533be408412	46	6	2
100a517b-364c-42cf-a54f-4533be408412	46	8	0
100a517b-364c-42cf-a54f-4533be408412	46	9	0
100a517b-364c-42cf-a54f-4533be408412	47	0	2
100a517b-364c-42cf-a54f-4533be408412	47	1	2
100a517b-364c-42cf-a54f-4533be408412	47	2	2
100a517b-364c-42cf-a54f-4533be408412	47	3	2
100a517b-364c-42cf-a54f-4533be408412	47	4	2
100a517b-364c-42cf-a54f-4533be408412	47	5	1
100a517b-364c-42cf-a54f-4533be408412	47	6	1
100a517b-364c-42cf-a54f-4533be408412	47	7	2
100a517b-364c-42cf-a54f-4533be408412	47	8	0
100a517b-364c-42cf-a54f-4533be408412	47	9	0
100a517b-364c-42cf-a54f-4533be408412	48	0	2
100a517b-364c-42cf-a54f-4533be408412	48	1	2
100a517b-364c-42cf-a54f-4533be408412	48	2	2
100a517b-364c-42cf-a54f-4533be408412	48	3	2
100a517b-364c-42cf-a54f-4533be408412	48	4	2
100a517b-364c-42cf-a54f-4533be408412	48	5	2
100a517b-364c-42cf-a54f-4533be408412	48	6	2
100a517b-364c-42cf-a54f-4533be408412	48	7	2
100a517b-364c-42cf-a54f-4533be408412	48	8	0
100a517b-364c-42cf-a54f-4533be408412	48	9	0
100a517b-364c-42cf-a54f-4533be408412	49	0	2
100a517b-364c-42cf-a54f-4533be408412	49	1	2
100a517b-364c-42cf-a54f-4533be408412	49	2	2
100a517b-364c-42cf-a54f-4533be408412	49	3	2
100a517b-364c-42cf-a54f-4533be408412	49	4	2
100a517b-364c-42cf-a54f-4533be408412	49	5	2
100a517b-364c-42cf-a54f-4533be408412	49	6	3
100a517b-364c-42cf-a54f-4533be408412	49	7	2
100a517b-364c-42cf-a54f-4533be408412	49	8	0
100a517b-364c-42cf-a54f-4533be408412	49	9	0
100a517b-364c-42cf-a54f-4533be408412	50	0	1
100a517b-364c-42cf-a54f-4533be408412	50	1	2
100a517b-364c-42cf-a54f-4533be408412	50	2	1
100a517b-364c-42cf-a54f-4533be408412	50	3	2
100a517b-364c-42cf-a54f-4533be408412	50	4	2
100a517b-364c-42cf-a54f-4533be408412	50	5	2
100a517b-364c-42cf-a54f-4533be408412	50	6	1
100a517b-364c-42cf-a54f-4533be408412	50	7	2
100a517b-364c-42cf-a54f-4533be408412	50	8	0
100a517b-364c-42cf-a54f-4533be408412	50	9	0
100a517b-364c-42cf-a54f-4533be408412	51	0	2
100a517b-364c-42cf-a54f-4533be408412	51	1	2
100a517b-364c-42cf-a54f-4533be408412	51	2	2
100a517b-364c-42cf-a54f-4533be408412	51	3	2
100a517b-364c-42cf-a54f-4533be408412	51	4	2
100a517b-364c-42cf-a54f-4533be408412	51	5	1
100a517b-364c-42cf-a54f-4533be408412	51	6	2
100a517b-364c-42cf-a54f-4533be408412	51	7	2
100a517b-364c-42cf-a54f-4533be408412	51	8	0
100a517b-364c-42cf-a54f-4533be408412	51	9	0
100a517b-364c-42cf-a54f-4533be408412	52	0	2
100a517b-364c-42cf-a54f-4533be408412	52	1	2
100a517b-364c-42cf-a54f-4533be408412	52	2	2
100a517b-364c-42cf-a54f-4533be408412	52	3	2
100a517b-364c-42cf-a54f-4533be408412	52	4	2
100a517b-364c-42cf-a54f-4533be408412	52	5	2
100a517b-364c-42cf-a54f-4533be408412	52	6	2
100a517b-364c-42cf-a54f-4533be408412	52	7	2
100a517b-364c-42cf-a54f-4533be408412	52	8	0
100a517b-364c-42cf-a54f-4533be408412	52	9	0
100a517b-364c-42cf-a54f-4533be408412	53	0	2
100a517b-364c-42cf-a54f-4533be408412	53	1	2
100a517b-364c-42cf-a54f-4533be408412	53	2	3
100a517b-364c-42cf-a54f-4533be408412	53	3	3
100a517b-364c-42cf-a54f-4533be408412	53	4	3
100a517b-364c-42cf-a54f-4533be408412	53	5	2
100a517b-364c-42cf-a54f-4533be408412	53	6	2
100a517b-364c-42cf-a54f-4533be408412	53	7	2
100a517b-364c-42cf-a54f-4533be408412	53	8	0
100a517b-364c-42cf-a54f-4533be408412	53	9	0
100a517b-364c-42cf-a54f-4533be408412	54	0	2
100a517b-364c-42cf-a54f-4533be408412	54	1	3
100a517b-364c-42cf-a54f-4533be408412	54	2	2
100a517b-364c-42cf-a54f-4533be408412	54	3	2
100a517b-364c-42cf-a54f-4533be408412	54	4	2
100a517b-364c-42cf-a54f-4533be408412	54	5	2
100a517b-364c-42cf-a54f-4533be408412	54	6	2
100a517b-364c-42cf-a54f-4533be408412	54	7	2
100a517b-364c-42cf-a54f-4533be408412	54	8	0
100a517b-364c-42cf-a54f-4533be408412	54	9	0
100a517b-364c-42cf-a54f-4533be408412	55	0	2
100a517b-364c-42cf-a54f-4533be408412	55	1	2
100a517b-364c-42cf-a54f-4533be408412	55	2	1
100a517b-364c-42cf-a54f-4533be408412	55	3	2
100a517b-364c-42cf-a54f-4533be408412	55	4	2
100a517b-364c-42cf-a54f-4533be408412	55	5	2
100a517b-364c-42cf-a54f-4533be408412	55	6	2
100a517b-364c-42cf-a54f-4533be408412	55	7	2
100a517b-364c-42cf-a54f-4533be408412	55	8	0
100a517b-364c-42cf-a54f-4533be408412	55	9	0
100a517b-364c-42cf-a54f-4533be408412	56	0	2
100a517b-364c-42cf-a54f-4533be408412	56	1	2
100a517b-364c-42cf-a54f-4533be408412	56	2	2
100a517b-364c-42cf-a54f-4533be408412	56	3	2
100a517b-364c-42cf-a54f-4533be408412	56	4	2
100a517b-364c-42cf-a54f-4533be408412	56	5	2
100a517b-364c-42cf-a54f-4533be408412	56	6	2
100a517b-364c-42cf-a54f-4533be408412	56	7	2
100a517b-364c-42cf-a54f-4533be408412	56	8	0
100a517b-364c-42cf-a54f-4533be408412	56	9	0
100a517b-364c-42cf-a54f-4533be408412	57	0	2
100a517b-364c-42cf-a54f-4533be408412	57	1	2
100a517b-364c-42cf-a54f-4533be408412	57	2	3
100a517b-364c-42cf-a54f-4533be408412	57	3	2
100a517b-364c-42cf-a54f-4533be408412	57	4	2
100a517b-364c-42cf-a54f-4533be408412	57	5	2
100a517b-364c-42cf-a54f-4533be408412	57	6	2
100a517b-364c-42cf-a54f-4533be408412	57	7	2
100a517b-364c-42cf-a54f-4533be408412	57	8	0
100a517b-364c-42cf-a54f-4533be408412	57	9	0
100a517b-364c-42cf-a54f-4533be408412	58	0	2
100a517b-364c-42cf-a54f-4533be408412	58	1	2
100a517b-364c-42cf-a54f-4533be408412	58	2	1
100a517b-364c-42cf-a54f-4533be408412	58	3	3
100a517b-364c-42cf-a54f-4533be408412	58	4	3
100a517b-364c-42cf-a54f-4533be408412	58	5	2
100a517b-364c-42cf-a54f-4533be408412	58	6	2
100a517b-364c-42cf-a54f-4533be408412	58	7	2
100a517b-364c-42cf-a54f-4533be408412	58	8	0
100a517b-364c-42cf-a54f-4533be408412	58	9	0
100a517b-364c-42cf-a54f-4533be408412	59	0	2
100a517b-364c-42cf-a54f-4533be408412	59	1	3
100a517b-364c-42cf-a54f-4533be408412	59	2	2
100a517b-364c-42cf-a54f-4533be408412	59	3	2
100a517b-364c-42cf-a54f-4533be408412	59	4	2
100a517b-364c-42cf-a54f-4533be408412	59	5	2
100a517b-364c-42cf-a54f-4533be408412	59	6	2
100a517b-364c-42cf-a54f-4533be408412	59	7	2
100a517b-364c-42cf-a54f-4533be408412	59	8	0
100a517b-364c-42cf-a54f-4533be408412	59	9	0
100a517b-364c-42cf-a54f-4533be408412	60	0	1
100a517b-364c-42cf-a54f-4533be408412	60	1	2
100a517b-364c-42cf-a54f-4533be408412	60	2	2
100a517b-364c-42cf-a54f-4533be408412	60	3	2
100a517b-364c-42cf-a54f-4533be408412	60	4	2
100a517b-364c-42cf-a54f-4533be408412	60	5	2
100a517b-364c-42cf-a54f-4533be408412	60	6	2
100a517b-364c-42cf-a54f-4533be408412	60	7	2
100a517b-364c-42cf-a54f-4533be408412	60	8	0
100a517b-364c-42cf-a54f-4533be408412	60	9	0
100a517b-364c-42cf-a54f-4533be408412	61	0	2
100a517b-364c-42cf-a54f-4533be408412	61	1	2
100a517b-364c-42cf-a54f-4533be408412	61	2	2
100a517b-364c-42cf-a54f-4533be408412	61	3	2
100a517b-364c-42cf-a54f-4533be408412	61	4	2
100a517b-364c-42cf-a54f-4533be408412	61	5	1
100a517b-364c-42cf-a54f-4533be408412	61	6	2
100a517b-364c-42cf-a54f-4533be408412	61	7	2
100a517b-364c-42cf-a54f-4533be408412	61	8	0
100a517b-364c-42cf-a54f-4533be408412	61	9	0
100a517b-364c-42cf-a54f-4533be408412	62	0	2
100a517b-364c-42cf-a54f-4533be408412	62	1	2
100a517b-364c-42cf-a54f-4533be408412	62	2	2
100a517b-364c-42cf-a54f-4533be408412	62	3	2
100a517b-364c-42cf-a54f-4533be408412	62	4	2
100a517b-364c-42cf-a54f-4533be408412	62	5	2
100a517b-364c-42cf-a54f-4533be408412	62	6	2
100a517b-364c-42cf-a54f-4533be408412	62	7	2
100a517b-364c-42cf-a54f-4533be408412	62	8	0
100a517b-364c-42cf-a54f-4533be408412	62	9	0
100a517b-364c-42cf-a54f-4533be408412	63	0	3
100a517b-364c-42cf-a54f-4533be408412	63	1	2
100a517b-364c-42cf-a54f-4533be408412	63	2	2
100a517b-364c-42cf-a54f-4533be408412	63	3	2
100a517b-364c-42cf-a54f-4533be408412	63	4	2
100a517b-364c-42cf-a54f-4533be408412	63	5	2
100a517b-364c-42cf-a54f-4533be408412	63	6	2
100a517b-364c-42cf-a54f-4533be408412	63	7	2
100a517b-364c-42cf-a54f-4533be408412	63	8	0
100a517b-364c-42cf-a54f-4533be408412	63	9	0
100a517b-364c-42cf-a54f-4533be408412	64	0	2
100a517b-364c-42cf-a54f-4533be408412	64	1	2
100a517b-364c-42cf-a54f-4533be408412	64	2	2
100a517b-364c-42cf-a54f-4533be408412	64	3	2
100a517b-364c-42cf-a54f-4533be408412	64	4	2
100a517b-364c-42cf-a54f-4533be408412	64	5	3
100a517b-364c-42cf-a54f-4533be408412	64	6	3
100a517b-364c-42cf-a54f-4533be408412	64	7	2
100a517b-364c-42cf-a54f-4533be408412	64	8	0
100a517b-364c-42cf-a54f-4533be408412	64	9	0
100a517b-364c-42cf-a54f-4533be408412	65	0	1
100a517b-364c-42cf-a54f-4533be408412	65	1	2
100a517b-364c-42cf-a54f-4533be408412	65	2	2
100a517b-364c-42cf-a54f-4533be408412	65	3	2
100a517b-364c-42cf-a54f-4533be408412	65	4	2
100a517b-364c-42cf-a54f-4533be408412	65	5	2
100a517b-364c-42cf-a54f-4533be408412	65	6	2
100a517b-364c-42cf-a54f-4533be408412	65	7	3
100a517b-364c-42cf-a54f-4533be408412	65	8	0
100a517b-364c-42cf-a54f-4533be408412	65	9	0
100a517b-364c-42cf-a54f-4533be408412	66	0	2
100a517b-364c-42cf-a54f-4533be408412	66	1	2
100a517b-364c-42cf-a54f-4533be408412	66	2	2
100a517b-364c-42cf-a54f-4533be408412	66	3	2
100a517b-364c-42cf-a54f-4533be408412	66	4	1
100a517b-364c-42cf-a54f-4533be408412	66	5	1
100a517b-364c-42cf-a54f-4533be408412	66	6	2
100a517b-364c-42cf-a54f-4533be408412	66	7	2
100a517b-364c-42cf-a54f-4533be408412	66	8	0
100a517b-364c-42cf-a54f-4533be408412	66	9	0
100a517b-364c-42cf-a54f-4533be408412	67	0	3
100a517b-364c-42cf-a54f-4533be408412	67	1	1
100a517b-364c-42cf-a54f-4533be408412	67	2	2
100a517b-364c-42cf-a54f-4533be408412	67	3	2
100a517b-364c-42cf-a54f-4533be408412	67	4	2
100a517b-364c-42cf-a54f-4533be408412	67	5	1
100a517b-364c-42cf-a54f-4533be408412	67	6	2
100a517b-364c-42cf-a54f-4533be408412	67	7	2
100a517b-364c-42cf-a54f-4533be408412	67	8	0
100a517b-364c-42cf-a54f-4533be408412	67	9	0
100a517b-364c-42cf-a54f-4533be408412	68	0	1
100a517b-364c-42cf-a54f-4533be408412	68	1	2
100a517b-364c-42cf-a54f-4533be408412	68	2	2
100a517b-364c-42cf-a54f-4533be408412	68	3	3
100a517b-364c-42cf-a54f-4533be408412	68	4	2
100a517b-364c-42cf-a54f-4533be408412	68	5	1
100a517b-364c-42cf-a54f-4533be408412	68	6	2
100a517b-364c-42cf-a54f-4533be408412	68	7	2
100a517b-364c-42cf-a54f-4533be408412	68	8	0
100a517b-364c-42cf-a54f-4533be408412	68	9	0
100a517b-364c-42cf-a54f-4533be408412	69	0	2
100a517b-364c-42cf-a54f-4533be408412	69	1	2
100a517b-364c-42cf-a54f-4533be408412	69	2	2
100a517b-364c-42cf-a54f-4533be408412	69	3	1
100a517b-364c-42cf-a54f-4533be408412	69	4	2
100a517b-364c-42cf-a54f-4533be408412	69	5	2
100a517b-364c-42cf-a54f-4533be408412	69	6	3
100a517b-364c-42cf-a54f-4533be408412	69	7	2
100a517b-364c-42cf-a54f-4533be408412	69	8	0
100a517b-364c-42cf-a54f-4533be408412	69	9	0
100a517b-364c-42cf-a54f-4533be408412	70	0	2
100a517b-364c-42cf-a54f-4533be408412	70	1	2
100a517b-364c-42cf-a54f-4533be408412	70	2	2
100a517b-364c-42cf-a54f-4533be408412	70	3	2
100a517b-364c-42cf-a54f-4533be408412	70	4	2
100a517b-364c-42cf-a54f-4533be408412	70	5	3
100a517b-364c-42cf-a54f-4533be408412	70	6	2
100a517b-364c-42cf-a54f-4533be408412	70	7	3
100a517b-364c-42cf-a54f-4533be408412	70	8	0
100a517b-364c-42cf-a54f-4533be408412	70	9	0
100a517b-364c-42cf-a54f-4533be408412	71	0	2
100a517b-364c-42cf-a54f-4533be408412	71	1	2
100a517b-364c-42cf-a54f-4533be408412	71	2	2
100a517b-364c-42cf-a54f-4533be408412	71	3	2
100a517b-364c-42cf-a54f-4533be408412	71	4	2
100a517b-364c-42cf-a54f-4533be408412	71	5	1
100a517b-364c-42cf-a54f-4533be408412	71	6	3
100a517b-364c-42cf-a54f-4533be408412	71	7	2
100a517b-364c-42cf-a54f-4533be408412	71	8	0
100a517b-364c-42cf-a54f-4533be408412	71	9	0
100a517b-364c-42cf-a54f-4533be408412	72	0	2
100a517b-364c-42cf-a54f-4533be408412	72	1	2
100a517b-364c-42cf-a54f-4533be408412	72	2	3
100a517b-364c-42cf-a54f-4533be408412	72	3	2
100a517b-364c-42cf-a54f-4533be408412	72	4	3
100a517b-364c-42cf-a54f-4533be408412	72	5	2
100a517b-364c-42cf-a54f-4533be408412	72	6	1
100a517b-364c-42cf-a54f-4533be408412	72	7	2
100a517b-364c-42cf-a54f-4533be408412	72	8	0
100a517b-364c-42cf-a54f-4533be408412	72	9	0
100a517b-364c-42cf-a54f-4533be408412	73	0	2
100a517b-364c-42cf-a54f-4533be408412	73	1	2
100a517b-364c-42cf-a54f-4533be408412	73	2	2
100a517b-364c-42cf-a54f-4533be408412	73	3	2
100a517b-364c-42cf-a54f-4533be408412	73	4	1
100a517b-364c-42cf-a54f-4533be408412	73	5	2
100a517b-364c-42cf-a54f-4533be408412	73	6	2
100a517b-364c-42cf-a54f-4533be408412	73	7	2
100a517b-364c-42cf-a54f-4533be408412	73	8	0
100a517b-364c-42cf-a54f-4533be408412	73	9	0
100a517b-364c-42cf-a54f-4533be408412	74	0	2
100a517b-364c-42cf-a54f-4533be408412	74	1	1
100a517b-364c-42cf-a54f-4533be408412	74	2	2
100a517b-364c-42cf-a54f-4533be408412	74	3	3
100a517b-364c-42cf-a54f-4533be408412	74	4	2
100a517b-364c-42cf-a54f-4533be408412	74	5	2
100a517b-364c-42cf-a54f-4533be408412	74	6	2
100a517b-364c-42cf-a54f-4533be408412	74	7	2
100a517b-364c-42cf-a54f-4533be408412	74	8	0
100a517b-364c-42cf-a54f-4533be408412	74	9	0
100a517b-364c-42cf-a54f-4533be408412	75	0	2
100a517b-364c-42cf-a54f-4533be408412	75	1	3
100a517b-364c-42cf-a54f-4533be408412	75	2	2
100a517b-364c-42cf-a54f-4533be408412	75	3	2
100a517b-364c-42cf-a54f-4533be408412	75	4	0
100a517b-364c-42cf-a54f-4533be408412	75	5	2
100a517b-364c-42cf-a54f-4533be408412	75	6	0
100a517b-364c-42cf-a54f-4533be408412	75	7	2
100a517b-364c-42cf-a54f-4533be408412	75	8	0
100a517b-364c-42cf-a54f-4533be408412	75	9	0
100a517b-364c-42cf-a54f-4533be408412	76	0	2
100a517b-364c-42cf-a54f-4533be408412	76	1	0
100a517b-364c-42cf-a54f-4533be408412	76	2	2
100a517b-364c-42cf-a54f-4533be408412	76	3	1
100a517b-364c-42cf-a54f-4533be408412	76	4	0
100a517b-364c-42cf-a54f-4533be408412	76	5	2
100a517b-364c-42cf-a54f-4533be408412	76	6	0
100a517b-364c-42cf-a54f-4533be408412	76	7	2
100a517b-364c-42cf-a54f-4533be408412	76	8	0
100a517b-364c-42cf-a54f-4533be408412	76	9	0
100a517b-364c-42cf-a54f-4533be408412	77	0	2
100a517b-364c-42cf-a54f-4533be408412	77	1	0
100a517b-364c-42cf-a54f-4533be408412	77	2	3
100a517b-364c-42cf-a54f-4533be408412	77	3	2
100a517b-364c-42cf-a54f-4533be408412	77	4	0
100a517b-364c-42cf-a54f-4533be408412	77	5	2
100a517b-364c-42cf-a54f-4533be408412	77	6	0
100a517b-364c-42cf-a54f-4533be408412	77	7	2
100a517b-364c-42cf-a54f-4533be408412	77	8	0
100a517b-364c-42cf-a54f-4533be408412	77	9	0
100a517b-364c-42cf-a54f-4533be408412	78	0	2
100a517b-364c-42cf-a54f-4533be408412	78	1	0
100a517b-364c-42cf-a54f-4533be408412	78	2	2
100a517b-364c-42cf-a54f-4533be408412	78	3	2
100a517b-364c-42cf-a54f-4533be408412	78	4	0
100a517b-364c-42cf-a54f-4533be408412	78	5	2
100a517b-364c-42cf-a54f-4533be408412	78	6	0
100a517b-364c-42cf-a54f-4533be408412	78	7	1
100a517b-364c-42cf-a54f-4533be408412	78	8	0
100a517b-364c-42cf-a54f-4533be408412	78	9	0
100a517b-364c-42cf-a54f-4533be408412	79	0	2
100a517b-364c-42cf-a54f-4533be408412	79	1	0
100a517b-364c-42cf-a54f-4533be408412	79	2	3
100a517b-364c-42cf-a54f-4533be408412	79	3	3
100a517b-364c-42cf-a54f-4533be408412	79	4	0
100a517b-364c-42cf-a54f-4533be408412	79	5	2
100a517b-364c-42cf-a54f-4533be408412	79	6	0
100a517b-364c-42cf-a54f-4533be408412	79	7	2
100a517b-364c-42cf-a54f-4533be408412	79	8	0
100a517b-364c-42cf-a54f-4533be408412	79	9	0
100a517b-364c-42cf-a54f-4533be408412	80	0	2
100a517b-364c-42cf-a54f-4533be408412	80	1	0
100a517b-364c-42cf-a54f-4533be408412	80	2	1
100a517b-364c-42cf-a54f-4533be408412	80	3	1
100a517b-364c-42cf-a54f-4533be408412	80	4	0
100a517b-364c-42cf-a54f-4533be408412	80	5	2
100a517b-364c-42cf-a54f-4533be408412	80	6	0
100a517b-364c-42cf-a54f-4533be408412	80	7	2
100a517b-364c-42cf-a54f-4533be408412	80	8	0
100a517b-364c-42cf-a54f-4533be408412	80	9	0
100a517b-364c-42cf-a54f-4533be408412	81	0	2
100a517b-364c-42cf-a54f-4533be408412	81	1	0
100a517b-364c-42cf-a54f-4533be408412	81	2	2
100a517b-364c-42cf-a54f-4533be408412	81	3	3
100a517b-364c-42cf-a54f-4533be408412	81	4	0
100a517b-364c-42cf-a54f-4533be408412	81	5	2
100a517b-364c-42cf-a54f-4533be408412	81	6	0
100a517b-364c-42cf-a54f-4533be408412	81	7	2
100a517b-364c-42cf-a54f-4533be408412	81	8	0
100a517b-364c-42cf-a54f-4533be408412	81	9	0
100a517b-364c-42cf-a54f-4533be408412	82	0	3
100a517b-364c-42cf-a54f-4533be408412	82	1	0
100a517b-364c-42cf-a54f-4533be408412	82	2	2
100a517b-364c-42cf-a54f-4533be408412	82	3	2
100a517b-364c-42cf-a54f-4533be408412	82	4	0
100a517b-364c-42cf-a54f-4533be408412	82	5	2
100a517b-364c-42cf-a54f-4533be408412	82	6	0
100a517b-364c-42cf-a54f-4533be408412	82	7	2
100a517b-364c-42cf-a54f-4533be408412	82	8	0
100a517b-364c-42cf-a54f-4533be408412	82	9	0
100a517b-364c-42cf-a54f-4533be408412	83	0	2
100a517b-364c-42cf-a54f-4533be408412	83	1	0
100a517b-364c-42cf-a54f-4533be408412	83	2	0
100a517b-364c-42cf-a54f-4533be408412	83	3	3
100a517b-364c-42cf-a54f-4533be408412	83	4	0
100a517b-364c-42cf-a54f-4533be408412	83	5	2
100a517b-364c-42cf-a54f-4533be408412	83	6	0
100a517b-364c-42cf-a54f-4533be408412	83	7	2
100a517b-364c-42cf-a54f-4533be408412	83	8	0
100a517b-364c-42cf-a54f-4533be408412	83	9	0
100a517b-364c-42cf-a54f-4533be408412	84	0	2
100a517b-364c-42cf-a54f-4533be408412	84	1	0
100a517b-364c-42cf-a54f-4533be408412	84	2	0
100a517b-364c-42cf-a54f-4533be408412	84	3	1
100a517b-364c-42cf-a54f-4533be408412	84	4	0
100a517b-364c-42cf-a54f-4533be408412	84	5	2
100a517b-364c-42cf-a54f-4533be408412	84	6	0
100a517b-364c-42cf-a54f-4533be408412	84	7	2
100a517b-364c-42cf-a54f-4533be408412	84	8	0
100a517b-364c-42cf-a54f-4533be408412	84	9	0
100a517b-364c-42cf-a54f-4533be408412	85	0	2
100a517b-364c-42cf-a54f-4533be408412	85	1	0
100a517b-364c-42cf-a54f-4533be408412	85	2	0
100a517b-364c-42cf-a54f-4533be408412	85	3	2
100a517b-364c-42cf-a54f-4533be408412	85	4	0
100a517b-364c-42cf-a54f-4533be408412	85	5	3
100a517b-364c-42cf-a54f-4533be408412	85	6	0
100a517b-364c-42cf-a54f-4533be408412	85	7	1
100a517b-364c-42cf-a54f-4533be408412	85	8	0
100a517b-364c-42cf-a54f-4533be408412	85	9	0
100a517b-364c-42cf-a54f-4533be408412	86	0	2
100a517b-364c-42cf-a54f-4533be408412	86	1	0
100a517b-364c-42cf-a54f-4533be408412	86	2	0
100a517b-364c-42cf-a54f-4533be408412	86	3	2
100a517b-364c-42cf-a54f-4533be408412	86	4	0
100a517b-364c-42cf-a54f-4533be408412	86	5	2
100a517b-364c-42cf-a54f-4533be408412	86	6	0
100a517b-364c-42cf-a54f-4533be408412	86	7	3
100a517b-364c-42cf-a54f-4533be408412	86	8	0
100a517b-364c-42cf-a54f-4533be408412	86	9	0
100a517b-364c-42cf-a54f-4533be408412	87	0	3
100a517b-364c-42cf-a54f-4533be408412	87	1	0
100a517b-364c-42cf-a54f-4533be408412	87	2	0
100a517b-364c-42cf-a54f-4533be408412	87	3	0
100a517b-364c-42cf-a54f-4533be408412	87	4	0
100a517b-364c-42cf-a54f-4533be408412	87	5	2
100a517b-364c-42cf-a54f-4533be408412	87	6	0
100a517b-364c-42cf-a54f-4533be408412	87	7	0
100a517b-364c-42cf-a54f-4533be408412	87	8	0
100a517b-364c-42cf-a54f-4533be408412	87	9	0
100a517b-364c-42cf-a54f-4533be408412	88	0	2
100a517b-364c-42cf-a54f-4533be408412	88	1	0
100a517b-364c-42cf-a54f-4533be408412	88	2	0
100a517b-364c-42cf-a54f-4533be408412	88	3	0
100a517b-364c-42cf-a54f-4533be408412	88	4	0
100a517b-364c-42cf-a54f-4533be408412	88	5	2
100a517b-364c-42cf-a54f-4533be408412	88	6	0
100a517b-364c-42cf-a54f-4533be408412	88	7	0
100a517b-364c-42cf-a54f-4533be408412	88	8	0
100a517b-364c-42cf-a54f-4533be408412	88	9	0
100a517b-364c-42cf-a54f-4533be408412	89	0	3
100a517b-364c-42cf-a54f-4533be408412	89	1	0
100a517b-364c-42cf-a54f-4533be408412	89	2	0
100a517b-364c-42cf-a54f-4533be408412	89	3	0
100a517b-364c-42cf-a54f-4533be408412	89	4	0
100a517b-364c-42cf-a54f-4533be408412	89	5	2
100a517b-364c-42cf-a54f-4533be408412	89	6	0
100a517b-364c-42cf-a54f-4533be408412	89	7	0
100a517b-364c-42cf-a54f-4533be408412	89	8	0
100a517b-364c-42cf-a54f-4533be408412	89	9	0
100a517b-364c-42cf-a54f-4533be408412	90	0	1
100a517b-364c-42cf-a54f-4533be408412	90	1	0
100a517b-364c-42cf-a54f-4533be408412	90	2	0
100a517b-364c-42cf-a54f-4533be408412	90	3	0
100a517b-364c-42cf-a54f-4533be408412	90	4	0
100a517b-364c-42cf-a54f-4533be408412	90	5	3
100a517b-364c-42cf-a54f-4533be408412	90	6	0
100a517b-364c-42cf-a54f-4533be408412	90	7	0
100a517b-364c-42cf-a54f-4533be408412	90	8	0
100a517b-364c-42cf-a54f-4533be408412	90	9	0
100a517b-364c-42cf-a54f-4533be408412	91	0	2
100a517b-364c-42cf-a54f-4533be408412	91	1	0
100a517b-364c-42cf-a54f-4533be408412	91	2	0
100a517b-364c-42cf-a54f-4533be408412	91	3	0
100a517b-364c-42cf-a54f-4533be408412	91	4	0
100a517b-364c-42cf-a54f-4533be408412	91	5	2
100a517b-364c-42cf-a54f-4533be408412	91	6	0
100a517b-364c-42cf-a54f-4533be408412	91	7	0
100a517b-364c-42cf-a54f-4533be408412	91	8	0
100a517b-364c-42cf-a54f-4533be408412	91	9	0
100a517b-364c-42cf-a54f-4533be408412	92	0	2
100a517b-364c-42cf-a54f-4533be408412	92	1	0
100a517b-364c-42cf-a54f-4533be408412	92	2	0
100a517b-364c-42cf-a54f-4533be408412	92	3	0
100a517b-364c-42cf-a54f-4533be408412	92	4	0
100a517b-364c-42cf-a54f-4533be408412	92	5	3
100a517b-364c-42cf-a54f-4533be408412	92	6	0
100a517b-364c-42cf-a54f-4533be408412	92	7	0
100a517b-364c-42cf-a54f-4533be408412	92	8	0
100a517b-364c-42cf-a54f-4533be408412	92	9	0
100a517b-364c-42cf-a54f-4533be408412	93	0	0
100a517b-364c-42cf-a54f-4533be408412	93	1	0
100a517b-364c-42cf-a54f-4533be408412	93	2	0
100a517b-364c-42cf-a54f-4533be408412	93	3	0
100a517b-364c-42cf-a54f-4533be408412	93	4	0
100a517b-364c-42cf-a54f-4533be408412	93	5	1
100a517b-364c-42cf-a54f-4533be408412	93	6	0
100a517b-364c-42cf-a54f-4533be408412	93	7	0
100a517b-364c-42cf-a54f-4533be408412	93	8	0
100a517b-364c-42cf-a54f-4533be408412	93	9	0
100a517b-364c-42cf-a54f-4533be408412	94	0	0
100a517b-364c-42cf-a54f-4533be408412	94	1	0
100a517b-364c-42cf-a54f-4533be408412	94	2	0
100a517b-364c-42cf-a54f-4533be408412	94	3	0
100a517b-364c-42cf-a54f-4533be408412	94	4	0
100a517b-364c-42cf-a54f-4533be408412	94	5	2
100a517b-364c-42cf-a54f-4533be408412	94	6	0
100a517b-364c-42cf-a54f-4533be408412	94	7	0
100a517b-364c-42cf-a54f-4533be408412	94	8	0
100a517b-364c-42cf-a54f-4533be408412	94	9	0
100a517b-364c-42cf-a54f-4533be408412	95	0	0
100a517b-364c-42cf-a54f-4533be408412	95	1	0
100a517b-364c-42cf-a54f-4533be408412	95	2	0
100a517b-364c-42cf-a54f-4533be408412	95	3	0
100a517b-364c-42cf-a54f-4533be408412	95	4	0
100a517b-364c-42cf-a54f-4533be408412	95	5	2
100a517b-364c-42cf-a54f-4533be408412	95	6	0
100a517b-364c-42cf-a54f-4533be408412	95	7	0
100a517b-364c-42cf-a54f-4533be408412	95	8	0
100a517b-364c-42cf-a54f-4533be408412	95	9	0
37c9c341-4769-4dd2-9015-730219c359df	2	0	2
37c9c341-4769-4dd2-9015-730219c359df	3	0	2
37c9c341-4769-4dd2-9015-730219c359df	3	4	2
37c9c341-4769-4dd2-9015-730219c359df	4	0	2
37c9c341-4769-4dd2-9015-730219c359df	4	4	2
37c9c341-4769-4dd2-9015-730219c359df	5	0	2
37c9c341-4769-4dd2-9015-730219c359df	5	4	2
37c9c341-4769-4dd2-9015-730219c359df	6	0	2
37c9c341-4769-4dd2-9015-730219c359df	6	4	2
37c9c341-4769-4dd2-9015-730219c359df	7	0	3
37c9c341-4769-4dd2-9015-730219c359df	7	4	2
37c9c341-4769-4dd2-9015-730219c359df	8	0	2
37c9c341-4769-4dd2-9015-730219c359df	8	4	3
37c9c341-4769-4dd2-9015-730219c359df	9	0	2
37c9c341-4769-4dd2-9015-730219c359df	9	4	2
37c9c341-4769-4dd2-9015-730219c359df	10	0	2
37c9c341-4769-4dd2-9015-730219c359df	10	4	2
37c9c341-4769-4dd2-9015-730219c359df	11	0	2
37c9c341-4769-4dd2-9015-730219c359df	11	4	2
37c9c341-4769-4dd2-9015-730219c359df	11	5	2
37c9c341-4769-4dd2-9015-730219c359df	12	0	3
37c9c341-4769-4dd2-9015-730219c359df	12	4	2
37c9c341-4769-4dd2-9015-730219c359df	12	5	2
37c9c341-4769-4dd2-9015-730219c359df	13	0	2
37c9c341-4769-4dd2-9015-730219c359df	13	4	3
37c9c341-4769-4dd2-9015-730219c359df	13	5	2
37c9c341-4769-4dd2-9015-730219c359df	14	0	2
37c9c341-4769-4dd2-9015-730219c359df	14	4	2
37c9c341-4769-4dd2-9015-730219c359df	14	5	2
37c9c341-4769-4dd2-9015-730219c359df	15	0	2
37c9c341-4769-4dd2-9015-730219c359df	15	1	2
37c9c341-4769-4dd2-9015-730219c359df	15	4	2
37c9c341-4769-4dd2-9015-730219c359df	15	5	2
37c9c341-4769-4dd2-9015-730219c359df	15	6	2
37c9c341-4769-4dd2-9015-730219c359df	16	0	2
37c9c341-4769-4dd2-9015-730219c359df	16	1	2
37c9c341-4769-4dd2-9015-730219c359df	16	4	2
37c9c341-4769-4dd2-9015-730219c359df	16	5	1
37c9c341-4769-4dd2-9015-730219c359df	16	6	1
37c9c341-4769-4dd2-9015-730219c359df	17	0	2
37c9c341-4769-4dd2-9015-730219c359df	17	1	2
37c9c341-4769-4dd2-9015-730219c359df	17	4	2
37c9c341-4769-4dd2-9015-730219c359df	17	5	2
37c9c341-4769-4dd2-9015-730219c359df	17	6	3
37c9c341-4769-4dd2-9015-730219c359df	18	0	2
37c9c341-4769-4dd2-9015-730219c359df	18	1	2
37c9c341-4769-4dd2-9015-730219c359df	18	4	2
37c9c341-4769-4dd2-9015-730219c359df	18	5	2
37c9c341-4769-4dd2-9015-730219c359df	18	6	1
37c9c341-4769-4dd2-9015-730219c359df	19	0	2
37c9c341-4769-4dd2-9015-730219c359df	19	1	2
37c9c341-4769-4dd2-9015-730219c359df	19	4	2
37c9c341-4769-4dd2-9015-730219c359df	19	5	2
37c9c341-4769-4dd2-9015-730219c359df	19	6	3
37c9c341-4769-4dd2-9015-730219c359df	20	0	2
37c9c341-4769-4dd2-9015-730219c359df	20	1	1
37c9c341-4769-4dd2-9015-730219c359df	20	4	2
37c9c341-4769-4dd2-9015-730219c359df	20	5	2
37c9c341-4769-4dd2-9015-730219c359df	20	6	2
37c9c341-4769-4dd2-9015-730219c359df	21	0	2
37c9c341-4769-4dd2-9015-730219c359df	21	1	2
37c9c341-4769-4dd2-9015-730219c359df	21	4	2
37c9c341-4769-4dd2-9015-730219c359df	21	5	2
37c9c341-4769-4dd2-9015-730219c359df	21	6	2
37c9c341-4769-4dd2-9015-730219c359df	22	0	2
37c9c341-4769-4dd2-9015-730219c359df	22	1	2
37c9c341-4769-4dd2-9015-730219c359df	22	4	2
37c9c341-4769-4dd2-9015-730219c359df	22	5	1
37c9c341-4769-4dd2-9015-730219c359df	22	6	1
37c9c341-4769-4dd2-9015-730219c359df	23	0	3
37c9c341-4769-4dd2-9015-730219c359df	23	1	2
37c9c341-4769-4dd2-9015-730219c359df	23	4	2
37c9c341-4769-4dd2-9015-730219c359df	23	5	2
37c9c341-4769-4dd2-9015-730219c359df	23	6	2
37c9c341-4769-4dd2-9015-730219c359df	24	0	2
37c9c341-4769-4dd2-9015-730219c359df	24	1	2
37c9c341-4769-4dd2-9015-730219c359df	24	4	3
37c9c341-4769-4dd2-9015-730219c359df	24	5	2
37c9c341-4769-4dd2-9015-730219c359df	24	6	2
37c9c341-4769-4dd2-9015-730219c359df	25	0	1
37c9c341-4769-4dd2-9015-730219c359df	25	1	2
37c9c341-4769-4dd2-9015-730219c359df	25	4	2
37c9c341-4769-4dd2-9015-730219c359df	25	5	2
37c9c341-4769-4dd2-9015-730219c359df	25	6	2
37c9c341-4769-4dd2-9015-730219c359df	26	0	2
37c9c341-4769-4dd2-9015-730219c359df	26	1	1
37c9c341-4769-4dd2-9015-730219c359df	26	4	1
37c9c341-4769-4dd2-9015-730219c359df	26	5	2
37c9c341-4769-4dd2-9015-730219c359df	26	6	1
37c9c341-4769-4dd2-9015-730219c359df	27	0	2
37c9c341-4769-4dd2-9015-730219c359df	27	1	2
37c9c341-4769-4dd2-9015-730219c359df	27	4	2
37c9c341-4769-4dd2-9015-730219c359df	27	5	2
37c9c341-4769-4dd2-9015-730219c359df	27	6	3
37c9c341-4769-4dd2-9015-730219c359df	28	0	2
37c9c341-4769-4dd2-9015-730219c359df	28	1	2
37c9c341-4769-4dd2-9015-730219c359df	28	4	2
37c9c341-4769-4dd2-9015-730219c359df	28	5	2
37c9c341-4769-4dd2-9015-730219c359df	28	6	2
37c9c341-4769-4dd2-9015-730219c359df	29	0	2
37c9c341-4769-4dd2-9015-730219c359df	29	1	2
37c9c341-4769-4dd2-9015-730219c359df	29	4	2
37c9c341-4769-4dd2-9015-730219c359df	29	5	2
37c9c341-4769-4dd2-9015-730219c359df	29	6	2
37c9c341-4769-4dd2-9015-730219c359df	30	0	2
37c9c341-4769-4dd2-9015-730219c359df	30	1	2
37c9c341-4769-4dd2-9015-730219c359df	30	4	2
37c9c341-4769-4dd2-9015-730219c359df	30	5	2
37c9c341-4769-4dd2-9015-730219c359df	30	6	2
37c9c341-4769-4dd2-9015-730219c359df	31	0	3
37c9c341-4769-4dd2-9015-730219c359df	31	1	2
37c9c341-4769-4dd2-9015-730219c359df	31	4	2
37c9c341-4769-4dd2-9015-730219c359df	31	5	2
37c9c341-4769-4dd2-9015-730219c359df	31	6	3
37c9c341-4769-4dd2-9015-730219c359df	32	0	2
37c9c341-4769-4dd2-9015-730219c359df	32	1	2
37c9c341-4769-4dd2-9015-730219c359df	32	4	3
37c9c341-4769-4dd2-9015-730219c359df	32	5	2
37c9c341-4769-4dd2-9015-730219c359df	32	6	1
37c9c341-4769-4dd2-9015-730219c359df	33	0	2
37c9c341-4769-4dd2-9015-730219c359df	33	1	2
37c9c341-4769-4dd2-9015-730219c359df	33	4	2
37c9c341-4769-4dd2-9015-730219c359df	33	5	2
37c9c341-4769-4dd2-9015-730219c359df	33	6	2
37c9c341-4769-4dd2-9015-730219c359df	34	0	2
37c9c341-4769-4dd2-9015-730219c359df	34	1	2
37c9c341-4769-4dd2-9015-730219c359df	34	4	2
37c9c341-4769-4dd2-9015-730219c359df	34	5	2
37c9c341-4769-4dd2-9015-730219c359df	34	6	2
37c9c341-4769-4dd2-9015-730219c359df	35	0	2
37c9c341-4769-4dd2-9015-730219c359df	35	1	2
37c9c341-4769-4dd2-9015-730219c359df	35	4	2
37c9c341-4769-4dd2-9015-730219c359df	35	5	1
37c9c341-4769-4dd2-9015-730219c359df	35	6	0
37c9c341-4769-4dd2-9015-730219c359df	36	0	2
37c9c341-4769-4dd2-9015-730219c359df	36	1	2
37c9c341-4769-4dd2-9015-730219c359df	36	4	2
37c9c341-4769-4dd2-9015-730219c359df	36	5	2
37c9c341-4769-4dd2-9015-730219c359df	36	6	0
37c9c341-4769-4dd2-9015-730219c359df	37	0	2
37c9c341-4769-4dd2-9015-730219c359df	37	1	2
37c9c341-4769-4dd2-9015-730219c359df	37	4	2
37c9c341-4769-4dd2-9015-730219c359df	37	5	1
37c9c341-4769-4dd2-9015-730219c359df	37	6	0
37c9c341-4769-4dd2-9015-730219c359df	38	0	2
37c9c341-4769-4dd2-9015-730219c359df	38	1	2
37c9c341-4769-4dd2-9015-730219c359df	38	4	2
37c9c341-4769-4dd2-9015-730219c359df	38	5	3
37c9c341-4769-4dd2-9015-730219c359df	38	6	0
37c9c341-4769-4dd2-9015-730219c359df	39	0	2
37c9c341-4769-4dd2-9015-730219c359df	39	1	1
37c9c341-4769-4dd2-9015-730219c359df	39	4	2
37c9c341-4769-4dd2-9015-730219c359df	39	5	2
37c9c341-4769-4dd2-9015-730219c359df	39	6	0
37c9c341-4769-4dd2-9015-730219c359df	40	0	2
37c9c341-4769-4dd2-9015-730219c359df	40	1	2
37c9c341-4769-4dd2-9015-730219c359df	40	4	2
37c9c341-4769-4dd2-9015-730219c359df	40	5	2
37c9c341-4769-4dd2-9015-730219c359df	40	6	0
37c9c341-4769-4dd2-9015-730219c359df	40	8	2
37c9c341-4769-4dd2-9015-730219c359df	41	0	2
37c9c341-4769-4dd2-9015-730219c359df	41	1	1
37c9c341-4769-4dd2-9015-730219c359df	41	4	2
37c9c341-4769-4dd2-9015-730219c359df	41	5	2
37c9c341-4769-4dd2-9015-730219c359df	41	6	0
37c9c341-4769-4dd2-9015-730219c359df	41	8	2
37c9c341-4769-4dd2-9015-730219c359df	42	0	2
37c9c341-4769-4dd2-9015-730219c359df	42	1	3
37c9c341-4769-4dd2-9015-730219c359df	42	4	2
37c9c341-4769-4dd2-9015-730219c359df	42	5	3
37c9c341-4769-4dd2-9015-730219c359df	42	6	0
37c9c341-4769-4dd2-9015-730219c359df	42	8	2
37c9c341-4769-4dd2-9015-730219c359df	43	0	3
37c9c341-4769-4dd2-9015-730219c359df	43	1	2
37c9c341-4769-4dd2-9015-730219c359df	43	4	2
37c9c341-4769-4dd2-9015-730219c359df	43	5	2
37c9c341-4769-4dd2-9015-730219c359df	43	6	0
37c9c341-4769-4dd2-9015-730219c359df	43	8	2
37c9c341-4769-4dd2-9015-730219c359df	44	0	2
37c9c341-4769-4dd2-9015-730219c359df	44	1	2
37c9c341-4769-4dd2-9015-730219c359df	44	4	3
37c9c341-4769-4dd2-9015-730219c359df	44	5	2
37c9c341-4769-4dd2-9015-730219c359df	44	6	0
37c9c341-4769-4dd2-9015-730219c359df	44	8	2
37c9c341-4769-4dd2-9015-730219c359df	45	0	2
37c9c341-4769-4dd2-9015-730219c359df	45	1	2
37c9c341-4769-4dd2-9015-730219c359df	45	4	2
37c9c341-4769-4dd2-9015-730219c359df	45	5	2
37c9c341-4769-4dd2-9015-730219c359df	45	6	0
37c9c341-4769-4dd2-9015-730219c359df	45	8	2
37c9c341-4769-4dd2-9015-730219c359df	46	0	2
37c9c341-4769-4dd2-9015-730219c359df	46	1	3
37c9c341-4769-4dd2-9015-730219c359df	46	4	2
37c9c341-4769-4dd2-9015-730219c359df	46	5	2
37c9c341-4769-4dd2-9015-730219c359df	46	6	0
37c9c341-4769-4dd2-9015-730219c359df	46	8	2
37c9c341-4769-4dd2-9015-730219c359df	46	9	2
37c9c341-4769-4dd2-9015-730219c359df	47	0	2
37c9c341-4769-4dd2-9015-730219c359df	47	1	2
37c9c341-4769-4dd2-9015-730219c359df	47	2	2
37c9c341-4769-4dd2-9015-730219c359df	47	4	2
37c9c341-4769-4dd2-9015-730219c359df	47	5	2
37c9c341-4769-4dd2-9015-730219c359df	47	6	0
37c9c341-4769-4dd2-9015-730219c359df	47	8	2
37c9c341-4769-4dd2-9015-730219c359df	47	9	2
37c9c341-4769-4dd2-9015-730219c359df	48	0	2
37c9c341-4769-4dd2-9015-730219c359df	48	1	2
37c9c341-4769-4dd2-9015-730219c359df	48	2	2
37c9c341-4769-4dd2-9015-730219c359df	48	4	2
37c9c341-4769-4dd2-9015-730219c359df	48	5	2
37c9c341-4769-4dd2-9015-730219c359df	48	6	0
37c9c341-4769-4dd2-9015-730219c359df	48	8	2
37c9c341-4769-4dd2-9015-730219c359df	48	9	2
37c9c341-4769-4dd2-9015-730219c359df	49	0	2
37c9c341-4769-4dd2-9015-730219c359df	49	1	2
37c9c341-4769-4dd2-9015-730219c359df	49	2	2
37c9c341-4769-4dd2-9015-730219c359df	49	4	2
37c9c341-4769-4dd2-9015-730219c359df	49	5	2
37c9c341-4769-4dd2-9015-730219c359df	49	6	0
37c9c341-4769-4dd2-9015-730219c359df	49	8	2
37c9c341-4769-4dd2-9015-730219c359df	49	9	2
37c9c341-4769-4dd2-9015-730219c359df	50	0	3
37c9c341-4769-4dd2-9015-730219c359df	50	1	2
37c9c341-4769-4dd2-9015-730219c359df	50	2	2
37c9c341-4769-4dd2-9015-730219c359df	50	4	2
37c9c341-4769-4dd2-9015-730219c359df	50	5	2
37c9c341-4769-4dd2-9015-730219c359df	50	6	0
37c9c341-4769-4dd2-9015-730219c359df	50	8	2
37c9c341-4769-4dd2-9015-730219c359df	50	9	2
37c9c341-4769-4dd2-9015-730219c359df	51	0	2
37c9c341-4769-4dd2-9015-730219c359df	51	1	2
37c9c341-4769-4dd2-9015-730219c359df	51	2	2
37c9c341-4769-4dd2-9015-730219c359df	51	4	3
37c9c341-4769-4dd2-9015-730219c359df	51	5	2
37c9c341-4769-4dd2-9015-730219c359df	51	6	0
37c9c341-4769-4dd2-9015-730219c359df	51	8	2
37c9c341-4769-4dd2-9015-730219c359df	51	9	3
37c9c341-4769-4dd2-9015-730219c359df	52	0	2
37c9c341-4769-4dd2-9015-730219c359df	52	1	2
37c9c341-4769-4dd2-9015-730219c359df	52	2	2
37c9c341-4769-4dd2-9015-730219c359df	52	4	2
37c9c341-4769-4dd2-9015-730219c359df	52	5	3
37c9c341-4769-4dd2-9015-730219c359df	52	6	0
37c9c341-4769-4dd2-9015-730219c359df	52	8	2
37c9c341-4769-4dd2-9015-730219c359df	52	9	1
37c9c341-4769-4dd2-9015-730219c359df	53	0	2
37c9c341-4769-4dd2-9015-730219c359df	53	1	2
37c9c341-4769-4dd2-9015-730219c359df	53	2	2
37c9c341-4769-4dd2-9015-730219c359df	53	4	2
37c9c341-4769-4dd2-9015-730219c359df	53	5	2
37c9c341-4769-4dd2-9015-730219c359df	53	6	0
37c9c341-4769-4dd2-9015-730219c359df	53	8	2
37c9c341-4769-4dd2-9015-730219c359df	53	9	3
37c9c341-4769-4dd2-9015-730219c359df	54	0	2
37c9c341-4769-4dd2-9015-730219c359df	54	1	2
37c9c341-4769-4dd2-9015-730219c359df	54	2	1
37c9c341-4769-4dd2-9015-730219c359df	54	4	2
37c9c341-4769-4dd2-9015-730219c359df	54	5	2
37c9c341-4769-4dd2-9015-730219c359df	54	6	0
37c9c341-4769-4dd2-9015-730219c359df	54	8	2
37c9c341-4769-4dd2-9015-730219c359df	54	9	2
37c9c341-4769-4dd2-9015-730219c359df	55	0	2
37c9c341-4769-4dd2-9015-730219c359df	55	1	2
37c9c341-4769-4dd2-9015-730219c359df	55	2	3
37c9c341-4769-4dd2-9015-730219c359df	55	4	2
37c9c341-4769-4dd2-9015-730219c359df	55	5	2
37c9c341-4769-4dd2-9015-730219c359df	55	6	0
37c9c341-4769-4dd2-9015-730219c359df	55	8	2
37c9c341-4769-4dd2-9015-730219c359df	55	9	2
37c9c341-4769-4dd2-9015-730219c359df	56	0	2
37c9c341-4769-4dd2-9015-730219c359df	56	1	3
37c9c341-4769-4dd2-9015-730219c359df	56	2	2
37c9c341-4769-4dd2-9015-730219c359df	56	3	2
37c9c341-4769-4dd2-9015-730219c359df	56	4	2
37c9c341-4769-4dd2-9015-730219c359df	56	5	2
37c9c341-4769-4dd2-9015-730219c359df	56	6	0
37c9c341-4769-4dd2-9015-730219c359df	56	8	2
37c9c341-4769-4dd2-9015-730219c359df	56	9	2
37c9c341-4769-4dd2-9015-730219c359df	57	0	2
37c9c341-4769-4dd2-9015-730219c359df	57	1	2
37c9c341-4769-4dd2-9015-730219c359df	57	2	2
37c9c341-4769-4dd2-9015-730219c359df	57	3	1
37c9c341-4769-4dd2-9015-730219c359df	57	4	2
37c9c341-4769-4dd2-9015-730219c359df	57	5	2
37c9c341-4769-4dd2-9015-730219c359df	57	6	0
37c9c341-4769-4dd2-9015-730219c359df	57	8	3
37c9c341-4769-4dd2-9015-730219c359df	57	9	2
37c9c341-4769-4dd2-9015-730219c359df	58	0	2
37c9c341-4769-4dd2-9015-730219c359df	58	1	2
37c9c341-4769-4dd2-9015-730219c359df	58	2	2
37c9c341-4769-4dd2-9015-730219c359df	58	3	3
37c9c341-4769-4dd2-9015-730219c359df	58	4	2
37c9c341-4769-4dd2-9015-730219c359df	58	5	3
37c9c341-4769-4dd2-9015-730219c359df	58	6	0
37c9c341-4769-4dd2-9015-730219c359df	58	8	2
37c9c341-4769-4dd2-9015-730219c359df	58	9	2
37c9c341-4769-4dd2-9015-730219c359df	59	0	2
37c9c341-4769-4dd2-9015-730219c359df	59	1	2
37c9c341-4769-4dd2-9015-730219c359df	59	2	3
37c9c341-4769-4dd2-9015-730219c359df	59	3	2
37c9c341-4769-4dd2-9015-730219c359df	59	4	2
37c9c341-4769-4dd2-9015-730219c359df	59	5	2
37c9c341-4769-4dd2-9015-730219c359df	59	6	0
37c9c341-4769-4dd2-9015-730219c359df	59	8	2
37c9c341-4769-4dd2-9015-730219c359df	59	9	2
37c9c341-4769-4dd2-9015-730219c359df	60	0	2
37c9c341-4769-4dd2-9015-730219c359df	60	1	2
37c9c341-4769-4dd2-9015-730219c359df	60	2	2
37c9c341-4769-4dd2-9015-730219c359df	60	3	2
37c9c341-4769-4dd2-9015-730219c359df	60	4	2
37c9c341-4769-4dd2-9015-730219c359df	60	5	2
37c9c341-4769-4dd2-9015-730219c359df	60	6	0
37c9c341-4769-4dd2-9015-730219c359df	60	8	2
37c9c341-4769-4dd2-9015-730219c359df	60	9	1
37c9c341-4769-4dd2-9015-730219c359df	61	0	2
37c9c341-4769-4dd2-9015-730219c359df	61	1	2
37c9c341-4769-4dd2-9015-730219c359df	61	2	2
37c9c341-4769-4dd2-9015-730219c359df	61	3	2
37c9c341-4769-4dd2-9015-730219c359df	61	4	2
37c9c341-4769-4dd2-9015-730219c359df	61	5	2
37c9c341-4769-4dd2-9015-730219c359df	61	6	0
37c9c341-4769-4dd2-9015-730219c359df	61	8	2
37c9c341-4769-4dd2-9015-730219c359df	61	9	3
37c9c341-4769-4dd2-9015-730219c359df	62	0	2
37c9c341-4769-4dd2-9015-730219c359df	62	1	3
37c9c341-4769-4dd2-9015-730219c359df	62	2	2
37c9c341-4769-4dd2-9015-730219c359df	62	3	2
37c9c341-4769-4dd2-9015-730219c359df	62	4	2
37c9c341-4769-4dd2-9015-730219c359df	62	5	2
37c9c341-4769-4dd2-9015-730219c359df	62	6	0
37c9c341-4769-4dd2-9015-730219c359df	62	8	2
37c9c341-4769-4dd2-9015-730219c359df	62	9	1
37c9c341-4769-4dd2-9015-730219c359df	63	0	2
37c9c341-4769-4dd2-9015-730219c359df	63	1	2
37c9c341-4769-4dd2-9015-730219c359df	63	2	3
37c9c341-4769-4dd2-9015-730219c359df	63	3	2
37c9c341-4769-4dd2-9015-730219c359df	63	4	2
37c9c341-4769-4dd2-9015-730219c359df	63	5	2
37c9c341-4769-4dd2-9015-730219c359df	63	6	0
37c9c341-4769-4dd2-9015-730219c359df	63	8	3
37c9c341-4769-4dd2-9015-730219c359df	63	9	2
37c9c341-4769-4dd2-9015-730219c359df	64	0	2
37c9c341-4769-4dd2-9015-730219c359df	64	1	2
37c9c341-4769-4dd2-9015-730219c359df	64	2	1
37c9c341-4769-4dd2-9015-730219c359df	64	3	1
37c9c341-4769-4dd2-9015-730219c359df	64	4	2
37c9c341-4769-4dd2-9015-730219c359df	64	5	2
37c9c341-4769-4dd2-9015-730219c359df	64	6	0
37c9c341-4769-4dd2-9015-730219c359df	64	8	2
37c9c341-4769-4dd2-9015-730219c359df	64	9	2
37c9c341-4769-4dd2-9015-730219c359df	65	0	2
37c9c341-4769-4dd2-9015-730219c359df	65	1	2
37c9c341-4769-4dd2-9015-730219c359df	65	2	0
37c9c341-4769-4dd2-9015-730219c359df	65	3	2
37c9c341-4769-4dd2-9015-730219c359df	65	4	2
37c9c341-4769-4dd2-9015-730219c359df	65	5	2
37c9c341-4769-4dd2-9015-730219c359df	65	6	0
37c9c341-4769-4dd2-9015-730219c359df	65	8	2
37c9c341-4769-4dd2-9015-730219c359df	65	9	2
37c9c341-4769-4dd2-9015-730219c359df	66	0	2
37c9c341-4769-4dd2-9015-730219c359df	66	1	2
37c9c341-4769-4dd2-9015-730219c359df	66	2	0
37c9c341-4769-4dd2-9015-730219c359df	66	3	2
37c9c341-4769-4dd2-9015-730219c359df	66	4	2
37c9c341-4769-4dd2-9015-730219c359df	66	5	2
37c9c341-4769-4dd2-9015-730219c359df	66	6	0
37c9c341-4769-4dd2-9015-730219c359df	66	8	2
37c9c341-4769-4dd2-9015-730219c359df	66	9	1
37c9c341-4769-4dd2-9015-730219c359df	67	0	2
37c9c341-4769-4dd2-9015-730219c359df	67	1	2
37c9c341-4769-4dd2-9015-730219c359df	67	2	0
37c9c341-4769-4dd2-9015-730219c359df	67	3	2
37c9c341-4769-4dd2-9015-730219c359df	67	4	2
37c9c341-4769-4dd2-9015-730219c359df	67	5	1
37c9c341-4769-4dd2-9015-730219c359df	67	6	0
37c9c341-4769-4dd2-9015-730219c359df	67	8	2
37c9c341-4769-4dd2-9015-730219c359df	67	9	2
37c9c341-4769-4dd2-9015-730219c359df	68	0	2
37c9c341-4769-4dd2-9015-730219c359df	68	1	2
37c9c341-4769-4dd2-9015-730219c359df	68	2	0
37c9c341-4769-4dd2-9015-730219c359df	68	3	2
37c9c341-4769-4dd2-9015-730219c359df	68	4	2
37c9c341-4769-4dd2-9015-730219c359df	68	5	2
37c9c341-4769-4dd2-9015-730219c359df	68	6	0
37c9c341-4769-4dd2-9015-730219c359df	68	8	2
37c9c341-4769-4dd2-9015-730219c359df	68	9	2
37c9c341-4769-4dd2-9015-730219c359df	69	0	2
37c9c341-4769-4dd2-9015-730219c359df	69	1	2
37c9c341-4769-4dd2-9015-730219c359df	69	2	0
37c9c341-4769-4dd2-9015-730219c359df	69	3	2
37c9c341-4769-4dd2-9015-730219c359df	69	4	2
37c9c341-4769-4dd2-9015-730219c359df	69	5	3
37c9c341-4769-4dd2-9015-730219c359df	69	6	0
37c9c341-4769-4dd2-9015-730219c359df	69	8	2
37c9c341-4769-4dd2-9015-730219c359df	69	9	2
37c9c341-4769-4dd2-9015-730219c359df	70	0	2
37c9c341-4769-4dd2-9015-730219c359df	70	1	2
37c9c341-4769-4dd2-9015-730219c359df	70	2	0
37c9c341-4769-4dd2-9015-730219c359df	70	3	3
37c9c341-4769-4dd2-9015-730219c359df	70	4	2
37c9c341-4769-4dd2-9015-730219c359df	70	5	1
37c9c341-4769-4dd2-9015-730219c359df	70	6	0
37c9c341-4769-4dd2-9015-730219c359df	70	8	2
37c9c341-4769-4dd2-9015-730219c359df	70	9	2
37c9c341-4769-4dd2-9015-730219c359df	71	0	2
37c9c341-4769-4dd2-9015-730219c359df	71	1	1
37c9c341-4769-4dd2-9015-730219c359df	71	2	0
37c9c341-4769-4dd2-9015-730219c359df	71	3	2
37c9c341-4769-4dd2-9015-730219c359df	71	4	2
37c9c341-4769-4dd2-9015-730219c359df	71	5	2
37c9c341-4769-4dd2-9015-730219c359df	71	6	0
37c9c341-4769-4dd2-9015-730219c359df	71	8	2
37c9c341-4769-4dd2-9015-730219c359df	71	9	2
37c9c341-4769-4dd2-9015-730219c359df	72	0	3
37c9c341-4769-4dd2-9015-730219c359df	72	1	2
37c9c341-4769-4dd2-9015-730219c359df	72	2	0
37c9c341-4769-4dd2-9015-730219c359df	72	3	1
37c9c341-4769-4dd2-9015-730219c359df	72	4	2
37c9c341-4769-4dd2-9015-730219c359df	72	5	2
37c9c341-4769-4dd2-9015-730219c359df	72	6	0
37c9c341-4769-4dd2-9015-730219c359df	72	8	1
37c9c341-4769-4dd2-9015-730219c359df	72	9	2
37c9c341-4769-4dd2-9015-730219c359df	73	0	2
37c9c341-4769-4dd2-9015-730219c359df	73	1	3
37c9c341-4769-4dd2-9015-730219c359df	73	2	0
37c9c341-4769-4dd2-9015-730219c359df	73	3	2
37c9c341-4769-4dd2-9015-730219c359df	73	4	3
37c9c341-4769-4dd2-9015-730219c359df	73	5	0
37c9c341-4769-4dd2-9015-730219c359df	73	6	0
37c9c341-4769-4dd2-9015-730219c359df	73	8	2
37c9c341-4769-4dd2-9015-730219c359df	73	9	2
37c9c341-4769-4dd2-9015-730219c359df	74	0	2
37c9c341-4769-4dd2-9015-730219c359df	74	1	1
37c9c341-4769-4dd2-9015-730219c359df	74	2	0
37c9c341-4769-4dd2-9015-730219c359df	74	3	2
37c9c341-4769-4dd2-9015-730219c359df	74	4	2
37c9c341-4769-4dd2-9015-730219c359df	74	5	0
37c9c341-4769-4dd2-9015-730219c359df	74	6	0
37c9c341-4769-4dd2-9015-730219c359df	74	8	3
37c9c341-4769-4dd2-9015-730219c359df	74	9	2
37c9c341-4769-4dd2-9015-730219c359df	75	0	2
37c9c341-4769-4dd2-9015-730219c359df	75	1	2
37c9c341-4769-4dd2-9015-730219c359df	75	2	0
37c9c341-4769-4dd2-9015-730219c359df	75	3	2
37c9c341-4769-4dd2-9015-730219c359df	75	4	2
37c9c341-4769-4dd2-9015-730219c359df	75	5	0
37c9c341-4769-4dd2-9015-730219c359df	75	6	0
37c9c341-4769-4dd2-9015-730219c359df	75	8	1
37c9c341-4769-4dd2-9015-730219c359df	75	9	2
37c9c341-4769-4dd2-9015-730219c359df	76	0	2
37c9c341-4769-4dd2-9015-730219c359df	76	1	2
37c9c341-4769-4dd2-9015-730219c359df	76	2	0
37c9c341-4769-4dd2-9015-730219c359df	76	3	2
37c9c341-4769-4dd2-9015-730219c359df	76	4	2
37c9c341-4769-4dd2-9015-730219c359df	76	5	0
37c9c341-4769-4dd2-9015-730219c359df	76	6	0
37c9c341-4769-4dd2-9015-730219c359df	76	8	2
37c9c341-4769-4dd2-9015-730219c359df	76	9	2
37c9c341-4769-4dd2-9015-730219c359df	77	0	2
37c9c341-4769-4dd2-9015-730219c359df	77	1	0
37c9c341-4769-4dd2-9015-730219c359df	77	2	0
37c9c341-4769-4dd2-9015-730219c359df	77	3	2
37c9c341-4769-4dd2-9015-730219c359df	77	4	2
37c9c341-4769-4dd2-9015-730219c359df	77	5	0
37c9c341-4769-4dd2-9015-730219c359df	77	6	0
37c9c341-4769-4dd2-9015-730219c359df	77	8	2
37c9c341-4769-4dd2-9015-730219c359df	77	9	2
37c9c341-4769-4dd2-9015-730219c359df	78	0	3
37c9c341-4769-4dd2-9015-730219c359df	78	1	0
37c9c341-4769-4dd2-9015-730219c359df	78	2	0
37c9c341-4769-4dd2-9015-730219c359df	78	3	2
37c9c341-4769-4dd2-9015-730219c359df	78	4	2
37c9c341-4769-4dd2-9015-730219c359df	78	5	0
37c9c341-4769-4dd2-9015-730219c359df	78	6	0
37c9c341-4769-4dd2-9015-730219c359df	78	8	0
37c9c341-4769-4dd2-9015-730219c359df	78	9	2
37c9c341-4769-4dd2-9015-730219c359df	79	0	2
37c9c341-4769-4dd2-9015-730219c359df	79	1	0
37c9c341-4769-4dd2-9015-730219c359df	79	2	0
37c9c341-4769-4dd2-9015-730219c359df	79	3	2
37c9c341-4769-4dd2-9015-730219c359df	79	4	3
37c9c341-4769-4dd2-9015-730219c359df	79	5	0
37c9c341-4769-4dd2-9015-730219c359df	79	6	0
37c9c341-4769-4dd2-9015-730219c359df	79	8	0
37c9c341-4769-4dd2-9015-730219c359df	79	9	2
37c9c341-4769-4dd2-9015-730219c359df	80	0	3
37c9c341-4769-4dd2-9015-730219c359df	80	1	0
37c9c341-4769-4dd2-9015-730219c359df	80	2	0
37c9c341-4769-4dd2-9015-730219c359df	80	3	2
37c9c341-4769-4dd2-9015-730219c359df	80	4	2
37c9c341-4769-4dd2-9015-730219c359df	80	5	0
37c9c341-4769-4dd2-9015-730219c359df	80	6	0
37c9c341-4769-4dd2-9015-730219c359df	80	8	0
37c9c341-4769-4dd2-9015-730219c359df	80	9	1
37c9c341-4769-4dd2-9015-730219c359df	81	0	1
37c9c341-4769-4dd2-9015-730219c359df	81	1	0
37c9c341-4769-4dd2-9015-730219c359df	81	2	0
37c9c341-4769-4dd2-9015-730219c359df	81	3	2
37c9c341-4769-4dd2-9015-730219c359df	81	4	3
37c9c341-4769-4dd2-9015-730219c359df	81	5	0
37c9c341-4769-4dd2-9015-730219c359df	81	6	0
37c9c341-4769-4dd2-9015-730219c359df	81	8	0
37c9c341-4769-4dd2-9015-730219c359df	81	9	3
37c9c341-4769-4dd2-9015-730219c359df	82	0	2
37c9c341-4769-4dd2-9015-730219c359df	82	1	0
37c9c341-4769-4dd2-9015-730219c359df	82	2	0
37c9c341-4769-4dd2-9015-730219c359df	82	3	2
37c9c341-4769-4dd2-9015-730219c359df	82	4	1
37c9c341-4769-4dd2-9015-730219c359df	82	5	0
37c9c341-4769-4dd2-9015-730219c359df	82	6	0
37c9c341-4769-4dd2-9015-730219c359df	82	8	0
37c9c341-4769-4dd2-9015-730219c359df	82	9	2
37c9c341-4769-4dd2-9015-730219c359df	83	0	2
37c9c341-4769-4dd2-9015-730219c359df	83	1	0
37c9c341-4769-4dd2-9015-730219c359df	83	2	0
37c9c341-4769-4dd2-9015-730219c359df	83	3	1
37c9c341-4769-4dd2-9015-730219c359df	83	4	2
37c9c341-4769-4dd2-9015-730219c359df	83	5	0
37c9c341-4769-4dd2-9015-730219c359df	83	6	0
37c9c341-4769-4dd2-9015-730219c359df	83	8	0
37c9c341-4769-4dd2-9015-730219c359df	83	9	2
37c9c341-4769-4dd2-9015-730219c359df	84	0	0
37c9c341-4769-4dd2-9015-730219c359df	84	1	0
37c9c341-4769-4dd2-9015-730219c359df	84	2	0
37c9c341-4769-4dd2-9015-730219c359df	84	3	2
37c9c341-4769-4dd2-9015-730219c359df	84	4	2
37c9c341-4769-4dd2-9015-730219c359df	84	5	0
37c9c341-4769-4dd2-9015-730219c359df	84	6	0
37c9c341-4769-4dd2-9015-730219c359df	84	7	2
37c9c341-4769-4dd2-9015-730219c359df	84	8	0
37c9c341-4769-4dd2-9015-730219c359df	84	9	2
37c9c341-4769-4dd2-9015-730219c359df	85	0	0
37c9c341-4769-4dd2-9015-730219c359df	85	1	0
37c9c341-4769-4dd2-9015-730219c359df	85	2	0
37c9c341-4769-4dd2-9015-730219c359df	85	3	2
37c9c341-4769-4dd2-9015-730219c359df	85	4	0
37c9c341-4769-4dd2-9015-730219c359df	85	5	0
37c9c341-4769-4dd2-9015-730219c359df	85	6	0
37c9c341-4769-4dd2-9015-730219c359df	85	7	2
37c9c341-4769-4dd2-9015-730219c359df	85	8	0
37c9c341-4769-4dd2-9015-730219c359df	85	9	2
37c9c341-4769-4dd2-9015-730219c359df	86	0	0
37c9c341-4769-4dd2-9015-730219c359df	86	1	0
37c9c341-4769-4dd2-9015-730219c359df	86	2	0
37c9c341-4769-4dd2-9015-730219c359df	86	3	2
37c9c341-4769-4dd2-9015-730219c359df	86	4	0
37c9c341-4769-4dd2-9015-730219c359df	86	5	0
37c9c341-4769-4dd2-9015-730219c359df	86	6	0
37c9c341-4769-4dd2-9015-730219c359df	86	7	2
37c9c341-4769-4dd2-9015-730219c359df	86	8	0
37c9c341-4769-4dd2-9015-730219c359df	86	9	0
37c9c341-4769-4dd2-9015-730219c359df	87	0	0
37c9c341-4769-4dd2-9015-730219c359df	87	1	0
37c9c341-4769-4dd2-9015-730219c359df	87	2	0
37c9c341-4769-4dd2-9015-730219c359df	87	3	2
37c9c341-4769-4dd2-9015-730219c359df	87	4	0
37c9c341-4769-4dd2-9015-730219c359df	87	5	0
37c9c341-4769-4dd2-9015-730219c359df	87	6	0
37c9c341-4769-4dd2-9015-730219c359df	87	7	2
37c9c341-4769-4dd2-9015-730219c359df	87	8	0
37c9c341-4769-4dd2-9015-730219c359df	87	9	0
37c9c341-4769-4dd2-9015-730219c359df	88	0	0
37c9c341-4769-4dd2-9015-730219c359df	88	1	0
37c9c341-4769-4dd2-9015-730219c359df	88	2	0
37c9c341-4769-4dd2-9015-730219c359df	88	3	1
37c9c341-4769-4dd2-9015-730219c359df	88	4	0
37c9c341-4769-4dd2-9015-730219c359df	88	5	0
37c9c341-4769-4dd2-9015-730219c359df	88	6	0
37c9c341-4769-4dd2-9015-730219c359df	88	7	2
37c9c341-4769-4dd2-9015-730219c359df	88	8	0
37c9c341-4769-4dd2-9015-730219c359df	88	9	0
37c9c341-4769-4dd2-9015-730219c359df	89	0	0
37c9c341-4769-4dd2-9015-730219c359df	89	1	0
37c9c341-4769-4dd2-9015-730219c359df	89	2	0
37c9c341-4769-4dd2-9015-730219c359df	89	3	2
37c9c341-4769-4dd2-9015-730219c359df	89	4	0
37c9c341-4769-4dd2-9015-730219c359df	89	5	0
37c9c341-4769-4dd2-9015-730219c359df	89	6	0
37c9c341-4769-4dd2-9015-730219c359df	89	7	2
37c9c341-4769-4dd2-9015-730219c359df	89	8	0
37c9c341-4769-4dd2-9015-730219c359df	89	9	0
37c9c341-4769-4dd2-9015-730219c359df	90	0	0
37c9c341-4769-4dd2-9015-730219c359df	90	1	0
37c9c341-4769-4dd2-9015-730219c359df	90	2	0
37c9c341-4769-4dd2-9015-730219c359df	90	3	1
37c9c341-4769-4dd2-9015-730219c359df	90	4	0
37c9c341-4769-4dd2-9015-730219c359df	90	5	0
37c9c341-4769-4dd2-9015-730219c359df	90	6	0
37c9c341-4769-4dd2-9015-730219c359df	90	7	2
37c9c341-4769-4dd2-9015-730219c359df	90	8	0
37c9c341-4769-4dd2-9015-730219c359df	90	9	0
37c9c341-4769-4dd2-9015-730219c359df	91	0	0
37c9c341-4769-4dd2-9015-730219c359df	91	1	0
37c9c341-4769-4dd2-9015-730219c359df	91	2	0
37c9c341-4769-4dd2-9015-730219c359df	91	3	3
37c9c341-4769-4dd2-9015-730219c359df	91	4	0
37c9c341-4769-4dd2-9015-730219c359df	91	5	0
37c9c341-4769-4dd2-9015-730219c359df	91	6	0
37c9c341-4769-4dd2-9015-730219c359df	91	7	1
37c9c341-4769-4dd2-9015-730219c359df	91	8	0
37c9c341-4769-4dd2-9015-730219c359df	91	9	0
37c9c341-4769-4dd2-9015-730219c359df	92	0	0
37c9c341-4769-4dd2-9015-730219c359df	92	1	0
37c9c341-4769-4dd2-9015-730219c359df	92	2	0
37c9c341-4769-4dd2-9015-730219c359df	92	3	2
37c9c341-4769-4dd2-9015-730219c359df	92	4	0
37c9c341-4769-4dd2-9015-730219c359df	92	5	0
37c9c341-4769-4dd2-9015-730219c359df	92	6	0
37c9c341-4769-4dd2-9015-730219c359df	92	7	3
37c9c341-4769-4dd2-9015-730219c359df	92	8	0
37c9c341-4769-4dd2-9015-730219c359df	92	9	0
37c9c341-4769-4dd2-9015-730219c359df	93	0	0
37c9c341-4769-4dd2-9015-730219c359df	93	1	0
37c9c341-4769-4dd2-9015-730219c359df	93	2	0
37c9c341-4769-4dd2-9015-730219c359df	93	3	2
37c9c341-4769-4dd2-9015-730219c359df	93	4	0
37c9c341-4769-4dd2-9015-730219c359df	93	5	0
37c9c341-4769-4dd2-9015-730219c359df	93	6	0
37c9c341-4769-4dd2-9015-730219c359df	93	7	2
37c9c341-4769-4dd2-9015-730219c359df	93	8	0
37c9c341-4769-4dd2-9015-730219c359df	93	9	0
37c9c341-4769-4dd2-9015-730219c359df	94	0	0
37c9c341-4769-4dd2-9015-730219c359df	94	1	0
37c9c341-4769-4dd2-9015-730219c359df	94	2	0
37c9c341-4769-4dd2-9015-730219c359df	94	3	0
37c9c341-4769-4dd2-9015-730219c359df	94	4	0
37c9c341-4769-4dd2-9015-730219c359df	94	5	0
37c9c341-4769-4dd2-9015-730219c359df	94	6	0
37c9c341-4769-4dd2-9015-730219c359df	94	7	2
37c9c341-4769-4dd2-9015-730219c359df	94	8	0
37c9c341-4769-4dd2-9015-730219c359df	94	9	0
37c9c341-4769-4dd2-9015-730219c359df	95	0	0
37c9c341-4769-4dd2-9015-730219c359df	95	1	0
37c9c341-4769-4dd2-9015-730219c359df	95	2	0
37c9c341-4769-4dd2-9015-730219c359df	95	3	0
37c9c341-4769-4dd2-9015-730219c359df	95	4	0
37c9c341-4769-4dd2-9015-730219c359df	95	5	0
37c9c341-4769-4dd2-9015-730219c359df	95	6	0
37c9c341-4769-4dd2-9015-730219c359df	95	7	2
37c9c341-4769-4dd2-9015-730219c359df	95	8	0
37c9c341-4769-4dd2-9015-730219c359df	95	9	0
37c9c341-4769-4dd2-9015-730219c359df	96	0	0
37c9c341-4769-4dd2-9015-730219c359df	96	1	0
37c9c341-4769-4dd2-9015-730219c359df	96	2	0
37c9c341-4769-4dd2-9015-730219c359df	96	3	0
37c9c341-4769-4dd2-9015-730219c359df	96	4	0
37c9c341-4769-4dd2-9015-730219c359df	96	5	0
37c9c341-4769-4dd2-9015-730219c359df	96	6	0
37c9c341-4769-4dd2-9015-730219c359df	96	7	3
37c9c341-4769-4dd2-9015-730219c359df	96	8	0
37c9c341-4769-4dd2-9015-730219c359df	96	9	0
37c9c341-4769-4dd2-9015-730219c359df	97	0	0
37c9c341-4769-4dd2-9015-730219c359df	97	1	0
37c9c341-4769-4dd2-9015-730219c359df	97	2	0
37c9c341-4769-4dd2-9015-730219c359df	97	3	0
37c9c341-4769-4dd2-9015-730219c359df	97	4	0
37c9c341-4769-4dd2-9015-730219c359df	97	5	0
37c9c341-4769-4dd2-9015-730219c359df	97	6	0
37c9c341-4769-4dd2-9015-730219c359df	97	7	2
37c9c341-4769-4dd2-9015-730219c359df	97	8	0
37c9c341-4769-4dd2-9015-730219c359df	97	9	0
37c9c341-4769-4dd2-9015-730219c359df	98	0	0
37c9c341-4769-4dd2-9015-730219c359df	98	1	0
37c9c341-4769-4dd2-9015-730219c359df	98	2	0
37c9c341-4769-4dd2-9015-730219c359df	98	3	0
37c9c341-4769-4dd2-9015-730219c359df	98	4	0
37c9c341-4769-4dd2-9015-730219c359df	98	5	0
37c9c341-4769-4dd2-9015-730219c359df	98	6	0
37c9c341-4769-4dd2-9015-730219c359df	98	7	2
37c9c341-4769-4dd2-9015-730219c359df	98	8	0
37c9c341-4769-4dd2-9015-730219c359df	98	9	0
37c9c341-4769-4dd2-9015-730219c359df	99	0	0
37c9c341-4769-4dd2-9015-730219c359df	99	1	0
37c9c341-4769-4dd2-9015-730219c359df	99	2	0
37c9c341-4769-4dd2-9015-730219c359df	99	3	0
37c9c341-4769-4dd2-9015-730219c359df	99	4	0
37c9c341-4769-4dd2-9015-730219c359df	99	5	0
37c9c341-4769-4dd2-9015-730219c359df	99	6	0
37c9c341-4769-4dd2-9015-730219c359df	99	7	1
37c9c341-4769-4dd2-9015-730219c359df	99	8	0
37c9c341-4769-4dd2-9015-730219c359df	99	9	0
37c9c341-4769-4dd2-9015-730219c359df	100	0	0
37c9c341-4769-4dd2-9015-730219c359df	100	1	0
37c9c341-4769-4dd2-9015-730219c359df	100	2	0
37c9c341-4769-4dd2-9015-730219c359df	100	3	0
37c9c341-4769-4dd2-9015-730219c359df	100	4	0
37c9c341-4769-4dd2-9015-730219c359df	100	5	0
37c9c341-4769-4dd2-9015-730219c359df	100	6	0
37c9c341-4769-4dd2-9015-730219c359df	100	7	3
37c9c341-4769-4dd2-9015-730219c359df	100	8	0
37c9c341-4769-4dd2-9015-730219c359df	100	9	0
37c9c341-4769-4dd2-9015-730219c359df	101	0	0
37c9c341-4769-4dd2-9015-730219c359df	101	1	0
37c9c341-4769-4dd2-9015-730219c359df	101	2	0
37c9c341-4769-4dd2-9015-730219c359df	101	3	0
37c9c341-4769-4dd2-9015-730219c359df	101	4	0
37c9c341-4769-4dd2-9015-730219c359df	101	5	0
37c9c341-4769-4dd2-9015-730219c359df	101	6	0
37c9c341-4769-4dd2-9015-730219c359df	101	7	2
37c9c341-4769-4dd2-9015-730219c359df	101	8	0
37c9c341-4769-4dd2-9015-730219c359df	101	9	0
