env_time	agent_id	episode_id	position
1	0	1649ef98-e3a8-4dd3-a289-bbfff12876ce	(None, 0)
1	1	1649ef98-e3a8-4dd3-a289-bbfff12876ce	(None, 1)
1	2	1649ef98-e3a8-4dd3-a289-bbfff12876ce	(None, 0)
1	3	1649ef98-e3a8-4dd3-a289-bbfff12876ce	(None, 3)
1	4	1649ef98-e3a8-4dd3-a289-bbfff12876ce	(None, 3)
1	5	1649ef98-e3a8-4dd3-a289-bbfff12876ce	(None, 1)
1	6	1649ef98-e3a8-4dd3-a289-bbfff12876ce	(None, 1)
1	7	1649ef98-e3a8-4dd3-a289-bbfff12876ce	(None, 3)
1	8	1649ef98-e3a8-4dd3-a289-bbfff12876ce	(None, 1)
1	9	1649ef98-e3a8-4dd3-a289-bbfff12876ce	(None, 1)
2	0	1649ef98-e3a8-4dd3-a289-bbfff12876ce	(None, 0)
2	1	1649ef98-e3a8-4dd3-a289-bbfff12876ce	(None, 1)
2	2	1649ef98-e3a8-4dd3-a289-bbfff12876ce	(None, 0)
2	3	1649ef98-e3a8-4dd3-a289-bbfff12876ce	(None, 3)
2	4	1649ef98-e3a8-4dd3-a289-bbfff12876ce	(None, 3)
2	5	1649ef98-e3a8-4dd3-a289-bbfff12876ce	(None, 1)
2	6	1649ef98-e3a8-4dd3-a289-bbfff12876ce	(None, 1)
2	7	1649ef98-e3a8-4dd3-a289-bbfff12876ce	(None, 3)
2	8	1649ef98-e3a8-4dd3-a289-bbfff12876ce	(None, 1)
2	9	1649ef98-e3a8-4dd3-a289-bbfff12876ce	(None, 1)
3	0	1649ef98-e3a8-4dd3-a289-bbfff12876ce	(None, 0)
3	1	1649ef98-e3a8-4dd3-a289-bbfff12876ce	(None, 1)
3	2	1649ef98-e3a8-4dd3-a289-bbfff12876ce	(None, 0)
3	3	1649ef98-e3a8-4dd3-a289-bbfff12876ce	(None, 3)
3	4	1649ef98-e3a8-4dd3-a289-bbfff12876ce	(None, 3)
3	5	1649ef98-e3a8-4dd3-a289-bbfff12876ce	(None, 1)
3	6	1649ef98-e3a8-4dd3-a289-bbfff12876ce	(None, 1)
3	7	1649ef98-e3a8-4dd3-a289-bbfff12876ce	(None, 3)
3	8	1649ef98-e3a8-4dd3-a289-bbfff12876ce	((20, 16), 1)
3	9	1649ef98-e3a8-4dd3-a289-bbfff12876ce	(None, 1)
4	0	1649ef98-e3a8-4dd3-a289-bbfff12876ce	(None, 0)
4	1	1649ef98-e3a8-4dd3-a289-bbfff12876ce	(None, 1)
4	2	1649ef98-e3a8-4dd3-a289-bbfff12876ce	(None, 0)
4	3	1649ef98-e3a8-4dd3-a289-bbfff12876ce	(None, 3)
4	4	1649ef98-e3a8-4dd3-a289-bbfff12876ce	(None, 3)
4	5	1649ef98-e3a8-4dd3-a289-bbfff12876ce	(None, 1)
4	6	1649ef98-e3a8-4dd3-a289-bbfff12876ce	(None, 1)
4	7	1649ef98-e3a8-4dd3-a289-bbfff12876ce	(None, 3)
4	8	1649ef98-e3a8-4dd3-a289-bbfff12876ce	((20, 17), 1)
4	9	1649ef98-e3a8-4dd3-a289-bbfff12876ce	(None, 1)
5	0	1649ef98-e3a8-4dd3-a289-bbfff12876ce	(None, 0)
5	1	1649ef98-e3a8-4dd3-a289-bbfff12876ce	(None, 1)
5	2	1649ef98-e3a8-4dd3-a289-bbfff12876ce	(None, 0)
5	3	1649ef98-e3a8-4dd3-a289-bbfff12876ce	(None, 3)
5	4	1649ef98-e3a8-4dd3-a289-bbfff12876ce	((20, 16), 3)
5	5	1649ef98-e3a8-4dd3-a289-bbfff12876ce	(None, 1)
5	6	1649ef98-e3a8-4dd3-a289-bbfff12876ce	(None, 1)
5	7	1649ef98-e3a8-4dd3-a289-bbfff12876ce	(None, 3)
5	8	1649ef98-e3a8-4dd3-a289-bbfff12876ce	((20, 18), 1)
5	9	1649ef98-e3a8-4dd3-a289-bbfff12876ce	(None, 1)
6	0	1649ef98-e3a8-4dd3-a289-bbfff12876ce	(None, 0)
6	1	1649ef98-e3a8-4dd3-a289-bbfff12876ce	(None, 1)
6	2	1649ef98-e3a8-4dd3-a289-bbfff12876ce	(None, 0)
6	3	1649ef98-e3a8-4dd3-a289-bbfff12876ce	(None, 3)
6	4	1649ef98-e3a8-4dd3-a289-bbfff12876ce	((20, 15), 3)
6	5	1649ef98-e3a8-4dd3-a289-bbfff12876ce	(None, 1)
6	6	1649ef98-e3a8-4dd3-a289-bbfff12876ce	(None, 1)
6	7	1649ef98-e3a8-4dd3-a289-bbfff12876ce	(None, 3)
6	8	1649ef98-e3a8-4dd3-a289-bbfff12876ce	((20, 19), 1)
6	9	1649ef98-e3a8-4dd3-a289-bbfff12876ce	((21, 5), 1)
7	0	1649ef98-e3a8-4dd3-a289-bbfff12876ce	((5, 6), 0)
7	1	1649ef98-e3a8-4dd3-a289-bbfff12876ce	(None, 1)
7	2	1649ef98-e3a8-4dd3-a289-bbfff12876ce	(None, 0)
7	3	1649ef98-e3a8-4dd3-a289-bbfff12876ce	(None, 3)
7	4	1649ef98-e3a8-4dd3-a289-bbfff12876ce	((20, 14), 3)
7	5	1649ef98-e3a8-4dd3-a289-bbfff12876ce	(None, 1)
7	6	1649ef98-e3a8-4dd3-a289-bbfff12876ce	(None, 1)
7	7	1649ef98-e3a8-4dd3-a289-bbfff12876ce	(None, 3)
7	8	1649ef98-e3a8-4dd3-a289-bbfff12876ce	((20, 20), 1)
7	9	1649ef98-e3a8-4dd3-a289-bbfff12876ce	((21, 6), 1)
8	0	1649ef98-e3a8-4dd3-a289-bbfff12876ce	((4, 6), 0)
8	1	1649ef98-e3a8-4dd3-a289-bbfff12876ce	(None, 1)
8	2	1649ef98-e3a8-4dd3-a289-bbfff12876ce	(None, 0)
8	3	1649ef98-e3a8-4dd3-a289-bbfff12876ce	(None, 3)
8	4	1649ef98-e3a8-4dd3-a289-bbfff12876ce	((20, 13), 3)
8	5	1649ef98-e3a8-4dd3-a289-bbfff12876ce	(None, 1)
8	6	1649ef98-e3a8-4dd3-a289-bbfff12876ce	(None, 1)
8	7	1649ef98-e3a8-4dd3-a289-bbfff12876ce	(None, 3)
8	8	1649ef98-e3a8-4dd3-a289-bbfff12876ce	((20, 21), 1)
8	9	1649ef98-e3a8-4dd3-a289-bbfff12876ce	((21, 7), 1)
9	0	1649ef98-e3a8-4dd3-a289-bbfff12876ce	((3, 6), 0)
9	1	1649ef98-e3a8-4dd3-a289-bbfff12876ce	(None, 1)
9	2	1649ef98-e3a8-4dd3-a289-bbfff12876ce	(None, 0)
9	3	1649ef98-e3a8-4dd3-a289-bbfff12876ce	(None, 3)
9	4	1649ef98-e3a8-4dd3-a289-bbfff12876ce	((20, 12), 3)
9	5	1649ef98-e3a8-4dd3-a289-bbfff12876ce	(None, 1)
9	6	1649ef98-e3a8-4dd3-a289-bbfff12876ce	(None, 1)
9	7	1649ef98-e3a8-4dd3-a289-bbfff12876ce	(None, 3)
9	8	1649ef98-e3a8-4dd3-a289-bbfff12876ce	((19, 21), 0)
9	9	1649ef98-e3a8-4dd3-a289-bbfff12876ce	((21, 8), 1)
10	0	1649ef98-e3a8-4dd3-a289-bbfff12876ce	((2, 6), 0)
10	1	1649ef98-e3a8-4dd3-a289-bbfff12876ce	(None, 1)
10	2	1649ef98-e3a8-4dd3-a289-bbfff12876ce	(None, 0)
10	3	1649ef98-e3a8-4dd3-a289-bbfff12876ce	(None, 3)
10	4	1649ef98-e3a8-4dd3-a289-bbfff12876ce	((20, 11), 3)
10	5	1649ef98-e3a8-4dd3-a289-bbfff12876ce	(None, 1)
10	6	1649ef98-e3a8-4dd3-a289-bbfff12876ce	(None, 1)
10	7	1649ef98-e3a8-4dd3-a289-bbfff12876ce	(None, 3)
10	8	1649ef98-e3a8-4dd3-a289-bbfff12876ce	((18, 21), 0)
10	9	1649ef98-e3a8-4dd3-a289-bbfff12876ce	((21, 9), 1)
11	0	1649ef98-e3a8-4dd3-a289-bbfff12876ce	((1, 6), 0)
11	1	1649ef98-e3a8-4dd3-a289-bbfff12876ce	(None, 1)
11	2	1649ef98-e3a8-4dd3-a289-bbfff12876ce	(None, 0)
11	3	1649ef98-e3a8-4dd3-a289-bbfff12876ce	(None, 3)
11	4	1649ef98-e3a8-4dd3-a289-bbfff12876ce	((20, 10), 3)
11	5	1649ef98-e3a8-4dd3-a289-bbfff12876ce	(None, 1)
11	6	1649ef98-e3a8-4dd3-a289-bbfff12876ce	(None, 1)
11	7	1649ef98-e3a8-4dd3-a289-bbfff12876ce	(None, 3)
11	8	1649ef98-e3a8-4dd3-a289-bbfff12876ce	((17, 21), 0)
11	9	1649ef98-e3a8-4dd3-a289-bbfff12876ce	((21, 10), 1)
12	0	1649ef98-e3a8-4dd3-a289-bbfff12876ce	((0, 6), 0)
12	1	1649ef98-e3a8-4dd3-a289-bbfff12876ce	(None, 1)
12	2	1649ef98-e3a8-4dd3-a289-bbfff12876ce	(None, 0)
12	3	1649ef98-e3a8-4dd3-a289-bbfff12876ce	(None, 3)
12	4	1649ef98-e3a8-4dd3-a289-bbfff12876ce	((20, 9), 3)
12	5	1649ef98-e3a8-4dd3-a289-bbfff12876ce	(None, 1)
12	6	1649ef98-e3a8-4dd3-a289-bbfff12876ce	(None, 1)
12	7	1649ef98-e3a8-4dd3-a289-bbfff12876ce	(None, 3)
12	8	1649ef98-e3a8-4dd3-a289-bbfff12876ce	((16, 21), 0)
12	9	1649ef98-e3a8-4dd3-a289-bbfff12876ce	((21, 11), 1)
13	0	1649ef98-e3a8-4dd3-a289-bbfff12876ce	((0, 7), 1)
13	1	1649ef98-e3a8-4dd3-a289-bbfff12876ce	(None, 1)
13	2	1649ef98-e3a8-4dd3-a289-bbfff12876ce	(None, 0)
13	3	1649ef98-e3a8-4dd3-a289-bbfff12876ce	(None, 3)
13	4	1649ef98-e3a8-4dd3-a289-bbfff12876ce	((20, 8), 3)
13	5	1649ef98-e3a8-4dd3-a289-bbfff12876ce	(None, 1)
13	6	1649ef98-e3a8-4dd3-a289-bbfff12876ce	(None, 1)
13	7	1649ef98-e3a8-4dd3-a289-bbfff12876ce	(None, 3)
13	8	1649ef98-e3a8-4dd3-a289-bbfff12876ce	((15, 21), 0)
13	9	1649ef98-e3a8-4dd3-a289-bbfff12876ce	((20, 11), 0)
14	0	1649ef98-e3a8-4dd3-a289-bbfff12876ce	((0, 8), 1)
14	1	1649ef98-e3a8-4dd3-a289-bbfff12876ce	(None, 1)
14	2	1649ef98-e3a8-4dd3-a289-bbfff12876ce	(None, 0)
14	3	1649ef98-e3a8-4dd3-a289-bbfff12876ce	(None, 3)
14	4	1649ef98-e3a8-4dd3-a289-bbfff12876ce	((20, 7), 3)
14	5	1649ef98-e3a8-4dd3-a289-bbfff12876ce	(None, 1)
14	6	1649ef98-e3a8-4dd3-a289-bbfff12876ce	(None, 1)
14	7	1649ef98-e3a8-4dd3-a289-bbfff12876ce	(None, 3)
14	8	1649ef98-e3a8-4dd3-a289-bbfff12876ce	((14, 21), 0)
14	9	1649ef98-e3a8-4dd3-a289-bbfff12876ce	((20, 12), 1)
15	0	1649ef98-e3a8-4dd3-a289-bbfff12876ce	((0, 9), 1)
15	1	1649ef98-e3a8-4dd3-a289-bbfff12876ce	(None, 1)
15	2	1649ef98-e3a8-4dd3-a289-bbfff12876ce	(None, 0)
15	3	1649ef98-e3a8-4dd3-a289-bbfff12876ce	(None, 3)
15	4	1649ef98-e3a8-4dd3-a289-bbfff12876ce	((20, 6), 3)
15	5	1649ef98-e3a8-4dd3-a289-bbfff12876ce	(None, 1)
15	6	1649ef98-e3a8-4dd3-a289-bbfff12876ce	(None, 1)
15	7	1649ef98-e3a8-4dd3-a289-bbfff12876ce	(None, 3)
15	8	1649ef98-e3a8-4dd3-a289-bbfff12876ce	((13, 21), 0)
15	9	1649ef98-e3a8-4dd3-a289-bbfff12876ce	((20, 13), 1)
16	0	1649ef98-e3a8-4dd3-a289-bbfff12876ce	((0, 10), 1)
16	1	1649ef98-e3a8-4dd3-a289-bbfff12876ce	(None, 1)
16	2	1649ef98-e3a8-4dd3-a289-bbfff12876ce	(None, 0)
16	3	1649ef98-e3a8-4dd3-a289-bbfff12876ce	(None, 3)
16	4	1649ef98-e3a8-4dd3-a289-bbfff12876ce	(None, 3)
16	5	1649ef98-e3a8-4dd3-a289-bbfff12876ce	(None, 1)
16	6	1649ef98-e3a8-4dd3-a289-bbfff12876ce	(None, 1)
16	7	1649ef98-e3a8-4dd3-a289-bbfff12876ce	(None, 3)
16	8	1649ef98-e3a8-4dd3-a289-bbfff12876ce	((13, 20), 3)
16	9	1649ef98-e3a8-4dd3-a289-bbfff12876ce	((20, 14), 1)
17	0	1649ef98-e3a8-4dd3-a289-bbfff12876ce	((1, 10), 2)
17	1	1649ef98-e3a8-4dd3-a289-bbfff12876ce	(None, 1)
17	2	1649ef98-e3a8-4dd3-a289-bbfff12876ce	(None, 0)
17	3	1649ef98-e3a8-4dd3-a289-bbfff12876ce	(None, 3)
17	4	1649ef98-e3a8-4dd3-a289-bbfff12876ce	(None, 3)
17	5	1649ef98-e3a8-4dd3-a289-bbfff12876ce	(None, 1)
17	6	1649ef98-e3a8-4dd3-a289-bbfff12876ce	(None, 1)
17	7	1649ef98-e3a8-4dd3-a289-bbfff12876ce	(None, 3)
17	8	1649ef98-e3a8-4dd3-a289-bbfff12876ce	((13, 19), 3)
17	9	1649ef98-e3a8-4dd3-a289-bbfff12876ce	((19, 14), 0)
18	0	1649ef98-e3a8-4dd3-a289-bbfff12876ce	((2, 10), 2)
18	1	1649ef98-e3a8-4dd3-a289-bbfff12876ce	(None, 1)
18	2	1649ef98-e3a8-4dd3-a289-bbfff12876ce	(None, 0)
18	3	1649ef98-e3a8-4dd3-a289-bbfff12876ce	(None, 3)
18	4	1649ef98-e3a8-4dd3-a289-bbfff12876ce	(None, 3)
18	5	1649ef98-e3a8-4dd3-a289-bbfff12876ce	(None, 1)
18	6	1649ef98-e3a8-4dd3-a289-bbfff12876ce	(None, 1)
18	7	1649ef98-e3a8-4dd3-a289-bbfff12876ce	(None, 3)
18	8	1649ef98-e3a8-4dd3-a289-bbfff12876ce	((13, 18), 3)
18	9	1649ef98-e3a8-4dd3-a289-bbfff12876ce	((19, 15), 1)
19	0	1649ef98-e3a8-4dd3-a289-bbfff12876ce	((3, 10), 2)
19	1	1649ef98-e3a8-4dd3-a289-bbfff12876ce	(None, 1)
19	2	1649ef98-e3a8-4dd3-a289-bbfff12876ce	(None, 0)
19	3	1649ef98-e3a8-4dd3-a289-bbfff12876ce	(None, 3)
19	4	1649ef98-e3a8-4dd3-a289-bbfff12876ce	(None, 3)
19	5	1649ef98-e3a8-4dd3-a289-bbfff12876ce	(None, 1)
19	6	1649ef98-e3a8-4dd3-a289-bbfff12876ce	(None, 1)
19	7	1649ef98-e3a8-4dd3-a289-bbfff12876ce	((20, 16), 3)
19	8	1649ef98-e3a8-4dd3-a289-bbfff12876ce	((13, 17), 3)
19	9	1649ef98-e3a8-4dd3-a289-bbfff12876ce	(None, 1)
20	0	1649ef98-e3a8-4dd3-a289-bbfff12876ce	((4, 10), 2)
20	1	1649ef98-e3a8-4dd3-a289-bbfff12876ce	(None, 1)
20	2	1649ef98-e3a8-4dd3-a289-bbfff12876ce	(None, 0)
20	3	1649ef98-e3a8-4dd3-a289-bbfff12876ce	(None, 3)
20	4	1649ef98-e3a8-4dd3-a289-bbfff12876ce	(None, 3)
20	5	1649ef98-e3a8-4dd3-a289-bbfff12876ce	(None, 1)
20	6	1649ef98-e3a8-4dd3-a289-bbfff12876ce	(None, 1)
20	7	1649ef98-e3a8-4dd3-a289-bbfff12876ce	((20, 15), 3)
20	8	1649ef98-e3a8-4dd3-a289-bbfff12876ce	((13, 16), 3)
20	9	1649ef98-e3a8-4dd3-a289-bbfff12876ce	(None, 1)
21	0	1649ef98-e3a8-4dd3-a289-bbfff12876ce	((5, 10), 2)
21	1	1649ef98-e3a8-4dd3-a289-bbfff12876ce	(None, 1)
21	2	1649ef98-e3a8-4dd3-a289-bbfff12876ce	(None, 0)
21	3	1649ef98-e3a8-4dd3-a289-bbfff12876ce	(None, 3)
21	4	1649ef98-e3a8-4dd3-a289-bbfff12876ce	(None, 3)
21	5	1649ef98-e3a8-4dd3-a289-bbfff12876ce	(None, 1)
21	6	1649ef98-e3a8-4dd3-a289-bbfff12876ce	(None, 1)
21	7	1649ef98-e3a8-4dd3-a289-bbfff12876ce	((20, 14), 3)
21	8	1649ef98-e3a8-4dd3-a289-bbfff12876ce	((13, 15), 3)
21	9	1649ef98-e3a8-4dd3-a289-bbfff12876ce	(None, 1)
22	0	1649ef98-e3a8-4dd3-a289-bbfff12876ce	((6, 10), 2)
22	1	1649ef98-e3a8-4dd3-a289-bbfff12876ce	(None, 1)
22	2	1649ef98-e3a8-4dd3-a289-bbfff12876ce	((5, 4), 0)
22	3	1649ef98-e3a8-4dd3-a289-bbfff12876ce	(None, 3)
22	4	1649ef98-e3a8-4dd3-a289-bbfff12876ce	(None, 3)
22	5	1649ef98-e3a8-4dd3-a289-bbfff12876ce	(None, 1)
22	6	1649ef98-e3a8-4dd3-a289-bbfff12876ce	(None, 1)
22	7	1649ef98-e3a8-4dd3-a289-bbfff12876ce	((20, 13), 3)
22	8	1649ef98-e3a8-4dd3-a289-bbfff12876ce	((13, 14), 3)
22	9	1649ef98-e3a8-4dd3-a289-bbfff12876ce	(None, 1)
23	0	1649ef98-e3a8-4dd3-a289-bbfff12876ce	((7, 10), 2)
23	1	1649ef98-e3a8-4dd3-a289-bbfff12876ce	(None, 1)
23	2	1649ef98-e3a8-4dd3-a289-bbfff12876ce	((4, 4), 0)
23	3	1649ef98-e3a8-4dd3-a289-bbfff12876ce	(None, 3)
23	4	1649ef98-e3a8-4dd3-a289-bbfff12876ce	(None, 3)
23	5	1649ef98-e3a8-4dd3-a289-bbfff12876ce	(None, 1)
23	6	1649ef98-e3a8-4dd3-a289-bbfff12876ce	(None, 1)
23	7	1649ef98-e3a8-4dd3-a289-bbfff12876ce	((20, 12), 3)
23	8	1649ef98-e3a8-4dd3-a289-bbfff12876ce	((13, 13), 3)
23	9	1649ef98-e3a8-4dd3-a289-bbfff12876ce	(None, 1)
24	0	1649ef98-e3a8-4dd3-a289-bbfff12876ce	((8, 10), 2)
24	1	1649ef98-e3a8-4dd3-a289-bbfff12876ce	(None, 1)
24	2	1649ef98-e3a8-4dd3-a289-bbfff12876ce	((4, 5), 1)
24	3	1649ef98-e3a8-4dd3-a289-bbfff12876ce	(None, 3)
24	4	1649ef98-e3a8-4dd3-a289-bbfff12876ce	(None, 3)
24	5	1649ef98-e3a8-4dd3-a289-bbfff12876ce	(None, 1)
24	6	1649ef98-e3a8-4dd3-a289-bbfff12876ce	(None, 1)
24	7	1649ef98-e3a8-4dd3-a289-bbfff12876ce	((20, 11), 3)
24	8	1649ef98-e3a8-4dd3-a289-bbfff12876ce	((13, 12), 3)
24	9	1649ef98-e3a8-4dd3-a289-bbfff12876ce	(None, 1)
25	0	1649ef98-e3a8-4dd3-a289-bbfff12876ce	((9, 10), 2)
25	1	1649ef98-e3a8-4dd3-a289-bbfff12876ce	(None, 1)
25	2	1649ef98-e3a8-4dd3-a289-bbfff12876ce	((3, 5), 0)
25	3	1649ef98-e3a8-4dd3-a289-bbfff12876ce	(None, 3)
25	4	1649ef98-e3a8-4dd3-a289-bbfff12876ce	(None, 3)
25	5	1649ef98-e3a8-4dd3-a289-bbfff12876ce	(None, 1)
25	6	1649ef98-e3a8-4dd3-a289-bbfff12876ce	(None, 1)
25	7	1649ef98-e3a8-4dd3-a289-bbfff12876ce	((21, 11), 2)
25	8	1649ef98-e3a8-4dd3-a289-bbfff12876ce	((13, 11), 3)
25	9	1649ef98-e3a8-4dd3-a289-bbfff12876ce	(None, 1)
26	0	1649ef98-e3a8-4dd3-a289-bbfff12876ce	((10, 10), 2)
26	1	1649ef98-e3a8-4dd3-a289-bbfff12876ce	(None, 1)
26	2	1649ef98-e3a8-4dd3-a289-bbfff12876ce	((2, 5), 0)
26	3	1649ef98-e3a8-4dd3-a289-bbfff12876ce	(None, 3)
26	4	1649ef98-e3a8-4dd3-a289-bbfff12876ce	(None, 3)
26	5	1649ef98-e3a8-4dd3-a289-bbfff12876ce	(None, 1)
26	6	1649ef98-e3a8-4dd3-a289-bbfff12876ce	(None, 1)
26	7	1649ef98-e3a8-4dd3-a289-bbfff12876ce	((21, 10), 3)
26	8	1649ef98-e3a8-4dd3-a289-bbfff12876ce	((13, 10), 3)
26	9	1649ef98-e3a8-4dd3-a289-bbfff12876ce	(None, 1)
27	0	1649ef98-e3a8-4dd3-a289-bbfff12876ce	((11, 10), 2)
27	1	1649ef98-e3a8-4dd3-a289-bbfff12876ce	(None, 1)
27	2	1649ef98-e3a8-4dd3-a289-bbfff12876ce	((1, 5), 0)
27	3	1649ef98-e3a8-4dd3-a289-bbfff12876ce	(None, 3)
27	4	1649ef98-e3a8-4dd3-a289-bbfff12876ce	(None, 3)
27	5	1649ef98-e3a8-4dd3-a289-bbfff12876ce	(None, 1)
27	6	1649ef98-e3a8-4dd3-a289-bbfff12876ce	(None, 1)
27	7	1649ef98-e3a8-4dd3-a289-bbfff12876ce	((21, 9), 3)
27	8	1649ef98-e3a8-4dd3-a289-bbfff12876ce	((13, 9), 3)
27	9	1649ef98-e3a8-4dd3-a289-bbfff12876ce	(None, 1)
28	0	1649ef98-e3a8-4dd3-a289-bbfff12876ce	((12, 10), 2)
28	1	1649ef98-e3a8-4dd3-a289-bbfff12876ce	(None, 1)
28	2	1649ef98-e3a8-4dd3-a289-bbfff12876ce	((0, 5), 0)
28	3	1649ef98-e3a8-4dd3-a289-bbfff12876ce	(None, 3)
28	4	1649ef98-e3a8-4dd3-a289-bbfff12876ce	(None, 3)
28	5	1649ef98-e3a8-4dd3-a289-bbfff12876ce	(None, 1)
28	6	1649ef98-e3a8-4dd3-a289-bbfff12876ce	(None, 1)
28	7	1649ef98-e3a8-4dd3-a289-bbfff12876ce	((21, 8), 3)
28	8	1649ef98-e3a8-4dd3-a289-bbfff12876ce	((13, 8), 3)
28	9	1649ef98-e3a8-4dd3-a289-bbfff12876ce	(None, 1)
29	0	1649ef98-e3a8-4dd3-a289-bbfff12876ce	((13, 10), 2)
29	1	1649ef98-e3a8-4dd3-a289-bbfff12876ce	(None, 1)
29	2	1649ef98-e3a8-4dd3-a289-bbfff12876ce	((0, 6), 1)
29	3	1649ef98-e3a8-4dd3-a289-bbfff12876ce	(None, 3)
29	4	1649ef98-e3a8-4dd3-a289-bbfff12876ce	(None, 3)
29	5	1649ef98-e3a8-4dd3-a289-bbfff12876ce	(None, 1)
29	6	1649ef98-e3a8-4dd3-a289-bbfff12876ce	(None, 1)
29	7	1649ef98-e3a8-4dd3-a289-bbfff12876ce	((21, 7), 3)
29	8	1649ef98-e3a8-4dd3-a289-bbfff12876ce	((13, 7), 3)
29	9	1649ef98-e3a8-4dd3-a289-bbfff12876ce	(None, 1)
30	0	1649ef98-e3a8-4dd3-a289-bbfff12876ce	((14, 10), 2)
30	1	1649ef98-e3a8-4dd3-a289-bbfff12876ce	(None, 1)
30	2	1649ef98-e3a8-4dd3-a289-bbfff12876ce	((0, 7), 1)
30	3	1649ef98-e3a8-4dd3-a289-bbfff12876ce	(None, 3)
30	4	1649ef98-e3a8-4dd3-a289-bbfff12876ce	(None, 3)
30	5	1649ef98-e3a8-4dd3-a289-bbfff12876ce	(None, 1)
30	6	1649ef98-e3a8-4dd3-a289-bbfff12876ce	(None, 1)
30	7	1649ef98-e3a8-4dd3-a289-bbfff12876ce	((21, 6), 3)
30	8	1649ef98-e3a8-4dd3-a289-bbfff12876ce	((12, 7), 0)
30	9	1649ef98-e3a8-4dd3-a289-bbfff12876ce	(None, 1)
31	0	1649ef98-e3a8-4dd3-a289-bbfff12876ce	((15, 10), 2)
31	1	1649ef98-e3a8-4dd3-a289-bbfff12876ce	(None, 1)
31	2	1649ef98-e3a8-4dd3-a289-bbfff12876ce	((0, 8), 1)
31	3	1649ef98-e3a8-4dd3-a289-bbfff12876ce	(None, 3)
31	4	1649ef98-e3a8-4dd3-a289-bbfff12876ce	(None, 3)
31	5	1649ef98-e3a8-4dd3-a289-bbfff12876ce	(None, 1)
31	6	1649ef98-e3a8-4dd3-a289-bbfff12876ce	(None, 1)
31	7	1649ef98-e3a8-4dd3-a289-bbfff12876ce	((22, 6), 2)
31	8	1649ef98-e3a8-4dd3-a289-bbfff12876ce	((11, 7), 0)
31	9	1649ef98-e3a8-4dd3-a289-bbfff12876ce	(None, 1)
32	0	1649ef98-e3a8-4dd3-a289-bbfff12876ce	((16, 10), 2)
32	1	1649ef98-e3a8-4dd3-a289-bbfff12876ce	(None, 1)
32	2	1649ef98-e3a8-4dd3-a289-bbfff12876ce	((0, 9), 1)
32	3	1649ef98-e3a8-4dd3-a289-bbfff12876ce	(None, 3)
32	4	1649ef98-e3a8-4dd3-a289-bbfff12876ce	(None, 3)
32	5	1649ef98-e3a8-4dd3-a289-bbfff12876ce	(None, 1)
32	6	1649ef98-e3a8-4dd3-a289-bbfff12876ce	(None, 1)
32	7	1649ef98-e3a8-4dd3-a289-bbfff12876ce	(None, 3)
32	8	1649ef98-e3a8-4dd3-a289-bbfff12876ce	((10, 7), 0)
32	9	1649ef98-e3a8-4dd3-a289-bbfff12876ce	(None, 1)
33	0	1649ef98-e3a8-4dd3-a289-bbfff12876ce	((17, 10), 2)
33	1	1649ef98-e3a8-4dd3-a289-bbfff12876ce	(None, 1)
33	2	1649ef98-e3a8-4dd3-a289-bbfff12876ce	((0, 10), 1)
33	3	1649ef98-e3a8-4dd3-a289-bbfff12876ce	((19, 5), 3)
33	4	1649ef98-e3a8-4dd3-a289-bbfff12876ce	(None, 3)
33	5	1649ef98-e3a8-4dd3-a289-bbfff12876ce	(None, 1)
33	6	1649ef98-e3a8-4dd3-a289-bbfff12876ce	(None, 1)
33	7	1649ef98-e3a8-4dd3-a289-bbfff12876ce	(None, 3)
33	8	1649ef98-e3a8-4dd3-a289-bbfff12876ce	((10, 6), 3)
33	9	1649ef98-e3a8-4dd3-a289-bbfff12876ce	(None, 1)
34	0	1649ef98-e3a8-4dd3-a289-bbfff12876ce	((18, 10), 2)
34	1	1649ef98-e3a8-4dd3-a289-bbfff12876ce	(None, 1)
34	2	1649ef98-e3a8-4dd3-a289-bbfff12876ce	((1, 10), 2)
34	3	1649ef98-e3a8-4dd3-a289-bbfff12876ce	((19, 4), 3)
34	4	1649ef98-e3a8-4dd3-a289-bbfff12876ce	(None, 3)
34	5	1649ef98-e3a8-4dd3-a289-bbfff12876ce	(None, 1)
34	6	1649ef98-e3a8-4dd3-a289-bbfff12876ce	(None, 1)
34	7	1649ef98-e3a8-4dd3-a289-bbfff12876ce	(None, 3)
34	8	1649ef98-e3a8-4dd3-a289-bbfff12876ce	((10, 5), 3)
34	9	1649ef98-e3a8-4dd3-a289-bbfff12876ce	(None, 1)
35	0	1649ef98-e3a8-4dd3-a289-bbfff12876ce	((19, 10), 2)
35	1	1649ef98-e3a8-4dd3-a289-bbfff12876ce	(None, 1)
35	2	1649ef98-e3a8-4dd3-a289-bbfff12876ce	((2, 10), 2)
35	3	1649ef98-e3a8-4dd3-a289-bbfff12876ce	((20, 4), 2)
35	4	1649ef98-e3a8-4dd3-a289-bbfff12876ce	(None, 3)
35	5	1649ef98-e3a8-4dd3-a289-bbfff12876ce	(None, 1)
35	6	1649ef98-e3a8-4dd3-a289-bbfff12876ce	(None, 1)
35	7	1649ef98-e3a8-4dd3-a289-bbfff12876ce	(None, 3)
35	8	1649ef98-e3a8-4dd3-a289-bbfff12876ce	((10, 4), 3)
35	9	1649ef98-e3a8-4dd3-a289-bbfff12876ce	(None, 1)
36	0	1649ef98-e3a8-4dd3-a289-bbfff12876ce	((20, 10), 2)
36	1	1649ef98-e3a8-4dd3-a289-bbfff12876ce	(None, 1)
36	2	1649ef98-e3a8-4dd3-a289-bbfff12876ce	((3, 10), 2)
36	3	1649ef98-e3a8-4dd3-a289-bbfff12876ce	((20, 3), 3)
36	4	1649ef98-e3a8-4dd3-a289-bbfff12876ce	(None, 3)
36	5	1649ef98-e3a8-4dd3-a289-bbfff12876ce	(None, 1)
36	6	1649ef98-e3a8-4dd3-a289-bbfff12876ce	(None, 1)
36	7	1649ef98-e3a8-4dd3-a289-bbfff12876ce	(None, 3)
36	8	1649ef98-e3a8-4dd3-a289-bbfff12876ce	((11, 4), 2)
36	9	1649ef98-e3a8-4dd3-a289-bbfff12876ce	(None, 1)
37	0	1649ef98-e3a8-4dd3-a289-bbfff12876ce	((20, 9), 3)
37	1	1649ef98-e3a8-4dd3-a289-bbfff12876ce	(None, 1)
37	2	1649ef98-e3a8-4dd3-a289-bbfff12876ce	((4, 10), 2)
37	3	1649ef98-e3a8-4dd3-a289-bbfff12876ce	((20, 2), 3)
37	4	1649ef98-e3a8-4dd3-a289-bbfff12876ce	(None, 3)
37	5	1649ef98-e3a8-4dd3-a289-bbfff12876ce	(None, 1)
37	6	1649ef98-e3a8-4dd3-a289-bbfff12876ce	(None, 1)
37	7	1649ef98-e3a8-4dd3-a289-bbfff12876ce	(None, 3)
37	8	1649ef98-e3a8-4dd3-a289-bbfff12876ce	((12, 4), 2)
37	9	1649ef98-e3a8-4dd3-a289-bbfff12876ce	(None, 1)
38	0	1649ef98-e3a8-4dd3-a289-bbfff12876ce	((20, 8), 3)
38	1	1649ef98-e3a8-4dd3-a289-bbfff12876ce	(None, 1)
38	2	1649ef98-e3a8-4dd3-a289-bbfff12876ce	((5, 10), 2)
38	3	1649ef98-e3a8-4dd3-a289-bbfff12876ce	((20, 1), 3)
38	4	1649ef98-e3a8-4dd3-a289-bbfff12876ce	(None, 3)
38	5	1649ef98-e3a8-4dd3-a289-bbfff12876ce	(None, 1)
38	6	1649ef98-e3a8-4dd3-a289-bbfff12876ce	(None, 1)
38	7	1649ef98-e3a8-4dd3-a289-bbfff12876ce	(None, 3)
38	8	1649ef98-e3a8-4dd3-a289-bbfff12876ce	((13, 4), 2)
38	9	1649ef98-e3a8-4dd3-a289-bbfff12876ce	(None, 1)
39	0	1649ef98-e3a8-4dd3-a289-bbfff12876ce	((20, 7), 3)
39	1	1649ef98-e3a8-4dd3-a289-bbfff12876ce	(None, 1)
39	2	1649ef98-e3a8-4dd3-a289-bbfff12876ce	((6, 10), 2)
39	3	1649ef98-e3a8-4dd3-a289-bbfff12876ce	((20, 0), 3)
39	4	1649ef98-e3a8-4dd3-a289-bbfff12876ce	(None, 3)
39	5	1649ef98-e3a8-4dd3-a289-bbfff12876ce	(None, 1)
39	6	1649ef98-e3a8-4dd3-a289-bbfff12876ce	(None, 1)
39	7	1649ef98-e3a8-4dd3-a289-bbfff12876ce	(None, 3)
39	8	1649ef98-e3a8-4dd3-a289-bbfff12876ce	((14, 4), 2)
39	9	1649ef98-e3a8-4dd3-a289-bbfff12876ce	(None, 1)
40	0	1649ef98-e3a8-4dd3-a289-bbfff12876ce	((20, 6), 3)
40	1	1649ef98-e3a8-4dd3-a289-bbfff12876ce	((19, 5), 1)
40	2	1649ef98-e3a8-4dd3-a289-bbfff12876ce	((7, 10), 2)
40	3	1649ef98-e3a8-4dd3-a289-bbfff12876ce	((19, 0), 0)
40	4	1649ef98-e3a8-4dd3-a289-bbfff12876ce	(None, 3)
40	5	1649ef98-e3a8-4dd3-a289-bbfff12876ce	(None, 1)
40	6	1649ef98-e3a8-4dd3-a289-bbfff12876ce	(None, 1)
40	7	1649ef98-e3a8-4dd3-a289-bbfff12876ce	(None, 3)
40	8	1649ef98-e3a8-4dd3-a289-bbfff12876ce	((14, 3), 3)
40	9	1649ef98-e3a8-4dd3-a289-bbfff12876ce	(None, 1)
41	0	1649ef98-e3a8-4dd3-a289-bbfff12876ce	(None, 0)
41	1	1649ef98-e3a8-4dd3-a289-bbfff12876ce	((19, 6), 1)
41	2	1649ef98-e3a8-4dd3-a289-bbfff12876ce	((8, 10), 2)
41	3	1649ef98-e3a8-4dd3-a289-bbfff12876ce	((18, 0), 0)
41	4	1649ef98-e3a8-4dd3-a289-bbfff12876ce	(None, 3)
41	5	1649ef98-e3a8-4dd3-a289-bbfff12876ce	(None, 1)
41	6	1649ef98-e3a8-4dd3-a289-bbfff12876ce	(None, 1)
41	7	1649ef98-e3a8-4dd3-a289-bbfff12876ce	(None, 3)
41	8	1649ef98-e3a8-4dd3-a289-bbfff12876ce	((14, 2), 3)
41	9	1649ef98-e3a8-4dd3-a289-bbfff12876ce	(None, 1)
42	0	1649ef98-e3a8-4dd3-a289-bbfff12876ce	(None, 0)
42	1	1649ef98-e3a8-4dd3-a289-bbfff12876ce	((20, 6), 2)
42	2	1649ef98-e3a8-4dd3-a289-bbfff12876ce	((9, 10), 2)
42	3	1649ef98-e3a8-4dd3-a289-bbfff12876ce	((17, 0), 0)
42	4	1649ef98-e3a8-4dd3-a289-bbfff12876ce	(None, 3)
42	5	1649ef98-e3a8-4dd3-a289-bbfff12876ce	(None, 1)
42	6	1649ef98-e3a8-4dd3-a289-bbfff12876ce	(None, 1)
42	7	1649ef98-e3a8-4dd3-a289-bbfff12876ce	(None, 3)
42	8	1649ef98-e3a8-4dd3-a289-bbfff12876ce	((14, 1), 3)
42	9	1649ef98-e3a8-4dd3-a289-bbfff12876ce	(None, 1)
43	0	1649ef98-e3a8-4dd3-a289-bbfff12876ce	(None, 0)
43	1	1649ef98-e3a8-4dd3-a289-bbfff12876ce	((20, 7), 1)
43	2	1649ef98-e3a8-4dd3-a289-bbfff12876ce	((10, 10), 2)
43	3	1649ef98-e3a8-4dd3-a289-bbfff12876ce	((16, 0), 0)
43	4	1649ef98-e3a8-4dd3-a289-bbfff12876ce	(None, 3)
43	5	1649ef98-e3a8-4dd3-a289-bbfff12876ce	(None, 1)
43	6	1649ef98-e3a8-4dd3-a289-bbfff12876ce	(None, 1)
43	7	1649ef98-e3a8-4dd3-a289-bbfff12876ce	(None, 3)
43	8	1649ef98-e3a8-4dd3-a289-bbfff12876ce	((14, 1), 3)
43	9	1649ef98-e3a8-4dd3-a289-bbfff12876ce	(None, 1)
44	0	1649ef98-e3a8-4dd3-a289-bbfff12876ce	(None, 0)
44	1	1649ef98-e3a8-4dd3-a289-bbfff12876ce	((20, 8), 1)
44	2	1649ef98-e3a8-4dd3-a289-bbfff12876ce	((11, 10), 2)
44	3	1649ef98-e3a8-4dd3-a289-bbfff12876ce	((15, 0), 0)
44	4	1649ef98-e3a8-4dd3-a289-bbfff12876ce	(None, 3)
44	5	1649ef98-e3a8-4dd3-a289-bbfff12876ce	(None, 1)
44	6	1649ef98-e3a8-4dd3-a289-bbfff12876ce	(None, 1)
44	7	1649ef98-e3a8-4dd3-a289-bbfff12876ce	(None, 3)
44	8	1649ef98-e3a8-4dd3-a289-bbfff12876ce	((14, 0), 3)
44	9	1649ef98-e3a8-4dd3-a289-bbfff12876ce	(None, 1)
45	0	1649ef98-e3a8-4dd3-a289-bbfff12876ce	(None, 0)
45	1	1649ef98-e3a8-4dd3-a289-bbfff12876ce	((20, 9), 1)
45	2	1649ef98-e3a8-4dd3-a289-bbfff12876ce	((12, 10), 2)
45	3	1649ef98-e3a8-4dd3-a289-bbfff12876ce	((15, 1), 1)
45	4	1649ef98-e3a8-4dd3-a289-bbfff12876ce	(None, 3)
45	5	1649ef98-e3a8-4dd3-a289-bbfff12876ce	(None, 1)
45	6	1649ef98-e3a8-4dd3-a289-bbfff12876ce	(None, 1)
45	7	1649ef98-e3a8-4dd3-a289-bbfff12876ce	(None, 3)
45	8	1649ef98-e3a8-4dd3-a289-bbfff12876ce	((15, 0), 2)
45	9	1649ef98-e3a8-4dd3-a289-bbfff12876ce	(None, 1)
46	0	1649ef98-e3a8-4dd3-a289-bbfff12876ce	(None, 0)
46	1	1649ef98-e3a8-4dd3-a289-bbfff12876ce	((20, 10), 1)
46	2	1649ef98-e3a8-4dd3-a289-bbfff12876ce	((13, 10), 2)
46	3	1649ef98-e3a8-4dd3-a289-bbfff12876ce	((15, 2), 1)
46	4	1649ef98-e3a8-4dd3-a289-bbfff12876ce	(None, 3)
46	5	1649ef98-e3a8-4dd3-a289-bbfff12876ce	(None, 1)
46	6	1649ef98-e3a8-4dd3-a289-bbfff12876ce	(None, 1)
46	7	1649ef98-e3a8-4dd3-a289-bbfff12876ce	(None, 3)
46	8	1649ef98-e3a8-4dd3-a289-bbfff12876ce	((16, 0), 2)
46	9	1649ef98-e3a8-4dd3-a289-bbfff12876ce	(None, 1)
47	0	1649ef98-e3a8-4dd3-a289-bbfff12876ce	(None, 0)
47	1	1649ef98-e3a8-4dd3-a289-bbfff12876ce	((19, 10), 0)
47	2	1649ef98-e3a8-4dd3-a289-bbfff12876ce	((13, 10), 2)
47	3	1649ef98-e3a8-4dd3-a289-bbfff12876ce	((15, 3), 1)
47	4	1649ef98-e3a8-4dd3-a289-bbfff12876ce	(None, 3)
47	5	1649ef98-e3a8-4dd3-a289-bbfff12876ce	(None, 1)
47	6	1649ef98-e3a8-4dd3-a289-bbfff12876ce	(None, 1)
47	7	1649ef98-e3a8-4dd3-a289-bbfff12876ce	(None, 3)
47	8	1649ef98-e3a8-4dd3-a289-bbfff12876ce	((17, 0), 2)
47	9	1649ef98-e3a8-4dd3-a289-bbfff12876ce	(None, 1)
48	0	1649ef98-e3a8-4dd3-a289-bbfff12876ce	(None, 0)
48	1	1649ef98-e3a8-4dd3-a289-bbfff12876ce	((18, 10), 0)
48	2	1649ef98-e3a8-4dd3-a289-bbfff12876ce	((13, 10), 2)
48	3	1649ef98-e3a8-4dd3-a289-bbfff12876ce	((15, 4), 1)
48	4	1649ef98-e3a8-4dd3-a289-bbfff12876ce	(None, 3)
48	5	1649ef98-e3a8-4dd3-a289-bbfff12876ce	(None, 1)
48	6	1649ef98-e3a8-4dd3-a289-bbfff12876ce	(None, 1)
48	7	1649ef98-e3a8-4dd3-a289-bbfff12876ce	(None, 3)
48	8	1649ef98-e3a8-4dd3-a289-bbfff12876ce	((18, 0), 2)
48	9	1649ef98-e3a8-4dd3-a289-bbfff12876ce	(None, 1)
49	0	1649ef98-e3a8-4dd3-a289-bbfff12876ce	(None, 0)
49	1	1649ef98-e3a8-4dd3-a289-bbfff12876ce	((17, 10), 0)
49	2	1649ef98-e3a8-4dd3-a289-bbfff12876ce	((13, 10), 2)
49	3	1649ef98-e3a8-4dd3-a289-bbfff12876ce	((15, 5), 1)
49	4	1649ef98-e3a8-4dd3-a289-bbfff12876ce	(None, 3)
49	5	1649ef98-e3a8-4dd3-a289-bbfff12876ce	(None, 1)
49	6	1649ef98-e3a8-4dd3-a289-bbfff12876ce	((21, 5), 1)
49	7	1649ef98-e3a8-4dd3-a289-bbfff12876ce	(None, 3)
49	8	1649ef98-e3a8-4dd3-a289-bbfff12876ce	((19, 0), 2)
49	9	1649ef98-e3a8-4dd3-a289-bbfff12876ce	(None, 1)
50	0	1649ef98-e3a8-4dd3-a289-bbfff12876ce	(None, 0)
50	1	1649ef98-e3a8-4dd3-a289-bbfff12876ce	((16, 10), 0)
50	2	1649ef98-e3a8-4dd3-a289-bbfff12876ce	((14, 10), 2)
50	3	1649ef98-e3a8-4dd3-a289-bbfff12876ce	((14, 5), 0)
50	4	1649ef98-e3a8-4dd3-a289-bbfff12876ce	(None, 3)
50	5	1649ef98-e3a8-4dd3-a289-bbfff12876ce	((19, 5), 1)
50	6	1649ef98-e3a8-4dd3-a289-bbfff12876ce	((21, 6), 1)
50	7	1649ef98-e3a8-4dd3-a289-bbfff12876ce	(None, 3)
50	8	1649ef98-e3a8-4dd3-a289-bbfff12876ce	((20, 0), 2)
50	9	1649ef98-e3a8-4dd3-a289-bbfff12876ce	(None, 1)
51	0	1649ef98-e3a8-4dd3-a289-bbfff12876ce	(None, 0)
51	1	1649ef98-e3a8-4dd3-a289-bbfff12876ce	((15, 10), 0)
51	2	1649ef98-e3a8-4dd3-a289-bbfff12876ce	((14, 10), 2)
51	3	1649ef98-e3a8-4dd3-a289-bbfff12876ce	((13, 5), 0)
51	4	1649ef98-e3a8-4dd3-a289-bbfff12876ce	(None, 3)
51	5	1649ef98-e3a8-4dd3-a289-bbfff12876ce	((19, 6), 1)
51	6	1649ef98-e3a8-4dd3-a289-bbfff12876ce	((21, 7), 1)
51	7	1649ef98-e3a8-4dd3-a289-bbfff12876ce	(None, 3)
51	8	1649ef98-e3a8-4dd3-a289-bbfff12876ce	((21, 0), 2)
51	9	1649ef98-e3a8-4dd3-a289-bbfff12876ce	(None, 1)
52	0	1649ef98-e3a8-4dd3-a289-bbfff12876ce	(None, 0)
52	1	1649ef98-e3a8-4dd3-a289-bbfff12876ce	((15, 9), 3)
52	2	1649ef98-e3a8-4dd3-a289-bbfff12876ce	((15, 10), 2)
52	3	1649ef98-e3a8-4dd3-a289-bbfff12876ce	((12, 5), 0)
52	4	1649ef98-e3a8-4dd3-a289-bbfff12876ce	(None, 3)
52	5	1649ef98-e3a8-4dd3-a289-bbfff12876ce	((20, 6), 2)
52	6	1649ef98-e3a8-4dd3-a289-bbfff12876ce	((21, 8), 1)
52	7	1649ef98-e3a8-4dd3-a289-bbfff12876ce	(None, 3)
52	8	1649ef98-e3a8-4dd3-a289-bbfff12876ce	((21, 1), 1)
52	9	1649ef98-e3a8-4dd3-a289-bbfff12876ce	(None, 1)
53	0	1649ef98-e3a8-4dd3-a289-bbfff12876ce	(None, 0)
53	1	1649ef98-e3a8-4dd3-a289-bbfff12876ce	((15, 8), 3)
53	2	1649ef98-e3a8-4dd3-a289-bbfff12876ce	((16, 10), 2)
53	3	1649ef98-e3a8-4dd3-a289-bbfff12876ce	((11, 5), 0)
53	4	1649ef98-e3a8-4dd3-a289-bbfff12876ce	(None, 3)
53	5	1649ef98-e3a8-4dd3-a289-bbfff12876ce	((20, 7), 1)
53	6	1649ef98-e3a8-4dd3-a289-bbfff12876ce	((20, 8), 0)
53	7	1649ef98-e3a8-4dd3-a289-bbfff12876ce	(None, 3)
53	8	1649ef98-e3a8-4dd3-a289-bbfff12876ce	((21, 2), 1)
53	9	1649ef98-e3a8-4dd3-a289-bbfff12876ce	(None, 1)
54	0	1649ef98-e3a8-4dd3-a289-bbfff12876ce	(None, 0)
54	1	1649ef98-e3a8-4dd3-a289-bbfff12876ce	((15, 7), 3)
54	2	1649ef98-e3a8-4dd3-a289-bbfff12876ce	((17, 10), 2)
54	3	1649ef98-e3a8-4dd3-a289-bbfff12876ce	((10, 5), 0)
54	4	1649ef98-e3a8-4dd3-a289-bbfff12876ce	(None, 3)
54	5	1649ef98-e3a8-4dd3-a289-bbfff12876ce	((20, 8), 1)
54	6	1649ef98-e3a8-4dd3-a289-bbfff12876ce	((20, 9), 1)
54	7	1649ef98-e3a8-4dd3-a289-bbfff12876ce	(None, 3)
54	8	1649ef98-e3a8-4dd3-a289-bbfff12876ce	((21, 3), 1)
54	9	1649ef98-e3a8-4dd3-a289-bbfff12876ce	(None, 1)
55	0	1649ef98-e3a8-4dd3-a289-bbfff12876ce	(None, 0)
55	1	1649ef98-e3a8-4dd3-a289-bbfff12876ce	((15, 6), 3)
55	2	1649ef98-e3a8-4dd3-a289-bbfff12876ce	((18, 10), 2)
55	3	1649ef98-e3a8-4dd3-a289-bbfff12876ce	((9, 5), 0)
55	4	1649ef98-e3a8-4dd3-a289-bbfff12876ce	(None, 3)
55	5	1649ef98-e3a8-4dd3-a289-bbfff12876ce	((20, 9), 1)
55	6	1649ef98-e3a8-4dd3-a289-bbfff12876ce	((20, 10), 1)
55	7	1649ef98-e3a8-4dd3-a289-bbfff12876ce	(None, 3)
55	8	1649ef98-e3a8-4dd3-a289-bbfff12876ce	((21, 4), 1)
55	9	1649ef98-e3a8-4dd3-a289-bbfff12876ce	(None, 1)
56	0	1649ef98-e3a8-4dd3-a289-bbfff12876ce	(None, 0)
56	1	1649ef98-e3a8-4dd3-a289-bbfff12876ce	((14, 6), 0)
56	2	1649ef98-e3a8-4dd3-a289-bbfff12876ce	((19, 10), 2)
56	3	1649ef98-e3a8-4dd3-a289-bbfff12876ce	((8, 5), 0)
56	4	1649ef98-e3a8-4dd3-a289-bbfff12876ce	(None, 3)
56	5	1649ef98-e3a8-4dd3-a289-bbfff12876ce	((20, 10), 1)
56	6	1649ef98-e3a8-4dd3-a289-bbfff12876ce	((20, 11), 1)
56	7	1649ef98-e3a8-4dd3-a289-bbfff12876ce	(None, 3)
56	8	1649ef98-e3a8-4dd3-a289-bbfff12876ce	((22, 4), 2)
56	9	1649ef98-e3a8-4dd3-a289-bbfff12876ce	(None, 1)
57	0	1649ef98-e3a8-4dd3-a289-bbfff12876ce	(None, 0)
57	1	1649ef98-e3a8-4dd3-a289-bbfff12876ce	((13, 6), 0)
57	2	1649ef98-e3a8-4dd3-a289-bbfff12876ce	((20, 10), 2)
57	3	1649ef98-e3a8-4dd3-a289-bbfff12876ce	((8, 6), 1)
57	4	1649ef98-e3a8-4dd3-a289-bbfff12876ce	(None, 3)
57	5	1649ef98-e3a8-4dd3-a289-bbfff12876ce	((20, 11), 1)
57	6	1649ef98-e3a8-4dd3-a289-bbfff12876ce	((20, 12), 1)
57	7	1649ef98-e3a8-4dd3-a289-bbfff12876ce	(None, 3)
57	8	1649ef98-e3a8-4dd3-a289-bbfff12876ce	(None, 1)
57	9	1649ef98-e3a8-4dd3-a289-bbfff12876ce	(None, 1)
58	0	1649ef98-e3a8-4dd3-a289-bbfff12876ce	(None, 0)
58	1	1649ef98-e3a8-4dd3-a289-bbfff12876ce	((12, 6), 0)
58	2	1649ef98-e3a8-4dd3-a289-bbfff12876ce	((20, 9), 3)
58	3	1649ef98-e3a8-4dd3-a289-bbfff12876ce	((7, 6), 0)
58	4	1649ef98-e3a8-4dd3-a289-bbfff12876ce	(None, 3)
58	5	1649ef98-e3a8-4dd3-a289-bbfff12876ce	((20, 12), 1)
58	6	1649ef98-e3a8-4dd3-a289-bbfff12876ce	((20, 13), 1)
58	7	1649ef98-e3a8-4dd3-a289-bbfff12876ce	(None, 3)
58	8	1649ef98-e3a8-4dd3-a289-bbfff12876ce	(None, 1)
58	9	1649ef98-e3a8-4dd3-a289-bbfff12876ce	(None, 1)
59	0	1649ef98-e3a8-4dd3-a289-bbfff12876ce	(None, 0)
59	1	1649ef98-e3a8-4dd3-a289-bbfff12876ce	((11, 6), 0)
59	2	1649ef98-e3a8-4dd3-a289-bbfff12876ce	((20, 8), 3)
59	3	1649ef98-e3a8-4dd3-a289-bbfff12876ce	((6, 6), 0)
59	4	1649ef98-e3a8-4dd3-a289-bbfff12876ce	(None, 3)
59	5	1649ef98-e3a8-4dd3-a289-bbfff12876ce	((20, 13), 1)
59	6	1649ef98-e3a8-4dd3-a289-bbfff12876ce	((20, 14), 1)
59	7	1649ef98-e3a8-4dd3-a289-bbfff12876ce	(None, 3)
59	8	1649ef98-e3a8-4dd3-a289-bbfff12876ce	(None, 1)
59	9	1649ef98-e3a8-4dd3-a289-bbfff12876ce	(None, 1)
60	0	1649ef98-e3a8-4dd3-a289-bbfff12876ce	(None, 0)
60	1	1649ef98-e3a8-4dd3-a289-bbfff12876ce	((10, 6), 0)
60	2	1649ef98-e3a8-4dd3-a289-bbfff12876ce	((20, 7), 3)
60	3	1649ef98-e3a8-4dd3-a289-bbfff12876ce	((6, 7), 1)
60	4	1649ef98-e3a8-4dd3-a289-bbfff12876ce	(None, 3)
60	5	1649ef98-e3a8-4dd3-a289-bbfff12876ce	((20, 14), 1)
60	6	1649ef98-e3a8-4dd3-a289-bbfff12876ce	((19, 14), 0)
60	7	1649ef98-e3a8-4dd3-a289-bbfff12876ce	(None, 3)
60	8	1649ef98-e3a8-4dd3-a289-bbfff12876ce	(None, 1)
60	9	1649ef98-e3a8-4dd3-a289-bbfff12876ce	(None, 1)
61	0	1649ef98-e3a8-4dd3-a289-bbfff12876ce	(None, 0)
61	1	1649ef98-e3a8-4dd3-a289-bbfff12876ce	((9, 6), 0)
61	2	1649ef98-e3a8-4dd3-a289-bbfff12876ce	((20, 6), 3)
61	3	1649ef98-e3a8-4dd3-a289-bbfff12876ce	(None, 3)
61	4	1649ef98-e3a8-4dd3-a289-bbfff12876ce	(None, 3)
61	5	1649ef98-e3a8-4dd3-a289-bbfff12876ce	((19, 14), 0)
61	6	1649ef98-e3a8-4dd3-a289-bbfff12876ce	((19, 15), 1)
61	7	1649ef98-e3a8-4dd3-a289-bbfff12876ce	(None, 3)
61	8	1649ef98-e3a8-4dd3-a289-bbfff12876ce	(None, 1)
61	9	1649ef98-e3a8-4dd3-a289-bbfff12876ce	(None, 1)
62	0	1649ef98-e3a8-4dd3-a289-bbfff12876ce	(None, 0)
62	1	1649ef98-e3a8-4dd3-a289-bbfff12876ce	((8, 6), 0)
62	2	1649ef98-e3a8-4dd3-a289-bbfff12876ce	(None, 0)
62	3	1649ef98-e3a8-4dd3-a289-bbfff12876ce	(None, 3)
62	4	1649ef98-e3a8-4dd3-a289-bbfff12876ce	(None, 3)
62	5	1649ef98-e3a8-4dd3-a289-bbfff12876ce	((19, 15), 1)
62	6	1649ef98-e3a8-4dd3-a289-bbfff12876ce	(None, 1)
62	7	1649ef98-e3a8-4dd3-a289-bbfff12876ce	(None, 3)
62	8	1649ef98-e3a8-4dd3-a289-bbfff12876ce	(None, 1)
62	9	1649ef98-e3a8-4dd3-a289-bbfff12876ce	(None, 1)
63	0	1649ef98-e3a8-4dd3-a289-bbfff12876ce	(None, 0)
63	1	1649ef98-e3a8-4dd3-a289-bbfff12876ce	((7, 6), 0)
63	2	1649ef98-e3a8-4dd3-a289-bbfff12876ce	(None, 0)
63	3	1649ef98-e3a8-4dd3-a289-bbfff12876ce	(None, 3)
63	4	1649ef98-e3a8-4dd3-a289-bbfff12876ce	(None, 3)
63	5	1649ef98-e3a8-4dd3-a289-bbfff12876ce	(None, 1)
63	6	1649ef98-e3a8-4dd3-a289-bbfff12876ce	(None, 1)
63	7	1649ef98-e3a8-4dd3-a289-bbfff12876ce	(None, 3)
63	8	1649ef98-e3a8-4dd3-a289-bbfff12876ce	(None, 1)
63	9	1649ef98-e3a8-4dd3-a289-bbfff12876ce	(None, 1)
64	0	1649ef98-e3a8-4dd3-a289-bbfff12876ce	(None, 0)
64	1	1649ef98-e3a8-4dd3-a289-bbfff12876ce	((6, 6), 0)
64	2	1649ef98-e3a8-4dd3-a289-bbfff12876ce	(None, 0)
64	3	1649ef98-e3a8-4dd3-a289-bbfff12876ce	(None, 3)
64	4	1649ef98-e3a8-4dd3-a289-bbfff12876ce	(None, 3)
64	5	1649ef98-e3a8-4dd3-a289-bbfff12876ce	(None, 1)
64	6	1649ef98-e3a8-4dd3-a289-bbfff12876ce	(None, 1)
64	7	1649ef98-e3a8-4dd3-a289-bbfff12876ce	(None, 3)
64	8	1649ef98-e3a8-4dd3-a289-bbfff12876ce	(None, 1)
64	9	1649ef98-e3a8-4dd3-a289-bbfff12876ce	(None, 1)
65	0	1649ef98-e3a8-4dd3-a289-bbfff12876ce	(None, 0)
65	1	1649ef98-e3a8-4dd3-a289-bbfff12876ce	((6, 7), 1)
65	2	1649ef98-e3a8-4dd3-a289-bbfff12876ce	(None, 0)
65	3	1649ef98-e3a8-4dd3-a289-bbfff12876ce	(None, 3)
65	4	1649ef98-e3a8-4dd3-a289-bbfff12876ce	(None, 3)
65	5	1649ef98-e3a8-4dd3-a289-bbfff12876ce	(None, 1)
65	6	1649ef98-e3a8-4dd3-a289-bbfff12876ce	(None, 1)
65	7	1649ef98-e3a8-4dd3-a289-bbfff12876ce	(None, 3)
65	8	1649ef98-e3a8-4dd3-a289-bbfff12876ce	(None, 1)
65	9	1649ef98-e3a8-4dd3-a289-bbfff12876ce	(None, 1)
66	0	1649ef98-e3a8-4dd3-a289-bbfff12876ce	(None, 0)
66	1	1649ef98-e3a8-4dd3-a289-bbfff12876ce	(None, 1)
66	2	1649ef98-e3a8-4dd3-a289-bbfff12876ce	(None, 0)
66	3	1649ef98-e3a8-4dd3-a289-bbfff12876ce	(None, 3)
66	4	1649ef98-e3a8-4dd3-a289-bbfff12876ce	(None, 3)
66	5	1649ef98-e3a8-4dd3-a289-bbfff12876ce	(None, 1)
66	6	1649ef98-e3a8-4dd3-a289-bbfff12876ce	(None, 1)
66	7	1649ef98-e3a8-4dd3-a289-bbfff12876ce	(None, 3)
66	8	1649ef98-e3a8-4dd3-a289-bbfff12876ce	(None, 1)
66	9	1649ef98-e3a8-4dd3-a289-bbfff12876ce	(None, 1)
1	0	4affa89b-72f6-4305-aeca-e5182efbe467	(None, 3)
1	1	4affa89b-72f6-4305-aeca-e5182efbe467	(None, 3)
1	2	4affa89b-72f6-4305-aeca-e5182efbe467	(None, 2)
1	3	4affa89b-72f6-4305-aeca-e5182efbe467	(None, 1)
1	4	4affa89b-72f6-4305-aeca-e5182efbe467	(None, 3)
1	5	4affa89b-72f6-4305-aeca-e5182efbe467	(None, 3)
1	6	4affa89b-72f6-4305-aeca-e5182efbe467	(None, 3)
1	7	4affa89b-72f6-4305-aeca-e5182efbe467	(None, 1)
1	8	4affa89b-72f6-4305-aeca-e5182efbe467	(None, 3)
1	9	4affa89b-72f6-4305-aeca-e5182efbe467	(None, 2)
2	0	4affa89b-72f6-4305-aeca-e5182efbe467	(None, 3)
2	1	4affa89b-72f6-4305-aeca-e5182efbe467	(None, 3)
2	2	4affa89b-72f6-4305-aeca-e5182efbe467	(None, 2)
2	3	4affa89b-72f6-4305-aeca-e5182efbe467	(None, 1)
2	4	4affa89b-72f6-4305-aeca-e5182efbe467	(None, 3)
2	5	4affa89b-72f6-4305-aeca-e5182efbe467	(None, 3)
2	6	4affa89b-72f6-4305-aeca-e5182efbe467	(None, 3)
2	7	4affa89b-72f6-4305-aeca-e5182efbe467	(None, 1)
2	8	4affa89b-72f6-4305-aeca-e5182efbe467	(None, 3)
2	9	4affa89b-72f6-4305-aeca-e5182efbe467	(None, 2)
3	0	4affa89b-72f6-4305-aeca-e5182efbe467	((20, 5), 3)
3	1	4affa89b-72f6-4305-aeca-e5182efbe467	(None, 3)
3	2	4affa89b-72f6-4305-aeca-e5182efbe467	(None, 2)
3	3	4affa89b-72f6-4305-aeca-e5182efbe467	(None, 1)
3	4	4affa89b-72f6-4305-aeca-e5182efbe467	(None, 3)
3	5	4affa89b-72f6-4305-aeca-e5182efbe467	(None, 3)
3	6	4affa89b-72f6-4305-aeca-e5182efbe467	(None, 3)
3	7	4affa89b-72f6-4305-aeca-e5182efbe467	(None, 1)
3	8	4affa89b-72f6-4305-aeca-e5182efbe467	(None, 3)
3	9	4affa89b-72f6-4305-aeca-e5182efbe467	(None, 2)
4	0	4affa89b-72f6-4305-aeca-e5182efbe467	((20, 4), 3)
4	1	4affa89b-72f6-4305-aeca-e5182efbe467	(None, 3)
4	2	4affa89b-72f6-4305-aeca-e5182efbe467	(None, 2)
4	3	4affa89b-72f6-4305-aeca-e5182efbe467	(None, 1)
4	4	4affa89b-72f6-4305-aeca-e5182efbe467	(None, 3)
4	5	4affa89b-72f6-4305-aeca-e5182efbe467	(None, 3)
4	6	4affa89b-72f6-4305-aeca-e5182efbe467	(None, 3)
4	7	4affa89b-72f6-4305-aeca-e5182efbe467	(None, 1)
4	8	4affa89b-72f6-4305-aeca-e5182efbe467	(None, 3)
4	9	4affa89b-72f6-4305-aeca-e5182efbe467	(None, 2)
5	0	4affa89b-72f6-4305-aeca-e5182efbe467	((21, 4), 2)
5	1	4affa89b-72f6-4305-aeca-e5182efbe467	(None, 3)
5	2	4affa89b-72f6-4305-aeca-e5182efbe467	(None, 2)
5	3	4affa89b-72f6-4305-aeca-e5182efbe467	(None, 1)
5	4	4affa89b-72f6-4305-aeca-e5182efbe467	(None, 3)
5	5	4affa89b-72f6-4305-aeca-e5182efbe467	((20, 5), 3)
5	6	4affa89b-72f6-4305-aeca-e5182efbe467	(None, 3)
5	7	4affa89b-72f6-4305-aeca-e5182efbe467	(None, 1)
5	8	4affa89b-72f6-4305-aeca-e5182efbe467	(None, 3)
5	9	4affa89b-72f6-4305-aeca-e5182efbe467	(None, 2)
6	0	4affa89b-72f6-4305-aeca-e5182efbe467	((21, 3), 3)
6	1	4affa89b-72f6-4305-aeca-e5182efbe467	(None, 3)
6	2	4affa89b-72f6-4305-aeca-e5182efbe467	(None, 2)
6	3	4affa89b-72f6-4305-aeca-e5182efbe467	(None, 1)
6	4	4affa89b-72f6-4305-aeca-e5182efbe467	(None, 3)
6	5	4affa89b-72f6-4305-aeca-e5182efbe467	((20, 4), 3)
6	6	4affa89b-72f6-4305-aeca-e5182efbe467	(None, 3)
6	7	4affa89b-72f6-4305-aeca-e5182efbe467	(None, 1)
6	8	4affa89b-72f6-4305-aeca-e5182efbe467	(None, 3)
6	9	4affa89b-72f6-4305-aeca-e5182efbe467	(None, 2)
7	0	4affa89b-72f6-4305-aeca-e5182efbe467	((21, 2), 3)
7	1	4affa89b-72f6-4305-aeca-e5182efbe467	(None, 3)
7	2	4affa89b-72f6-4305-aeca-e5182efbe467	(None, 2)
7	3	4affa89b-72f6-4305-aeca-e5182efbe467	(None, 1)
7	4	4affa89b-72f6-4305-aeca-e5182efbe467	(None, 3)
7	5	4affa89b-72f6-4305-aeca-e5182efbe467	((21, 4), 2)
7	6	4affa89b-72f6-4305-aeca-e5182efbe467	(None, 3)
7	7	4affa89b-72f6-4305-aeca-e5182efbe467	(None, 1)
7	8	4affa89b-72f6-4305-aeca-e5182efbe467	(None, 3)
7	9	4affa89b-72f6-4305-aeca-e5182efbe467	(None, 2)
8	0	4affa89b-72f6-4305-aeca-e5182efbe467	((21, 1), 3)
8	1	4affa89b-72f6-4305-aeca-e5182efbe467	(None, 3)
8	2	4affa89b-72f6-4305-aeca-e5182efbe467	(None, 2)
8	3	4affa89b-72f6-4305-aeca-e5182efbe467	(None, 1)
8	4	4affa89b-72f6-4305-aeca-e5182efbe467	(None, 3)
8	5	4affa89b-72f6-4305-aeca-e5182efbe467	((21, 3), 3)
8	6	4affa89b-72f6-4305-aeca-e5182efbe467	(None, 3)
8	7	4affa89b-72f6-4305-aeca-e5182efbe467	(None, 1)
8	8	4affa89b-72f6-4305-aeca-e5182efbe467	((20, 19), 3)
8	9	4affa89b-72f6-4305-aeca-e5182efbe467	(None, 2)
9	0	4affa89b-72f6-4305-aeca-e5182efbe467	((21, 0), 3)
9	1	4affa89b-72f6-4305-aeca-e5182efbe467	(None, 3)
9	2	4affa89b-72f6-4305-aeca-e5182efbe467	(None, 2)
9	3	4affa89b-72f6-4305-aeca-e5182efbe467	(None, 1)
9	4	4affa89b-72f6-4305-aeca-e5182efbe467	(None, 3)
9	5	4affa89b-72f6-4305-aeca-e5182efbe467	((21, 2), 3)
9	6	4affa89b-72f6-4305-aeca-e5182efbe467	(None, 3)
9	7	4affa89b-72f6-4305-aeca-e5182efbe467	(None, 1)
9	8	4affa89b-72f6-4305-aeca-e5182efbe467	((20, 18), 3)
9	9	4affa89b-72f6-4305-aeca-e5182efbe467	(None, 2)
10	0	4affa89b-72f6-4305-aeca-e5182efbe467	((20, 0), 0)
10	1	4affa89b-72f6-4305-aeca-e5182efbe467	(None, 3)
10	2	4affa89b-72f6-4305-aeca-e5182efbe467	(None, 2)
10	3	4affa89b-72f6-4305-aeca-e5182efbe467	(None, 1)
10	4	4affa89b-72f6-4305-aeca-e5182efbe467	(None, 3)
10	5	4affa89b-72f6-4305-aeca-e5182efbe467	((21, 1), 3)
10	6	4affa89b-72f6-4305-aeca-e5182efbe467	(None, 3)
10	7	4affa89b-72f6-4305-aeca-e5182efbe467	(None, 1)
10	8	4affa89b-72f6-4305-aeca-e5182efbe467	((20, 17), 3)
10	9	4affa89b-72f6-4305-aeca-e5182efbe467	(None, 2)
11	0	4affa89b-72f6-4305-aeca-e5182efbe467	((19, 0), 0)
11	1	4affa89b-72f6-4305-aeca-e5182efbe467	(None, 3)
11	2	4affa89b-72f6-4305-aeca-e5182efbe467	(None, 2)
11	3	4affa89b-72f6-4305-aeca-e5182efbe467	(None, 1)
11	4	4affa89b-72f6-4305-aeca-e5182efbe467	(None, 3)
11	5	4affa89b-72f6-4305-aeca-e5182efbe467	((21, 0), 3)
11	6	4affa89b-72f6-4305-aeca-e5182efbe467	(None, 3)
11	7	4affa89b-72f6-4305-aeca-e5182efbe467	((20, 5), 1)
11	8	4affa89b-72f6-4305-aeca-e5182efbe467	((20, 16), 3)
11	9	4affa89b-72f6-4305-aeca-e5182efbe467	(None, 2)
12	0	4affa89b-72f6-4305-aeca-e5182efbe467	((18, 0), 0)
12	1	4affa89b-72f6-4305-aeca-e5182efbe467	(None, 3)
12	2	4affa89b-72f6-4305-aeca-e5182efbe467	(None, 2)
12	3	4affa89b-72f6-4305-aeca-e5182efbe467	(None, 1)
12	4	4affa89b-72f6-4305-aeca-e5182efbe467	(None, 3)
12	5	4affa89b-72f6-4305-aeca-e5182efbe467	((20, 0), 0)
12	6	4affa89b-72f6-4305-aeca-e5182efbe467	(None, 3)
12	7	4affa89b-72f6-4305-aeca-e5182efbe467	((20, 6), 1)
12	8	4affa89b-72f6-4305-aeca-e5182efbe467	((20, 15), 3)
12	9	4affa89b-72f6-4305-aeca-e5182efbe467	(None, 2)
13	0	4affa89b-72f6-4305-aeca-e5182efbe467	((17, 0), 0)
13	1	4affa89b-72f6-4305-aeca-e5182efbe467	(None, 3)
13	2	4affa89b-72f6-4305-aeca-e5182efbe467	(None, 2)
13	3	4affa89b-72f6-4305-aeca-e5182efbe467	(None, 1)
13	4	4affa89b-72f6-4305-aeca-e5182efbe467	(None, 3)
13	5	4affa89b-72f6-4305-aeca-e5182efbe467	((19, 0), 0)
13	6	4affa89b-72f6-4305-aeca-e5182efbe467	(None, 3)
13	7	4affa89b-72f6-4305-aeca-e5182efbe467	((21, 6), 2)
13	8	4affa89b-72f6-4305-aeca-e5182efbe467	((20, 14), 3)
13	9	4affa89b-72f6-4305-aeca-e5182efbe467	(None, 2)
14	0	4affa89b-72f6-4305-aeca-e5182efbe467	((16, 0), 0)
14	1	4affa89b-72f6-4305-aeca-e5182efbe467	(None, 3)
14	2	4affa89b-72f6-4305-aeca-e5182efbe467	(None, 2)
14	3	4affa89b-72f6-4305-aeca-e5182efbe467	(None, 1)
14	4	4affa89b-72f6-4305-aeca-e5182efbe467	(None, 3)
14	5	4affa89b-72f6-4305-aeca-e5182efbe467	((18, 0), 0)
14	6	4affa89b-72f6-4305-aeca-e5182efbe467	(None, 3)
14	7	4affa89b-72f6-4305-aeca-e5182efbe467	((21, 7), 1)
14	8	4affa89b-72f6-4305-aeca-e5182efbe467	((19, 14), 0)
14	9	4affa89b-72f6-4305-aeca-e5182efbe467	(None, 2)
15	0	4affa89b-72f6-4305-aeca-e5182efbe467	((16, 1), 1)
15	1	4affa89b-72f6-4305-aeca-e5182efbe467	(None, 3)
15	2	4affa89b-72f6-4305-aeca-e5182efbe467	(None, 2)
15	3	4affa89b-72f6-4305-aeca-e5182efbe467	(None, 1)
15	4	4affa89b-72f6-4305-aeca-e5182efbe467	(None, 3)
15	5	4affa89b-72f6-4305-aeca-e5182efbe467	((17, 0), 0)
15	6	4affa89b-72f6-4305-aeca-e5182efbe467	(None, 3)
15	7	4affa89b-72f6-4305-aeca-e5182efbe467	((21, 8), 1)
15	8	4affa89b-72f6-4305-aeca-e5182efbe467	((18, 14), 0)
15	9	4affa89b-72f6-4305-aeca-e5182efbe467	(None, 2)
16	0	4affa89b-72f6-4305-aeca-e5182efbe467	((16, 2), 1)
16	1	4affa89b-72f6-4305-aeca-e5182efbe467	(None, 3)
16	2	4affa89b-72f6-4305-aeca-e5182efbe467	(None, 2)
16	3	4affa89b-72f6-4305-aeca-e5182efbe467	(None, 1)
16	4	4affa89b-72f6-4305-aeca-e5182efbe467	(None, 3)
16	5	4affa89b-72f6-4305-aeca-e5182efbe467	((16, 0), 0)
16	6	4affa89b-72f6-4305-aeca-e5182efbe467	(None, 3)
16	7	4affa89b-72f6-4305-aeca-e5182efbe467	((21, 9), 1)
16	8	4affa89b-72f6-4305-aeca-e5182efbe467	((17, 14), 0)
16	9	4affa89b-72f6-4305-aeca-e5182efbe467	(None, 2)
17	0	4affa89b-72f6-4305-aeca-e5182efbe467	((16, 3), 1)
17	1	4affa89b-72f6-4305-aeca-e5182efbe467	((20, 19), 3)
17	2	4affa89b-72f6-4305-aeca-e5182efbe467	(None, 2)
17	3	4affa89b-72f6-4305-aeca-e5182efbe467	(None, 1)
17	4	4affa89b-72f6-4305-aeca-e5182efbe467	(None, 3)
17	5	4affa89b-72f6-4305-aeca-e5182efbe467	((16, 1), 1)
17	6	4affa89b-72f6-4305-aeca-e5182efbe467	(None, 3)
17	7	4affa89b-72f6-4305-aeca-e5182efbe467	((21, 10), 1)
17	8	4affa89b-72f6-4305-aeca-e5182efbe467	((16, 14), 0)
17	9	4affa89b-72f6-4305-aeca-e5182efbe467	(None, 2)
18	0	4affa89b-72f6-4305-aeca-e5182efbe467	((16, 4), 1)
18	1	4affa89b-72f6-4305-aeca-e5182efbe467	((20, 18), 3)
18	2	4affa89b-72f6-4305-aeca-e5182efbe467	(None, 2)
18	3	4affa89b-72f6-4305-aeca-e5182efbe467	(None, 1)
18	4	4affa89b-72f6-4305-aeca-e5182efbe467	(None, 3)
18	5	4affa89b-72f6-4305-aeca-e5182efbe467	((16, 2), 1)
18	6	4affa89b-72f6-4305-aeca-e5182efbe467	(None, 3)
18	7	4affa89b-72f6-4305-aeca-e5182efbe467	((21, 11), 1)
18	8	4affa89b-72f6-4305-aeca-e5182efbe467	((15, 14), 0)
18	9	4affa89b-72f6-4305-aeca-e5182efbe467	(None, 2)
19	0	4affa89b-72f6-4305-aeca-e5182efbe467	((16, 5), 1)
19	1	4affa89b-72f6-4305-aeca-e5182efbe467	((20, 17), 3)
19	2	4affa89b-72f6-4305-aeca-e5182efbe467	(None, 2)
19	3	4affa89b-72f6-4305-aeca-e5182efbe467	(None, 1)
19	4	4affa89b-72f6-4305-aeca-e5182efbe467	(None, 3)
19	5	4affa89b-72f6-4305-aeca-e5182efbe467	((16, 3), 1)
19	6	4affa89b-72f6-4305-aeca-e5182efbe467	(None, 3)
19	7	4affa89b-72f6-4305-aeca-e5182efbe467	((21, 12), 1)
19	8	4affa89b-72f6-4305-aeca-e5182efbe467	((14, 14), 0)
19	9	4affa89b-72f6-4305-aeca-e5182efbe467	(None, 2)
20	0	4affa89b-72f6-4305-aeca-e5182efbe467	((16, 6), 1)
20	1	4affa89b-72f6-4305-aeca-e5182efbe467	((20, 16), 3)
20	2	4affa89b-72f6-4305-aeca-e5182efbe467	(None, 2)
20	3	4affa89b-72f6-4305-aeca-e5182efbe467	(None, 1)
20	4	4affa89b-72f6-4305-aeca-e5182efbe467	(None, 3)
20	5	4affa89b-72f6-4305-aeca-e5182efbe467	((16, 4), 1)
20	6	4affa89b-72f6-4305-aeca-e5182efbe467	(None, 3)
20	7	4affa89b-72f6-4305-aeca-e5182efbe467	((21, 13), 1)
20	8	4affa89b-72f6-4305-aeca-e5182efbe467	((13, 14), 0)
20	9	4affa89b-72f6-4305-aeca-e5182efbe467	(None, 2)
21	0	4affa89b-72f6-4305-aeca-e5182efbe467	((16, 7), 1)
21	1	4affa89b-72f6-4305-aeca-e5182efbe467	((20, 15), 3)
21	2	4affa89b-72f6-4305-aeca-e5182efbe467	(None, 2)
21	3	4affa89b-72f6-4305-aeca-e5182efbe467	(None, 1)
21	4	4affa89b-72f6-4305-aeca-e5182efbe467	(None, 3)
21	5	4affa89b-72f6-4305-aeca-e5182efbe467	((16, 5), 1)
21	6	4affa89b-72f6-4305-aeca-e5182efbe467	(None, 3)
21	7	4affa89b-72f6-4305-aeca-e5182efbe467	((21, 14), 1)
21	8	4affa89b-72f6-4305-aeca-e5182efbe467	((12, 14), 0)
21	9	4affa89b-72f6-4305-aeca-e5182efbe467	(None, 2)
22	0	4affa89b-72f6-4305-aeca-e5182efbe467	((16, 8), 1)
22	1	4affa89b-72f6-4305-aeca-e5182efbe467	((20, 14), 3)
22	2	4affa89b-72f6-4305-aeca-e5182efbe467	(None, 2)
22	3	4affa89b-72f6-4305-aeca-e5182efbe467	(None, 1)
22	4	4affa89b-72f6-4305-aeca-e5182efbe467	(None, 3)
22	5	4affa89b-72f6-4305-aeca-e5182efbe467	((16, 6), 1)
22	6	4affa89b-72f6-4305-aeca-e5182efbe467	(None, 3)
22	7	4affa89b-72f6-4305-aeca-e5182efbe467	((21, 15), 1)
22	8	4affa89b-72f6-4305-aeca-e5182efbe467	((12, 15), 1)
22	9	4affa89b-72f6-4305-aeca-e5182efbe467	(None, 2)
23	0	4affa89b-72f6-4305-aeca-e5182efbe467	((16, 9), 1)
23	1	4affa89b-72f6-4305-aeca-e5182efbe467	((20, 13), 3)
23	2	4affa89b-72f6-4305-aeca-e5182efbe467	(None, 2)
23	3	4affa89b-72f6-4305-aeca-e5182efbe467	(None, 1)
23	4	4affa89b-72f6-4305-aeca-e5182efbe467	(None, 3)
23	5	4affa89b-72f6-4305-aeca-e5182efbe467	((16, 7), 1)
23	6	4affa89b-72f6-4305-aeca-e5182efbe467	(None, 3)
23	7	4affa89b-72f6-4305-aeca-e5182efbe467	((21, 16), 1)
23	8	4affa89b-72f6-4305-aeca-e5182efbe467	((11, 15), 0)
23	9	4affa89b-72f6-4305-aeca-e5182efbe467	(None, 2)
24	0	4affa89b-72f6-4305-aeca-e5182efbe467	((16, 10), 1)
24	1	4affa89b-72f6-4305-aeca-e5182efbe467	((20, 12), 3)
24	2	4affa89b-72f6-4305-aeca-e5182efbe467	(None, 2)
24	3	4affa89b-72f6-4305-aeca-e5182efbe467	(None, 1)
24	4	4affa89b-72f6-4305-aeca-e5182efbe467	(None, 3)
24	5	4affa89b-72f6-4305-aeca-e5182efbe467	((16, 8), 1)
24	6	4affa89b-72f6-4305-aeca-e5182efbe467	(None, 3)
24	7	4affa89b-72f6-4305-aeca-e5182efbe467	((21, 17), 1)
24	8	4affa89b-72f6-4305-aeca-e5182efbe467	((10, 15), 0)
24	9	4affa89b-72f6-4305-aeca-e5182efbe467	(None, 2)
25	0	4affa89b-72f6-4305-aeca-e5182efbe467	((16, 11), 1)
25	1	4affa89b-72f6-4305-aeca-e5182efbe467	((20, 11), 3)
25	2	4affa89b-72f6-4305-aeca-e5182efbe467	(None, 2)
25	3	4affa89b-72f6-4305-aeca-e5182efbe467	(None, 1)
25	4	4affa89b-72f6-4305-aeca-e5182efbe467	((20, 19), 3)
25	5	4affa89b-72f6-4305-aeca-e5182efbe467	((16, 9), 1)
25	6	4affa89b-72f6-4305-aeca-e5182efbe467	(None, 3)
25	7	4affa89b-72f6-4305-aeca-e5182efbe467	((21, 18), 1)
25	8	4affa89b-72f6-4305-aeca-e5182efbe467	((10, 16), 1)
25	9	4affa89b-72f6-4305-aeca-e5182efbe467	(None, 2)
26	0	4affa89b-72f6-4305-aeca-e5182efbe467	((16, 12), 1)
26	1	4affa89b-72f6-4305-aeca-e5182efbe467	((20, 10), 3)
26	2	4affa89b-72f6-4305-aeca-e5182efbe467	(None, 2)
26	3	4affa89b-72f6-4305-aeca-e5182efbe467	(None, 1)
26	4	4affa89b-72f6-4305-aeca-e5182efbe467	((20, 18), 3)
26	5	4affa89b-72f6-4305-aeca-e5182efbe467	((16, 10), 1)
26	6	4affa89b-72f6-4305-aeca-e5182efbe467	(None, 3)
26	7	4affa89b-72f6-4305-aeca-e5182efbe467	(None, 1)
26	8	4affa89b-72f6-4305-aeca-e5182efbe467	(None, 3)
26	9	4affa89b-72f6-4305-aeca-e5182efbe467	(None, 2)
27	0	4affa89b-72f6-4305-aeca-e5182efbe467	((15, 12), 0)
27	1	4affa89b-72f6-4305-aeca-e5182efbe467	((21, 10), 2)
27	2	4affa89b-72f6-4305-aeca-e5182efbe467	(None, 2)
27	3	4affa89b-72f6-4305-aeca-e5182efbe467	(None, 1)
27	4	4affa89b-72f6-4305-aeca-e5182efbe467	((20, 17), 3)
27	5	4affa89b-72f6-4305-aeca-e5182efbe467	((16, 11), 1)
27	6	4affa89b-72f6-4305-aeca-e5182efbe467	(None, 3)
27	7	4affa89b-72f6-4305-aeca-e5182efbe467	(None, 1)
27	8	4affa89b-72f6-4305-aeca-e5182efbe467	(None, 3)
27	9	4affa89b-72f6-4305-aeca-e5182efbe467	(None, 2)
28	0	4affa89b-72f6-4305-aeca-e5182efbe467	((15, 13), 1)
28	1	4affa89b-72f6-4305-aeca-e5182efbe467	((21, 9), 3)
28	2	4affa89b-72f6-4305-aeca-e5182efbe467	(None, 2)
28	3	4affa89b-72f6-4305-aeca-e5182efbe467	(None, 1)
28	4	4affa89b-72f6-4305-aeca-e5182efbe467	((20, 16), 3)
28	5	4affa89b-72f6-4305-aeca-e5182efbe467	((16, 12), 1)
28	6	4affa89b-72f6-4305-aeca-e5182efbe467	(None, 3)
28	7	4affa89b-72f6-4305-aeca-e5182efbe467	(None, 1)
28	8	4affa89b-72f6-4305-aeca-e5182efbe467	(None, 3)
28	9	4affa89b-72f6-4305-aeca-e5182efbe467	(None, 2)
29	0	4affa89b-72f6-4305-aeca-e5182efbe467	((15, 14), 1)
29	1	4affa89b-72f6-4305-aeca-e5182efbe467	((21, 8), 3)
29	2	4affa89b-72f6-4305-aeca-e5182efbe467	(None, 2)
29	3	4affa89b-72f6-4305-aeca-e5182efbe467	(None, 1)
29	4	4affa89b-72f6-4305-aeca-e5182efbe467	((20, 15), 3)
29	5	4affa89b-72f6-4305-aeca-e5182efbe467	((15, 12), 0)
29	6	4affa89b-72f6-4305-aeca-e5182efbe467	(None, 3)
29	7	4affa89b-72f6-4305-aeca-e5182efbe467	(None, 1)
29	8	4affa89b-72f6-4305-aeca-e5182efbe467	(None, 3)
29	9	4affa89b-72f6-4305-aeca-e5182efbe467	(None, 2)
30	0	4affa89b-72f6-4305-aeca-e5182efbe467	((15, 15), 1)
30	1	4affa89b-72f6-4305-aeca-e5182efbe467	((21, 7), 3)
30	2	4affa89b-72f6-4305-aeca-e5182efbe467	(None, 2)
30	3	4affa89b-72f6-4305-aeca-e5182efbe467	((20, 19), 1)
30	4	4affa89b-72f6-4305-aeca-e5182efbe467	((20, 14), 3)
30	5	4affa89b-72f6-4305-aeca-e5182efbe467	((15, 13), 1)
30	6	4affa89b-72f6-4305-aeca-e5182efbe467	(None, 3)
30	7	4affa89b-72f6-4305-aeca-e5182efbe467	(None, 1)
30	8	4affa89b-72f6-4305-aeca-e5182efbe467	(None, 3)
30	9	4affa89b-72f6-4305-aeca-e5182efbe467	(None, 2)
31	0	4affa89b-72f6-4305-aeca-e5182efbe467	((15, 16), 1)
31	1	4affa89b-72f6-4305-aeca-e5182efbe467	((21, 6), 3)
31	2	4affa89b-72f6-4305-aeca-e5182efbe467	(None, 2)
31	3	4affa89b-72f6-4305-aeca-e5182efbe467	((20, 20), 1)
31	4	4affa89b-72f6-4305-aeca-e5182efbe467	((20, 13), 3)
31	5	4affa89b-72f6-4305-aeca-e5182efbe467	((15, 14), 1)
31	6	4affa89b-72f6-4305-aeca-e5182efbe467	(None, 3)
31	7	4affa89b-72f6-4305-aeca-e5182efbe467	(None, 1)
31	8	4affa89b-72f6-4305-aeca-e5182efbe467	(None, 3)
31	9	4affa89b-72f6-4305-aeca-e5182efbe467	(None, 2)
32	0	4affa89b-72f6-4305-aeca-e5182efbe467	((15, 17), 1)
32	1	4affa89b-72f6-4305-aeca-e5182efbe467	(None, 3)
32	2	4affa89b-72f6-4305-aeca-e5182efbe467	((9, 13), 2)
32	3	4affa89b-72f6-4305-aeca-e5182efbe467	((20, 21), 1)
32	4	4affa89b-72f6-4305-aeca-e5182efbe467	((20, 12), 3)
32	5	4affa89b-72f6-4305-aeca-e5182efbe467	((15, 15), 1)
32	6	4affa89b-72f6-4305-aeca-e5182efbe467	(None, 3)
32	7	4affa89b-72f6-4305-aeca-e5182efbe467	(None, 1)
32	8	4affa89b-72f6-4305-aeca-e5182efbe467	(None, 3)
32	9	4affa89b-72f6-4305-aeca-e5182efbe467	(None, 2)
33	0	4affa89b-72f6-4305-aeca-e5182efbe467	((15, 18), 1)
33	1	4affa89b-72f6-4305-aeca-e5182efbe467	(None, 3)
33	2	4affa89b-72f6-4305-aeca-e5182efbe467	((10, 13), 2)
33	3	4affa89b-72f6-4305-aeca-e5182efbe467	((20, 22), 1)
33	4	4affa89b-72f6-4305-aeca-e5182efbe467	((20, 11), 3)
33	5	4affa89b-72f6-4305-aeca-e5182efbe467	((15, 16), 1)
33	6	4affa89b-72f6-4305-aeca-e5182efbe467	(None, 3)
33	7	4affa89b-72f6-4305-aeca-e5182efbe467	(None, 1)
33	8	4affa89b-72f6-4305-aeca-e5182efbe467	(None, 3)
33	9	4affa89b-72f6-4305-aeca-e5182efbe467	(None, 2)
34	0	4affa89b-72f6-4305-aeca-e5182efbe467	((15, 19), 1)
34	1	4affa89b-72f6-4305-aeca-e5182efbe467	(None, 3)
34	2	4affa89b-72f6-4305-aeca-e5182efbe467	((10, 14), 1)
34	3	4affa89b-72f6-4305-aeca-e5182efbe467	((20, 23), 1)
34	4	4affa89b-72f6-4305-aeca-e5182efbe467	((20, 10), 3)
34	5	4affa89b-72f6-4305-aeca-e5182efbe467	((15, 17), 1)
34	6	4affa89b-72f6-4305-aeca-e5182efbe467	(None, 3)
34	7	4affa89b-72f6-4305-aeca-e5182efbe467	(None, 1)
34	8	4affa89b-72f6-4305-aeca-e5182efbe467	(None, 3)
34	9	4affa89b-72f6-4305-aeca-e5182efbe467	(None, 2)
35	0	4affa89b-72f6-4305-aeca-e5182efbe467	((15, 20), 1)
35	1	4affa89b-72f6-4305-aeca-e5182efbe467	(None, 3)
35	2	4affa89b-72f6-4305-aeca-e5182efbe467	((11, 14), 2)
35	3	4affa89b-72f6-4305-aeca-e5182efbe467	((20, 24), 1)
35	4	4affa89b-72f6-4305-aeca-e5182efbe467	((21, 10), 2)
35	5	4affa89b-72f6-4305-aeca-e5182efbe467	((15, 18), 1)
35	6	4affa89b-72f6-4305-aeca-e5182efbe467	(None, 3)
35	7	4affa89b-72f6-4305-aeca-e5182efbe467	(None, 1)
35	8	4affa89b-72f6-4305-aeca-e5182efbe467	(None, 3)
35	9	4affa89b-72f6-4305-aeca-e5182efbe467	(None, 2)
36	0	4affa89b-72f6-4305-aeca-e5182efbe467	((15, 21), 1)
36	1	4affa89b-72f6-4305-aeca-e5182efbe467	(None, 3)
36	2	4affa89b-72f6-4305-aeca-e5182efbe467	((12, 14), 2)
36	3	4affa89b-72f6-4305-aeca-e5182efbe467	((19, 24), 0)
36	4	4affa89b-72f6-4305-aeca-e5182efbe467	((21, 9), 3)
36	5	4affa89b-72f6-4305-aeca-e5182efbe467	((15, 19), 1)
36	6	4affa89b-72f6-4305-aeca-e5182efbe467	(None, 3)
36	7	4affa89b-72f6-4305-aeca-e5182efbe467	(None, 1)
36	8	4affa89b-72f6-4305-aeca-e5182efbe467	(None, 3)
36	9	4affa89b-72f6-4305-aeca-e5182efbe467	(None, 2)
37	0	4affa89b-72f6-4305-aeca-e5182efbe467	((15, 22), 1)
37	1	4affa89b-72f6-4305-aeca-e5182efbe467	(None, 3)
37	2	4affa89b-72f6-4305-aeca-e5182efbe467	((13, 14), 2)
37	3	4affa89b-72f6-4305-aeca-e5182efbe467	((18, 24), 0)
37	4	4affa89b-72f6-4305-aeca-e5182efbe467	((21, 8), 3)
37	5	4affa89b-72f6-4305-aeca-e5182efbe467	((15, 20), 1)
37	6	4affa89b-72f6-4305-aeca-e5182efbe467	(None, 3)
37	7	4affa89b-72f6-4305-aeca-e5182efbe467	(None, 1)
37	8	4affa89b-72f6-4305-aeca-e5182efbe467	(None, 3)
37	9	4affa89b-72f6-4305-aeca-e5182efbe467	(None, 2)
38	0	4affa89b-72f6-4305-aeca-e5182efbe467	((15, 22), 1)
38	1	4affa89b-72f6-4305-aeca-e5182efbe467	(None, 3)
38	2	4affa89b-72f6-4305-aeca-e5182efbe467	((14, 14), 2)
38	3	4affa89b-72f6-4305-aeca-e5182efbe467	((17, 24), 0)
38	4	4affa89b-72f6-4305-aeca-e5182efbe467	((21, 7), 3)
38	5	4affa89b-72f6-4305-aeca-e5182efbe467	((15, 21), 1)
38	6	4affa89b-72f6-4305-aeca-e5182efbe467	(None, 3)
38	7	4affa89b-72f6-4305-aeca-e5182efbe467	(None, 1)
38	8	4affa89b-72f6-4305-aeca-e5182efbe467	(None, 3)
38	9	4affa89b-72f6-4305-aeca-e5182efbe467	(None, 2)
39	0	4affa89b-72f6-4305-aeca-e5182efbe467	((15, 22), 1)
39	1	4affa89b-72f6-4305-aeca-e5182efbe467	(None, 3)
39	2	4affa89b-72f6-4305-aeca-e5182efbe467	((15, 14), 2)
39	3	4affa89b-72f6-4305-aeca-e5182efbe467	((16, 24), 0)
39	4	4affa89b-72f6-4305-aeca-e5182efbe467	((21, 6), 3)
39	5	4affa89b-72f6-4305-aeca-e5182efbe467	((15, 21), 1)
39	6	4affa89b-72f6-4305-aeca-e5182efbe467	(None, 3)
39	7	4affa89b-72f6-4305-aeca-e5182efbe467	(None, 1)
39	8	4affa89b-72f6-4305-aeca-e5182efbe467	(None, 3)
39	9	4affa89b-72f6-4305-aeca-e5182efbe467	(None, 2)
40	0	4affa89b-72f6-4305-aeca-e5182efbe467	((15, 23), 1)
40	1	4affa89b-72f6-4305-aeca-e5182efbe467	(None, 3)
40	2	4affa89b-72f6-4305-aeca-e5182efbe467	((16, 14), 2)
40	3	4affa89b-72f6-4305-aeca-e5182efbe467	((15, 24), 0)
40	4	4affa89b-72f6-4305-aeca-e5182efbe467	(None, 3)
40	5	4affa89b-72f6-4305-aeca-e5182efbe467	((15, 22), 1)
40	6	4affa89b-72f6-4305-aeca-e5182efbe467	(None, 3)
40	7	4affa89b-72f6-4305-aeca-e5182efbe467	(None, 1)
40	8	4affa89b-72f6-4305-aeca-e5182efbe467	(None, 3)
40	9	4affa89b-72f6-4305-aeca-e5182efbe467	((9, 13), 2)
41	0	4affa89b-72f6-4305-aeca-e5182efbe467	((15, 24), 1)
41	1	4affa89b-72f6-4305-aeca-e5182efbe467	(None, 3)
41	2	4affa89b-72f6-4305-aeca-e5182efbe467	((17, 14), 2)
41	3	4affa89b-72f6-4305-aeca-e5182efbe467	((14, 24), 0)
41	4	4affa89b-72f6-4305-aeca-e5182efbe467	(None, 3)
41	5	4affa89b-72f6-4305-aeca-e5182efbe467	((15, 23), 1)
41	6	4affa89b-72f6-4305-aeca-e5182efbe467	(None, 3)
41	7	4affa89b-72f6-4305-aeca-e5182efbe467	(None, 1)
41	8	4affa89b-72f6-4305-aeca-e5182efbe467	(None, 3)
41	9	4affa89b-72f6-4305-aeca-e5182efbe467	((10, 13), 2)
42	0	4affa89b-72f6-4305-aeca-e5182efbe467	((16, 24), 2)
42	1	4affa89b-72f6-4305-aeca-e5182efbe467	(None, 3)
42	2	4affa89b-72f6-4305-aeca-e5182efbe467	((18, 14), 2)
42	3	4affa89b-72f6-4305-aeca-e5182efbe467	((14, 23), 3)
42	4	4affa89b-72f6-4305-aeca-e5182efbe467	(None, 3)
42	5	4affa89b-72f6-4305-aeca-e5182efbe467	((15, 24), 1)
42	6	4affa89b-72f6-4305-aeca-e5182efbe467	(None, 3)
42	7	4affa89b-72f6-4305-aeca-e5182efbe467	(None, 1)
42	8	4affa89b-72f6-4305-aeca-e5182efbe467	(None, 3)
42	9	4affa89b-72f6-4305-aeca-e5182efbe467	((10, 14), 1)
43	0	4affa89b-72f6-4305-aeca-e5182efbe467	((17, 24), 2)
43	1	4affa89b-72f6-4305-aeca-e5182efbe467	(None, 3)
43	2	4affa89b-72f6-4305-aeca-e5182efbe467	((19, 14), 2)
43	3	4affa89b-72f6-4305-aeca-e5182efbe467	((14, 22), 3)
43	4	4affa89b-72f6-4305-aeca-e5182efbe467	(None, 3)
43	5	4affa89b-72f6-4305-aeca-e5182efbe467	((16, 24), 2)
43	6	4affa89b-72f6-4305-aeca-e5182efbe467	(None, 3)
43	7	4affa89b-72f6-4305-aeca-e5182efbe467	(None, 1)
43	8	4affa89b-72f6-4305-aeca-e5182efbe467	(None, 3)
43	9	4affa89b-72f6-4305-aeca-e5182efbe467	((11, 14), 2)
44	0	4affa89b-72f6-4305-aeca-e5182efbe467	((18, 24), 2)
44	1	4affa89b-72f6-4305-aeca-e5182efbe467	(None, 3)
44	2	4affa89b-72f6-4305-aeca-e5182efbe467	((20, 14), 2)
44	3	4affa89b-72f6-4305-aeca-e5182efbe467	((14, 21), 3)
44	4	4affa89b-72f6-4305-aeca-e5182efbe467	(None, 3)
44	5	4affa89b-72f6-4305-aeca-e5182efbe467	((17, 24), 2)
44	6	4affa89b-72f6-4305-aeca-e5182efbe467	(None, 3)
44	7	4affa89b-72f6-4305-aeca-e5182efbe467	(None, 1)
44	8	4affa89b-72f6-4305-aeca-e5182efbe467	(None, 3)
44	9	4affa89b-72f6-4305-aeca-e5182efbe467	((12, 14), 2)
45	0	4affa89b-72f6-4305-aeca-e5182efbe467	((19, 24), 2)
45	1	4affa89b-72f6-4305-aeca-e5182efbe467	(None, 3)
45	2	4affa89b-72f6-4305-aeca-e5182efbe467	((20, 15), 1)
45	3	4affa89b-72f6-4305-aeca-e5182efbe467	((14, 20), 3)
45	4	4affa89b-72f6-4305-aeca-e5182efbe467	(None, 3)
45	5	4affa89b-72f6-4305-aeca-e5182efbe467	((18, 24), 2)
45	6	4affa89b-72f6-4305-aeca-e5182efbe467	(None, 3)
45	7	4affa89b-72f6-4305-aeca-e5182efbe467	(None, 1)
45	8	4affa89b-72f6-4305-aeca-e5182efbe467	(None, 3)
45	9	4affa89b-72f6-4305-aeca-e5182efbe467	((13, 14), 2)
46	0	4affa89b-72f6-4305-aeca-e5182efbe467	((20, 24), 2)
46	1	4affa89b-72f6-4305-aeca-e5182efbe467	(None, 3)
46	2	4affa89b-72f6-4305-aeca-e5182efbe467	((20, 16), 1)
46	3	4affa89b-72f6-4305-aeca-e5182efbe467	((14, 19), 3)
46	4	4affa89b-72f6-4305-aeca-e5182efbe467	(None, 3)
46	5	4affa89b-72f6-4305-aeca-e5182efbe467	((19, 24), 2)
46	6	4affa89b-72f6-4305-aeca-e5182efbe467	((20, 19), 3)
46	7	4affa89b-72f6-4305-aeca-e5182efbe467	(None, 1)
46	8	4affa89b-72f6-4305-aeca-e5182efbe467	(None, 3)
46	9	4affa89b-72f6-4305-aeca-e5182efbe467	((14, 14), 2)
47	0	4affa89b-72f6-4305-aeca-e5182efbe467	((21, 24), 2)
47	1	4affa89b-72f6-4305-aeca-e5182efbe467	(None, 3)
47	2	4affa89b-72f6-4305-aeca-e5182efbe467	((21, 16), 2)
47	3	4affa89b-72f6-4305-aeca-e5182efbe467	((14, 18), 3)
47	4	4affa89b-72f6-4305-aeca-e5182efbe467	(None, 3)
47	5	4affa89b-72f6-4305-aeca-e5182efbe467	((20, 24), 2)
47	6	4affa89b-72f6-4305-aeca-e5182efbe467	((20, 18), 3)
47	7	4affa89b-72f6-4305-aeca-e5182efbe467	(None, 1)
47	8	4affa89b-72f6-4305-aeca-e5182efbe467	(None, 3)
47	9	4affa89b-72f6-4305-aeca-e5182efbe467	((15, 14), 2)
48	0	4affa89b-72f6-4305-aeca-e5182efbe467	((21, 23), 3)
48	1	4affa89b-72f6-4305-aeca-e5182efbe467	(None, 3)
48	2	4affa89b-72f6-4305-aeca-e5182efbe467	((21, 17), 1)
48	3	4affa89b-72f6-4305-aeca-e5182efbe467	((14, 17), 3)
48	4	4affa89b-72f6-4305-aeca-e5182efbe467	(None, 3)
48	5	4affa89b-72f6-4305-aeca-e5182efbe467	((21, 24), 2)
48	6	4affa89b-72f6-4305-aeca-e5182efbe467	((20, 17), 3)
48	7	4affa89b-72f6-4305-aeca-e5182efbe467	(None, 1)
48	8	4affa89b-72f6-4305-aeca-e5182efbe467	(None, 3)
48	9	4affa89b-72f6-4305-aeca-e5182efbe467	((16, 14), 2)
49	0	4affa89b-72f6-4305-aeca-e5182efbe467	((21, 22), 3)
49	1	4affa89b-72f6-4305-aeca-e5182efbe467	(None, 3)
49	2	4affa89b-72f6-4305-aeca-e5182efbe467	((21, 18), 1)
49	3	4affa89b-72f6-4305-aeca-e5182efbe467	((14, 16), 3)
49	4	4affa89b-72f6-4305-aeca-e5182efbe467	(None, 3)
49	5	4affa89b-72f6-4305-aeca-e5182efbe467	((21, 23), 3)
49	6	4affa89b-72f6-4305-aeca-e5182efbe467	((21, 17), 2)
49	7	4affa89b-72f6-4305-aeca-e5182efbe467	(None, 1)
49	8	4affa89b-72f6-4305-aeca-e5182efbe467	(None, 3)
49	9	4affa89b-72f6-4305-aeca-e5182efbe467	((17, 14), 2)
50	0	4affa89b-72f6-4305-aeca-e5182efbe467	((21, 21), 3)
50	1	4affa89b-72f6-4305-aeca-e5182efbe467	(None, 3)
50	2	4affa89b-72f6-4305-aeca-e5182efbe467	(None, 2)
50	3	4affa89b-72f6-4305-aeca-e5182efbe467	((14, 15), 3)
50	4	4affa89b-72f6-4305-aeca-e5182efbe467	(None, 3)
50	5	4affa89b-72f6-4305-aeca-e5182efbe467	((21, 22), 3)
50	6	4affa89b-72f6-4305-aeca-e5182efbe467	((21, 16), 3)
50	7	4affa89b-72f6-4305-aeca-e5182efbe467	(None, 1)
50	8	4affa89b-72f6-4305-aeca-e5182efbe467	(None, 3)
50	9	4affa89b-72f6-4305-aeca-e5182efbe467	((18, 14), 2)
51	0	4affa89b-72f6-4305-aeca-e5182efbe467	((21, 20), 3)
51	1	4affa89b-72f6-4305-aeca-e5182efbe467	(None, 3)
51	2	4affa89b-72f6-4305-aeca-e5182efbe467	(None, 2)
51	3	4affa89b-72f6-4305-aeca-e5182efbe467	((14, 14), 3)
51	4	4affa89b-72f6-4305-aeca-e5182efbe467	(None, 3)
51	5	4affa89b-72f6-4305-aeca-e5182efbe467	((21, 21), 3)
51	6	4affa89b-72f6-4305-aeca-e5182efbe467	((21, 15), 3)
51	7	4affa89b-72f6-4305-aeca-e5182efbe467	(None, 1)
51	8	4affa89b-72f6-4305-aeca-e5182efbe467	(None, 3)
51	9	4affa89b-72f6-4305-aeca-e5182efbe467	((19, 14), 2)
52	0	4affa89b-72f6-4305-aeca-e5182efbe467	(None, 3)
52	1	4affa89b-72f6-4305-aeca-e5182efbe467	(None, 3)
52	2	4affa89b-72f6-4305-aeca-e5182efbe467	(None, 2)
52	3	4affa89b-72f6-4305-aeca-e5182efbe467	((13, 14), 0)
52	4	4affa89b-72f6-4305-aeca-e5182efbe467	(None, 3)
52	5	4affa89b-72f6-4305-aeca-e5182efbe467	((21, 20), 3)
52	6	4affa89b-72f6-4305-aeca-e5182efbe467	((21, 14), 3)
52	7	4affa89b-72f6-4305-aeca-e5182efbe467	(None, 1)
52	8	4affa89b-72f6-4305-aeca-e5182efbe467	(None, 3)
52	9	4affa89b-72f6-4305-aeca-e5182efbe467	((20, 14), 2)
53	0	4affa89b-72f6-4305-aeca-e5182efbe467	(None, 3)
53	1	4affa89b-72f6-4305-aeca-e5182efbe467	(None, 3)
53	2	4affa89b-72f6-4305-aeca-e5182efbe467	(None, 2)
53	3	4affa89b-72f6-4305-aeca-e5182efbe467	((12, 14), 0)
53	4	4affa89b-72f6-4305-aeca-e5182efbe467	(None, 3)
53	5	4affa89b-72f6-4305-aeca-e5182efbe467	(None, 3)
53	6	4affa89b-72f6-4305-aeca-e5182efbe467	((21, 13), 3)
53	7	4affa89b-72f6-4305-aeca-e5182efbe467	(None, 1)
53	8	4affa89b-72f6-4305-aeca-e5182efbe467	(None, 3)
53	9	4affa89b-72f6-4305-aeca-e5182efbe467	((20, 15), 1)
54	0	4affa89b-72f6-4305-aeca-e5182efbe467	(None, 3)
54	1	4affa89b-72f6-4305-aeca-e5182efbe467	(None, 3)
54	2	4affa89b-72f6-4305-aeca-e5182efbe467	(None, 2)
54	3	4affa89b-72f6-4305-aeca-e5182efbe467	((11, 14), 0)
54	4	4affa89b-72f6-4305-aeca-e5182efbe467	(None, 3)
54	5	4affa89b-72f6-4305-aeca-e5182efbe467	(None, 3)
54	6	4affa89b-72f6-4305-aeca-e5182efbe467	((21, 12), 3)
54	7	4affa89b-72f6-4305-aeca-e5182efbe467	(None, 1)
54	8	4affa89b-72f6-4305-aeca-e5182efbe467	(None, 3)
54	9	4affa89b-72f6-4305-aeca-e5182efbe467	((20, 16), 1)
55	0	4affa89b-72f6-4305-aeca-e5182efbe467	(None, 3)
55	1	4affa89b-72f6-4305-aeca-e5182efbe467	(None, 3)
55	2	4affa89b-72f6-4305-aeca-e5182efbe467	(None, 2)
55	3	4affa89b-72f6-4305-aeca-e5182efbe467	((10, 14), 0)
55	4	4affa89b-72f6-4305-aeca-e5182efbe467	(None, 3)
55	5	4affa89b-72f6-4305-aeca-e5182efbe467	(None, 3)
55	6	4affa89b-72f6-4305-aeca-e5182efbe467	((21, 11), 3)
55	7	4affa89b-72f6-4305-aeca-e5182efbe467	(None, 1)
55	8	4affa89b-72f6-4305-aeca-e5182efbe467	(None, 3)
55	9	4affa89b-72f6-4305-aeca-e5182efbe467	((21, 16), 2)
56	0	4affa89b-72f6-4305-aeca-e5182efbe467	(None, 3)
56	1	4affa89b-72f6-4305-aeca-e5182efbe467	(None, 3)
56	2	4affa89b-72f6-4305-aeca-e5182efbe467	(None, 2)
56	3	4affa89b-72f6-4305-aeca-e5182efbe467	(None, 1)
56	4	4affa89b-72f6-4305-aeca-e5182efbe467	(None, 3)
56	5	4affa89b-72f6-4305-aeca-e5182efbe467	(None, 3)
56	6	4affa89b-72f6-4305-aeca-e5182efbe467	((21, 10), 3)
56	7	4affa89b-72f6-4305-aeca-e5182efbe467	(None, 1)
56	8	4affa89b-72f6-4305-aeca-e5182efbe467	(None, 3)
56	9	4affa89b-72f6-4305-aeca-e5182efbe467	((21, 17), 1)
57	0	4affa89b-72f6-4305-aeca-e5182efbe467	(None, 3)
57	1	4affa89b-72f6-4305-aeca-e5182efbe467	(None, 3)
57	2	4affa89b-72f6-4305-aeca-e5182efbe467	(None, 2)
57	3	4affa89b-72f6-4305-aeca-e5182efbe467	(None, 1)
57	4	4affa89b-72f6-4305-aeca-e5182efbe467	(None, 3)
57	5	4affa89b-72f6-4305-aeca-e5182efbe467	(None, 3)
57	6	4affa89b-72f6-4305-aeca-e5182efbe467	((21, 9), 3)
57	7	4affa89b-72f6-4305-aeca-e5182efbe467	(None, 1)
57	8	4affa89b-72f6-4305-aeca-e5182efbe467	(None, 3)
57	9	4affa89b-72f6-4305-aeca-e5182efbe467	((21, 18), 1)
58	0	4affa89b-72f6-4305-aeca-e5182efbe467	(None, 3)
58	1	4affa89b-72f6-4305-aeca-e5182efbe467	(None, 3)
58	2	4affa89b-72f6-4305-aeca-e5182efbe467	(None, 2)
58	3	4affa89b-72f6-4305-aeca-e5182efbe467	(None, 1)
58	4	4affa89b-72f6-4305-aeca-e5182efbe467	(None, 3)
58	5	4affa89b-72f6-4305-aeca-e5182efbe467	(None, 3)
58	6	4affa89b-72f6-4305-aeca-e5182efbe467	((21, 8), 3)
58	7	4affa89b-72f6-4305-aeca-e5182efbe467	(None, 1)
58	8	4affa89b-72f6-4305-aeca-e5182efbe467	(None, 3)
58	9	4affa89b-72f6-4305-aeca-e5182efbe467	(None, 2)
59	0	4affa89b-72f6-4305-aeca-e5182efbe467	(None, 3)
59	1	4affa89b-72f6-4305-aeca-e5182efbe467	(None, 3)
59	2	4affa89b-72f6-4305-aeca-e5182efbe467	(None, 2)
59	3	4affa89b-72f6-4305-aeca-e5182efbe467	(None, 1)
59	4	4affa89b-72f6-4305-aeca-e5182efbe467	(None, 3)
59	5	4affa89b-72f6-4305-aeca-e5182efbe467	(None, 3)
59	6	4affa89b-72f6-4305-aeca-e5182efbe467	((21, 7), 3)
59	7	4affa89b-72f6-4305-aeca-e5182efbe467	(None, 1)
59	8	4affa89b-72f6-4305-aeca-e5182efbe467	(None, 3)
59	9	4affa89b-72f6-4305-aeca-e5182efbe467	(None, 2)
60	0	4affa89b-72f6-4305-aeca-e5182efbe467	(None, 3)
60	1	4affa89b-72f6-4305-aeca-e5182efbe467	(None, 3)
60	2	4affa89b-72f6-4305-aeca-e5182efbe467	(None, 2)
60	3	4affa89b-72f6-4305-aeca-e5182efbe467	(None, 1)
60	4	4affa89b-72f6-4305-aeca-e5182efbe467	(None, 3)
60	5	4affa89b-72f6-4305-aeca-e5182efbe467	(None, 3)
60	6	4affa89b-72f6-4305-aeca-e5182efbe467	((21, 6), 3)
60	7	4affa89b-72f6-4305-aeca-e5182efbe467	(None, 1)
60	8	4affa89b-72f6-4305-aeca-e5182efbe467	(None, 3)
60	9	4affa89b-72f6-4305-aeca-e5182efbe467	(None, 2)
61	0	4affa89b-72f6-4305-aeca-e5182efbe467	(None, 3)
61	1	4affa89b-72f6-4305-aeca-e5182efbe467	(None, 3)
61	2	4affa89b-72f6-4305-aeca-e5182efbe467	(None, 2)
61	3	4affa89b-72f6-4305-aeca-e5182efbe467	(None, 1)
61	4	4affa89b-72f6-4305-aeca-e5182efbe467	(None, 3)
61	5	4affa89b-72f6-4305-aeca-e5182efbe467	(None, 3)
61	6	4affa89b-72f6-4305-aeca-e5182efbe467	(None, 3)
61	7	4affa89b-72f6-4305-aeca-e5182efbe467	(None, 1)
61	8	4affa89b-72f6-4305-aeca-e5182efbe467	(None, 3)
61	9	4affa89b-72f6-4305-aeca-e5182efbe467	(None, 2)
1	0	6274be74-e859-4445-9d77-97a5966704d8	(None, 2)
1	1	6274be74-e859-4445-9d77-97a5966704d8	(None, 2)
1	2	6274be74-e859-4445-9d77-97a5966704d8	(None, 0)
1	3	6274be74-e859-4445-9d77-97a5966704d8	(None, 2)
1	4	6274be74-e859-4445-9d77-97a5966704d8	(None, 2)
1	5	6274be74-e859-4445-9d77-97a5966704d8	(None, 2)
1	6	6274be74-e859-4445-9d77-97a5966704d8	(None, 1)
1	7	6274be74-e859-4445-9d77-97a5966704d8	(None, 0)
1	8	6274be74-e859-4445-9d77-97a5966704d8	(None, 2)
1	9	6274be74-e859-4445-9d77-97a5966704d8	(None, 2)
2	0	6274be74-e859-4445-9d77-97a5966704d8	(None, 2)
2	1	6274be74-e859-4445-9d77-97a5966704d8	(None, 2)
2	2	6274be74-e859-4445-9d77-97a5966704d8	((23, 21), 0)
2	3	6274be74-e859-4445-9d77-97a5966704d8	(None, 2)
2	4	6274be74-e859-4445-9d77-97a5966704d8	(None, 2)
2	5	6274be74-e859-4445-9d77-97a5966704d8	(None, 2)
2	6	6274be74-e859-4445-9d77-97a5966704d8	(None, 1)
2	7	6274be74-e859-4445-9d77-97a5966704d8	((23, 23), 0)
2	8	6274be74-e859-4445-9d77-97a5966704d8	(None, 2)
2	9	6274be74-e859-4445-9d77-97a5966704d8	(None, 2)
3	0	6274be74-e859-4445-9d77-97a5966704d8	(None, 2)
3	1	6274be74-e859-4445-9d77-97a5966704d8	(None, 2)
3	2	6274be74-e859-4445-9d77-97a5966704d8	((22, 21), 0)
3	3	6274be74-e859-4445-9d77-97a5966704d8	(None, 2)
3	4	6274be74-e859-4445-9d77-97a5966704d8	(None, 2)
3	5	6274be74-e859-4445-9d77-97a5966704d8	(None, 2)
3	6	6274be74-e859-4445-9d77-97a5966704d8	(None, 1)
3	7	6274be74-e859-4445-9d77-97a5966704d8	((22, 23), 0)
3	8	6274be74-e859-4445-9d77-97a5966704d8	(None, 2)
3	9	6274be74-e859-4445-9d77-97a5966704d8	(None, 2)
4	0	6274be74-e859-4445-9d77-97a5966704d8	(None, 2)
4	1	6274be74-e859-4445-9d77-97a5966704d8	(None, 2)
4	2	6274be74-e859-4445-9d77-97a5966704d8	((22, 22), 1)
4	3	6274be74-e859-4445-9d77-97a5966704d8	(None, 2)
4	4	6274be74-e859-4445-9d77-97a5966704d8	(None, 2)
4	5	6274be74-e859-4445-9d77-97a5966704d8	(None, 2)
4	6	6274be74-e859-4445-9d77-97a5966704d8	(None, 1)
4	7	6274be74-e859-4445-9d77-97a5966704d8	((21, 23), 0)
4	8	6274be74-e859-4445-9d77-97a5966704d8	(None, 2)
4	9	6274be74-e859-4445-9d77-97a5966704d8	(None, 2)
5	0	6274be74-e859-4445-9d77-97a5966704d8	(None, 2)
5	1	6274be74-e859-4445-9d77-97a5966704d8	(None, 2)
5	2	6274be74-e859-4445-9d77-97a5966704d8	((21, 22), 0)
5	3	6274be74-e859-4445-9d77-97a5966704d8	(None, 2)
5	4	6274be74-e859-4445-9d77-97a5966704d8	(None, 2)
5	5	6274be74-e859-4445-9d77-97a5966704d8	(None, 2)
5	6	6274be74-e859-4445-9d77-97a5966704d8	(None, 1)
5	7	6274be74-e859-4445-9d77-97a5966704d8	((20, 23), 0)
5	8	6274be74-e859-4445-9d77-97a5966704d8	(None, 2)
5	9	6274be74-e859-4445-9d77-97a5966704d8	(None, 2)
6	0	6274be74-e859-4445-9d77-97a5966704d8	(None, 2)
6	1	6274be74-e859-4445-9d77-97a5966704d8	(None, 2)
6	2	6274be74-e859-4445-9d77-97a5966704d8	((20, 22), 0)
6	3	6274be74-e859-4445-9d77-97a5966704d8	(None, 2)
6	4	6274be74-e859-4445-9d77-97a5966704d8	(None, 2)
6	5	6274be74-e859-4445-9d77-97a5966704d8	(None, 2)
6	6	6274be74-e859-4445-9d77-97a5966704d8	(None, 1)
6	7	6274be74-e859-4445-9d77-97a5966704d8	((19, 23), 0)
6	8	6274be74-e859-4445-9d77-97a5966704d8	(None, 2)
6	9	6274be74-e859-4445-9d77-97a5966704d8	(None, 2)
7	0	6274be74-e859-4445-9d77-97a5966704d8	(None, 2)
7	1	6274be74-e859-4445-9d77-97a5966704d8	(None, 2)
7	2	6274be74-e859-4445-9d77-97a5966704d8	((19, 22), 0)
7	3	6274be74-e859-4445-9d77-97a5966704d8	(None, 2)
7	4	6274be74-e859-4445-9d77-97a5966704d8	(None, 2)
7	5	6274be74-e859-4445-9d77-97a5966704d8	((23, 21), 2)
7	6	6274be74-e859-4445-9d77-97a5966704d8	(None, 1)
7	7	6274be74-e859-4445-9d77-97a5966704d8	((18, 23), 0)
7	8	6274be74-e859-4445-9d77-97a5966704d8	(None, 2)
7	9	6274be74-e859-4445-9d77-97a5966704d8	(None, 2)
8	0	6274be74-e859-4445-9d77-97a5966704d8	((23, 21), 2)
8	1	6274be74-e859-4445-9d77-97a5966704d8	(None, 2)
8	2	6274be74-e859-4445-9d77-97a5966704d8	((18, 22), 0)
8	3	6274be74-e859-4445-9d77-97a5966704d8	(None, 2)
8	4	6274be74-e859-4445-9d77-97a5966704d8	((11, 25), 2)
8	5	6274be74-e859-4445-9d77-97a5966704d8	((24, 21), 2)
8	6	6274be74-e859-4445-9d77-97a5966704d8	(None, 1)
8	7	6274be74-e859-4445-9d77-97a5966704d8	((18, 24), 1)
8	8	6274be74-e859-4445-9d77-97a5966704d8	(None, 2)
8	9	6274be74-e859-4445-9d77-97a5966704d8	((23, 23), 2)
9	0	6274be74-e859-4445-9d77-97a5966704d8	((24, 21), 2)
9	1	6274be74-e859-4445-9d77-97a5966704d8	(None, 2)
9	2	6274be74-e859-4445-9d77-97a5966704d8	((18, 23), 1)
9	3	6274be74-e859-4445-9d77-97a5966704d8	(None, 2)
9	4	6274be74-e859-4445-9d77-97a5966704d8	((11, 25), 2)
9	5	6274be74-e859-4445-9d77-97a5966704d8	((24, 22), 1)
9	6	6274be74-e859-4445-9d77-97a5966704d8	(None, 1)
9	7	6274be74-e859-4445-9d77-97a5966704d8	((17, 24), 0)
9	8	6274be74-e859-4445-9d77-97a5966704d8	(None, 2)
9	9	6274be74-e859-4445-9d77-97a5966704d8	((24, 23), 2)
10	0	6274be74-e859-4445-9d77-97a5966704d8	((24, 22), 1)
10	1	6274be74-e859-4445-9d77-97a5966704d8	(None, 2)
10	2	6274be74-e859-4445-9d77-97a5966704d8	((18, 24), 1)
10	3	6274be74-e859-4445-9d77-97a5966704d8	(None, 2)
10	4	6274be74-e859-4445-9d77-97a5966704d8	((12, 25), 2)
10	5	6274be74-e859-4445-9d77-97a5966704d8	((25, 22), 2)
10	6	6274be74-e859-4445-9d77-97a5966704d8	(None, 1)
10	7	6274be74-e859-4445-9d77-97a5966704d8	((16, 24), 0)
10	8	6274be74-e859-4445-9d77-97a5966704d8	(None, 2)
10	9	6274be74-e859-4445-9d77-97a5966704d8	((25, 23), 2)
11	0	6274be74-e859-4445-9d77-97a5966704d8	((25, 22), 2)
11	1	6274be74-e859-4445-9d77-97a5966704d8	(None, 2)
11	2	6274be74-e859-4445-9d77-97a5966704d8	((17, 24), 0)
11	3	6274be74-e859-4445-9d77-97a5966704d8	(None, 2)
11	4	6274be74-e859-4445-9d77-97a5966704d8	((13, 25), 2)
11	5	6274be74-e859-4445-9d77-97a5966704d8	((26, 22), 2)
11	6	6274be74-e859-4445-9d77-97a5966704d8	(None, 1)
11	7	6274be74-e859-4445-9d77-97a5966704d8	((15, 24), 0)
11	8	6274be74-e859-4445-9d77-97a5966704d8	(None, 2)
11	9	6274be74-e859-4445-9d77-97a5966704d8	((26, 23), 2)
12	0	6274be74-e859-4445-9d77-97a5966704d8	((26, 22), 2)
12	1	6274be74-e859-4445-9d77-97a5966704d8	(None, 2)
12	2	6274be74-e859-4445-9d77-97a5966704d8	((16, 24), 0)
12	3	6274be74-e859-4445-9d77-97a5966704d8	(None, 2)
12	4	6274be74-e859-4445-9d77-97a5966704d8	((14, 25), 2)
12	5	6274be74-e859-4445-9d77-97a5966704d8	((27, 22), 2)
12	6	6274be74-e859-4445-9d77-97a5966704d8	(None, 1)
12	7	6274be74-e859-4445-9d77-97a5966704d8	((14, 24), 0)
12	8	6274be74-e859-4445-9d77-97a5966704d8	(None, 2)
12	9	6274be74-e859-4445-9d77-97a5966704d8	((27, 23), 2)
13	0	6274be74-e859-4445-9d77-97a5966704d8	((27, 22), 2)
13	1	6274be74-e859-4445-9d77-97a5966704d8	(None, 2)
13	2	6274be74-e859-4445-9d77-97a5966704d8	((15, 24), 0)
13	3	6274be74-e859-4445-9d77-97a5966704d8	(None, 2)
13	4	6274be74-e859-4445-9d77-97a5966704d8	((14, 25), 2)
13	5	6274be74-e859-4445-9d77-97a5966704d8	((28, 22), 2)
13	6	6274be74-e859-4445-9d77-97a5966704d8	(None, 1)
13	7	6274be74-e859-4445-9d77-97a5966704d8	((13, 24), 0)
13	8	6274be74-e859-4445-9d77-97a5966704d8	(None, 2)
13	9	6274be74-e859-4445-9d77-97a5966704d8	((28, 23), 2)
14	0	6274be74-e859-4445-9d77-97a5966704d8	((28, 22), 2)
14	1	6274be74-e859-4445-9d77-97a5966704d8	(None, 2)
14	2	6274be74-e859-4445-9d77-97a5966704d8	((14, 24), 0)
14	3	6274be74-e859-4445-9d77-97a5966704d8	(None, 2)
14	4	6274be74-e859-4445-9d77-97a5966704d8	((14, 25), 2)
14	5	6274be74-e859-4445-9d77-97a5966704d8	((28, 21), 3)
14	6	6274be74-e859-4445-9d77-97a5966704d8	(None, 1)
14	7	6274be74-e859-4445-9d77-97a5966704d8	((12, 24), 0)
14	8	6274be74-e859-4445-9d77-97a5966704d8	(None, 2)
14	9	6274be74-e859-4445-9d77-97a5966704d8	((28, 23), 2)
15	0	6274be74-e859-4445-9d77-97a5966704d8	((28, 21), 3)
15	1	6274be74-e859-4445-9d77-97a5966704d8	(None, 2)
15	2	6274be74-e859-4445-9d77-97a5966704d8	((13, 24), 0)
15	3	6274be74-e859-4445-9d77-97a5966704d8	(None, 2)
15	4	6274be74-e859-4445-9d77-97a5966704d8	((14, 24), 3)
15	5	6274be74-e859-4445-9d77-97a5966704d8	((28, 20), 3)
15	6	6274be74-e859-4445-9d77-97a5966704d8	(None, 1)
15	7	6274be74-e859-4445-9d77-97a5966704d8	((11, 24), 0)
15	8	6274be74-e859-4445-9d77-97a5966704d8	(None, 2)
15	9	6274be74-e859-4445-9d77-97a5966704d8	((28, 22), 3)
16	0	6274be74-e859-4445-9d77-97a5966704d8	((28, 20), 3)
16	1	6274be74-e859-4445-9d77-97a5966704d8	(None, 2)
16	2	6274be74-e859-4445-9d77-97a5966704d8	((12, 24), 0)
16	3	6274be74-e859-4445-9d77-97a5966704d8	(None, 2)
16	4	6274be74-e859-4445-9d77-97a5966704d8	((15, 24), 2)
16	5	6274be74-e859-4445-9d77-97a5966704d8	((28, 19), 3)
16	6	6274be74-e859-4445-9d77-97a5966704d8	(None, 1)
16	7	6274be74-e859-4445-9d77-97a5966704d8	((10, 24), 0)
16	8	6274be74-e859-4445-9d77-97a5966704d8	(None, 2)
16	9	6274be74-e859-4445-9d77-97a5966704d8	((28, 21), 3)
17	0	6274be74-e859-4445-9d77-97a5966704d8	((28, 19), 3)
17	1	6274be74-e859-4445-9d77-97a5966704d8	(None, 2)
17	2	6274be74-e859-4445-9d77-97a5966704d8	(None, 0)
17	3	6274be74-e859-4445-9d77-97a5966704d8	(None, 2)
17	4	6274be74-e859-4445-9d77-97a5966704d8	((16, 24), 2)
17	5	6274be74-e859-4445-9d77-97a5966704d8	((28, 18), 3)
17	6	6274be74-e859-4445-9d77-97a5966704d8	(None, 1)
17	7	6274be74-e859-4445-9d77-97a5966704d8	((9, 24), 0)
17	8	6274be74-e859-4445-9d77-97a5966704d8	(None, 2)
17	9	6274be74-e859-4445-9d77-97a5966704d8	((28, 20), 3)
18	0	6274be74-e859-4445-9d77-97a5966704d8	((28, 18), 3)
18	1	6274be74-e859-4445-9d77-97a5966704d8	(None, 2)
18	2	6274be74-e859-4445-9d77-97a5966704d8	(None, 0)
18	3	6274be74-e859-4445-9d77-97a5966704d8	(None, 2)
18	4	6274be74-e859-4445-9d77-97a5966704d8	((17, 24), 2)
18	5	6274be74-e859-4445-9d77-97a5966704d8	((28, 17), 3)
18	6	6274be74-e859-4445-9d77-97a5966704d8	(None, 1)
18	7	6274be74-e859-4445-9d77-97a5966704d8	((8, 24), 0)
18	8	6274be74-e859-4445-9d77-97a5966704d8	(None, 2)
18	9	6274be74-e859-4445-9d77-97a5966704d8	((28, 19), 3)
19	0	6274be74-e859-4445-9d77-97a5966704d8	((28, 17), 3)
19	1	6274be74-e859-4445-9d77-97a5966704d8	(None, 2)
19	2	6274be74-e859-4445-9d77-97a5966704d8	(None, 0)
19	3	6274be74-e859-4445-9d77-97a5966704d8	(None, 2)
19	4	6274be74-e859-4445-9d77-97a5966704d8	((18, 24), 2)
19	5	6274be74-e859-4445-9d77-97a5966704d8	((28, 16), 3)
19	6	6274be74-e859-4445-9d77-97a5966704d8	(None, 1)
19	7	6274be74-e859-4445-9d77-97a5966704d8	((7, 24), 0)
19	8	6274be74-e859-4445-9d77-97a5966704d8	(None, 2)
19	9	6274be74-e859-4445-9d77-97a5966704d8	((28, 18), 3)
20	0	6274be74-e859-4445-9d77-97a5966704d8	((28, 16), 3)
20	1	6274be74-e859-4445-9d77-97a5966704d8	(None, 2)
20	2	6274be74-e859-4445-9d77-97a5966704d8	(None, 0)
20	3	6274be74-e859-4445-9d77-97a5966704d8	(None, 2)
20	4	6274be74-e859-4445-9d77-97a5966704d8	((18, 23), 3)
20	5	6274be74-e859-4445-9d77-97a5966704d8	((27, 16), 0)
20	6	6274be74-e859-4445-9d77-97a5966704d8	(None, 1)
20	7	6274be74-e859-4445-9d77-97a5966704d8	((6, 24), 0)
20	8	6274be74-e859-4445-9d77-97a5966704d8	(None, 2)
20	9	6274be74-e859-4445-9d77-97a5966704d8	((28, 17), 3)
21	0	6274be74-e859-4445-9d77-97a5966704d8	((27, 16), 0)
21	1	6274be74-e859-4445-9d77-97a5966704d8	(None, 2)
21	2	6274be74-e859-4445-9d77-97a5966704d8	(None, 0)
21	3	6274be74-e859-4445-9d77-97a5966704d8	(None, 2)
21	4	6274be74-e859-4445-9d77-97a5966704d8	((19, 23), 2)
21	5	6274be74-e859-4445-9d77-97a5966704d8	((26, 16), 0)
21	6	6274be74-e859-4445-9d77-97a5966704d8	((16, 11), 1)
21	7	6274be74-e859-4445-9d77-97a5966704d8	((6, 23), 3)
21	8	6274be74-e859-4445-9d77-97a5966704d8	(None, 2)
21	9	6274be74-e859-4445-9d77-97a5966704d8	((28, 16), 3)
22	0	6274be74-e859-4445-9d77-97a5966704d8	((26, 16), 0)
22	1	6274be74-e859-4445-9d77-97a5966704d8	(None, 2)
22	2	6274be74-e859-4445-9d77-97a5966704d8	(None, 0)
22	3	6274be74-e859-4445-9d77-97a5966704d8	(None, 2)
22	4	6274be74-e859-4445-9d77-97a5966704d8	((20, 23), 2)
22	5	6274be74-e859-4445-9d77-97a5966704d8	((25, 16), 0)
22	6	6274be74-e859-4445-9d77-97a5966704d8	((16, 12), 1)
22	7	6274be74-e859-4445-9d77-97a5966704d8	((6, 22), 3)
22	8	6274be74-e859-4445-9d77-97a5966704d8	(None, 2)
22	9	6274be74-e859-4445-9d77-97a5966704d8	((27, 16), 0)
23	0	6274be74-e859-4445-9d77-97a5966704d8	((25, 16), 0)
23	1	6274be74-e859-4445-9d77-97a5966704d8	(None, 2)
23	2	6274be74-e859-4445-9d77-97a5966704d8	(None, 0)
23	3	6274be74-e859-4445-9d77-97a5966704d8	(None, 2)
23	4	6274be74-e859-4445-9d77-97a5966704d8	((21, 23), 2)
23	5	6274be74-e859-4445-9d77-97a5966704d8	((24, 16), 0)
23	6	6274be74-e859-4445-9d77-97a5966704d8	((16, 13), 1)
23	7	6274be74-e859-4445-9d77-97a5966704d8	((6, 21), 3)
23	8	6274be74-e859-4445-9d77-97a5966704d8	(None, 2)
23	9	6274be74-e859-4445-9d77-97a5966704d8	((26, 16), 0)
24	0	6274be74-e859-4445-9d77-97a5966704d8	((24, 16), 0)
24	1	6274be74-e859-4445-9d77-97a5966704d8	((11, 25), 2)
24	2	6274be74-e859-4445-9d77-97a5966704d8	(None, 0)
24	3	6274be74-e859-4445-9d77-97a5966704d8	(None, 2)
24	4	6274be74-e859-4445-9d77-97a5966704d8	((22, 23), 2)
24	5	6274be74-e859-4445-9d77-97a5966704d8	((23, 16), 0)
24	6	6274be74-e859-4445-9d77-97a5966704d8	((17, 13), 2)
24	7	6274be74-e859-4445-9d77-97a5966704d8	((6, 20), 3)
24	8	6274be74-e859-4445-9d77-97a5966704d8	(None, 2)
24	9	6274be74-e859-4445-9d77-97a5966704d8	((25, 16), 0)
25	0	6274be74-e859-4445-9d77-97a5966704d8	((24, 16), 0)
25	1	6274be74-e859-4445-9d77-97a5966704d8	((12, 25), 2)
25	2	6274be74-e859-4445-9d77-97a5966704d8	(None, 0)
25	3	6274be74-e859-4445-9d77-97a5966704d8	(None, 2)
25	4	6274be74-e859-4445-9d77-97a5966704d8	((22, 24), 1)
25	5	6274be74-e859-4445-9d77-97a5966704d8	((23, 16), 0)
25	6	6274be74-e859-4445-9d77-97a5966704d8	((17, 14), 1)
25	7	6274be74-e859-4445-9d77-97a5966704d8	((6, 19), 3)
25	8	6274be74-e859-4445-9d77-97a5966704d8	(None, 2)
25	9	6274be74-e859-4445-9d77-97a5966704d8	((25, 16), 0)
26	0	6274be74-e859-4445-9d77-97a5966704d8	((23, 16), 0)
26	1	6274be74-e859-4445-9d77-97a5966704d8	((13, 25), 2)
26	2	6274be74-e859-4445-9d77-97a5966704d8	(None, 0)
26	3	6274be74-e859-4445-9d77-97a5966704d8	(None, 2)
26	4	6274be74-e859-4445-9d77-97a5966704d8	(None, 2)
26	5	6274be74-e859-4445-9d77-97a5966704d8	((22, 16), 0)
26	6	6274be74-e859-4445-9d77-97a5966704d8	((17, 15), 1)
26	7	6274be74-e859-4445-9d77-97a5966704d8	((6, 18), 3)
26	8	6274be74-e859-4445-9d77-97a5966704d8	(None, 2)
26	9	6274be74-e859-4445-9d77-97a5966704d8	((24, 16), 0)
27	0	6274be74-e859-4445-9d77-97a5966704d8	((22, 16), 0)
27	1	6274be74-e859-4445-9d77-97a5966704d8	((14, 25), 2)
27	2	6274be74-e859-4445-9d77-97a5966704d8	(None, 0)
27	3	6274be74-e859-4445-9d77-97a5966704d8	(None, 2)
27	4	6274be74-e859-4445-9d77-97a5966704d8	(None, 2)
27	5	6274be74-e859-4445-9d77-97a5966704d8	((21, 16), 0)
27	6	6274be74-e859-4445-9d77-97a5966704d8	((17, 16), 1)
27	7	6274be74-e859-4445-9d77-97a5966704d8	((6, 17), 3)
27	8	6274be74-e859-4445-9d77-97a5966704d8	(None, 2)
27	9	6274be74-e859-4445-9d77-97a5966704d8	((23, 16), 0)
28	0	6274be74-e859-4445-9d77-97a5966704d8	((21, 16), 0)
28	1	6274be74-e859-4445-9d77-97a5966704d8	((14, 24), 3)
28	2	6274be74-e859-4445-9d77-97a5966704d8	(None, 0)
28	3	6274be74-e859-4445-9d77-97a5966704d8	(None, 2)
28	4	6274be74-e859-4445-9d77-97a5966704d8	(None, 2)
28	5	6274be74-e859-4445-9d77-97a5966704d8	((20, 16), 0)
28	6	6274be74-e859-4445-9d77-97a5966704d8	((17, 16), 1)
28	7	6274be74-e859-4445-9d77-97a5966704d8	((6, 16), 3)
28	8	6274be74-e859-4445-9d77-97a5966704d8	(None, 2)
28	9	6274be74-e859-4445-9d77-97a5966704d8	((22, 16), 0)
29	0	6274be74-e859-4445-9d77-97a5966704d8	((20, 16), 0)
29	1	6274be74-e859-4445-9d77-97a5966704d8	((15, 24), 2)
29	2	6274be74-e859-4445-9d77-97a5966704d8	(None, 0)
29	3	6274be74-e859-4445-9d77-97a5966704d8	(None, 2)
29	4	6274be74-e859-4445-9d77-97a5966704d8	(None, 2)
29	5	6274be74-e859-4445-9d77-97a5966704d8	((19, 16), 0)
29	6	6274be74-e859-4445-9d77-97a5966704d8	((17, 16), 1)
29	7	6274be74-e859-4445-9d77-97a5966704d8	((7, 16), 2)
29	8	6274be74-e859-4445-9d77-97a5966704d8	(None, 2)
29	9	6274be74-e859-4445-9d77-97a5966704d8	((21, 16), 0)
30	0	6274be74-e859-4445-9d77-97a5966704d8	((19, 16), 0)
30	1	6274be74-e859-4445-9d77-97a5966704d8	((16, 24), 2)
30	2	6274be74-e859-4445-9d77-97a5966704d8	(None, 0)
30	3	6274be74-e859-4445-9d77-97a5966704d8	(None, 2)
30	4	6274be74-e859-4445-9d77-97a5966704d8	(None, 2)
30	5	6274be74-e859-4445-9d77-97a5966704d8	((18, 16), 0)
30	6	6274be74-e859-4445-9d77-97a5966704d8	((17, 16), 1)
30	7	6274be74-e859-4445-9d77-97a5966704d8	((8, 16), 2)
30	8	6274be74-e859-4445-9d77-97a5966704d8	(None, 2)
30	9	6274be74-e859-4445-9d77-97a5966704d8	((20, 16), 0)
31	0	6274be74-e859-4445-9d77-97a5966704d8	((18, 16), 0)
31	1	6274be74-e859-4445-9d77-97a5966704d8	((17, 24), 2)
31	2	6274be74-e859-4445-9d77-97a5966704d8	(None, 0)
31	3	6274be74-e859-4445-9d77-97a5966704d8	(None, 2)
31	4	6274be74-e859-4445-9d77-97a5966704d8	(None, 2)
31	5	6274be74-e859-4445-9d77-97a5966704d8	((18, 17), 1)
31	6	6274be74-e859-4445-9d77-97a5966704d8	((17, 16), 1)
31	7	6274be74-e859-4445-9d77-97a5966704d8	((9, 16), 2)
31	8	6274be74-e859-4445-9d77-97a5966704d8	(None, 2)
31	9	6274be74-e859-4445-9d77-97a5966704d8	((19, 16), 0)
32	0	6274be74-e859-4445-9d77-97a5966704d8	((18, 17), 1)
32	1	6274be74-e859-4445-9d77-97a5966704d8	((18, 24), 2)
32	2	6274be74-e859-4445-9d77-97a5966704d8	(None, 0)
32	3	6274be74-e859-4445-9d77-97a5966704d8	(None, 2)
32	4	6274be74-e859-4445-9d77-97a5966704d8	(None, 2)
32	5	6274be74-e859-4445-9d77-97a5966704d8	((18, 18), 1)
32	6	6274be74-e859-4445-9d77-97a5966704d8	((17, 16), 1)
32	7	6274be74-e859-4445-9d77-97a5966704d8	((10, 16), 2)
32	8	6274be74-e859-4445-9d77-97a5966704d8	(None, 2)
32	9	6274be74-e859-4445-9d77-97a5966704d8	((18, 16), 0)
33	0	6274be74-e859-4445-9d77-97a5966704d8	((18, 18), 1)
33	1	6274be74-e859-4445-9d77-97a5966704d8	((18, 23), 3)
33	2	6274be74-e859-4445-9d77-97a5966704d8	(None, 0)
33	3	6274be74-e859-4445-9d77-97a5966704d8	((11, 25), 2)
33	4	6274be74-e859-4445-9d77-97a5966704d8	(None, 2)
33	5	6274be74-e859-4445-9d77-97a5966704d8	((18, 19), 1)
33	6	6274be74-e859-4445-9d77-97a5966704d8	((18, 16), 2)
33	7	6274be74-e859-4445-9d77-97a5966704d8	((11, 16), 2)
33	8	6274be74-e859-4445-9d77-97a5966704d8	(None, 2)
33	9	6274be74-e859-4445-9d77-97a5966704d8	((18, 17), 1)
34	0	6274be74-e859-4445-9d77-97a5966704d8	((18, 19), 1)
34	1	6274be74-e859-4445-9d77-97a5966704d8	((19, 23), 2)
34	2	6274be74-e859-4445-9d77-97a5966704d8	(None, 0)
34	3	6274be74-e859-4445-9d77-97a5966704d8	((12, 25), 2)
34	4	6274be74-e859-4445-9d77-97a5966704d8	(None, 2)
34	5	6274be74-e859-4445-9d77-97a5966704d8	((18, 20), 1)
34	6	6274be74-e859-4445-9d77-97a5966704d8	((19, 16), 2)
34	7	6274be74-e859-4445-9d77-97a5966704d8	((12, 16), 2)
34	8	6274be74-e859-4445-9d77-97a5966704d8	(None, 2)
34	9	6274be74-e859-4445-9d77-97a5966704d8	((18, 18), 1)
35	0	6274be74-e859-4445-9d77-97a5966704d8	((18, 20), 1)
35	1	6274be74-e859-4445-9d77-97a5966704d8	((20, 23), 2)
35	2	6274be74-e859-4445-9d77-97a5966704d8	(None, 0)
35	3	6274be74-e859-4445-9d77-97a5966704d8	((13, 25), 2)
35	4	6274be74-e859-4445-9d77-97a5966704d8	(None, 2)
35	5	6274be74-e859-4445-9d77-97a5966704d8	((18, 21), 1)
35	6	6274be74-e859-4445-9d77-97a5966704d8	((20, 16), 2)
35	7	6274be74-e859-4445-9d77-97a5966704d8	((13, 16), 2)
35	8	6274be74-e859-4445-9d77-97a5966704d8	((11, 25), 2)
35	9	6274be74-e859-4445-9d77-97a5966704d8	((18, 19), 1)
36	0	6274be74-e859-4445-9d77-97a5966704d8	((18, 21), 1)
36	1	6274be74-e859-4445-9d77-97a5966704d8	((21, 23), 2)
36	2	6274be74-e859-4445-9d77-97a5966704d8	(None, 0)
36	3	6274be74-e859-4445-9d77-97a5966704d8	((14, 25), 2)
36	4	6274be74-e859-4445-9d77-97a5966704d8	(None, 2)
36	5	6274be74-e859-4445-9d77-97a5966704d8	((18, 22), 1)
36	6	6274be74-e859-4445-9d77-97a5966704d8	((21, 16), 2)
36	7	6274be74-e859-4445-9d77-97a5966704d8	((14, 16), 2)
36	8	6274be74-e859-4445-9d77-97a5966704d8	((12, 25), 2)
36	9	6274be74-e859-4445-9d77-97a5966704d8	((18, 20), 1)
37	0	6274be74-e859-4445-9d77-97a5966704d8	((18, 22), 1)
37	1	6274be74-e859-4445-9d77-97a5966704d8	((21, 22), 3)
37	2	6274be74-e859-4445-9d77-97a5966704d8	(None, 0)
37	3	6274be74-e859-4445-9d77-97a5966704d8	((14, 24), 3)
37	4	6274be74-e859-4445-9d77-97a5966704d8	(None, 2)
37	5	6274be74-e859-4445-9d77-97a5966704d8	((18, 23), 1)
37	6	6274be74-e859-4445-9d77-97a5966704d8	((22, 16), 2)
37	7	6274be74-e859-4445-9d77-97a5966704d8	((15, 16), 2)
37	8	6274be74-e859-4445-9d77-97a5966704d8	((13, 25), 2)
37	9	6274be74-e859-4445-9d77-97a5966704d8	((18, 21), 1)
38	0	6274be74-e859-4445-9d77-97a5966704d8	((18, 23), 1)
38	1	6274be74-e859-4445-9d77-97a5966704d8	((22, 22), 2)
38	2	6274be74-e859-4445-9d77-97a5966704d8	(None, 0)
38	3	6274be74-e859-4445-9d77-97a5966704d8	((15, 24), 2)
38	4	6274be74-e859-4445-9d77-97a5966704d8	(None, 2)
38	5	6274be74-e859-4445-9d77-97a5966704d8	((18, 24), 1)
38	6	6274be74-e859-4445-9d77-97a5966704d8	((23, 16), 2)
38	7	6274be74-e859-4445-9d77-97a5966704d8	((16, 16), 2)
38	8	6274be74-e859-4445-9d77-97a5966704d8	((14, 25), 2)
38	9	6274be74-e859-4445-9d77-97a5966704d8	((18, 22), 1)
39	0	6274be74-e859-4445-9d77-97a5966704d8	((18, 23), 1)
39	1	6274be74-e859-4445-9d77-97a5966704d8	(None, 2)
39	2	6274be74-e859-4445-9d77-97a5966704d8	(None, 0)
39	3	6274be74-e859-4445-9d77-97a5966704d8	((16, 24), 2)
39	4	6274be74-e859-4445-9d77-97a5966704d8	(None, 2)
39	5	6274be74-e859-4445-9d77-97a5966704d8	((18, 24), 1)
39	6	6274be74-e859-4445-9d77-97a5966704d8	((24, 16), 2)
39	7	6274be74-e859-4445-9d77-97a5966704d8	((16, 15), 3)
39	8	6274be74-e859-4445-9d77-97a5966704d8	((14, 24), 3)
39	9	6274be74-e859-4445-9d77-97a5966704d8	((18, 22), 1)
40	0	6274be74-e859-4445-9d77-97a5966704d8	((18, 24), 1)
40	1	6274be74-e859-4445-9d77-97a5966704d8	(None, 2)
40	2	6274be74-e859-4445-9d77-97a5966704d8	(None, 0)
40	3	6274be74-e859-4445-9d77-97a5966704d8	((16, 23), 3)
40	4	6274be74-e859-4445-9d77-97a5966704d8	(None, 2)
40	5	6274be74-e859-4445-9d77-97a5966704d8	((17, 24), 0)
40	6	6274be74-e859-4445-9d77-97a5966704d8	((25, 16), 2)
40	7	6274be74-e859-4445-9d77-97a5966704d8	((16, 14), 3)
40	8	6274be74-e859-4445-9d77-97a5966704d8	((15, 24), 2)
40	9	6274be74-e859-4445-9d77-97a5966704d8	((18, 23), 1)
41	0	6274be74-e859-4445-9d77-97a5966704d8	((18, 24), 1)
41	1	6274be74-e859-4445-9d77-97a5966704d8	(None, 2)
41	2	6274be74-e859-4445-9d77-97a5966704d8	(None, 0)
41	3	6274be74-e859-4445-9d77-97a5966704d8	((17, 23), 2)
41	4	6274be74-e859-4445-9d77-97a5966704d8	(None, 2)
41	5	6274be74-e859-4445-9d77-97a5966704d8	((17, 24), 0)
41	6	6274be74-e859-4445-9d77-97a5966704d8	((26, 16), 2)
41	7	6274be74-e859-4445-9d77-97a5966704d8	((17, 14), 2)
41	8	6274be74-e859-4445-9d77-97a5966704d8	((16, 24), 2)
41	9	6274be74-e859-4445-9d77-97a5966704d8	((18, 23), 1)
42	0	6274be74-e859-4445-9d77-97a5966704d8	((17, 24), 0)
42	1	6274be74-e859-4445-9d77-97a5966704d8	(None, 2)
42	2	6274be74-e859-4445-9d77-97a5966704d8	(None, 0)
42	3	6274be74-e859-4445-9d77-97a5966704d8	((18, 23), 2)
42	4	6274be74-e859-4445-9d77-97a5966704d8	(None, 2)
42	5	6274be74-e859-4445-9d77-97a5966704d8	((16, 24), 0)
42	6	6274be74-e859-4445-9d77-97a5966704d8	((27, 16), 2)
42	7	6274be74-e859-4445-9d77-97a5966704d8	((17, 13), 3)
42	8	6274be74-e859-4445-9d77-97a5966704d8	((16, 23), 3)
42	9	6274be74-e859-4445-9d77-97a5966704d8	((18, 24), 1)
43	0	6274be74-e859-4445-9d77-97a5966704d8	((16, 24), 0)
43	1	6274be74-e859-4445-9d77-97a5966704d8	(None, 2)
43	2	6274be74-e859-4445-9d77-97a5966704d8	(None, 0)
43	3	6274be74-e859-4445-9d77-97a5966704d8	((19, 23), 2)
43	4	6274be74-e859-4445-9d77-97a5966704d8	(None, 2)
43	5	6274be74-e859-4445-9d77-97a5966704d8	((15, 24), 0)
43	6	6274be74-e859-4445-9d77-97a5966704d8	((28, 16), 2)
43	7	6274be74-e859-4445-9d77-97a5966704d8	((17, 12), 3)
43	8	6274be74-e859-4445-9d77-97a5966704d8	((17, 23), 2)
43	9	6274be74-e859-4445-9d77-97a5966704d8	((17, 24), 0)
44	0	6274be74-e859-4445-9d77-97a5966704d8	((15, 24), 0)
44	1	6274be74-e859-4445-9d77-97a5966704d8	(None, 2)
44	2	6274be74-e859-4445-9d77-97a5966704d8	(None, 0)
44	3	6274be74-e859-4445-9d77-97a5966704d8	((20, 23), 2)
44	4	6274be74-e859-4445-9d77-97a5966704d8	(None, 2)
44	5	6274be74-e859-4445-9d77-97a5966704d8	((14, 24), 0)
44	6	6274be74-e859-4445-9d77-97a5966704d8	((28, 17), 1)
44	7	6274be74-e859-4445-9d77-97a5966704d8	(None, 3)
44	8	6274be74-e859-4445-9d77-97a5966704d8	((18, 23), 2)
44	9	6274be74-e859-4445-9d77-97a5966704d8	((16, 24), 0)
45	0	6274be74-e859-4445-9d77-97a5966704d8	((14, 24), 0)
45	1	6274be74-e859-4445-9d77-97a5966704d8	(None, 2)
45	2	6274be74-e859-4445-9d77-97a5966704d8	(None, 0)
45	3	6274be74-e859-4445-9d77-97a5966704d8	((21, 23), 2)
45	4	6274be74-e859-4445-9d77-97a5966704d8	(None, 2)
45	5	6274be74-e859-4445-9d77-97a5966704d8	((13, 24), 0)
45	6	6274be74-e859-4445-9d77-97a5966704d8	((28, 18), 1)
45	7	6274be74-e859-4445-9d77-97a5966704d8	(None, 3)
45	8	6274be74-e859-4445-9d77-97a5966704d8	((19, 23), 2)
45	9	6274be74-e859-4445-9d77-97a5966704d8	((15, 24), 0)
46	0	6274be74-e859-4445-9d77-97a5966704d8	((14, 25), 1)
46	1	6274be74-e859-4445-9d77-97a5966704d8	(None, 2)
46	2	6274be74-e859-4445-9d77-97a5966704d8	(None, 0)
46	3	6274be74-e859-4445-9d77-97a5966704d8	((21, 22), 3)
46	4	6274be74-e859-4445-9d77-97a5966704d8	(None, 2)
46	5	6274be74-e859-4445-9d77-97a5966704d8	((12, 24), 0)
46	6	6274be74-e859-4445-9d77-97a5966704d8	((28, 19), 1)
46	7	6274be74-e859-4445-9d77-97a5966704d8	(None, 3)
46	8	6274be74-e859-4445-9d77-97a5966704d8	((20, 23), 2)
46	9	6274be74-e859-4445-9d77-97a5966704d8	((14, 24), 0)
47	0	6274be74-e859-4445-9d77-97a5966704d8	((13, 25), 0)
47	1	6274be74-e859-4445-9d77-97a5966704d8	(None, 2)
47	2	6274be74-e859-4445-9d77-97a5966704d8	(None, 0)
47	3	6274be74-e859-4445-9d77-97a5966704d8	((22, 22), 2)
47	4	6274be74-e859-4445-9d77-97a5966704d8	(None, 2)
47	5	6274be74-e859-4445-9d77-97a5966704d8	(None, 0)
47	6	6274be74-e859-4445-9d77-97a5966704d8	((28, 20), 1)
47	7	6274be74-e859-4445-9d77-97a5966704d8	(None, 3)
47	8	6274be74-e859-4445-9d77-97a5966704d8	((21, 23), 2)
47	9	6274be74-e859-4445-9d77-97a5966704d8	((13, 24), 0)
48	0	6274be74-e859-4445-9d77-97a5966704d8	((12, 25), 0)
48	1	6274be74-e859-4445-9d77-97a5966704d8	(None, 2)
48	2	6274be74-e859-4445-9d77-97a5966704d8	(None, 0)
48	3	6274be74-e859-4445-9d77-97a5966704d8	(None, 2)
48	4	6274be74-e859-4445-9d77-97a5966704d8	(None, 2)
48	5	6274be74-e859-4445-9d77-97a5966704d8	(None, 0)
48	6	6274be74-e859-4445-9d77-97a5966704d8	((28, 21), 1)
48	7	6274be74-e859-4445-9d77-97a5966704d8	(None, 3)
48	8	6274be74-e859-4445-9d77-97a5966704d8	((22, 23), 2)
48	9	6274be74-e859-4445-9d77-97a5966704d8	((12, 24), 0)
49	0	6274be74-e859-4445-9d77-97a5966704d8	((12, 26), 1)
49	1	6274be74-e859-4445-9d77-97a5966704d8	(None, 2)
49	2	6274be74-e859-4445-9d77-97a5966704d8	(None, 0)
49	3	6274be74-e859-4445-9d77-97a5966704d8	(None, 2)
49	4	6274be74-e859-4445-9d77-97a5966704d8	(None, 2)
49	5	6274be74-e859-4445-9d77-97a5966704d8	(None, 0)
49	6	6274be74-e859-4445-9d77-97a5966704d8	((28, 22), 1)
49	7	6274be74-e859-4445-9d77-97a5966704d8	(None, 3)
49	8	6274be74-e859-4445-9d77-97a5966704d8	((22, 24), 1)
49	9	6274be74-e859-4445-9d77-97a5966704d8	(None, 0)
50	0	6274be74-e859-4445-9d77-97a5966704d8	(None, 0)
50	1	6274be74-e859-4445-9d77-97a5966704d8	(None, 2)
50	2	6274be74-e859-4445-9d77-97a5966704d8	(None, 0)
50	3	6274be74-e859-4445-9d77-97a5966704d8	(None, 2)
50	4	6274be74-e859-4445-9d77-97a5966704d8	(None, 2)
50	5	6274be74-e859-4445-9d77-97a5966704d8	(None, 0)
50	6	6274be74-e859-4445-9d77-97a5966704d8	((27, 22), 0)
50	7	6274be74-e859-4445-9d77-97a5966704d8	(None, 3)
50	8	6274be74-e859-4445-9d77-97a5966704d8	(None, 2)
50	9	6274be74-e859-4445-9d77-97a5966704d8	(None, 0)
51	0	6274be74-e859-4445-9d77-97a5966704d8	(None, 0)
51	1	6274be74-e859-4445-9d77-97a5966704d8	(None, 2)
51	2	6274be74-e859-4445-9d77-97a5966704d8	(None, 0)
51	3	6274be74-e859-4445-9d77-97a5966704d8	(None, 2)
51	4	6274be74-e859-4445-9d77-97a5966704d8	(None, 2)
51	5	6274be74-e859-4445-9d77-97a5966704d8	(None, 0)
51	6	6274be74-e859-4445-9d77-97a5966704d8	((26, 22), 0)
51	7	6274be74-e859-4445-9d77-97a5966704d8	(None, 3)
51	8	6274be74-e859-4445-9d77-97a5966704d8	(None, 2)
51	9	6274be74-e859-4445-9d77-97a5966704d8	(None, 0)
52	0	6274be74-e859-4445-9d77-97a5966704d8	(None, 0)
52	1	6274be74-e859-4445-9d77-97a5966704d8	(None, 2)
52	2	6274be74-e859-4445-9d77-97a5966704d8	(None, 0)
52	3	6274be74-e859-4445-9d77-97a5966704d8	(None, 2)
52	4	6274be74-e859-4445-9d77-97a5966704d8	(None, 2)
52	5	6274be74-e859-4445-9d77-97a5966704d8	(None, 0)
52	6	6274be74-e859-4445-9d77-97a5966704d8	((25, 22), 0)
52	7	6274be74-e859-4445-9d77-97a5966704d8	(None, 3)
52	8	6274be74-e859-4445-9d77-97a5966704d8	(None, 2)
52	9	6274be74-e859-4445-9d77-97a5966704d8	(None, 0)
53	0	6274be74-e859-4445-9d77-97a5966704d8	(None, 0)
53	1	6274be74-e859-4445-9d77-97a5966704d8	(None, 2)
53	2	6274be74-e859-4445-9d77-97a5966704d8	(None, 0)
53	3	6274be74-e859-4445-9d77-97a5966704d8	(None, 2)
53	4	6274be74-e859-4445-9d77-97a5966704d8	(None, 2)
53	5	6274be74-e859-4445-9d77-97a5966704d8	(None, 0)
53	6	6274be74-e859-4445-9d77-97a5966704d8	((24, 22), 0)
53	7	6274be74-e859-4445-9d77-97a5966704d8	(None, 3)
53	8	6274be74-e859-4445-9d77-97a5966704d8	(None, 2)
53	9	6274be74-e859-4445-9d77-97a5966704d8	(None, 0)
54	0	6274be74-e859-4445-9d77-97a5966704d8	(None, 0)
54	1	6274be74-e859-4445-9d77-97a5966704d8	(None, 2)
54	2	6274be74-e859-4445-9d77-97a5966704d8	(None, 0)
54	3	6274be74-e859-4445-9d77-97a5966704d8	(None, 2)
54	4	6274be74-e859-4445-9d77-97a5966704d8	(None, 2)
54	5	6274be74-e859-4445-9d77-97a5966704d8	(None, 0)
54	6	6274be74-e859-4445-9d77-97a5966704d8	(None, 0)
54	7	6274be74-e859-4445-9d77-97a5966704d8	(None, 3)
54	8	6274be74-e859-4445-9d77-97a5966704d8	(None, 2)
54	9	6274be74-e859-4445-9d77-97a5966704d8	(None, 0)
1	0	e3e789f4-56ae-495c-b448-5a165f70d9ed	(None, 1)
1	1	e3e789f4-56ae-495c-b448-5a165f70d9ed	(None, 0)
1	2	e3e789f4-56ae-495c-b448-5a165f70d9ed	(None, 1)
1	3	e3e789f4-56ae-495c-b448-5a165f70d9ed	(None, 3)
1	4	e3e789f4-56ae-495c-b448-5a165f70d9ed	(None, 0)
1	5	e3e789f4-56ae-495c-b448-5a165f70d9ed	(None, 1)
1	6	e3e789f4-56ae-495c-b448-5a165f70d9ed	(None, 0)
1	7	e3e789f4-56ae-495c-b448-5a165f70d9ed	(None, 1)
1	8	e3e789f4-56ae-495c-b448-5a165f70d9ed	(None, 3)
1	9	e3e789f4-56ae-495c-b448-5a165f70d9ed	(None, 2)
2	0	e3e789f4-56ae-495c-b448-5a165f70d9ed	((11, 23), 1)
2	1	e3e789f4-56ae-495c-b448-5a165f70d9ed	(None, 0)
2	2	e3e789f4-56ae-495c-b448-5a165f70d9ed	(None, 1)
2	3	e3e789f4-56ae-495c-b448-5a165f70d9ed	(None, 3)
2	4	e3e789f4-56ae-495c-b448-5a165f70d9ed	(None, 0)
2	5	e3e789f4-56ae-495c-b448-5a165f70d9ed	(None, 1)
2	6	e3e789f4-56ae-495c-b448-5a165f70d9ed	(None, 0)
2	7	e3e789f4-56ae-495c-b448-5a165f70d9ed	(None, 1)
2	8	e3e789f4-56ae-495c-b448-5a165f70d9ed	(None, 3)
2	9	e3e789f4-56ae-495c-b448-5a165f70d9ed	(None, 2)
3	0	e3e789f4-56ae-495c-b448-5a165f70d9ed	((11, 24), 1)
3	1	e3e789f4-56ae-495c-b448-5a165f70d9ed	(None, 0)
3	2	e3e789f4-56ae-495c-b448-5a165f70d9ed	(None, 1)
3	3	e3e789f4-56ae-495c-b448-5a165f70d9ed	(None, 3)
3	4	e3e789f4-56ae-495c-b448-5a165f70d9ed	(None, 0)
3	5	e3e789f4-56ae-495c-b448-5a165f70d9ed	((11, 23), 1)
3	6	e3e789f4-56ae-495c-b448-5a165f70d9ed	(None, 0)
3	7	e3e789f4-56ae-495c-b448-5a165f70d9ed	(None, 1)
3	8	e3e789f4-56ae-495c-b448-5a165f70d9ed	(None, 3)
3	9	e3e789f4-56ae-495c-b448-5a165f70d9ed	((24, 15), 2)
4	0	e3e789f4-56ae-495c-b448-5a165f70d9ed	((11, 25), 1)
4	1	e3e789f4-56ae-495c-b448-5a165f70d9ed	(None, 0)
4	2	e3e789f4-56ae-495c-b448-5a165f70d9ed	(None, 1)
4	3	e3e789f4-56ae-495c-b448-5a165f70d9ed	(None, 3)
4	4	e3e789f4-56ae-495c-b448-5a165f70d9ed	(None, 0)
4	5	e3e789f4-56ae-495c-b448-5a165f70d9ed	((11, 24), 1)
4	6	e3e789f4-56ae-495c-b448-5a165f70d9ed	(None, 0)
4	7	e3e789f4-56ae-495c-b448-5a165f70d9ed	(None, 1)
4	8	e3e789f4-56ae-495c-b448-5a165f70d9ed	(None, 3)
4	9	e3e789f4-56ae-495c-b448-5a165f70d9ed	((25, 15), 2)
5	0	e3e789f4-56ae-495c-b448-5a165f70d9ed	((11, 26), 1)
5	1	e3e789f4-56ae-495c-b448-5a165f70d9ed	(None, 0)
5	2	e3e789f4-56ae-495c-b448-5a165f70d9ed	(None, 1)
5	3	e3e789f4-56ae-495c-b448-5a165f70d9ed	(None, 3)
5	4	e3e789f4-56ae-495c-b448-5a165f70d9ed	((24, 13), 0)
5	5	e3e789f4-56ae-495c-b448-5a165f70d9ed	((11, 25), 1)
5	6	e3e789f4-56ae-495c-b448-5a165f70d9ed	(None, 0)
5	7	e3e789f4-56ae-495c-b448-5a165f70d9ed	(None, 1)
5	8	e3e789f4-56ae-495c-b448-5a165f70d9ed	(None, 3)
5	9	e3e789f4-56ae-495c-b448-5a165f70d9ed	((26, 15), 2)
6	0	e3e789f4-56ae-495c-b448-5a165f70d9ed	((11, 27), 1)
6	1	e3e789f4-56ae-495c-b448-5a165f70d9ed	(None, 0)
6	2	e3e789f4-56ae-495c-b448-5a165f70d9ed	(None, 1)
6	3	e3e789f4-56ae-495c-b448-5a165f70d9ed	((11, 23), 3)
6	4	e3e789f4-56ae-495c-b448-5a165f70d9ed	((23, 13), 0)
6	5	e3e789f4-56ae-495c-b448-5a165f70d9ed	((11, 26), 1)
6	6	e3e789f4-56ae-495c-b448-5a165f70d9ed	(None, 0)
6	7	e3e789f4-56ae-495c-b448-5a165f70d9ed	(None, 1)
6	8	e3e789f4-56ae-495c-b448-5a165f70d9ed	(None, 3)
6	9	e3e789f4-56ae-495c-b448-5a165f70d9ed	((27, 15), 2)
7	0	e3e789f4-56ae-495c-b448-5a165f70d9ed	((11, 28), 1)
7	1	e3e789f4-56ae-495c-b448-5a165f70d9ed	((24, 15), 0)
7	2	e3e789f4-56ae-495c-b448-5a165f70d9ed	(None, 1)
7	3	e3e789f4-56ae-495c-b448-5a165f70d9ed	((11, 22), 3)
7	4	e3e789f4-56ae-495c-b448-5a165f70d9ed	((23, 14), 1)
7	5	e3e789f4-56ae-495c-b448-5a165f70d9ed	((11, 27), 1)
7	6	e3e789f4-56ae-495c-b448-5a165f70d9ed	(None, 0)
7	7	e3e789f4-56ae-495c-b448-5a165f70d9ed	(None, 1)
7	8	e3e789f4-56ae-495c-b448-5a165f70d9ed	(None, 3)
7	9	e3e789f4-56ae-495c-b448-5a165f70d9ed	((28, 15), 2)
8	0	e3e789f4-56ae-495c-b448-5a165f70d9ed	((12, 28), 2)
8	1	e3e789f4-56ae-495c-b448-5a165f70d9ed	((23, 15), 0)
8	2	e3e789f4-56ae-495c-b448-5a165f70d9ed	(None, 1)
8	3	e3e789f4-56ae-495c-b448-5a165f70d9ed	((11, 21), 3)
8	4	e3e789f4-56ae-495c-b448-5a165f70d9ed	((22, 14), 0)
8	5	e3e789f4-56ae-495c-b448-5a165f70d9ed	((11, 28), 1)
8	6	e3e789f4-56ae-495c-b448-5a165f70d9ed	(None, 0)
8	7	e3e789f4-56ae-495c-b448-5a165f70d9ed	(None, 1)
8	8	e3e789f4-56ae-495c-b448-5a165f70d9ed	(None, 3)
8	9	e3e789f4-56ae-495c-b448-5a165f70d9ed	((29, 15), 2)
9	0	e3e789f4-56ae-495c-b448-5a165f70d9ed	((13, 28), 2)
9	1	e3e789f4-56ae-495c-b448-5a165f70d9ed	((22, 15), 0)
9	2	e3e789f4-56ae-495c-b448-5a165f70d9ed	(None, 1)
9	3	e3e789f4-56ae-495c-b448-5a165f70d9ed	((11, 20), 3)
9	4	e3e789f4-56ae-495c-b448-5a165f70d9ed	((21, 14), 0)
9	5	e3e789f4-56ae-495c-b448-5a165f70d9ed	((12, 28), 2)
9	6	e3e789f4-56ae-495c-b448-5a165f70d9ed	(None, 0)
9	7	e3e789f4-56ae-495c-b448-5a165f70d9ed	(None, 1)
9	8	e3e789f4-56ae-495c-b448-5a165f70d9ed	(None, 3)
9	9	e3e789f4-56ae-495c-b448-5a165f70d9ed	((29, 16), 1)
10	0	e3e789f4-56ae-495c-b448-5a165f70d9ed	((14, 28), 2)
10	1	e3e789f4-56ae-495c-b448-5a165f70d9ed	((21, 15), 0)
10	2	e3e789f4-56ae-495c-b448-5a165f70d9ed	(None, 1)
10	3	e3e789f4-56ae-495c-b448-5a165f70d9ed	((11, 19), 3)
10	4	e3e789f4-56ae-495c-b448-5a165f70d9ed	((20, 14), 0)
10	5	e3e789f4-56ae-495c-b448-5a165f70d9ed	((13, 28), 2)
10	6	e3e789f4-56ae-495c-b448-5a165f70d9ed	(None, 0)
10	7	e3e789f4-56ae-495c-b448-5a165f70d9ed	(None, 1)
10	8	e3e789f4-56ae-495c-b448-5a165f70d9ed	(None, 3)
10	9	e3e789f4-56ae-495c-b448-5a165f70d9ed	((29, 17), 1)
11	0	e3e789f4-56ae-495c-b448-5a165f70d9ed	((15, 28), 2)
11	1	e3e789f4-56ae-495c-b448-5a165f70d9ed	((20, 15), 0)
11	2	e3e789f4-56ae-495c-b448-5a165f70d9ed	(None, 1)
11	3	e3e789f4-56ae-495c-b448-5a165f70d9ed	((11, 18), 3)
11	4	e3e789f4-56ae-495c-b448-5a165f70d9ed	((19, 14), 0)
11	5	e3e789f4-56ae-495c-b448-5a165f70d9ed	((14, 28), 2)
11	6	e3e789f4-56ae-495c-b448-5a165f70d9ed	(None, 0)
11	7	e3e789f4-56ae-495c-b448-5a165f70d9ed	(None, 1)
11	8	e3e789f4-56ae-495c-b448-5a165f70d9ed	((9, 12), 3)
11	9	e3e789f4-56ae-495c-b448-5a165f70d9ed	((29, 18), 1)
12	0	e3e789f4-56ae-495c-b448-5a165f70d9ed	((16, 28), 2)
12	1	e3e789f4-56ae-495c-b448-5a165f70d9ed	((19, 15), 0)
12	2	e3e789f4-56ae-495c-b448-5a165f70d9ed	(None, 1)
12	3	e3e789f4-56ae-495c-b448-5a165f70d9ed	((11, 17), 3)
12	4	e3e789f4-56ae-495c-b448-5a165f70d9ed	((19, 13), 3)
12	5	e3e789f4-56ae-495c-b448-5a165f70d9ed	((15, 28), 2)
12	6	e3e789f4-56ae-495c-b448-5a165f70d9ed	(None, 0)
12	7	e3e789f4-56ae-495c-b448-5a165f70d9ed	(None, 1)
12	8	e3e789f4-56ae-495c-b448-5a165f70d9ed	((9, 11), 3)
12	9	e3e789f4-56ae-495c-b448-5a165f70d9ed	((29, 19), 1)
13	0	e3e789f4-56ae-495c-b448-5a165f70d9ed	((17, 28), 2)
13	1	e3e789f4-56ae-495c-b448-5a165f70d9ed	((18, 15), 0)
13	2	e3e789f4-56ae-495c-b448-5a165f70d9ed	(None, 1)
13	3	e3e789f4-56ae-495c-b448-5a165f70d9ed	((10, 17), 0)
13	4	e3e789f4-56ae-495c-b448-5a165f70d9ed	((19, 12), 3)
13	5	e3e789f4-56ae-495c-b448-5a165f70d9ed	((16, 28), 2)
13	6	e3e789f4-56ae-495c-b448-5a165f70d9ed	(None, 0)
13	7	e3e789f4-56ae-495c-b448-5a165f70d9ed	(None, 1)
13	8	e3e789f4-56ae-495c-b448-5a165f70d9ed	((9, 10), 3)
13	9	e3e789f4-56ae-495c-b448-5a165f70d9ed	((28, 19), 0)
14	0	e3e789f4-56ae-495c-b448-5a165f70d9ed	((17, 27), 3)
14	1	e3e789f4-56ae-495c-b448-5a165f70d9ed	((17, 15), 0)
14	2	e3e789f4-56ae-495c-b448-5a165f70d9ed	(None, 1)
14	3	e3e789f4-56ae-495c-b448-5a165f70d9ed	((10, 16), 3)
14	4	e3e789f4-56ae-495c-b448-5a165f70d9ed	((18, 12), 0)
14	5	e3e789f4-56ae-495c-b448-5a165f70d9ed	((17, 28), 2)
14	6	e3e789f4-56ae-495c-b448-5a165f70d9ed	(None, 0)
14	7	e3e789f4-56ae-495c-b448-5a165f70d9ed	(None, 1)
14	8	e3e789f4-56ae-495c-b448-5a165f70d9ed	((9, 9), 3)
14	9	e3e789f4-56ae-495c-b448-5a165f70d9ed	((27, 19), 0)
15	0	e3e789f4-56ae-495c-b448-5a165f70d9ed	((17, 26), 3)
15	1	e3e789f4-56ae-495c-b448-5a165f70d9ed	((16, 15), 0)
15	2	e3e789f4-56ae-495c-b448-5a165f70d9ed	(None, 1)
15	3	e3e789f4-56ae-495c-b448-5a165f70d9ed	((10, 15), 3)
15	4	e3e789f4-56ae-495c-b448-5a165f70d9ed	((17, 12), 0)
15	5	e3e789f4-56ae-495c-b448-5a165f70d9ed	((17, 27), 3)
15	6	e3e789f4-56ae-495c-b448-5a165f70d9ed	(None, 0)
15	7	e3e789f4-56ae-495c-b448-5a165f70d9ed	(None, 1)
15	8	e3e789f4-56ae-495c-b448-5a165f70d9ed	((9, 8), 3)
15	9	e3e789f4-56ae-495c-b448-5a165f70d9ed	((26, 19), 0)
16	0	e3e789f4-56ae-495c-b448-5a165f70d9ed	((17, 25), 3)
16	1	e3e789f4-56ae-495c-b448-5a165f70d9ed	((16, 16), 1)
16	2	e3e789f4-56ae-495c-b448-5a165f70d9ed	(None, 1)
16	3	e3e789f4-56ae-495c-b448-5a165f70d9ed	((10, 14), 3)
16	4	e3e789f4-56ae-495c-b448-5a165f70d9ed	((16, 12), 0)
16	5	e3e789f4-56ae-495c-b448-5a165f70d9ed	((17, 26), 3)
16	6	e3e789f4-56ae-495c-b448-5a165f70d9ed	(None, 0)
16	7	e3e789f4-56ae-495c-b448-5a165f70d9ed	(None, 1)
16	8	e3e789f4-56ae-495c-b448-5a165f70d9ed	((9, 7), 3)
16	9	e3e789f4-56ae-495c-b448-5a165f70d9ed	((25, 19), 0)
17	0	e3e789f4-56ae-495c-b448-5a165f70d9ed	((17, 24), 3)
17	1	e3e789f4-56ae-495c-b448-5a165f70d9ed	((16, 17), 1)
17	2	e3e789f4-56ae-495c-b448-5a165f70d9ed	(None, 1)
17	3	e3e789f4-56ae-495c-b448-5a165f70d9ed	((10, 13), 3)
17	4	e3e789f4-56ae-495c-b448-5a165f70d9ed	((15, 12), 0)
17	5	e3e789f4-56ae-495c-b448-5a165f70d9ed	((17, 25), 3)
17	6	e3e789f4-56ae-495c-b448-5a165f70d9ed	(None, 0)
17	7	e3e789f4-56ae-495c-b448-5a165f70d9ed	((9, 12), 1)
17	8	e3e789f4-56ae-495c-b448-5a165f70d9ed	((10, 7), 2)
17	9	e3e789f4-56ae-495c-b448-5a165f70d9ed	((24, 19), 0)
18	0	e3e789f4-56ae-495c-b448-5a165f70d9ed	((17, 23), 3)
18	1	e3e789f4-56ae-495c-b448-5a165f70d9ed	((16, 18), 1)
18	2	e3e789f4-56ae-495c-b448-5a165f70d9ed	(None, 1)
18	3	e3e789f4-56ae-495c-b448-5a165f70d9ed	(None, 3)
18	4	e3e789f4-56ae-495c-b448-5a165f70d9ed	((15, 11), 3)
18	5	e3e789f4-56ae-495c-b448-5a165f70d9ed	((17, 24), 3)
18	6	e3e789f4-56ae-495c-b448-5a165f70d9ed	(None, 0)
18	7	e3e789f4-56ae-495c-b448-5a165f70d9ed	((9, 13), 1)
18	8	e3e789f4-56ae-495c-b448-5a165f70d9ed	((11, 7), 2)
18	9	e3e789f4-56ae-495c-b448-5a165f70d9ed	((23, 19), 0)
19	0	e3e789f4-56ae-495c-b448-5a165f70d9ed	((17, 22), 3)
19	1	e3e789f4-56ae-495c-b448-5a165f70d9ed	((16, 19), 1)
19	2	e3e789f4-56ae-495c-b448-5a165f70d9ed	(None, 1)
19	3	e3e789f4-56ae-495c-b448-5a165f70d9ed	(None, 3)
19	4	e3e789f4-56ae-495c-b448-5a165f70d9ed	((15, 10), 3)
19	5	e3e789f4-56ae-495c-b448-5a165f70d9ed	((17, 23), 3)
19	6	e3e789f4-56ae-495c-b448-5a165f70d9ed	(None, 0)
19	7	e3e789f4-56ae-495c-b448-5a165f70d9ed	((9, 14), 1)
19	8	e3e789f4-56ae-495c-b448-5a165f70d9ed	((12, 7), 2)
19	9	e3e789f4-56ae-495c-b448-5a165f70d9ed	((22, 19), 0)
20	0	e3e789f4-56ae-495c-b448-5a165f70d9ed	((17, 21), 3)
20	1	e3e789f4-56ae-495c-b448-5a165f70d9ed	((16, 20), 1)
20	2	e3e789f4-56ae-495c-b448-5a165f70d9ed	((9, 12), 1)
20	3	e3e789f4-56ae-495c-b448-5a165f70d9ed	(None, 3)
20	4	e3e789f4-56ae-495c-b448-5a165f70d9ed	((15, 9), 3)
20	5	e3e789f4-56ae-495c-b448-5a165f70d9ed	((17, 22), 3)
20	6	e3e789f4-56ae-495c-b448-5a165f70d9ed	(None, 0)
20	7	e3e789f4-56ae-495c-b448-5a165f70d9ed	((10, 14), 2)
20	8	e3e789f4-56ae-495c-b448-5a165f70d9ed	((13, 7), 2)
20	9	e3e789f4-56ae-495c-b448-5a165f70d9ed	((21, 19), 0)
21	0	e3e789f4-56ae-495c-b448-5a165f70d9ed	((17, 20), 3)
21	1	e3e789f4-56ae-495c-b448-5a165f70d9ed	((16, 21), 1)
21	2	e3e789f4-56ae-495c-b448-5a165f70d9ed	((9, 13), 1)
21	3	e3e789f4-56ae-495c-b448-5a165f70d9ed	(None, 3)
21	4	e3e789f4-56ae-495c-b448-5a165f70d9ed	((15, 8), 3)
21	5	e3e789f4-56ae-495c-b448-5a165f70d9ed	((17, 21), 3)
21	6	e3e789f4-56ae-495c-b448-5a165f70d9ed	((24, 15), 0)
21	7	e3e789f4-56ae-495c-b448-5a165f70d9ed	((10, 15), 1)
21	8	e3e789f4-56ae-495c-b448-5a165f70d9ed	((14, 7), 2)
21	9	e3e789f4-56ae-495c-b448-5a165f70d9ed	((20, 19), 0)
22	0	e3e789f4-56ae-495c-b448-5a165f70d9ed	((17, 19), 3)
22	1	e3e789f4-56ae-495c-b448-5a165f70d9ed	((16, 22), 1)
22	2	e3e789f4-56ae-495c-b448-5a165f70d9ed	((9, 14), 1)
22	3	e3e789f4-56ae-495c-b448-5a165f70d9ed	(None, 3)
22	4	e3e789f4-56ae-495c-b448-5a165f70d9ed	((15, 7), 3)
22	5	e3e789f4-56ae-495c-b448-5a165f70d9ed	((17, 20), 3)
22	6	e3e789f4-56ae-495c-b448-5a165f70d9ed	((23, 15), 0)
22	7	e3e789f4-56ae-495c-b448-5a165f70d9ed	((10, 16), 1)
22	8	e3e789f4-56ae-495c-b448-5a165f70d9ed	((14, 8), 1)
22	9	e3e789f4-56ae-495c-b448-5a165f70d9ed	((19, 19), 0)
23	0	e3e789f4-56ae-495c-b448-5a165f70d9ed	((17, 18), 3)
23	1	e3e789f4-56ae-495c-b448-5a165f70d9ed	((16, 23), 1)
23	2	e3e789f4-56ae-495c-b448-5a165f70d9ed	((9, 15), 1)
23	3	e3e789f4-56ae-495c-b448-5a165f70d9ed	(None, 3)
23	4	e3e789f4-56ae-495c-b448-5a165f70d9ed	((14, 7), 0)
23	5	e3e789f4-56ae-495c-b448-5a165f70d9ed	((17, 19), 3)
23	6	e3e789f4-56ae-495c-b448-5a165f70d9ed	((22, 15), 0)
23	7	e3e789f4-56ae-495c-b448-5a165f70d9ed	((10, 17), 1)
23	8	e3e789f4-56ae-495c-b448-5a165f70d9ed	((14, 9), 1)
23	9	e3e789f4-56ae-495c-b448-5a165f70d9ed	((19, 18), 3)
24	0	e3e789f4-56ae-495c-b448-5a165f70d9ed	((17, 17), 3)
24	1	e3e789f4-56ae-495c-b448-5a165f70d9ed	((16, 24), 1)
24	2	e3e789f4-56ae-495c-b448-5a165f70d9ed	((9, 16), 1)
24	3	e3e789f4-56ae-495c-b448-5a165f70d9ed	(None, 3)
24	4	e3e789f4-56ae-495c-b448-5a165f70d9ed	((13, 7), 0)
24	5	e3e789f4-56ae-495c-b448-5a165f70d9ed	((17, 18), 3)
24	6	e3e789f4-56ae-495c-b448-5a165f70d9ed	((21, 15), 0)
24	7	e3e789f4-56ae-495c-b448-5a165f70d9ed	((11, 17), 2)
24	8	e3e789f4-56ae-495c-b448-5a165f70d9ed	((14, 10), 1)
24	9	e3e789f4-56ae-495c-b448-5a165f70d9ed	((19, 17), 3)
25	0	e3e789f4-56ae-495c-b448-5a165f70d9ed	((17, 16), 3)
25	1	e3e789f4-56ae-495c-b448-5a165f70d9ed	((16, 25), 1)
25	2	e3e789f4-56ae-495c-b448-5a165f70d9ed	((9, 17), 1)
25	3	e3e789f4-56ae-495c-b448-5a165f70d9ed	(None, 3)
25	4	e3e789f4-56ae-495c-b448-5a165f70d9ed	((12, 7), 0)
25	5	e3e789f4-56ae-495c-b448-5a165f70d9ed	((17, 17), 3)
25	6	e3e789f4-56ae-495c-b448-5a165f70d9ed	((20, 15), 0)
25	7	e3e789f4-56ae-495c-b448-5a165f70d9ed	((12, 17), 2)
25	8	e3e789f4-56ae-495c-b448-5a165f70d9ed	((14, 11), 1)
25	9	e3e789f4-56ae-495c-b448-5a165f70d9ed	((18, 17), 0)
26	0	e3e789f4-56ae-495c-b448-5a165f70d9ed	((18, 16), 2)
26	1	e3e789f4-56ae-495c-b448-5a165f70d9ed	((16, 26), 1)
26	2	e3e789f4-56ae-495c-b448-5a165f70d9ed	((9, 18), 1)
26	3	e3e789f4-56ae-495c-b448-5a165f70d9ed	(None, 3)
26	4	e3e789f4-56ae-495c-b448-5a165f70d9ed	((11, 7), 0)
26	5	e3e789f4-56ae-495c-b448-5a165f70d9ed	((17, 16), 3)
26	6	e3e789f4-56ae-495c-b448-5a165f70d9ed	((19, 15), 0)
26	7	e3e789f4-56ae-495c-b448-5a165f70d9ed	((13, 17), 2)
26	8	e3e789f4-56ae-495c-b448-5a165f70d9ed	((14, 12), 1)
26	9	e3e789f4-56ae-495c-b448-5a165f70d9ed	((17, 17), 0)
27	0	e3e789f4-56ae-495c-b448-5a165f70d9ed	((19, 16), 2)
27	1	e3e789f4-56ae-495c-b448-5a165f70d9ed	((16, 27), 1)
27	2	e3e789f4-56ae-495c-b448-5a165f70d9ed	((10, 18), 2)
27	3	e3e789f4-56ae-495c-b448-5a165f70d9ed	(None, 3)
27	4	e3e789f4-56ae-495c-b448-5a165f70d9ed	((10, 7), 0)
27	5	e3e789f4-56ae-495c-b448-5a165f70d9ed	((18, 16), 2)
27	6	e3e789f4-56ae-495c-b448-5a165f70d9ed	((18, 15), 0)
27	7	e3e789f4-56ae-495c-b448-5a165f70d9ed	((14, 17), 2)
27	8	e3e789f4-56ae-495c-b448-5a165f70d9ed	((14, 13), 1)
27	9	e3e789f4-56ae-495c-b448-5a165f70d9ed	((16, 17), 0)
28	0	e3e789f4-56ae-495c-b448-5a165f70d9ed	((19, 15), 3)
28	1	e3e789f4-56ae-495c-b448-5a165f70d9ed	((16, 28), 1)
28	2	e3e789f4-56ae-495c-b448-5a165f70d9ed	((11, 18), 2)
28	3	e3e789f4-56ae-495c-b448-5a165f70d9ed	(None, 3)
28	4	e3e789f4-56ae-495c-b448-5a165f70d9ed	((9, 7), 0)
28	5	e3e789f4-56ae-495c-b448-5a165f70d9ed	((19, 16), 2)
28	6	e3e789f4-56ae-495c-b448-5a165f70d9ed	((17, 15), 0)
28	7	e3e789f4-56ae-495c-b448-5a165f70d9ed	((14, 16), 3)
28	8	e3e789f4-56ae-495c-b448-5a165f70d9ed	((15, 13), 2)
28	9	e3e789f4-56ae-495c-b448-5a165f70d9ed	((15, 17), 0)
29	0	e3e789f4-56ae-495c-b448-5a165f70d9ed	((20, 15), 2)
29	1	e3e789f4-56ae-495c-b448-5a165f70d9ed	((15, 28), 0)
29	2	e3e789f4-56ae-495c-b448-5a165f70d9ed	((11, 19), 1)
29	3	e3e789f4-56ae-495c-b448-5a165f70d9ed	(None, 3)
29	4	e3e789f4-56ae-495c-b448-5a165f70d9ed	((9, 8), 1)
29	5	e3e789f4-56ae-495c-b448-5a165f70d9ed	((19, 15), 3)
29	6	e3e789f4-56ae-495c-b448-5a165f70d9ed	((16, 15), 0)
29	7	e3e789f4-56ae-495c-b448-5a165f70d9ed	((15, 16), 2)
29	8	e3e789f4-56ae-495c-b448-5a165f70d9ed	((16, 13), 2)
29	9	e3e789f4-56ae-495c-b448-5a165f70d9ed	((14, 17), 0)
30	0	e3e789f4-56ae-495c-b448-5a165f70d9ed	((21, 15), 2)
30	1	e3e789f4-56ae-495c-b448-5a165f70d9ed	((14, 28), 0)
30	2	e3e789f4-56ae-495c-b448-5a165f70d9ed	((11, 20), 1)
30	3	e3e789f4-56ae-495c-b448-5a165f70d9ed	(None, 3)
30	4	e3e789f4-56ae-495c-b448-5a165f70d9ed	((9, 9), 1)
30	5	e3e789f4-56ae-495c-b448-5a165f70d9ed	((20, 15), 2)
30	6	e3e789f4-56ae-495c-b448-5a165f70d9ed	((15, 15), 0)
30	7	e3e789f4-56ae-495c-b448-5a165f70d9ed	((15, 16), 2)
30	8	e3e789f4-56ae-495c-b448-5a165f70d9ed	((17, 13), 2)
30	9	e3e789f4-56ae-495c-b448-5a165f70d9ed	((13, 17), 0)
31	0	e3e789f4-56ae-495c-b448-5a165f70d9ed	((22, 15), 2)
31	1	e3e789f4-56ae-495c-b448-5a165f70d9ed	((13, 28), 0)
31	2	e3e789f4-56ae-495c-b448-5a165f70d9ed	((12, 20), 2)
31	3	e3e789f4-56ae-495c-b448-5a165f70d9ed	(None, 3)
31	4	e3e789f4-56ae-495c-b448-5a165f70d9ed	((9, 10), 1)
31	5	e3e789f4-56ae-495c-b448-5a165f70d9ed	((21, 15), 2)
31	6	e3e789f4-56ae-495c-b448-5a165f70d9ed	((14, 15), 0)
31	7	e3e789f4-56ae-495c-b448-5a165f70d9ed	((15, 15), 3)
31	8	e3e789f4-56ae-495c-b448-5a165f70d9ed	((18, 13), 2)
31	9	e3e789f4-56ae-495c-b448-5a165f70d9ed	((12, 17), 0)
32	0	e3e789f4-56ae-495c-b448-5a165f70d9ed	((23, 15), 2)
32	1	e3e789f4-56ae-495c-b448-5a165f70d9ed	((12, 28), 0)
32	2	e3e789f4-56ae-495c-b448-5a165f70d9ed	((12, 21), 1)
32	3	e3e789f4-56ae-495c-b448-5a165f70d9ed	(None, 3)
32	4	e3e789f4-56ae-495c-b448-5a165f70d9ed	((9, 11), 1)
32	5	e3e789f4-56ae-495c-b448-5a165f70d9ed	((22, 15), 2)
32	6	e3e789f4-56ae-495c-b448-5a165f70d9ed	((14, 16), 1)
32	7	e3e789f4-56ae-495c-b448-5a165f70d9ed	((15, 14), 3)
32	8	e3e789f4-56ae-495c-b448-5a165f70d9ed	((19, 13), 2)
32	9	e3e789f4-56ae-495c-b448-5a165f70d9ed	((11, 17), 0)
33	0	e3e789f4-56ae-495c-b448-5a165f70d9ed	((23, 16), 1)
33	1	e3e789f4-56ae-495c-b448-5a165f70d9ed	((12, 27), 3)
33	2	e3e789f4-56ae-495c-b448-5a165f70d9ed	((12, 22), 1)
33	3	e3e789f4-56ae-495c-b448-5a165f70d9ed	(None, 3)
33	4	e3e789f4-56ae-495c-b448-5a165f70d9ed	((9, 12), 1)
33	5	e3e789f4-56ae-495c-b448-5a165f70d9ed	((23, 15), 2)
33	6	e3e789f4-56ae-495c-b448-5a165f70d9ed	((14, 17), 1)
33	7	e3e789f4-56ae-495c-b448-5a165f70d9ed	((16, 14), 2)
33	8	e3e789f4-56ae-495c-b448-5a165f70d9ed	((19, 14), 1)
33	9	e3e789f4-56ae-495c-b448-5a165f70d9ed	((10, 17), 0)
34	0	e3e789f4-56ae-495c-b448-5a165f70d9ed	(None, 2)
34	1	e3e789f4-56ae-495c-b448-5a165f70d9ed	((12, 26), 3)
34	2	e3e789f4-56ae-495c-b448-5a165f70d9ed	(None, 1)
34	3	e3e789f4-56ae-495c-b448-5a165f70d9ed	(None, 3)
34	4	e3e789f4-56ae-495c-b448-5a165f70d9ed	((9, 13), 1)
34	5	e3e789f4-56ae-495c-b448-5a165f70d9ed	((23, 16), 1)
34	6	e3e789f4-56ae-495c-b448-5a165f70d9ed	((13, 17), 0)
34	7	e3e789f4-56ae-495c-b448-5a165f70d9ed	((17, 14), 2)
34	8	e3e789f4-56ae-495c-b448-5a165f70d9ed	((20, 14), 2)
34	9	e3e789f4-56ae-495c-b448-5a165f70d9ed	((10, 16), 3)
35	0	e3e789f4-56ae-495c-b448-5a165f70d9ed	(None, 2)
35	1	e3e789f4-56ae-495c-b448-5a165f70d9ed	((12, 25), 3)
35	2	e3e789f4-56ae-495c-b448-5a165f70d9ed	(None, 1)
35	3	e3e789f4-56ae-495c-b448-5a165f70d9ed	(None, 3)
35	4	e3e789f4-56ae-495c-b448-5a165f70d9ed	((9, 14), 1)
35	5	e3e789f4-56ae-495c-b448-5a165f70d9ed	(None, 2)
35	6	e3e789f4-56ae-495c-b448-5a165f70d9ed	((12, 17), 0)
35	7	e3e789f4-56ae-495c-b448-5a165f70d9ed	((18, 14), 2)
35	8	e3e789f4-56ae-495c-b448-5a165f70d9ed	((21, 14), 2)
35	9	e3e789f4-56ae-495c-b448-5a165f70d9ed	((10, 15), 3)
36	0	e3e789f4-56ae-495c-b448-5a165f70d9ed	(None, 2)
36	1	e3e789f4-56ae-495c-b448-5a165f70d9ed	((12, 24), 3)
36	2	e3e789f4-56ae-495c-b448-5a165f70d9ed	(None, 1)
36	3	e3e789f4-56ae-495c-b448-5a165f70d9ed	(None, 3)
36	4	e3e789f4-56ae-495c-b448-5a165f70d9ed	((9, 15), 1)
36	5	e3e789f4-56ae-495c-b448-5a165f70d9ed	(None, 2)
36	6	e3e789f4-56ae-495c-b448-5a165f70d9ed	((11, 17), 0)
36	7	e3e789f4-56ae-495c-b448-5a165f70d9ed	((19, 14), 2)
36	8	e3e789f4-56ae-495c-b448-5a165f70d9ed	((21, 15), 1)
36	9	e3e789f4-56ae-495c-b448-5a165f70d9ed	((10, 14), 3)
37	0	e3e789f4-56ae-495c-b448-5a165f70d9ed	(None, 2)
37	1	e3e789f4-56ae-495c-b448-5a165f70d9ed	(None, 3)
37	2	e3e789f4-56ae-495c-b448-5a165f70d9ed	(None, 1)
37	3	e3e789f4-56ae-495c-b448-5a165f70d9ed	(None, 3)
37	4	e3e789f4-56ae-495c-b448-5a165f70d9ed	((9, 16), 1)
37	5	e3e789f4-56ae-495c-b448-5a165f70d9ed	(None, 2)
37	6	e3e789f4-56ae-495c-b448-5a165f70d9ed	((10, 17), 0)
37	7	e3e789f4-56ae-495c-b448-5a165f70d9ed	((20, 14), 2)
37	8	e3e789f4-56ae-495c-b448-5a165f70d9ed	((22, 15), 2)
37	9	e3e789f4-56ae-495c-b448-5a165f70d9ed	((10, 13), 3)
38	0	e3e789f4-56ae-495c-b448-5a165f70d9ed	(None, 2)
38	1	e3e789f4-56ae-495c-b448-5a165f70d9ed	(None, 3)
38	2	e3e789f4-56ae-495c-b448-5a165f70d9ed	(None, 1)
38	3	e3e789f4-56ae-495c-b448-5a165f70d9ed	(None, 3)
38	4	e3e789f4-56ae-495c-b448-5a165f70d9ed	((9, 17), 1)
38	5	e3e789f4-56ae-495c-b448-5a165f70d9ed	(None, 2)
38	6	e3e789f4-56ae-495c-b448-5a165f70d9ed	((10, 16), 3)
38	7	e3e789f4-56ae-495c-b448-5a165f70d9ed	((21, 14), 2)
38	8	e3e789f4-56ae-495c-b448-5a165f70d9ed	((23, 15), 2)
38	9	e3e789f4-56ae-495c-b448-5a165f70d9ed	(None, 3)
39	0	e3e789f4-56ae-495c-b448-5a165f70d9ed	(None, 2)
39	1	e3e789f4-56ae-495c-b448-5a165f70d9ed	(None, 3)
39	2	e3e789f4-56ae-495c-b448-5a165f70d9ed	(None, 1)
39	3	e3e789f4-56ae-495c-b448-5a165f70d9ed	(None, 3)
39	4	e3e789f4-56ae-495c-b448-5a165f70d9ed	((9, 18), 1)
39	5	e3e789f4-56ae-495c-b448-5a165f70d9ed	(None, 2)
39	6	e3e789f4-56ae-495c-b448-5a165f70d9ed	((10, 15), 3)
39	7	e3e789f4-56ae-495c-b448-5a165f70d9ed	((21, 15), 1)
39	8	e3e789f4-56ae-495c-b448-5a165f70d9ed	((23, 16), 1)
39	9	e3e789f4-56ae-495c-b448-5a165f70d9ed	(None, 3)
40	0	e3e789f4-56ae-495c-b448-5a165f70d9ed	(None, 2)
40	1	e3e789f4-56ae-495c-b448-5a165f70d9ed	(None, 3)
40	2	e3e789f4-56ae-495c-b448-5a165f70d9ed	(None, 1)
40	3	e3e789f4-56ae-495c-b448-5a165f70d9ed	(None, 3)
40	4	e3e789f4-56ae-495c-b448-5a165f70d9ed	((10, 18), 2)
40	5	e3e789f4-56ae-495c-b448-5a165f70d9ed	(None, 2)
40	6	e3e789f4-56ae-495c-b448-5a165f70d9ed	((10, 14), 3)
40	7	e3e789f4-56ae-495c-b448-5a165f70d9ed	((22, 15), 2)
40	8	e3e789f4-56ae-495c-b448-5a165f70d9ed	(None, 2)
40	9	e3e789f4-56ae-495c-b448-5a165f70d9ed	(None, 3)
41	0	e3e789f4-56ae-495c-b448-5a165f70d9ed	(None, 2)
41	1	e3e789f4-56ae-495c-b448-5a165f70d9ed	(None, 3)
41	2	e3e789f4-56ae-495c-b448-5a165f70d9ed	(None, 1)
41	3	e3e789f4-56ae-495c-b448-5a165f70d9ed	(None, 3)
41	4	e3e789f4-56ae-495c-b448-5a165f70d9ed	((11, 18), 2)
41	5	e3e789f4-56ae-495c-b448-5a165f70d9ed	(None, 2)
41	6	e3e789f4-56ae-495c-b448-5a165f70d9ed	((10, 13), 3)
41	7	e3e789f4-56ae-495c-b448-5a165f70d9ed	((23, 15), 2)
41	8	e3e789f4-56ae-495c-b448-5a165f70d9ed	(None, 2)
41	9	e3e789f4-56ae-495c-b448-5a165f70d9ed	(None, 3)
42	0	e3e789f4-56ae-495c-b448-5a165f70d9ed	(None, 2)
42	1	e3e789f4-56ae-495c-b448-5a165f70d9ed	(None, 3)
42	2	e3e789f4-56ae-495c-b448-5a165f70d9ed	(None, 1)
42	3	e3e789f4-56ae-495c-b448-5a165f70d9ed	(None, 3)
42	4	e3e789f4-56ae-495c-b448-5a165f70d9ed	((12, 18), 2)
42	5	e3e789f4-56ae-495c-b448-5a165f70d9ed	(None, 2)
42	6	e3e789f4-56ae-495c-b448-5a165f70d9ed	(None, 3)
42	7	e3e789f4-56ae-495c-b448-5a165f70d9ed	((23, 16), 1)
42	8	e3e789f4-56ae-495c-b448-5a165f70d9ed	(None, 2)
42	9	e3e789f4-56ae-495c-b448-5a165f70d9ed	(None, 3)
43	0	e3e789f4-56ae-495c-b448-5a165f70d9ed	(None, 2)
43	1	e3e789f4-56ae-495c-b448-5a165f70d9ed	(None, 3)
43	2	e3e789f4-56ae-495c-b448-5a165f70d9ed	(None, 1)
43	3	e3e789f4-56ae-495c-b448-5a165f70d9ed	(None, 3)
43	4	e3e789f4-56ae-495c-b448-5a165f70d9ed	((12, 19), 1)
43	5	e3e789f4-56ae-495c-b448-5a165f70d9ed	(None, 2)
43	6	e3e789f4-56ae-495c-b448-5a165f70d9ed	(None, 3)
43	7	e3e789f4-56ae-495c-b448-5a165f70d9ed	(None, 2)
43	8	e3e789f4-56ae-495c-b448-5a165f70d9ed	(None, 2)
43	9	e3e789f4-56ae-495c-b448-5a165f70d9ed	(None, 3)
44	0	e3e789f4-56ae-495c-b448-5a165f70d9ed	(None, 2)
44	1	e3e789f4-56ae-495c-b448-5a165f70d9ed	(None, 3)
44	2	e3e789f4-56ae-495c-b448-5a165f70d9ed	(None, 1)
44	3	e3e789f4-56ae-495c-b448-5a165f70d9ed	(None, 3)
44	4	e3e789f4-56ae-495c-b448-5a165f70d9ed	((12, 20), 1)
44	5	e3e789f4-56ae-495c-b448-5a165f70d9ed	(None, 2)
44	6	e3e789f4-56ae-495c-b448-5a165f70d9ed	(None, 3)
44	7	e3e789f4-56ae-495c-b448-5a165f70d9ed	(None, 2)
44	8	e3e789f4-56ae-495c-b448-5a165f70d9ed	(None, 2)
44	9	e3e789f4-56ae-495c-b448-5a165f70d9ed	(None, 3)
45	0	e3e789f4-56ae-495c-b448-5a165f70d9ed	(None, 2)
45	1	e3e789f4-56ae-495c-b448-5a165f70d9ed	(None, 3)
45	2	e3e789f4-56ae-495c-b448-5a165f70d9ed	(None, 1)
45	3	e3e789f4-56ae-495c-b448-5a165f70d9ed	(None, 3)
45	4	e3e789f4-56ae-495c-b448-5a165f70d9ed	((12, 21), 1)
45	5	e3e789f4-56ae-495c-b448-5a165f70d9ed	(None, 2)
45	6	e3e789f4-56ae-495c-b448-5a165f70d9ed	(None, 3)
45	7	e3e789f4-56ae-495c-b448-5a165f70d9ed	(None, 2)
45	8	e3e789f4-56ae-495c-b448-5a165f70d9ed	(None, 2)
45	9	e3e789f4-56ae-495c-b448-5a165f70d9ed	(None, 3)
46	0	e3e789f4-56ae-495c-b448-5a165f70d9ed	(None, 2)
46	1	e3e789f4-56ae-495c-b448-5a165f70d9ed	(None, 3)
46	2	e3e789f4-56ae-495c-b448-5a165f70d9ed	(None, 1)
46	3	e3e789f4-56ae-495c-b448-5a165f70d9ed	(None, 3)
46	4	e3e789f4-56ae-495c-b448-5a165f70d9ed	((12, 22), 1)
46	5	e3e789f4-56ae-495c-b448-5a165f70d9ed	(None, 2)
46	6	e3e789f4-56ae-495c-b448-5a165f70d9ed	(None, 3)
46	7	e3e789f4-56ae-495c-b448-5a165f70d9ed	(None, 2)
46	8	e3e789f4-56ae-495c-b448-5a165f70d9ed	(None, 2)
46	9	e3e789f4-56ae-495c-b448-5a165f70d9ed	(None, 3)
47	0	e3e789f4-56ae-495c-b448-5a165f70d9ed	(None, 2)
47	1	e3e789f4-56ae-495c-b448-5a165f70d9ed	(None, 3)
47	2	e3e789f4-56ae-495c-b448-5a165f70d9ed	(None, 1)
47	3	e3e789f4-56ae-495c-b448-5a165f70d9ed	(None, 3)
47	4	e3e789f4-56ae-495c-b448-5a165f70d9ed	(None, 1)
47	5	e3e789f4-56ae-495c-b448-5a165f70d9ed	(None, 2)
47	6	e3e789f4-56ae-495c-b448-5a165f70d9ed	(None, 3)
47	7	e3e789f4-56ae-495c-b448-5a165f70d9ed	(None, 2)
47	8	e3e789f4-56ae-495c-b448-5a165f70d9ed	(None, 2)
47	9	e3e789f4-56ae-495c-b448-5a165f70d9ed	(None, 3)
1	0	b13338c0-b1fc-418e-9bbc-5e5204adebc0	(None, 3)
1	1	b13338c0-b1fc-418e-9bbc-5e5204adebc0	(None, 0)
1	2	b13338c0-b1fc-418e-9bbc-5e5204adebc0	(None, 2)
1	3	b13338c0-b1fc-418e-9bbc-5e5204adebc0	(None, 3)
1	4	b13338c0-b1fc-418e-9bbc-5e5204adebc0	(None, 3)
1	5	b13338c0-b1fc-418e-9bbc-5e5204adebc0	(None, 0)
1	6	b13338c0-b1fc-418e-9bbc-5e5204adebc0	(None, 3)
1	7	b13338c0-b1fc-418e-9bbc-5e5204adebc0	(None, 2)
1	8	b13338c0-b1fc-418e-9bbc-5e5204adebc0	(None, 3)
1	9	b13338c0-b1fc-418e-9bbc-5e5204adebc0	(None, 0)
2	0	b13338c0-b1fc-418e-9bbc-5e5204adebc0	(None, 3)
2	1	b13338c0-b1fc-418e-9bbc-5e5204adebc0	(None, 0)
2	2	b13338c0-b1fc-418e-9bbc-5e5204adebc0	(None, 2)
2	3	b13338c0-b1fc-418e-9bbc-5e5204adebc0	(None, 3)
2	4	b13338c0-b1fc-418e-9bbc-5e5204adebc0	(None, 3)
2	5	b13338c0-b1fc-418e-9bbc-5e5204adebc0	(None, 0)
2	6	b13338c0-b1fc-418e-9bbc-5e5204adebc0	(None, 3)
2	7	b13338c0-b1fc-418e-9bbc-5e5204adebc0	((23, 15), 2)
2	8	b13338c0-b1fc-418e-9bbc-5e5204adebc0	(None, 3)
2	9	b13338c0-b1fc-418e-9bbc-5e5204adebc0	(None, 0)
3	0	b13338c0-b1fc-418e-9bbc-5e5204adebc0	(None, 3)
3	1	b13338c0-b1fc-418e-9bbc-5e5204adebc0	(None, 0)
3	2	b13338c0-b1fc-418e-9bbc-5e5204adebc0	(None, 2)
3	3	b13338c0-b1fc-418e-9bbc-5e5204adebc0	(None, 3)
3	4	b13338c0-b1fc-418e-9bbc-5e5204adebc0	(None, 3)
3	5	b13338c0-b1fc-418e-9bbc-5e5204adebc0	(None, 0)
3	6	b13338c0-b1fc-418e-9bbc-5e5204adebc0	(None, 3)
3	7	b13338c0-b1fc-418e-9bbc-5e5204adebc0	((24, 15), 2)
3	8	b13338c0-b1fc-418e-9bbc-5e5204adebc0	(None, 3)
3	9	b13338c0-b1fc-418e-9bbc-5e5204adebc0	(None, 0)
4	0	b13338c0-b1fc-418e-9bbc-5e5204adebc0	(None, 3)
4	1	b13338c0-b1fc-418e-9bbc-5e5204adebc0	(None, 0)
4	2	b13338c0-b1fc-418e-9bbc-5e5204adebc0	(None, 2)
4	3	b13338c0-b1fc-418e-9bbc-5e5204adebc0	(None, 3)
4	4	b13338c0-b1fc-418e-9bbc-5e5204adebc0	(None, 3)
4	5	b13338c0-b1fc-418e-9bbc-5e5204adebc0	(None, 0)
4	6	b13338c0-b1fc-418e-9bbc-5e5204adebc0	(None, 3)
4	7	b13338c0-b1fc-418e-9bbc-5e5204adebc0	((25, 15), 2)
4	8	b13338c0-b1fc-418e-9bbc-5e5204adebc0	(None, 3)
4	9	b13338c0-b1fc-418e-9bbc-5e5204adebc0	(None, 0)
5	0	b13338c0-b1fc-418e-9bbc-5e5204adebc0	((9, 6), 3)
5	1	b13338c0-b1fc-418e-9bbc-5e5204adebc0	(None, 0)
5	2	b13338c0-b1fc-418e-9bbc-5e5204adebc0	((23, 15), 2)
5	3	b13338c0-b1fc-418e-9bbc-5e5204adebc0	(None, 3)
5	4	b13338c0-b1fc-418e-9bbc-5e5204adebc0	(None, 3)
5	5	b13338c0-b1fc-418e-9bbc-5e5204adebc0	(None, 0)
5	6	b13338c0-b1fc-418e-9bbc-5e5204adebc0	(None, 3)
5	7	b13338c0-b1fc-418e-9bbc-5e5204adebc0	((26, 15), 2)
5	8	b13338c0-b1fc-418e-9bbc-5e5204adebc0	(None, 3)
5	9	b13338c0-b1fc-418e-9bbc-5e5204adebc0	(None, 0)
6	0	b13338c0-b1fc-418e-9bbc-5e5204adebc0	((9, 5), 3)
6	1	b13338c0-b1fc-418e-9bbc-5e5204adebc0	(None, 0)
6	2	b13338c0-b1fc-418e-9bbc-5e5204adebc0	((24, 15), 2)
6	3	b13338c0-b1fc-418e-9bbc-5e5204adebc0	(None, 3)
6	4	b13338c0-b1fc-418e-9bbc-5e5204adebc0	(None, 3)
6	5	b13338c0-b1fc-418e-9bbc-5e5204adebc0	(None, 0)
6	6	b13338c0-b1fc-418e-9bbc-5e5204adebc0	(None, 3)
6	7	b13338c0-b1fc-418e-9bbc-5e5204adebc0	((27, 15), 2)
6	8	b13338c0-b1fc-418e-9bbc-5e5204adebc0	(None, 3)
6	9	b13338c0-b1fc-418e-9bbc-5e5204adebc0	(None, 0)
7	0	b13338c0-b1fc-418e-9bbc-5e5204adebc0	((9, 4), 3)
7	1	b13338c0-b1fc-418e-9bbc-5e5204adebc0	(None, 0)
7	2	b13338c0-b1fc-418e-9bbc-5e5204adebc0	((25, 15), 2)
7	3	b13338c0-b1fc-418e-9bbc-5e5204adebc0	(None, 3)
7	4	b13338c0-b1fc-418e-9bbc-5e5204adebc0	(None, 3)
7	5	b13338c0-b1fc-418e-9bbc-5e5204adebc0	(None, 0)
7	6	b13338c0-b1fc-418e-9bbc-5e5204adebc0	(None, 3)
7	7	b13338c0-b1fc-418e-9bbc-5e5204adebc0	((28, 15), 2)
7	8	b13338c0-b1fc-418e-9bbc-5e5204adebc0	(None, 3)
7	9	b13338c0-b1fc-418e-9bbc-5e5204adebc0	(None, 0)
8	0	b13338c0-b1fc-418e-9bbc-5e5204adebc0	((9, 3), 3)
8	1	b13338c0-b1fc-418e-9bbc-5e5204adebc0	(None, 0)
8	2	b13338c0-b1fc-418e-9bbc-5e5204adebc0	((26, 15), 2)
8	3	b13338c0-b1fc-418e-9bbc-5e5204adebc0	(None, 3)
8	4	b13338c0-b1fc-418e-9bbc-5e5204adebc0	(None, 3)
8	5	b13338c0-b1fc-418e-9bbc-5e5204adebc0	(None, 0)
8	6	b13338c0-b1fc-418e-9bbc-5e5204adebc0	(None, 3)
8	7	b13338c0-b1fc-418e-9bbc-5e5204adebc0	((28, 16), 1)
8	8	b13338c0-b1fc-418e-9bbc-5e5204adebc0	(None, 3)
8	9	b13338c0-b1fc-418e-9bbc-5e5204adebc0	(None, 0)
9	0	b13338c0-b1fc-418e-9bbc-5e5204adebc0	((9, 2), 3)
9	1	b13338c0-b1fc-418e-9bbc-5e5204adebc0	(None, 0)
9	2	b13338c0-b1fc-418e-9bbc-5e5204adebc0	((27, 15), 2)
9	3	b13338c0-b1fc-418e-9bbc-5e5204adebc0	(None, 3)
9	4	b13338c0-b1fc-418e-9bbc-5e5204adebc0	(None, 3)
9	5	b13338c0-b1fc-418e-9bbc-5e5204adebc0	(None, 0)
9	6	b13338c0-b1fc-418e-9bbc-5e5204adebc0	(None, 3)
9	7	b13338c0-b1fc-418e-9bbc-5e5204adebc0	((28, 17), 1)
9	8	b13338c0-b1fc-418e-9bbc-5e5204adebc0	(None, 3)
9	9	b13338c0-b1fc-418e-9bbc-5e5204adebc0	(None, 0)
10	0	b13338c0-b1fc-418e-9bbc-5e5204adebc0	((9, 1), 3)
10	1	b13338c0-b1fc-418e-9bbc-5e5204adebc0	(None, 0)
10	2	b13338c0-b1fc-418e-9bbc-5e5204adebc0	((28, 15), 2)
10	3	b13338c0-b1fc-418e-9bbc-5e5204adebc0	(None, 3)
10	4	b13338c0-b1fc-418e-9bbc-5e5204adebc0	(None, 3)
10	5	b13338c0-b1fc-418e-9bbc-5e5204adebc0	(None, 0)
10	6	b13338c0-b1fc-418e-9bbc-5e5204adebc0	(None, 3)
10	7	b13338c0-b1fc-418e-9bbc-5e5204adebc0	((28, 18), 1)
10	8	b13338c0-b1fc-418e-9bbc-5e5204adebc0	(None, 3)
10	9	b13338c0-b1fc-418e-9bbc-5e5204adebc0	(None, 0)
11	0	b13338c0-b1fc-418e-9bbc-5e5204adebc0	((10, 1), 2)
11	1	b13338c0-b1fc-418e-9bbc-5e5204adebc0	(None, 0)
11	2	b13338c0-b1fc-418e-9bbc-5e5204adebc0	((28, 16), 1)
11	3	b13338c0-b1fc-418e-9bbc-5e5204adebc0	(None, 3)
11	4	b13338c0-b1fc-418e-9bbc-5e5204adebc0	(None, 3)
11	5	b13338c0-b1fc-418e-9bbc-5e5204adebc0	(None, 0)
11	6	b13338c0-b1fc-418e-9bbc-5e5204adebc0	(None, 3)
11	7	b13338c0-b1fc-418e-9bbc-5e5204adebc0	((28, 19), 1)
11	8	b13338c0-b1fc-418e-9bbc-5e5204adebc0	(None, 3)
11	9	b13338c0-b1fc-418e-9bbc-5e5204adebc0	(None, 0)
12	0	b13338c0-b1fc-418e-9bbc-5e5204adebc0	((11, 1), 2)
12	1	b13338c0-b1fc-418e-9bbc-5e5204adebc0	(None, 0)
12	2	b13338c0-b1fc-418e-9bbc-5e5204adebc0	((28, 17), 1)
12	3	b13338c0-b1fc-418e-9bbc-5e5204adebc0	(None, 3)
12	4	b13338c0-b1fc-418e-9bbc-5e5204adebc0	(None, 3)
12	5	b13338c0-b1fc-418e-9bbc-5e5204adebc0	(None, 0)
12	6	b13338c0-b1fc-418e-9bbc-5e5204adebc0	(None, 3)
12	7	b13338c0-b1fc-418e-9bbc-5e5204adebc0	((28, 20), 1)
12	8	b13338c0-b1fc-418e-9bbc-5e5204adebc0	(None, 3)
12	9	b13338c0-b1fc-418e-9bbc-5e5204adebc0	(None, 0)
13	0	b13338c0-b1fc-418e-9bbc-5e5204adebc0	((12, 1), 2)
13	1	b13338c0-b1fc-418e-9bbc-5e5204adebc0	(None, 0)
13	2	b13338c0-b1fc-418e-9bbc-5e5204adebc0	((28, 18), 1)
13	3	b13338c0-b1fc-418e-9bbc-5e5204adebc0	(None, 3)
13	4	b13338c0-b1fc-418e-9bbc-5e5204adebc0	(None, 3)
13	5	b13338c0-b1fc-418e-9bbc-5e5204adebc0	(None, 0)
13	6	b13338c0-b1fc-418e-9bbc-5e5204adebc0	(None, 3)
13	7	b13338c0-b1fc-418e-9bbc-5e5204adebc0	((28, 21), 1)
13	8	b13338c0-b1fc-418e-9bbc-5e5204adebc0	(None, 3)
13	9	b13338c0-b1fc-418e-9bbc-5e5204adebc0	(None, 0)
14	0	b13338c0-b1fc-418e-9bbc-5e5204adebc0	((13, 1), 2)
14	1	b13338c0-b1fc-418e-9bbc-5e5204adebc0	(None, 0)
14	2	b13338c0-b1fc-418e-9bbc-5e5204adebc0	((28, 19), 1)
14	3	b13338c0-b1fc-418e-9bbc-5e5204adebc0	(None, 3)
14	4	b13338c0-b1fc-418e-9bbc-5e5204adebc0	(None, 3)
14	5	b13338c0-b1fc-418e-9bbc-5e5204adebc0	(None, 0)
14	6	b13338c0-b1fc-418e-9bbc-5e5204adebc0	(None, 3)
14	7	b13338c0-b1fc-418e-9bbc-5e5204adebc0	((28, 22), 1)
14	8	b13338c0-b1fc-418e-9bbc-5e5204adebc0	(None, 3)
14	9	b13338c0-b1fc-418e-9bbc-5e5204adebc0	(None, 0)
15	0	b13338c0-b1fc-418e-9bbc-5e5204adebc0	((14, 1), 2)
15	1	b13338c0-b1fc-418e-9bbc-5e5204adebc0	(None, 0)
15	2	b13338c0-b1fc-418e-9bbc-5e5204adebc0	((28, 20), 1)
15	3	b13338c0-b1fc-418e-9bbc-5e5204adebc0	(None, 3)
15	4	b13338c0-b1fc-418e-9bbc-5e5204adebc0	(None, 3)
15	5	b13338c0-b1fc-418e-9bbc-5e5204adebc0	(None, 0)
15	6	b13338c0-b1fc-418e-9bbc-5e5204adebc0	(None, 3)
15	7	b13338c0-b1fc-418e-9bbc-5e5204adebc0	((28, 23), 1)
15	8	b13338c0-b1fc-418e-9bbc-5e5204adebc0	(None, 3)
15	9	b13338c0-b1fc-418e-9bbc-5e5204adebc0	(None, 0)
16	0	b13338c0-b1fc-418e-9bbc-5e5204adebc0	((14, 2), 1)
16	1	b13338c0-b1fc-418e-9bbc-5e5204adebc0	(None, 0)
16	2	b13338c0-b1fc-418e-9bbc-5e5204adebc0	((28, 21), 1)
16	3	b13338c0-b1fc-418e-9bbc-5e5204adebc0	(None, 3)
16	4	b13338c0-b1fc-418e-9bbc-5e5204adebc0	(None, 3)
16	5	b13338c0-b1fc-418e-9bbc-5e5204adebc0	(None, 0)
16	6	b13338c0-b1fc-418e-9bbc-5e5204adebc0	(None, 3)
16	7	b13338c0-b1fc-418e-9bbc-5e5204adebc0	((28, 24), 1)
16	8	b13338c0-b1fc-418e-9bbc-5e5204adebc0	(None, 3)
16	9	b13338c0-b1fc-418e-9bbc-5e5204adebc0	(None, 0)
17	0	b13338c0-b1fc-418e-9bbc-5e5204adebc0	((14, 3), 1)
17	1	b13338c0-b1fc-418e-9bbc-5e5204adebc0	(None, 0)
17	2	b13338c0-b1fc-418e-9bbc-5e5204adebc0	((28, 22), 1)
17	3	b13338c0-b1fc-418e-9bbc-5e5204adebc0	(None, 3)
17	4	b13338c0-b1fc-418e-9bbc-5e5204adebc0	(None, 3)
17	5	b13338c0-b1fc-418e-9bbc-5e5204adebc0	(None, 0)
17	6	b13338c0-b1fc-418e-9bbc-5e5204adebc0	(None, 3)
17	7	b13338c0-b1fc-418e-9bbc-5e5204adebc0	((27, 24), 0)
17	8	b13338c0-b1fc-418e-9bbc-5e5204adebc0	(None, 3)
17	9	b13338c0-b1fc-418e-9bbc-5e5204adebc0	(None, 0)
18	0	b13338c0-b1fc-418e-9bbc-5e5204adebc0	((14, 4), 1)
18	1	b13338c0-b1fc-418e-9bbc-5e5204adebc0	(None, 0)
18	2	b13338c0-b1fc-418e-9bbc-5e5204adebc0	((28, 23), 1)
18	3	b13338c0-b1fc-418e-9bbc-5e5204adebc0	(None, 3)
18	4	b13338c0-b1fc-418e-9bbc-5e5204adebc0	(None, 3)
18	5	b13338c0-b1fc-418e-9bbc-5e5204adebc0	(None, 0)
18	6	b13338c0-b1fc-418e-9bbc-5e5204adebc0	(None, 3)
18	7	b13338c0-b1fc-418e-9bbc-5e5204adebc0	((26, 24), 0)
18	8	b13338c0-b1fc-418e-9bbc-5e5204adebc0	(None, 3)
18	9	b13338c0-b1fc-418e-9bbc-5e5204adebc0	(None, 0)
19	0	b13338c0-b1fc-418e-9bbc-5e5204adebc0	((14, 5), 1)
19	1	b13338c0-b1fc-418e-9bbc-5e5204adebc0	((12, 24), 0)
19	2	b13338c0-b1fc-418e-9bbc-5e5204adebc0	((28, 24), 1)
19	3	b13338c0-b1fc-418e-9bbc-5e5204adebc0	(None, 3)
19	4	b13338c0-b1fc-418e-9bbc-5e5204adebc0	(None, 3)
19	5	b13338c0-b1fc-418e-9bbc-5e5204adebc0	(None, 0)
19	6	b13338c0-b1fc-418e-9bbc-5e5204adebc0	(None, 3)
19	7	b13338c0-b1fc-418e-9bbc-5e5204adebc0	((25, 24), 0)
19	8	b13338c0-b1fc-418e-9bbc-5e5204adebc0	(None, 3)
19	9	b13338c0-b1fc-418e-9bbc-5e5204adebc0	(None, 0)
20	0	b13338c0-b1fc-418e-9bbc-5e5204adebc0	((14, 6), 1)
20	1	b13338c0-b1fc-418e-9bbc-5e5204adebc0	((11, 24), 0)
20	2	b13338c0-b1fc-418e-9bbc-5e5204adebc0	((27, 24), 0)
20	3	b13338c0-b1fc-418e-9bbc-5e5204adebc0	(None, 3)
20	4	b13338c0-b1fc-418e-9bbc-5e5204adebc0	(None, 3)
20	5	b13338c0-b1fc-418e-9bbc-5e5204adebc0	(None, 0)
20	6	b13338c0-b1fc-418e-9bbc-5e5204adebc0	((9, 6), 3)
20	7	b13338c0-b1fc-418e-9bbc-5e5204adebc0	((24, 24), 0)
20	8	b13338c0-b1fc-418e-9bbc-5e5204adebc0	(None, 3)
20	9	b13338c0-b1fc-418e-9bbc-5e5204adebc0	(None, 0)
21	0	b13338c0-b1fc-418e-9bbc-5e5204adebc0	((14, 7), 1)
21	1	b13338c0-b1fc-418e-9bbc-5e5204adebc0	((10, 24), 0)
21	2	b13338c0-b1fc-418e-9bbc-5e5204adebc0	((26, 24), 0)
21	3	b13338c0-b1fc-418e-9bbc-5e5204adebc0	((9, 6), 3)
21	4	b13338c0-b1fc-418e-9bbc-5e5204adebc0	(None, 3)
21	5	b13338c0-b1fc-418e-9bbc-5e5204adebc0	(None, 0)
21	6	b13338c0-b1fc-418e-9bbc-5e5204adebc0	((9, 5), 3)
21	7	b13338c0-b1fc-418e-9bbc-5e5204adebc0	((23, 24), 0)
21	8	b13338c0-b1fc-418e-9bbc-5e5204adebc0	(None, 3)
21	9	b13338c0-b1fc-418e-9bbc-5e5204adebc0	(None, 0)
22	0	b13338c0-b1fc-418e-9bbc-5e5204adebc0	((14, 8), 1)
22	1	b13338c0-b1fc-418e-9bbc-5e5204adebc0	((9, 24), 0)
22	2	b13338c0-b1fc-418e-9bbc-5e5204adebc0	((25, 24), 0)
22	3	b13338c0-b1fc-418e-9bbc-5e5204adebc0	((9, 5), 3)
22	4	b13338c0-b1fc-418e-9bbc-5e5204adebc0	(None, 3)
22	5	b13338c0-b1fc-418e-9bbc-5e5204adebc0	((23, 15), 0)
22	6	b13338c0-b1fc-418e-9bbc-5e5204adebc0	((9, 4), 3)
22	7	b13338c0-b1fc-418e-9bbc-5e5204adebc0	((22, 24), 0)
22	8	b13338c0-b1fc-418e-9bbc-5e5204adebc0	(None, 3)
22	9	b13338c0-b1fc-418e-9bbc-5e5204adebc0	(None, 0)
23	0	b13338c0-b1fc-418e-9bbc-5e5204adebc0	((14, 9), 1)
23	1	b13338c0-b1fc-418e-9bbc-5e5204adebc0	((8, 24), 0)
23	2	b13338c0-b1fc-418e-9bbc-5e5204adebc0	((24, 24), 0)
23	3	b13338c0-b1fc-418e-9bbc-5e5204adebc0	((9, 4), 3)
23	4	b13338c0-b1fc-418e-9bbc-5e5204adebc0	(None, 3)
23	5	b13338c0-b1fc-418e-9bbc-5e5204adebc0	((22, 15), 0)
23	6	b13338c0-b1fc-418e-9bbc-5e5204adebc0	((9, 3), 3)
23	7	b13338c0-b1fc-418e-9bbc-5e5204adebc0	((21, 24), 0)
23	8	b13338c0-b1fc-418e-9bbc-5e5204adebc0	(None, 3)
23	9	b13338c0-b1fc-418e-9bbc-5e5204adebc0	(None, 0)
24	0	b13338c0-b1fc-418e-9bbc-5e5204adebc0	((14, 10), 1)
24	1	b13338c0-b1fc-418e-9bbc-5e5204adebc0	((7, 24), 0)
24	2	b13338c0-b1fc-418e-9bbc-5e5204adebc0	((23, 24), 0)
24	3	b13338c0-b1fc-418e-9bbc-5e5204adebc0	((9, 3), 3)
24	4	b13338c0-b1fc-418e-9bbc-5e5204adebc0	(None, 3)
24	5	b13338c0-b1fc-418e-9bbc-5e5204adebc0	((21, 15), 0)
24	6	b13338c0-b1fc-418e-9bbc-5e5204adebc0	((9, 2), 3)
24	7	b13338c0-b1fc-418e-9bbc-5e5204adebc0	((20, 24), 0)
24	8	b13338c0-b1fc-418e-9bbc-5e5204adebc0	(None, 3)
24	9	b13338c0-b1fc-418e-9bbc-5e5204adebc0	(None, 0)
25	0	b13338c0-b1fc-418e-9bbc-5e5204adebc0	((14, 11), 1)
25	1	b13338c0-b1fc-418e-9bbc-5e5204adebc0	((7, 23), 3)
25	2	b13338c0-b1fc-418e-9bbc-5e5204adebc0	((22, 24), 0)
25	3	b13338c0-b1fc-418e-9bbc-5e5204adebc0	((9, 2), 3)
25	4	b13338c0-b1fc-418e-9bbc-5e5204adebc0	((9, 6), 3)
25	5	b13338c0-b1fc-418e-9bbc-5e5204adebc0	((20, 15), 0)
25	6	b13338c0-b1fc-418e-9bbc-5e5204adebc0	((9, 1), 3)
25	7	b13338c0-b1fc-418e-9bbc-5e5204adebc0	((19, 24), 0)
25	8	b13338c0-b1fc-418e-9bbc-5e5204adebc0	(None, 3)
25	9	b13338c0-b1fc-418e-9bbc-5e5204adebc0	(None, 0)
26	0	b13338c0-b1fc-418e-9bbc-5e5204adebc0	((14, 12), 1)
26	1	b13338c0-b1fc-418e-9bbc-5e5204adebc0	((7, 22), 3)
26	2	b13338c0-b1fc-418e-9bbc-5e5204adebc0	((21, 24), 0)
26	3	b13338c0-b1fc-418e-9bbc-5e5204adebc0	((9, 1), 3)
26	4	b13338c0-b1fc-418e-9bbc-5e5204adebc0	((9, 5), 3)
26	5	b13338c0-b1fc-418e-9bbc-5e5204adebc0	((19, 15), 0)
26	6	b13338c0-b1fc-418e-9bbc-5e5204adebc0	((10, 1), 2)
26	7	b13338c0-b1fc-418e-9bbc-5e5204adebc0	((18, 24), 0)
26	8	b13338c0-b1fc-418e-9bbc-5e5204adebc0	(None, 3)
26	9	b13338c0-b1fc-418e-9bbc-5e5204adebc0	(None, 0)
27	0	b13338c0-b1fc-418e-9bbc-5e5204adebc0	((14, 13), 1)
27	1	b13338c0-b1fc-418e-9bbc-5e5204adebc0	((7, 21), 3)
27	2	b13338c0-b1fc-418e-9bbc-5e5204adebc0	((20, 24), 0)
27	3	b13338c0-b1fc-418e-9bbc-5e5204adebc0	((10, 1), 2)
27	4	b13338c0-b1fc-418e-9bbc-5e5204adebc0	((9, 4), 3)
27	5	b13338c0-b1fc-418e-9bbc-5e5204adebc0	((18, 15), 0)
27	6	b13338c0-b1fc-418e-9bbc-5e5204adebc0	((11, 1), 2)
27	7	b13338c0-b1fc-418e-9bbc-5e5204adebc0	((17, 24), 0)
27	8	b13338c0-b1fc-418e-9bbc-5e5204adebc0	(None, 3)
27	9	b13338c0-b1fc-418e-9bbc-5e5204adebc0	(None, 0)
28	0	b13338c0-b1fc-418e-9bbc-5e5204adebc0	((14, 14), 1)
28	1	b13338c0-b1fc-418e-9bbc-5e5204adebc0	((7, 20), 3)
28	2	b13338c0-b1fc-418e-9bbc-5e5204adebc0	((19, 24), 0)
28	3	b13338c0-b1fc-418e-9bbc-5e5204adebc0	((11, 1), 2)
28	4	b13338c0-b1fc-418e-9bbc-5e5204adebc0	((9, 3), 3)
28	5	b13338c0-b1fc-418e-9bbc-5e5204adebc0	((17, 15), 0)
28	6	b13338c0-b1fc-418e-9bbc-5e5204adebc0	((12, 1), 2)
28	7	b13338c0-b1fc-418e-9bbc-5e5204adebc0	((16, 24), 0)
28	8	b13338c0-b1fc-418e-9bbc-5e5204adebc0	(None, 3)
28	9	b13338c0-b1fc-418e-9bbc-5e5204adebc0	((23, 15), 0)
29	0	b13338c0-b1fc-418e-9bbc-5e5204adebc0	((15, 14), 2)
29	1	b13338c0-b1fc-418e-9bbc-5e5204adebc0	((7, 19), 3)
29	2	b13338c0-b1fc-418e-9bbc-5e5204adebc0	((18, 24), 0)
29	3	b13338c0-b1fc-418e-9bbc-5e5204adebc0	((12, 1), 2)
29	4	b13338c0-b1fc-418e-9bbc-5e5204adebc0	((9, 2), 3)
29	5	b13338c0-b1fc-418e-9bbc-5e5204adebc0	((17, 16), 1)
29	6	b13338c0-b1fc-418e-9bbc-5e5204adebc0	((13, 1), 2)
29	7	b13338c0-b1fc-418e-9bbc-5e5204adebc0	((15, 24), 0)
29	8	b13338c0-b1fc-418e-9bbc-5e5204adebc0	(None, 3)
29	9	b13338c0-b1fc-418e-9bbc-5e5204adebc0	((22, 15), 0)
30	0	b13338c0-b1fc-418e-9bbc-5e5204adebc0	((16, 14), 2)
30	1	b13338c0-b1fc-418e-9bbc-5e5204adebc0	((7, 18), 3)
30	2	b13338c0-b1fc-418e-9bbc-5e5204adebc0	((17, 24), 0)
30	3	b13338c0-b1fc-418e-9bbc-5e5204adebc0	((13, 1), 2)
30	4	b13338c0-b1fc-418e-9bbc-5e5204adebc0	((9, 1), 3)
30	5	b13338c0-b1fc-418e-9bbc-5e5204adebc0	((17, 17), 1)
30	6	b13338c0-b1fc-418e-9bbc-5e5204adebc0	((14, 1), 2)
30	7	b13338c0-b1fc-418e-9bbc-5e5204adebc0	((14, 24), 0)
30	8	b13338c0-b1fc-418e-9bbc-5e5204adebc0	(None, 3)
30	9	b13338c0-b1fc-418e-9bbc-5e5204adebc0	((21, 15), 0)
31	0	b13338c0-b1fc-418e-9bbc-5e5204adebc0	((17, 14), 2)
31	1	b13338c0-b1fc-418e-9bbc-5e5204adebc0	((7, 17), 3)
31	2	b13338c0-b1fc-418e-9bbc-5e5204adebc0	((16, 24), 0)
31	3	b13338c0-b1fc-418e-9bbc-5e5204adebc0	((14, 1), 2)
31	4	b13338c0-b1fc-418e-9bbc-5e5204adebc0	((10, 1), 2)
31	5	b13338c0-b1fc-418e-9bbc-5e5204adebc0	((17, 18), 1)
31	6	b13338c0-b1fc-418e-9bbc-5e5204adebc0	((14, 2), 1)
31	7	b13338c0-b1fc-418e-9bbc-5e5204adebc0	((13, 24), 0)
31	8	b13338c0-b1fc-418e-9bbc-5e5204adebc0	(None, 3)
31	9	b13338c0-b1fc-418e-9bbc-5e5204adebc0	((20, 15), 0)
32	0	b13338c0-b1fc-418e-9bbc-5e5204adebc0	((18, 14), 2)
32	1	b13338c0-b1fc-418e-9bbc-5e5204adebc0	((7, 16), 3)
32	2	b13338c0-b1fc-418e-9bbc-5e5204adebc0	((15, 24), 0)
32	3	b13338c0-b1fc-418e-9bbc-5e5204adebc0	((14, 2), 1)
32	4	b13338c0-b1fc-418e-9bbc-5e5204adebc0	((11, 1), 2)
32	5	b13338c0-b1fc-418e-9bbc-5e5204adebc0	((17, 19), 1)
32	6	b13338c0-b1fc-418e-9bbc-5e5204adebc0	((14, 3), 1)
32	7	b13338c0-b1fc-418e-9bbc-5e5204adebc0	((12, 24), 0)
32	8	b13338c0-b1fc-418e-9bbc-5e5204adebc0	(None, 3)
32	9	b13338c0-b1fc-418e-9bbc-5e5204adebc0	((19, 15), 0)
33	0	b13338c0-b1fc-418e-9bbc-5e5204adebc0	((18, 15), 1)
33	1	b13338c0-b1fc-418e-9bbc-5e5204adebc0	((7, 15), 3)
33	2	b13338c0-b1fc-418e-9bbc-5e5204adebc0	((14, 24), 0)
33	3	b13338c0-b1fc-418e-9bbc-5e5204adebc0	((14, 3), 1)
33	4	b13338c0-b1fc-418e-9bbc-5e5204adebc0	((12, 1), 2)
33	5	b13338c0-b1fc-418e-9bbc-5e5204adebc0	((17, 20), 1)
33	6	b13338c0-b1fc-418e-9bbc-5e5204adebc0	((14, 4), 1)
33	7	b13338c0-b1fc-418e-9bbc-5e5204adebc0	((11, 24), 0)
33	8	b13338c0-b1fc-418e-9bbc-5e5204adebc0	(None, 3)
33	9	b13338c0-b1fc-418e-9bbc-5e5204adebc0	((19, 15), 0)
34	0	b13338c0-b1fc-418e-9bbc-5e5204adebc0	((18, 16), 1)
34	1	b13338c0-b1fc-418e-9bbc-5e5204adebc0	((7, 14), 3)
34	2	b13338c0-b1fc-418e-9bbc-5e5204adebc0	((13, 24), 0)
34	3	b13338c0-b1fc-418e-9bbc-5e5204adebc0	((14, 4), 1)
34	4	b13338c0-b1fc-418e-9bbc-5e5204adebc0	((13, 1), 2)
34	5	b13338c0-b1fc-418e-9bbc-5e5204adebc0	((17, 21), 1)
34	6	b13338c0-b1fc-418e-9bbc-5e5204adebc0	((14, 5), 1)
34	7	b13338c0-b1fc-418e-9bbc-5e5204adebc0	((10, 24), 0)
34	8	b13338c0-b1fc-418e-9bbc-5e5204adebc0	((9, 6), 3)
34	9	b13338c0-b1fc-418e-9bbc-5e5204adebc0	((18, 15), 0)
35	0	b13338c0-b1fc-418e-9bbc-5e5204adebc0	((18, 17), 1)
35	1	b13338c0-b1fc-418e-9bbc-5e5204adebc0	((7, 13), 3)
35	2	b13338c0-b1fc-418e-9bbc-5e5204adebc0	((12, 24), 0)
35	3	b13338c0-b1fc-418e-9bbc-5e5204adebc0	((14, 5), 1)
35	4	b13338c0-b1fc-418e-9bbc-5e5204adebc0	((14, 1), 2)
35	5	b13338c0-b1fc-418e-9bbc-5e5204adebc0	((17, 22), 1)
35	6	b13338c0-b1fc-418e-9bbc-5e5204adebc0	((14, 6), 1)
35	7	b13338c0-b1fc-418e-9bbc-5e5204adebc0	((9, 24), 0)
35	8	b13338c0-b1fc-418e-9bbc-5e5204adebc0	((9, 5), 3)
35	9	b13338c0-b1fc-418e-9bbc-5e5204adebc0	((17, 15), 0)
36	0	b13338c0-b1fc-418e-9bbc-5e5204adebc0	((18, 18), 1)
36	1	b13338c0-b1fc-418e-9bbc-5e5204adebc0	((7, 12), 3)
36	2	b13338c0-b1fc-418e-9bbc-5e5204adebc0	((11, 24), 0)
36	3	b13338c0-b1fc-418e-9bbc-5e5204adebc0	((14, 6), 1)
36	4	b13338c0-b1fc-418e-9bbc-5e5204adebc0	((14, 2), 1)
36	5	b13338c0-b1fc-418e-9bbc-5e5204adebc0	((17, 23), 1)
36	6	b13338c0-b1fc-418e-9bbc-5e5204adebc0	((14, 7), 1)
36	7	b13338c0-b1fc-418e-9bbc-5e5204adebc0	((8, 24), 0)
36	8	b13338c0-b1fc-418e-9bbc-5e5204adebc0	((9, 4), 3)
36	9	b13338c0-b1fc-418e-9bbc-5e5204adebc0	((17, 16), 1)
37	0	b13338c0-b1fc-418e-9bbc-5e5204adebc0	((18, 19), 1)
37	1	b13338c0-b1fc-418e-9bbc-5e5204adebc0	((7, 11), 3)
37	2	b13338c0-b1fc-418e-9bbc-5e5204adebc0	((10, 24), 0)
37	3	b13338c0-b1fc-418e-9bbc-5e5204adebc0	((14, 7), 1)
37	4	b13338c0-b1fc-418e-9bbc-5e5204adebc0	((14, 3), 1)
37	5	b13338c0-b1fc-418e-9bbc-5e5204adebc0	((17, 24), 1)
37	6	b13338c0-b1fc-418e-9bbc-5e5204adebc0	((14, 8), 1)
37	7	b13338c0-b1fc-418e-9bbc-5e5204adebc0	((7, 24), 0)
37	8	b13338c0-b1fc-418e-9bbc-5e5204adebc0	((9, 3), 3)
37	9	b13338c0-b1fc-418e-9bbc-5e5204adebc0	((17, 17), 1)
38	0	b13338c0-b1fc-418e-9bbc-5e5204adebc0	((18, 20), 1)
38	1	b13338c0-b1fc-418e-9bbc-5e5204adebc0	((8, 11), 2)
38	2	b13338c0-b1fc-418e-9bbc-5e5204adebc0	((9, 24), 0)
38	3	b13338c0-b1fc-418e-9bbc-5e5204adebc0	((14, 8), 1)
38	4	b13338c0-b1fc-418e-9bbc-5e5204adebc0	((14, 4), 1)
38	5	b13338c0-b1fc-418e-9bbc-5e5204adebc0	((16, 24), 0)
38	6	b13338c0-b1fc-418e-9bbc-5e5204adebc0	((14, 9), 1)
38	7	b13338c0-b1fc-418e-9bbc-5e5204adebc0	((7, 23), 3)
38	8	b13338c0-b1fc-418e-9bbc-5e5204adebc0	((9, 2), 3)
38	9	b13338c0-b1fc-418e-9bbc-5e5204adebc0	((17, 18), 1)
39	0	b13338c0-b1fc-418e-9bbc-5e5204adebc0	((18, 21), 1)
39	1	b13338c0-b1fc-418e-9bbc-5e5204adebc0	((9, 11), 2)
39	2	b13338c0-b1fc-418e-9bbc-5e5204adebc0	((8, 24), 0)
39	3	b13338c0-b1fc-418e-9bbc-5e5204adebc0	((14, 9), 1)
39	4	b13338c0-b1fc-418e-9bbc-5e5204adebc0	((14, 5), 1)
39	5	b13338c0-b1fc-418e-9bbc-5e5204adebc0	((15, 24), 0)
39	6	b13338c0-b1fc-418e-9bbc-5e5204adebc0	((14, 10), 1)
39	7	b13338c0-b1fc-418e-9bbc-5e5204adebc0	((7, 22), 3)
39	8	b13338c0-b1fc-418e-9bbc-5e5204adebc0	((9, 1), 3)
39	9	b13338c0-b1fc-418e-9bbc-5e5204adebc0	((17, 19), 1)
40	0	b13338c0-b1fc-418e-9bbc-5e5204adebc0	((18, 22), 1)
40	1	b13338c0-b1fc-418e-9bbc-5e5204adebc0	((9, 10), 3)
40	2	b13338c0-b1fc-418e-9bbc-5e5204adebc0	((7, 24), 0)
40	3	b13338c0-b1fc-418e-9bbc-5e5204adebc0	((14, 10), 1)
40	4	b13338c0-b1fc-418e-9bbc-5e5204adebc0	((14, 6), 1)
40	5	b13338c0-b1fc-418e-9bbc-5e5204adebc0	((14, 24), 0)
40	6	b13338c0-b1fc-418e-9bbc-5e5204adebc0	((14, 11), 1)
40	7	b13338c0-b1fc-418e-9bbc-5e5204adebc0	((7, 21), 3)
40	8	b13338c0-b1fc-418e-9bbc-5e5204adebc0	((10, 1), 2)
40	9	b13338c0-b1fc-418e-9bbc-5e5204adebc0	((17, 20), 1)
41	0	b13338c0-b1fc-418e-9bbc-5e5204adebc0	((18, 23), 1)
41	1	b13338c0-b1fc-418e-9bbc-5e5204adebc0	((9, 9), 3)
41	2	b13338c0-b1fc-418e-9bbc-5e5204adebc0	((7, 23), 3)
41	3	b13338c0-b1fc-418e-9bbc-5e5204adebc0	((14, 11), 1)
41	4	b13338c0-b1fc-418e-9bbc-5e5204adebc0	((14, 7), 1)
41	5	b13338c0-b1fc-418e-9bbc-5e5204adebc0	((13, 24), 0)
41	6	b13338c0-b1fc-418e-9bbc-5e5204adebc0	((14, 12), 1)
41	7	b13338c0-b1fc-418e-9bbc-5e5204adebc0	((7, 20), 3)
41	8	b13338c0-b1fc-418e-9bbc-5e5204adebc0	((11, 1), 2)
41	9	b13338c0-b1fc-418e-9bbc-5e5204adebc0	((17, 21), 1)
42	0	b13338c0-b1fc-418e-9bbc-5e5204adebc0	((18, 24), 1)
42	1	b13338c0-b1fc-418e-9bbc-5e5204adebc0	((10, 9), 2)
42	2	b13338c0-b1fc-418e-9bbc-5e5204adebc0	((7, 22), 3)
42	3	b13338c0-b1fc-418e-9bbc-5e5204adebc0	((14, 12), 1)
42	4	b13338c0-b1fc-418e-9bbc-5e5204adebc0	((14, 8), 1)
42	5	b13338c0-b1fc-418e-9bbc-5e5204adebc0	((12, 24), 0)
42	6	b13338c0-b1fc-418e-9bbc-5e5204adebc0	((14, 13), 1)
42	7	b13338c0-b1fc-418e-9bbc-5e5204adebc0	((7, 19), 3)
42	8	b13338c0-b1fc-418e-9bbc-5e5204adebc0	((12, 1), 2)
42	9	b13338c0-b1fc-418e-9bbc-5e5204adebc0	((17, 22), 1)
43	0	b13338c0-b1fc-418e-9bbc-5e5204adebc0	((17, 24), 0)
43	1	b13338c0-b1fc-418e-9bbc-5e5204adebc0	((10, 8), 3)
43	2	b13338c0-b1fc-418e-9bbc-5e5204adebc0	((7, 21), 3)
43	3	b13338c0-b1fc-418e-9bbc-5e5204adebc0	((14, 13), 1)
43	4	b13338c0-b1fc-418e-9bbc-5e5204adebc0	((14, 9), 1)
43	5	b13338c0-b1fc-418e-9bbc-5e5204adebc0	((11, 24), 0)
43	6	b13338c0-b1fc-418e-9bbc-5e5204adebc0	((14, 14), 1)
43	7	b13338c0-b1fc-418e-9bbc-5e5204adebc0	((7, 18), 3)
43	8	b13338c0-b1fc-418e-9bbc-5e5204adebc0	((13, 1), 2)
43	9	b13338c0-b1fc-418e-9bbc-5e5204adebc0	((17, 23), 1)
44	0	b13338c0-b1fc-418e-9bbc-5e5204adebc0	((16, 24), 0)
44	1	b13338c0-b1fc-418e-9bbc-5e5204adebc0	((10, 7), 3)
44	2	b13338c0-b1fc-418e-9bbc-5e5204adebc0	((7, 20), 3)
44	3	b13338c0-b1fc-418e-9bbc-5e5204adebc0	((14, 14), 1)
44	4	b13338c0-b1fc-418e-9bbc-5e5204adebc0	((14, 10), 1)
44	5	b13338c0-b1fc-418e-9bbc-5e5204adebc0	((10, 24), 0)
44	6	b13338c0-b1fc-418e-9bbc-5e5204adebc0	((15, 14), 2)
44	7	b13338c0-b1fc-418e-9bbc-5e5204adebc0	((7, 17), 3)
44	8	b13338c0-b1fc-418e-9bbc-5e5204adebc0	((14, 1), 2)
44	9	b13338c0-b1fc-418e-9bbc-5e5204adebc0	((17, 24), 1)
45	0	b13338c0-b1fc-418e-9bbc-5e5204adebc0	((15, 24), 0)
45	1	b13338c0-b1fc-418e-9bbc-5e5204adebc0	(None, 3)
45	2	b13338c0-b1fc-418e-9bbc-5e5204adebc0	((7, 19), 3)
45	3	b13338c0-b1fc-418e-9bbc-5e5204adebc0	((15, 14), 2)
45	4	b13338c0-b1fc-418e-9bbc-5e5204adebc0	((14, 11), 1)
45	5	b13338c0-b1fc-418e-9bbc-5e5204adebc0	((9, 24), 0)
45	6	b13338c0-b1fc-418e-9bbc-5e5204adebc0	((16, 14), 2)
45	7	b13338c0-b1fc-418e-9bbc-5e5204adebc0	((7, 16), 3)
45	8	b13338c0-b1fc-418e-9bbc-5e5204adebc0	((14, 2), 1)
45	9	b13338c0-b1fc-418e-9bbc-5e5204adebc0	((16, 24), 0)
46	0	b13338c0-b1fc-418e-9bbc-5e5204adebc0	((15, 25), 1)
46	1	b13338c0-b1fc-418e-9bbc-5e5204adebc0	(None, 3)
46	2	b13338c0-b1fc-418e-9bbc-5e5204adebc0	((7, 18), 3)
46	3	b13338c0-b1fc-418e-9bbc-5e5204adebc0	((16, 14), 2)
46	4	b13338c0-b1fc-418e-9bbc-5e5204adebc0	((14, 12), 1)
46	5	b13338c0-b1fc-418e-9bbc-5e5204adebc0	((8, 24), 0)
46	6	b13338c0-b1fc-418e-9bbc-5e5204adebc0	((17, 14), 2)
46	7	b13338c0-b1fc-418e-9bbc-5e5204adebc0	((7, 15), 3)
46	8	b13338c0-b1fc-418e-9bbc-5e5204adebc0	((14, 3), 1)
46	9	b13338c0-b1fc-418e-9bbc-5e5204adebc0	((15, 24), 0)
47	0	b13338c0-b1fc-418e-9bbc-5e5204adebc0	((14, 25), 0)
47	1	b13338c0-b1fc-418e-9bbc-5e5204adebc0	(None, 3)
47	2	b13338c0-b1fc-418e-9bbc-5e5204adebc0	((7, 17), 3)
47	3	b13338c0-b1fc-418e-9bbc-5e5204adebc0	((17, 14), 2)
47	4	b13338c0-b1fc-418e-9bbc-5e5204adebc0	((14, 13), 1)
47	5	b13338c0-b1fc-418e-9bbc-5e5204adebc0	((7, 24), 0)
47	6	b13338c0-b1fc-418e-9bbc-5e5204adebc0	((18, 14), 2)
47	7	b13338c0-b1fc-418e-9bbc-5e5204adebc0	((7, 14), 3)
47	8	b13338c0-b1fc-418e-9bbc-5e5204adebc0	((14, 4), 1)
47	9	b13338c0-b1fc-418e-9bbc-5e5204adebc0	((14, 24), 0)
48	0	b13338c0-b1fc-418e-9bbc-5e5204adebc0	((13, 25), 0)
48	1	b13338c0-b1fc-418e-9bbc-5e5204adebc0	(None, 3)
48	2	b13338c0-b1fc-418e-9bbc-5e5204adebc0	((7, 16), 3)
48	3	b13338c0-b1fc-418e-9bbc-5e5204adebc0	((18, 14), 2)
48	4	b13338c0-b1fc-418e-9bbc-5e5204adebc0	((14, 14), 1)
48	5	b13338c0-b1fc-418e-9bbc-5e5204adebc0	((7, 23), 3)
48	6	b13338c0-b1fc-418e-9bbc-5e5204adebc0	((18, 15), 1)
48	7	b13338c0-b1fc-418e-9bbc-5e5204adebc0	((7, 13), 3)
48	8	b13338c0-b1fc-418e-9bbc-5e5204adebc0	((14, 5), 1)
48	9	b13338c0-b1fc-418e-9bbc-5e5204adebc0	((13, 24), 0)
49	0	b13338c0-b1fc-418e-9bbc-5e5204adebc0	(None, 0)
49	1	b13338c0-b1fc-418e-9bbc-5e5204adebc0	(None, 3)
49	2	b13338c0-b1fc-418e-9bbc-5e5204adebc0	((7, 15), 3)
49	3	b13338c0-b1fc-418e-9bbc-5e5204adebc0	((18, 15), 1)
49	4	b13338c0-b1fc-418e-9bbc-5e5204adebc0	((15, 14), 2)
49	5	b13338c0-b1fc-418e-9bbc-5e5204adebc0	((7, 22), 3)
49	6	b13338c0-b1fc-418e-9bbc-5e5204adebc0	((19, 15), 2)
49	7	b13338c0-b1fc-418e-9bbc-5e5204adebc0	((7, 12), 3)
49	8	b13338c0-b1fc-418e-9bbc-5e5204adebc0	((14, 6), 1)
49	9	b13338c0-b1fc-418e-9bbc-5e5204adebc0	((12, 24), 0)
50	0	b13338c0-b1fc-418e-9bbc-5e5204adebc0	(None, 0)
50	1	b13338c0-b1fc-418e-9bbc-5e5204adebc0	(None, 3)
50	2	b13338c0-b1fc-418e-9bbc-5e5204adebc0	((7, 14), 3)
50	3	b13338c0-b1fc-418e-9bbc-5e5204adebc0	((19, 15), 2)
50	4	b13338c0-b1fc-418e-9bbc-5e5204adebc0	((16, 14), 2)
50	5	b13338c0-b1fc-418e-9bbc-5e5204adebc0	((7, 21), 3)
50	6	b13338c0-b1fc-418e-9bbc-5e5204adebc0	((20, 15), 2)
50	7	b13338c0-b1fc-418e-9bbc-5e5204adebc0	((7, 11), 3)
50	8	b13338c0-b1fc-418e-9bbc-5e5204adebc0	((14, 7), 1)
50	9	b13338c0-b1fc-418e-9bbc-5e5204adebc0	((11, 24), 0)
51	0	b13338c0-b1fc-418e-9bbc-5e5204adebc0	(None, 0)
51	1	b13338c0-b1fc-418e-9bbc-5e5204adebc0	(None, 3)
51	2	b13338c0-b1fc-418e-9bbc-5e5204adebc0	((7, 13), 3)
51	3	b13338c0-b1fc-418e-9bbc-5e5204adebc0	((20, 15), 2)
51	4	b13338c0-b1fc-418e-9bbc-5e5204adebc0	((17, 14), 2)
51	5	b13338c0-b1fc-418e-9bbc-5e5204adebc0	((7, 20), 3)
51	6	b13338c0-b1fc-418e-9bbc-5e5204adebc0	((20, 16), 1)
51	7	b13338c0-b1fc-418e-9bbc-5e5204adebc0	((8, 11), 2)
51	8	b13338c0-b1fc-418e-9bbc-5e5204adebc0	((14, 8), 1)
51	9	b13338c0-b1fc-418e-9bbc-5e5204adebc0	((10, 24), 0)
52	0	b13338c0-b1fc-418e-9bbc-5e5204adebc0	(None, 0)
52	1	b13338c0-b1fc-418e-9bbc-5e5204adebc0	(None, 3)
52	2	b13338c0-b1fc-418e-9bbc-5e5204adebc0	((7, 12), 3)
52	3	b13338c0-b1fc-418e-9bbc-5e5204adebc0	((20, 16), 1)
52	4	b13338c0-b1fc-418e-9bbc-5e5204adebc0	((18, 14), 2)
52	5	b13338c0-b1fc-418e-9bbc-5e5204adebc0	((7, 19), 3)
52	6	b13338c0-b1fc-418e-9bbc-5e5204adebc0	((21, 16), 2)
52	7	b13338c0-b1fc-418e-9bbc-5e5204adebc0	((9, 11), 2)
52	8	b13338c0-b1fc-418e-9bbc-5e5204adebc0	((14, 9), 1)
52	9	b13338c0-b1fc-418e-9bbc-5e5204adebc0	((9, 24), 0)
53	0	b13338c0-b1fc-418e-9bbc-5e5204adebc0	(None, 0)
53	1	b13338c0-b1fc-418e-9bbc-5e5204adebc0	(None, 3)
53	2	b13338c0-b1fc-418e-9bbc-5e5204adebc0	((7, 11), 3)
53	3	b13338c0-b1fc-418e-9bbc-5e5204adebc0	((21, 16), 2)
53	4	b13338c0-b1fc-418e-9bbc-5e5204adebc0	((18, 15), 1)
53	5	b13338c0-b1fc-418e-9bbc-5e5204adebc0	((7, 18), 3)
53	6	b13338c0-b1fc-418e-9bbc-5e5204adebc0	((22, 16), 2)
53	7	b13338c0-b1fc-418e-9bbc-5e5204adebc0	((9, 10), 3)
53	8	b13338c0-b1fc-418e-9bbc-5e5204adebc0	((14, 10), 1)
53	9	b13338c0-b1fc-418e-9bbc-5e5204adebc0	((8, 24), 0)
54	0	b13338c0-b1fc-418e-9bbc-5e5204adebc0	(None, 0)
54	1	b13338c0-b1fc-418e-9bbc-5e5204adebc0	(None, 3)
54	2	b13338c0-b1fc-418e-9bbc-5e5204adebc0	((8, 11), 2)
54	3	b13338c0-b1fc-418e-9bbc-5e5204adebc0	((22, 16), 2)
54	4	b13338c0-b1fc-418e-9bbc-5e5204adebc0	((19, 15), 2)
54	5	b13338c0-b1fc-418e-9bbc-5e5204adebc0	((7, 17), 3)
54	6	b13338c0-b1fc-418e-9bbc-5e5204adebc0	(None, 2)
54	7	b13338c0-b1fc-418e-9bbc-5e5204adebc0	((9, 9), 3)
54	8	b13338c0-b1fc-418e-9bbc-5e5204adebc0	((14, 11), 1)
54	9	b13338c0-b1fc-418e-9bbc-5e5204adebc0	((7, 24), 0)
55	0	b13338c0-b1fc-418e-9bbc-5e5204adebc0	(None, 0)
55	1	b13338c0-b1fc-418e-9bbc-5e5204adebc0	(None, 3)
55	2	b13338c0-b1fc-418e-9bbc-5e5204adebc0	((9, 11), 2)
55	3	b13338c0-b1fc-418e-9bbc-5e5204adebc0	(None, 2)
55	4	b13338c0-b1fc-418e-9bbc-5e5204adebc0	((20, 15), 2)
55	5	b13338c0-b1fc-418e-9bbc-5e5204adebc0	((7, 16), 3)
55	6	b13338c0-b1fc-418e-9bbc-5e5204adebc0	(None, 2)
55	7	b13338c0-b1fc-418e-9bbc-5e5204adebc0	((10, 9), 2)
55	8	b13338c0-b1fc-418e-9bbc-5e5204adebc0	((14, 12), 1)
55	9	b13338c0-b1fc-418e-9bbc-5e5204adebc0	((7, 23), 3)
56	0	b13338c0-b1fc-418e-9bbc-5e5204adebc0	(None, 0)
56	1	b13338c0-b1fc-418e-9bbc-5e5204adebc0	(None, 3)
56	2	b13338c0-b1fc-418e-9bbc-5e5204adebc0	((9, 10), 3)
56	3	b13338c0-b1fc-418e-9bbc-5e5204adebc0	(None, 2)
56	4	b13338c0-b1fc-418e-9bbc-5e5204adebc0	((20, 16), 1)
56	5	b13338c0-b1fc-418e-9bbc-5e5204adebc0	((7, 15), 3)
56	6	b13338c0-b1fc-418e-9bbc-5e5204adebc0	(None, 2)
56	7	b13338c0-b1fc-418e-9bbc-5e5204adebc0	((10, 8), 3)
56	8	b13338c0-b1fc-418e-9bbc-5e5204adebc0	((14, 13), 1)
56	9	b13338c0-b1fc-418e-9bbc-5e5204adebc0	((7, 22), 3)
57	0	b13338c0-b1fc-418e-9bbc-5e5204adebc0	(None, 0)
57	1	b13338c0-b1fc-418e-9bbc-5e5204adebc0	(None, 3)
57	2	b13338c0-b1fc-418e-9bbc-5e5204adebc0	((9, 9), 3)
57	3	b13338c0-b1fc-418e-9bbc-5e5204adebc0	(None, 2)
57	4	b13338c0-b1fc-418e-9bbc-5e5204adebc0	((21, 16), 2)
57	5	b13338c0-b1fc-418e-9bbc-5e5204adebc0	((7, 14), 3)
57	6	b13338c0-b1fc-418e-9bbc-5e5204adebc0	(None, 2)
57	7	b13338c0-b1fc-418e-9bbc-5e5204adebc0	((10, 7), 3)
57	8	b13338c0-b1fc-418e-9bbc-5e5204adebc0	((14, 14), 1)
57	9	b13338c0-b1fc-418e-9bbc-5e5204adebc0	((7, 21), 3)
58	0	b13338c0-b1fc-418e-9bbc-5e5204adebc0	(None, 0)
58	1	b13338c0-b1fc-418e-9bbc-5e5204adebc0	(None, 3)
58	2	b13338c0-b1fc-418e-9bbc-5e5204adebc0	((10, 9), 2)
58	3	b13338c0-b1fc-418e-9bbc-5e5204adebc0	(None, 2)
58	4	b13338c0-b1fc-418e-9bbc-5e5204adebc0	((22, 16), 2)
58	5	b13338c0-b1fc-418e-9bbc-5e5204adebc0	((7, 13), 3)
58	6	b13338c0-b1fc-418e-9bbc-5e5204adebc0	(None, 2)
58	7	b13338c0-b1fc-418e-9bbc-5e5204adebc0	(None, 3)
58	8	b13338c0-b1fc-418e-9bbc-5e5204adebc0	((15, 14), 2)
58	9	b13338c0-b1fc-418e-9bbc-5e5204adebc0	((7, 20), 3)
59	0	b13338c0-b1fc-418e-9bbc-5e5204adebc0	(None, 0)
59	1	b13338c0-b1fc-418e-9bbc-5e5204adebc0	(None, 3)
59	2	b13338c0-b1fc-418e-9bbc-5e5204adebc0	((10, 8), 3)
59	3	b13338c0-b1fc-418e-9bbc-5e5204adebc0	(None, 2)
59	4	b13338c0-b1fc-418e-9bbc-5e5204adebc0	(None, 2)
59	5	b13338c0-b1fc-418e-9bbc-5e5204adebc0	((7, 12), 3)
59	6	b13338c0-b1fc-418e-9bbc-5e5204adebc0	(None, 2)
59	7	b13338c0-b1fc-418e-9bbc-5e5204adebc0	(None, 3)
59	8	b13338c0-b1fc-418e-9bbc-5e5204adebc0	((16, 14), 2)
59	9	b13338c0-b1fc-418e-9bbc-5e5204adebc0	((7, 19), 3)
60	0	b13338c0-b1fc-418e-9bbc-5e5204adebc0	(None, 0)
60	1	b13338c0-b1fc-418e-9bbc-5e5204adebc0	(None, 3)
60	2	b13338c0-b1fc-418e-9bbc-5e5204adebc0	((10, 7), 3)
60	3	b13338c0-b1fc-418e-9bbc-5e5204adebc0	(None, 2)
60	4	b13338c0-b1fc-418e-9bbc-5e5204adebc0	(None, 2)
60	5	b13338c0-b1fc-418e-9bbc-5e5204adebc0	((7, 11), 3)
60	6	b13338c0-b1fc-418e-9bbc-5e5204adebc0	(None, 2)
60	7	b13338c0-b1fc-418e-9bbc-5e5204adebc0	(None, 3)
60	8	b13338c0-b1fc-418e-9bbc-5e5204adebc0	((17, 14), 2)
60	9	b13338c0-b1fc-418e-9bbc-5e5204adebc0	((7, 18), 3)
61	0	b13338c0-b1fc-418e-9bbc-5e5204adebc0	(None, 0)
61	1	b13338c0-b1fc-418e-9bbc-5e5204adebc0	(None, 3)
61	2	b13338c0-b1fc-418e-9bbc-5e5204adebc0	(None, 3)
61	3	b13338c0-b1fc-418e-9bbc-5e5204adebc0	(None, 2)
61	4	b13338c0-b1fc-418e-9bbc-5e5204adebc0	(None, 2)
61	5	b13338c0-b1fc-418e-9bbc-5e5204adebc0	((8, 11), 2)
61	6	b13338c0-b1fc-418e-9bbc-5e5204adebc0	(None, 2)
61	7	b13338c0-b1fc-418e-9bbc-5e5204adebc0	(None, 3)
61	8	b13338c0-b1fc-418e-9bbc-5e5204adebc0	((18, 14), 2)
61	9	b13338c0-b1fc-418e-9bbc-5e5204adebc0	((7, 17), 3)
62	0	b13338c0-b1fc-418e-9bbc-5e5204adebc0	(None, 0)
62	1	b13338c0-b1fc-418e-9bbc-5e5204adebc0	(None, 3)
62	2	b13338c0-b1fc-418e-9bbc-5e5204adebc0	(None, 3)
62	3	b13338c0-b1fc-418e-9bbc-5e5204adebc0	(None, 2)
62	4	b13338c0-b1fc-418e-9bbc-5e5204adebc0	(None, 2)
62	5	b13338c0-b1fc-418e-9bbc-5e5204adebc0	((9, 11), 2)
62	6	b13338c0-b1fc-418e-9bbc-5e5204adebc0	(None, 2)
62	7	b13338c0-b1fc-418e-9bbc-5e5204adebc0	(None, 3)
62	8	b13338c0-b1fc-418e-9bbc-5e5204adebc0	((18, 15), 1)
62	9	b13338c0-b1fc-418e-9bbc-5e5204adebc0	((7, 16), 3)
63	0	b13338c0-b1fc-418e-9bbc-5e5204adebc0	(None, 0)
63	1	b13338c0-b1fc-418e-9bbc-5e5204adebc0	(None, 3)
63	2	b13338c0-b1fc-418e-9bbc-5e5204adebc0	(None, 3)
63	3	b13338c0-b1fc-418e-9bbc-5e5204adebc0	(None, 2)
63	4	b13338c0-b1fc-418e-9bbc-5e5204adebc0	(None, 2)
63	5	b13338c0-b1fc-418e-9bbc-5e5204adebc0	((9, 10), 3)
63	6	b13338c0-b1fc-418e-9bbc-5e5204adebc0	(None, 2)
63	7	b13338c0-b1fc-418e-9bbc-5e5204adebc0	(None, 3)
63	8	b13338c0-b1fc-418e-9bbc-5e5204adebc0	((19, 15), 2)
63	9	b13338c0-b1fc-418e-9bbc-5e5204adebc0	((7, 15), 3)
64	0	b13338c0-b1fc-418e-9bbc-5e5204adebc0	(None, 0)
64	1	b13338c0-b1fc-418e-9bbc-5e5204adebc0	(None, 3)
64	2	b13338c0-b1fc-418e-9bbc-5e5204adebc0	(None, 3)
64	3	b13338c0-b1fc-418e-9bbc-5e5204adebc0	(None, 2)
64	4	b13338c0-b1fc-418e-9bbc-5e5204adebc0	(None, 2)
64	5	b13338c0-b1fc-418e-9bbc-5e5204adebc0	((9, 9), 3)
64	6	b13338c0-b1fc-418e-9bbc-5e5204adebc0	(None, 2)
64	7	b13338c0-b1fc-418e-9bbc-5e5204adebc0	(None, 3)
64	8	b13338c0-b1fc-418e-9bbc-5e5204adebc0	((20, 15), 2)
64	9	b13338c0-b1fc-418e-9bbc-5e5204adebc0	((7, 14), 3)
65	0	b13338c0-b1fc-418e-9bbc-5e5204adebc0	(None, 0)
65	1	b13338c0-b1fc-418e-9bbc-5e5204adebc0	(None, 3)
65	2	b13338c0-b1fc-418e-9bbc-5e5204adebc0	(None, 3)
65	3	b13338c0-b1fc-418e-9bbc-5e5204adebc0	(None, 2)
65	4	b13338c0-b1fc-418e-9bbc-5e5204adebc0	(None, 2)
65	5	b13338c0-b1fc-418e-9bbc-5e5204adebc0	((10, 9), 2)
65	6	b13338c0-b1fc-418e-9bbc-5e5204adebc0	(None, 2)
65	7	b13338c0-b1fc-418e-9bbc-5e5204adebc0	(None, 3)
65	8	b13338c0-b1fc-418e-9bbc-5e5204adebc0	((20, 16), 1)
65	9	b13338c0-b1fc-418e-9bbc-5e5204adebc0	((7, 13), 3)
66	0	b13338c0-b1fc-418e-9bbc-5e5204adebc0	(None, 0)
66	1	b13338c0-b1fc-418e-9bbc-5e5204adebc0	(None, 3)
66	2	b13338c0-b1fc-418e-9bbc-5e5204adebc0	(None, 3)
66	3	b13338c0-b1fc-418e-9bbc-5e5204adebc0	(None, 2)
66	4	b13338c0-b1fc-418e-9bbc-5e5204adebc0	(None, 2)
66	5	b13338c0-b1fc-418e-9bbc-5e5204adebc0	((10, 8), 3)
66	6	b13338c0-b1fc-418e-9bbc-5e5204adebc0	(None, 2)
66	7	b13338c0-b1fc-418e-9bbc-5e5204adebc0	(None, 3)
66	8	b13338c0-b1fc-418e-9bbc-5e5204adebc0	((21, 16), 2)
66	9	b13338c0-b1fc-418e-9bbc-5e5204adebc0	((7, 12), 3)
67	0	b13338c0-b1fc-418e-9bbc-5e5204adebc0	(None, 0)
67	1	b13338c0-b1fc-418e-9bbc-5e5204adebc0	(None, 3)
67	2	b13338c0-b1fc-418e-9bbc-5e5204adebc0	(None, 3)
67	3	b13338c0-b1fc-418e-9bbc-5e5204adebc0	(None, 2)
67	4	b13338c0-b1fc-418e-9bbc-5e5204adebc0	(None, 2)
67	5	b13338c0-b1fc-418e-9bbc-5e5204adebc0	((10, 7), 3)
67	6	b13338c0-b1fc-418e-9bbc-5e5204adebc0	(None, 2)
67	7	b13338c0-b1fc-418e-9bbc-5e5204adebc0	(None, 3)
67	8	b13338c0-b1fc-418e-9bbc-5e5204adebc0	((22, 16), 2)
67	9	b13338c0-b1fc-418e-9bbc-5e5204adebc0	((7, 11), 3)
68	0	b13338c0-b1fc-418e-9bbc-5e5204adebc0	(None, 0)
68	1	b13338c0-b1fc-418e-9bbc-5e5204adebc0	(None, 3)
68	2	b13338c0-b1fc-418e-9bbc-5e5204adebc0	(None, 3)
68	3	b13338c0-b1fc-418e-9bbc-5e5204adebc0	(None, 2)
68	4	b13338c0-b1fc-418e-9bbc-5e5204adebc0	(None, 2)
68	5	b13338c0-b1fc-418e-9bbc-5e5204adebc0	(None, 3)
68	6	b13338c0-b1fc-418e-9bbc-5e5204adebc0	(None, 2)
68	7	b13338c0-b1fc-418e-9bbc-5e5204adebc0	(None, 3)
68	8	b13338c0-b1fc-418e-9bbc-5e5204adebc0	(None, 2)
68	9	b13338c0-b1fc-418e-9bbc-5e5204adebc0	((8, 11), 2)
69	0	b13338c0-b1fc-418e-9bbc-5e5204adebc0	(None, 0)
69	1	b13338c0-b1fc-418e-9bbc-5e5204adebc0	(None, 3)
69	2	b13338c0-b1fc-418e-9bbc-5e5204adebc0	(None, 3)
69	3	b13338c0-b1fc-418e-9bbc-5e5204adebc0	(None, 2)
69	4	b13338c0-b1fc-418e-9bbc-5e5204adebc0	(None, 2)
69	5	b13338c0-b1fc-418e-9bbc-5e5204adebc0	(None, 3)
69	6	b13338c0-b1fc-418e-9bbc-5e5204adebc0	(None, 2)
69	7	b13338c0-b1fc-418e-9bbc-5e5204adebc0	(None, 3)
69	8	b13338c0-b1fc-418e-9bbc-5e5204adebc0	(None, 2)
69	9	b13338c0-b1fc-418e-9bbc-5e5204adebc0	((9, 11), 2)
70	0	b13338c0-b1fc-418e-9bbc-5e5204adebc0	(None, 0)
70	1	b13338c0-b1fc-418e-9bbc-5e5204adebc0	(None, 3)
70	2	b13338c0-b1fc-418e-9bbc-5e5204adebc0	(None, 3)
70	3	b13338c0-b1fc-418e-9bbc-5e5204adebc0	(None, 2)
70	4	b13338c0-b1fc-418e-9bbc-5e5204adebc0	(None, 2)
70	5	b13338c0-b1fc-418e-9bbc-5e5204adebc0	(None, 3)
70	6	b13338c0-b1fc-418e-9bbc-5e5204adebc0	(None, 2)
70	7	b13338c0-b1fc-418e-9bbc-5e5204adebc0	(None, 3)
70	8	b13338c0-b1fc-418e-9bbc-5e5204adebc0	(None, 2)
70	9	b13338c0-b1fc-418e-9bbc-5e5204adebc0	((9, 10), 3)
71	0	b13338c0-b1fc-418e-9bbc-5e5204adebc0	(None, 0)
71	1	b13338c0-b1fc-418e-9bbc-5e5204adebc0	(None, 3)
71	2	b13338c0-b1fc-418e-9bbc-5e5204adebc0	(None, 3)
71	3	b13338c0-b1fc-418e-9bbc-5e5204adebc0	(None, 2)
71	4	b13338c0-b1fc-418e-9bbc-5e5204adebc0	(None, 2)
71	5	b13338c0-b1fc-418e-9bbc-5e5204adebc0	(None, 3)
71	6	b13338c0-b1fc-418e-9bbc-5e5204adebc0	(None, 2)
71	7	b13338c0-b1fc-418e-9bbc-5e5204adebc0	(None, 3)
71	8	b13338c0-b1fc-418e-9bbc-5e5204adebc0	(None, 2)
71	9	b13338c0-b1fc-418e-9bbc-5e5204adebc0	((9, 9), 3)
72	0	b13338c0-b1fc-418e-9bbc-5e5204adebc0	(None, 0)
72	1	b13338c0-b1fc-418e-9bbc-5e5204adebc0	(None, 3)
72	2	b13338c0-b1fc-418e-9bbc-5e5204adebc0	(None, 3)
72	3	b13338c0-b1fc-418e-9bbc-5e5204adebc0	(None, 2)
72	4	b13338c0-b1fc-418e-9bbc-5e5204adebc0	(None, 2)
72	5	b13338c0-b1fc-418e-9bbc-5e5204adebc0	(None, 3)
72	6	b13338c0-b1fc-418e-9bbc-5e5204adebc0	(None, 2)
72	7	b13338c0-b1fc-418e-9bbc-5e5204adebc0	(None, 3)
72	8	b13338c0-b1fc-418e-9bbc-5e5204adebc0	(None, 2)
72	9	b13338c0-b1fc-418e-9bbc-5e5204adebc0	((10, 9), 2)
73	0	b13338c0-b1fc-418e-9bbc-5e5204adebc0	(None, 0)
73	1	b13338c0-b1fc-418e-9bbc-5e5204adebc0	(None, 3)
73	2	b13338c0-b1fc-418e-9bbc-5e5204adebc0	(None, 3)
73	3	b13338c0-b1fc-418e-9bbc-5e5204adebc0	(None, 2)
73	4	b13338c0-b1fc-418e-9bbc-5e5204adebc0	(None, 2)
73	5	b13338c0-b1fc-418e-9bbc-5e5204adebc0	(None, 3)
73	6	b13338c0-b1fc-418e-9bbc-5e5204adebc0	(None, 2)
73	7	b13338c0-b1fc-418e-9bbc-5e5204adebc0	(None, 3)
73	8	b13338c0-b1fc-418e-9bbc-5e5204adebc0	(None, 2)
73	9	b13338c0-b1fc-418e-9bbc-5e5204adebc0	((10, 8), 3)
74	0	b13338c0-b1fc-418e-9bbc-5e5204adebc0	(None, 0)
74	1	b13338c0-b1fc-418e-9bbc-5e5204adebc0	(None, 3)
74	2	b13338c0-b1fc-418e-9bbc-5e5204adebc0	(None, 3)
74	3	b13338c0-b1fc-418e-9bbc-5e5204adebc0	(None, 2)
74	4	b13338c0-b1fc-418e-9bbc-5e5204adebc0	(None, 2)
74	5	b13338c0-b1fc-418e-9bbc-5e5204adebc0	(None, 3)
74	6	b13338c0-b1fc-418e-9bbc-5e5204adebc0	(None, 2)
74	7	b13338c0-b1fc-418e-9bbc-5e5204adebc0	(None, 3)
74	8	b13338c0-b1fc-418e-9bbc-5e5204adebc0	(None, 2)
74	9	b13338c0-b1fc-418e-9bbc-5e5204adebc0	((10, 7), 3)
75	0	b13338c0-b1fc-418e-9bbc-5e5204adebc0	(None, 0)
75	1	b13338c0-b1fc-418e-9bbc-5e5204adebc0	(None, 3)
75	2	b13338c0-b1fc-418e-9bbc-5e5204adebc0	(None, 3)
75	3	b13338c0-b1fc-418e-9bbc-5e5204adebc0	(None, 2)
75	4	b13338c0-b1fc-418e-9bbc-5e5204adebc0	(None, 2)
75	5	b13338c0-b1fc-418e-9bbc-5e5204adebc0	(None, 3)
75	6	b13338c0-b1fc-418e-9bbc-5e5204adebc0	(None, 2)
75	7	b13338c0-b1fc-418e-9bbc-5e5204adebc0	(None, 3)
75	8	b13338c0-b1fc-418e-9bbc-5e5204adebc0	(None, 2)
75	9	b13338c0-b1fc-418e-9bbc-5e5204adebc0	(None, 3)
1	0	7510b7d9-a206-42cb-801f-c72dff7093e7	(None, 2)
1	1	7510b7d9-a206-42cb-801f-c72dff7093e7	(None, 1)
1	2	7510b7d9-a206-42cb-801f-c72dff7093e7	(None, 1)
1	3	7510b7d9-a206-42cb-801f-c72dff7093e7	(None, 0)
1	4	7510b7d9-a206-42cb-801f-c72dff7093e7	(None, 2)
1	5	7510b7d9-a206-42cb-801f-c72dff7093e7	(None, 1)
1	6	7510b7d9-a206-42cb-801f-c72dff7093e7	(None, 0)
1	7	7510b7d9-a206-42cb-801f-c72dff7093e7	(None, 1)
1	8	7510b7d9-a206-42cb-801f-c72dff7093e7	(None, 3)
1	9	7510b7d9-a206-42cb-801f-c72dff7093e7	(None, 0)
2	0	7510b7d9-a206-42cb-801f-c72dff7093e7	(None, 2)
2	1	7510b7d9-a206-42cb-801f-c72dff7093e7	(None, 1)
2	2	7510b7d9-a206-42cb-801f-c72dff7093e7	(None, 1)
2	3	7510b7d9-a206-42cb-801f-c72dff7093e7	(None, 0)
2	4	7510b7d9-a206-42cb-801f-c72dff7093e7	(None, 2)
2	5	7510b7d9-a206-42cb-801f-c72dff7093e7	(None, 1)
2	6	7510b7d9-a206-42cb-801f-c72dff7093e7	(None, 0)
2	7	7510b7d9-a206-42cb-801f-c72dff7093e7	(None, 1)
2	8	7510b7d9-a206-42cb-801f-c72dff7093e7	(None, 3)
2	9	7510b7d9-a206-42cb-801f-c72dff7093e7	((11, 25), 0)
3	0	7510b7d9-a206-42cb-801f-c72dff7093e7	(None, 2)
3	1	7510b7d9-a206-42cb-801f-c72dff7093e7	(None, 1)
3	2	7510b7d9-a206-42cb-801f-c72dff7093e7	(None, 1)
3	3	7510b7d9-a206-42cb-801f-c72dff7093e7	(None, 0)
3	4	7510b7d9-a206-42cb-801f-c72dff7093e7	(None, 2)
3	5	7510b7d9-a206-42cb-801f-c72dff7093e7	(None, 1)
3	6	7510b7d9-a206-42cb-801f-c72dff7093e7	((11, 25), 0)
3	7	7510b7d9-a206-42cb-801f-c72dff7093e7	(None, 1)
3	8	7510b7d9-a206-42cb-801f-c72dff7093e7	(None, 3)
3	9	7510b7d9-a206-42cb-801f-c72dff7093e7	((10, 25), 0)
4	0	7510b7d9-a206-42cb-801f-c72dff7093e7	(None, 2)
4	1	7510b7d9-a206-42cb-801f-c72dff7093e7	(None, 1)
4	2	7510b7d9-a206-42cb-801f-c72dff7093e7	(None, 1)
4	3	7510b7d9-a206-42cb-801f-c72dff7093e7	(None, 0)
4	4	7510b7d9-a206-42cb-801f-c72dff7093e7	(None, 2)
4	5	7510b7d9-a206-42cb-801f-c72dff7093e7	(None, 1)
4	6	7510b7d9-a206-42cb-801f-c72dff7093e7	((10, 25), 0)
4	7	7510b7d9-a206-42cb-801f-c72dff7093e7	(None, 1)
4	8	7510b7d9-a206-42cb-801f-c72dff7093e7	(None, 3)
4	9	7510b7d9-a206-42cb-801f-c72dff7093e7	((9, 25), 0)
5	0	7510b7d9-a206-42cb-801f-c72dff7093e7	(None, 2)
5	1	7510b7d9-a206-42cb-801f-c72dff7093e7	(None, 1)
5	2	7510b7d9-a206-42cb-801f-c72dff7093e7	(None, 1)
5	3	7510b7d9-a206-42cb-801f-c72dff7093e7	(None, 0)
5	4	7510b7d9-a206-42cb-801f-c72dff7093e7	(None, 2)
5	5	7510b7d9-a206-42cb-801f-c72dff7093e7	(None, 1)
5	6	7510b7d9-a206-42cb-801f-c72dff7093e7	((9, 25), 0)
5	7	7510b7d9-a206-42cb-801f-c72dff7093e7	(None, 1)
5	8	7510b7d9-a206-42cb-801f-c72dff7093e7	(None, 3)
5	9	7510b7d9-a206-42cb-801f-c72dff7093e7	((8, 25), 0)
6	0	7510b7d9-a206-42cb-801f-c72dff7093e7	(None, 2)
6	1	7510b7d9-a206-42cb-801f-c72dff7093e7	(None, 1)
6	2	7510b7d9-a206-42cb-801f-c72dff7093e7	(None, 1)
6	3	7510b7d9-a206-42cb-801f-c72dff7093e7	(None, 0)
6	4	7510b7d9-a206-42cb-801f-c72dff7093e7	(None, 2)
6	5	7510b7d9-a206-42cb-801f-c72dff7093e7	(None, 1)
6	6	7510b7d9-a206-42cb-801f-c72dff7093e7	((8, 25), 0)
6	7	7510b7d9-a206-42cb-801f-c72dff7093e7	(None, 1)
6	8	7510b7d9-a206-42cb-801f-c72dff7093e7	(None, 3)
6	9	7510b7d9-a206-42cb-801f-c72dff7093e7	((7, 25), 0)
7	0	7510b7d9-a206-42cb-801f-c72dff7093e7	(None, 2)
7	1	7510b7d9-a206-42cb-801f-c72dff7093e7	(None, 1)
7	2	7510b7d9-a206-42cb-801f-c72dff7093e7	(None, 1)
7	3	7510b7d9-a206-42cb-801f-c72dff7093e7	(None, 0)
7	4	7510b7d9-a206-42cb-801f-c72dff7093e7	(None, 2)
7	5	7510b7d9-a206-42cb-801f-c72dff7093e7	((16, 9), 1)
7	6	7510b7d9-a206-42cb-801f-c72dff7093e7	((7, 25), 0)
7	7	7510b7d9-a206-42cb-801f-c72dff7093e7	(None, 1)
7	8	7510b7d9-a206-42cb-801f-c72dff7093e7	((18, 9), 3)
7	9	7510b7d9-a206-42cb-801f-c72dff7093e7	((6, 25), 0)
8	0	7510b7d9-a206-42cb-801f-c72dff7093e7	(None, 2)
8	1	7510b7d9-a206-42cb-801f-c72dff7093e7	(None, 1)
8	2	7510b7d9-a206-42cb-801f-c72dff7093e7	(None, 1)
8	3	7510b7d9-a206-42cb-801f-c72dff7093e7	(None, 0)
8	4	7510b7d9-a206-42cb-801f-c72dff7093e7	(None, 2)
8	5	7510b7d9-a206-42cb-801f-c72dff7093e7	((16, 10), 1)
8	6	7510b7d9-a206-42cb-801f-c72dff7093e7	((6, 25), 0)
8	7	7510b7d9-a206-42cb-801f-c72dff7093e7	(None, 1)
8	8	7510b7d9-a206-42cb-801f-c72dff7093e7	((18, 8), 3)
8	9	7510b7d9-a206-42cb-801f-c72dff7093e7	((6, 24), 3)
9	0	7510b7d9-a206-42cb-801f-c72dff7093e7	(None, 2)
9	1	7510b7d9-a206-42cb-801f-c72dff7093e7	(None, 1)
9	2	7510b7d9-a206-42cb-801f-c72dff7093e7	(None, 1)
9	3	7510b7d9-a206-42cb-801f-c72dff7093e7	(None, 0)
9	4	7510b7d9-a206-42cb-801f-c72dff7093e7	(None, 2)
9	5	7510b7d9-a206-42cb-801f-c72dff7093e7	((17, 10), 2)
9	6	7510b7d9-a206-42cb-801f-c72dff7093e7	((6, 24), 3)
9	7	7510b7d9-a206-42cb-801f-c72dff7093e7	(None, 1)
9	8	7510b7d9-a206-42cb-801f-c72dff7093e7	((18, 7), 3)
9	9	7510b7d9-a206-42cb-801f-c72dff7093e7	((6, 23), 3)
10	0	7510b7d9-a206-42cb-801f-c72dff7093e7	(None, 2)
10	1	7510b7d9-a206-42cb-801f-c72dff7093e7	(None, 1)
10	2	7510b7d9-a206-42cb-801f-c72dff7093e7	(None, 1)
10	3	7510b7d9-a206-42cb-801f-c72dff7093e7	(None, 0)
10	4	7510b7d9-a206-42cb-801f-c72dff7093e7	(None, 2)
10	5	7510b7d9-a206-42cb-801f-c72dff7093e7	((17, 11), 1)
10	6	7510b7d9-a206-42cb-801f-c72dff7093e7	((6, 23), 3)
10	7	7510b7d9-a206-42cb-801f-c72dff7093e7	(None, 1)
10	8	7510b7d9-a206-42cb-801f-c72dff7093e7	((18, 6), 3)
10	9	7510b7d9-a206-42cb-801f-c72dff7093e7	((6, 22), 3)
11	0	7510b7d9-a206-42cb-801f-c72dff7093e7	(None, 2)
11	1	7510b7d9-a206-42cb-801f-c72dff7093e7	(None, 1)
11	2	7510b7d9-a206-42cb-801f-c72dff7093e7	(None, 1)
11	3	7510b7d9-a206-42cb-801f-c72dff7093e7	(None, 0)
11	4	7510b7d9-a206-42cb-801f-c72dff7093e7	(None, 2)
11	5	7510b7d9-a206-42cb-801f-c72dff7093e7	((17, 12), 1)
11	6	7510b7d9-a206-42cb-801f-c72dff7093e7	((6, 22), 3)
11	7	7510b7d9-a206-42cb-801f-c72dff7093e7	(None, 1)
11	8	7510b7d9-a206-42cb-801f-c72dff7093e7	((17, 6), 0)
11	9	7510b7d9-a206-42cb-801f-c72dff7093e7	((6, 21), 3)
12	0	7510b7d9-a206-42cb-801f-c72dff7093e7	(None, 2)
12	1	7510b7d9-a206-42cb-801f-c72dff7093e7	(None, 1)
12	2	7510b7d9-a206-42cb-801f-c72dff7093e7	(None, 1)
12	3	7510b7d9-a206-42cb-801f-c72dff7093e7	(None, 0)
12	4	7510b7d9-a206-42cb-801f-c72dff7093e7	(None, 2)
12	5	7510b7d9-a206-42cb-801f-c72dff7093e7	((17, 13), 1)
12	6	7510b7d9-a206-42cb-801f-c72dff7093e7	((6, 21), 3)
12	7	7510b7d9-a206-42cb-801f-c72dff7093e7	(None, 1)
12	8	7510b7d9-a206-42cb-801f-c72dff7093e7	((17, 5), 3)
12	9	7510b7d9-a206-42cb-801f-c72dff7093e7	((6, 20), 3)
13	0	7510b7d9-a206-42cb-801f-c72dff7093e7	(None, 2)
13	1	7510b7d9-a206-42cb-801f-c72dff7093e7	(None, 1)
13	2	7510b7d9-a206-42cb-801f-c72dff7093e7	(None, 1)
13	3	7510b7d9-a206-42cb-801f-c72dff7093e7	(None, 0)
13	4	7510b7d9-a206-42cb-801f-c72dff7093e7	(None, 2)
13	5	7510b7d9-a206-42cb-801f-c72dff7093e7	((17, 14), 1)
13	6	7510b7d9-a206-42cb-801f-c72dff7093e7	((6, 20), 3)
13	7	7510b7d9-a206-42cb-801f-c72dff7093e7	(None, 1)
13	8	7510b7d9-a206-42cb-801f-c72dff7093e7	((17, 4), 3)
13	9	7510b7d9-a206-42cb-801f-c72dff7093e7	((6, 19), 3)
14	0	7510b7d9-a206-42cb-801f-c72dff7093e7	(None, 2)
14	1	7510b7d9-a206-42cb-801f-c72dff7093e7	(None, 1)
14	2	7510b7d9-a206-42cb-801f-c72dff7093e7	(None, 1)
14	3	7510b7d9-a206-42cb-801f-c72dff7093e7	(None, 0)
14	4	7510b7d9-a206-42cb-801f-c72dff7093e7	(None, 2)
14	5	7510b7d9-a206-42cb-801f-c72dff7093e7	((17, 15), 1)
14	6	7510b7d9-a206-42cb-801f-c72dff7093e7	((6, 19), 3)
14	7	7510b7d9-a206-42cb-801f-c72dff7093e7	(None, 1)
14	8	7510b7d9-a206-42cb-801f-c72dff7093e7	((18, 4), 2)
14	9	7510b7d9-a206-42cb-801f-c72dff7093e7	((6, 18), 3)
15	0	7510b7d9-a206-42cb-801f-c72dff7093e7	(None, 2)
15	1	7510b7d9-a206-42cb-801f-c72dff7093e7	(None, 1)
15	2	7510b7d9-a206-42cb-801f-c72dff7093e7	(None, 1)
15	3	7510b7d9-a206-42cb-801f-c72dff7093e7	(None, 0)
15	4	7510b7d9-a206-42cb-801f-c72dff7093e7	(None, 2)
15	5	7510b7d9-a206-42cb-801f-c72dff7093e7	((17, 16), 1)
15	6	7510b7d9-a206-42cb-801f-c72dff7093e7	((6, 18), 3)
15	7	7510b7d9-a206-42cb-801f-c72dff7093e7	(None, 1)
15	8	7510b7d9-a206-42cb-801f-c72dff7093e7	((19, 4), 2)
15	9	7510b7d9-a206-42cb-801f-c72dff7093e7	((6, 17), 3)
16	0	7510b7d9-a206-42cb-801f-c72dff7093e7	(None, 2)
16	1	7510b7d9-a206-42cb-801f-c72dff7093e7	(None, 1)
16	2	7510b7d9-a206-42cb-801f-c72dff7093e7	(None, 1)
16	3	7510b7d9-a206-42cb-801f-c72dff7093e7	(None, 0)
16	4	7510b7d9-a206-42cb-801f-c72dff7093e7	(None, 2)
16	5	7510b7d9-a206-42cb-801f-c72dff7093e7	((17, 17), 1)
16	6	7510b7d9-a206-42cb-801f-c72dff7093e7	((6, 17), 3)
16	7	7510b7d9-a206-42cb-801f-c72dff7093e7	((18, 9), 1)
16	8	7510b7d9-a206-42cb-801f-c72dff7093e7	((20, 4), 2)
16	9	7510b7d9-a206-42cb-801f-c72dff7093e7	((6, 16), 3)
17	0	7510b7d9-a206-42cb-801f-c72dff7093e7	(None, 2)
17	1	7510b7d9-a206-42cb-801f-c72dff7093e7	(None, 1)
17	2	7510b7d9-a206-42cb-801f-c72dff7093e7	(None, 1)
17	3	7510b7d9-a206-42cb-801f-c72dff7093e7	(None, 0)
17	4	7510b7d9-a206-42cb-801f-c72dff7093e7	(None, 2)
17	5	7510b7d9-a206-42cb-801f-c72dff7093e7	((17, 18), 1)
17	6	7510b7d9-a206-42cb-801f-c72dff7093e7	((6, 16), 3)
17	7	7510b7d9-a206-42cb-801f-c72dff7093e7	((18, 10), 1)
17	8	7510b7d9-a206-42cb-801f-c72dff7093e7	((21, 4), 2)
17	9	7510b7d9-a206-42cb-801f-c72dff7093e7	((6, 15), 3)
18	0	7510b7d9-a206-42cb-801f-c72dff7093e7	(None, 2)
18	1	7510b7d9-a206-42cb-801f-c72dff7093e7	(None, 1)
18	2	7510b7d9-a206-42cb-801f-c72dff7093e7	(None, 1)
18	3	7510b7d9-a206-42cb-801f-c72dff7093e7	(None, 0)
18	4	7510b7d9-a206-42cb-801f-c72dff7093e7	(None, 2)
18	5	7510b7d9-a206-42cb-801f-c72dff7093e7	((17, 19), 1)
18	6	7510b7d9-a206-42cb-801f-c72dff7093e7	((6, 15), 3)
18	7	7510b7d9-a206-42cb-801f-c72dff7093e7	((18, 11), 1)
18	8	7510b7d9-a206-42cb-801f-c72dff7093e7	((22, 4), 2)
18	9	7510b7d9-a206-42cb-801f-c72dff7093e7	((6, 14), 3)
19	0	7510b7d9-a206-42cb-801f-c72dff7093e7	(None, 2)
19	1	7510b7d9-a206-42cb-801f-c72dff7093e7	(None, 1)
19	2	7510b7d9-a206-42cb-801f-c72dff7093e7	(None, 1)
19	3	7510b7d9-a206-42cb-801f-c72dff7093e7	(None, 0)
19	4	7510b7d9-a206-42cb-801f-c72dff7093e7	(None, 2)
19	5	7510b7d9-a206-42cb-801f-c72dff7093e7	((17, 20), 1)
19	6	7510b7d9-a206-42cb-801f-c72dff7093e7	((6, 14), 3)
19	7	7510b7d9-a206-42cb-801f-c72dff7093e7	((18, 12), 1)
19	8	7510b7d9-a206-42cb-801f-c72dff7093e7	((22, 5), 1)
19	9	7510b7d9-a206-42cb-801f-c72dff7093e7	((7, 14), 2)
20	0	7510b7d9-a206-42cb-801f-c72dff7093e7	(None, 2)
20	1	7510b7d9-a206-42cb-801f-c72dff7093e7	(None, 1)
20	2	7510b7d9-a206-42cb-801f-c72dff7093e7	(None, 1)
20	3	7510b7d9-a206-42cb-801f-c72dff7093e7	(None, 0)
20	4	7510b7d9-a206-42cb-801f-c72dff7093e7	(None, 2)
20	5	7510b7d9-a206-42cb-801f-c72dff7093e7	((18, 20), 2)
20	6	7510b7d9-a206-42cb-801f-c72dff7093e7	((7, 14), 2)
20	7	7510b7d9-a206-42cb-801f-c72dff7093e7	((17, 12), 0)
20	8	7510b7d9-a206-42cb-801f-c72dff7093e7	((22, 6), 1)
20	9	7510b7d9-a206-42cb-801f-c72dff7093e7	((8, 14), 2)
21	0	7510b7d9-a206-42cb-801f-c72dff7093e7	((11, 23), 2)
21	1	7510b7d9-a206-42cb-801f-c72dff7093e7	((18, 9), 1)
21	2	7510b7d9-a206-42cb-801f-c72dff7093e7	(None, 1)
21	3	7510b7d9-a206-42cb-801f-c72dff7093e7	(None, 0)
21	4	7510b7d9-a206-42cb-801f-c72dff7093e7	(None, 2)
21	5	7510b7d9-a206-42cb-801f-c72dff7093e7	((19, 20), 2)
21	6	7510b7d9-a206-42cb-801f-c72dff7093e7	((8, 14), 2)
21	7	7510b7d9-a206-42cb-801f-c72dff7093e7	((17, 13), 1)
21	8	7510b7d9-a206-42cb-801f-c72dff7093e7	((22, 7), 1)
21	9	7510b7d9-a206-42cb-801f-c72dff7093e7	((9, 14), 2)
22	0	7510b7d9-a206-42cb-801f-c72dff7093e7	((12, 23), 2)
22	1	7510b7d9-a206-42cb-801f-c72dff7093e7	((18, 10), 1)
22	2	7510b7d9-a206-42cb-801f-c72dff7093e7	(None, 1)
22	3	7510b7d9-a206-42cb-801f-c72dff7093e7	(None, 0)
22	4	7510b7d9-a206-42cb-801f-c72dff7093e7	(None, 2)
22	5	7510b7d9-a206-42cb-801f-c72dff7093e7	((20, 20), 2)
22	6	7510b7d9-a206-42cb-801f-c72dff7093e7	((9, 14), 2)
22	7	7510b7d9-a206-42cb-801f-c72dff7093e7	((17, 14), 1)
22	8	7510b7d9-a206-42cb-801f-c72dff7093e7	((22, 8), 1)
22	9	7510b7d9-a206-42cb-801f-c72dff7093e7	((10, 14), 2)
23	0	7510b7d9-a206-42cb-801f-c72dff7093e7	((12, 24), 1)
23	1	7510b7d9-a206-42cb-801f-c72dff7093e7	((18, 11), 1)
23	2	7510b7d9-a206-42cb-801f-c72dff7093e7	(None, 1)
23	3	7510b7d9-a206-42cb-801f-c72dff7093e7	(None, 0)
23	4	7510b7d9-a206-42cb-801f-c72dff7093e7	(None, 2)
23	5	7510b7d9-a206-42cb-801f-c72dff7093e7	((21, 20), 2)
23	6	7510b7d9-a206-42cb-801f-c72dff7093e7	((10, 14), 2)
23	7	7510b7d9-a206-42cb-801f-c72dff7093e7	((17, 15), 1)
23	8	7510b7d9-a206-42cb-801f-c72dff7093e7	((22, 9), 1)
23	9	7510b7d9-a206-42cb-801f-c72dff7093e7	((11, 14), 2)
24	0	7510b7d9-a206-42cb-801f-c72dff7093e7	((13, 24), 2)
24	1	7510b7d9-a206-42cb-801f-c72dff7093e7	((18, 12), 1)
24	2	7510b7d9-a206-42cb-801f-c72dff7093e7	((16, 9), 1)
24	3	7510b7d9-a206-42cb-801f-c72dff7093e7	(None, 0)
24	4	7510b7d9-a206-42cb-801f-c72dff7093e7	(None, 2)
24	5	7510b7d9-a206-42cb-801f-c72dff7093e7	((22, 20), 2)
24	6	7510b7d9-a206-42cb-801f-c72dff7093e7	((11, 14), 2)
24	7	7510b7d9-a206-42cb-801f-c72dff7093e7	((17, 16), 1)
24	8	7510b7d9-a206-42cb-801f-c72dff7093e7	((22, 10), 1)
24	9	7510b7d9-a206-42cb-801f-c72dff7093e7	((12, 14), 2)
25	0	7510b7d9-a206-42cb-801f-c72dff7093e7	((14, 24), 2)
25	1	7510b7d9-a206-42cb-801f-c72dff7093e7	((17, 12), 0)
25	2	7510b7d9-a206-42cb-801f-c72dff7093e7	((16, 10), 1)
25	3	7510b7d9-a206-42cb-801f-c72dff7093e7	(None, 0)
25	4	7510b7d9-a206-42cb-801f-c72dff7093e7	(None, 2)
25	5	7510b7d9-a206-42cb-801f-c72dff7093e7	(None, 2)
25	6	7510b7d9-a206-42cb-801f-c72dff7093e7	((12, 14), 2)
25	7	7510b7d9-a206-42cb-801f-c72dff7093e7	((17, 17), 1)
25	8	7510b7d9-a206-42cb-801f-c72dff7093e7	((22, 11), 1)
25	9	7510b7d9-a206-42cb-801f-c72dff7093e7	((13, 14), 2)
26	0	7510b7d9-a206-42cb-801f-c72dff7093e7	((15, 24), 2)
26	1	7510b7d9-a206-42cb-801f-c72dff7093e7	((17, 13), 1)
26	2	7510b7d9-a206-42cb-801f-c72dff7093e7	((17, 10), 2)
26	3	7510b7d9-a206-42cb-801f-c72dff7093e7	(None, 0)
26	4	7510b7d9-a206-42cb-801f-c72dff7093e7	(None, 2)
26	5	7510b7d9-a206-42cb-801f-c72dff7093e7	(None, 2)
26	6	7510b7d9-a206-42cb-801f-c72dff7093e7	((13, 14), 2)
26	7	7510b7d9-a206-42cb-801f-c72dff7093e7	((17, 18), 1)
26	8	7510b7d9-a206-42cb-801f-c72dff7093e7	((22, 12), 1)
26	9	7510b7d9-a206-42cb-801f-c72dff7093e7	((14, 14), 2)
27	0	7510b7d9-a206-42cb-801f-c72dff7093e7	((16, 24), 2)
27	1	7510b7d9-a206-42cb-801f-c72dff7093e7	((17, 14), 1)
27	2	7510b7d9-a206-42cb-801f-c72dff7093e7	((17, 11), 1)
27	3	7510b7d9-a206-42cb-801f-c72dff7093e7	(None, 0)
27	4	7510b7d9-a206-42cb-801f-c72dff7093e7	(None, 2)
27	5	7510b7d9-a206-42cb-801f-c72dff7093e7	(None, 2)
27	6	7510b7d9-a206-42cb-801f-c72dff7093e7	((14, 14), 2)
27	7	7510b7d9-a206-42cb-801f-c72dff7093e7	((17, 19), 1)
27	8	7510b7d9-a206-42cb-801f-c72dff7093e7	((22, 13), 1)
27	9	7510b7d9-a206-42cb-801f-c72dff7093e7	((15, 14), 2)
28	0	7510b7d9-a206-42cb-801f-c72dff7093e7	((17, 24), 2)
28	1	7510b7d9-a206-42cb-801f-c72dff7093e7	((17, 15), 1)
28	2	7510b7d9-a206-42cb-801f-c72dff7093e7	((17, 12), 1)
28	3	7510b7d9-a206-42cb-801f-c72dff7093e7	(None, 0)
28	4	7510b7d9-a206-42cb-801f-c72dff7093e7	(None, 2)
28	5	7510b7d9-a206-42cb-801f-c72dff7093e7	(None, 2)
28	6	7510b7d9-a206-42cb-801f-c72dff7093e7	((15, 14), 2)
28	7	7510b7d9-a206-42cb-801f-c72dff7093e7	((17, 20), 1)
28	8	7510b7d9-a206-42cb-801f-c72dff7093e7	((22, 14), 1)
28	9	7510b7d9-a206-42cb-801f-c72dff7093e7	((16, 14), 2)
29	0	7510b7d9-a206-42cb-801f-c72dff7093e7	((18, 24), 2)
29	1	7510b7d9-a206-42cb-801f-c72dff7093e7	((17, 16), 1)
29	2	7510b7d9-a206-42cb-801f-c72dff7093e7	((17, 13), 1)
29	3	7510b7d9-a206-42cb-801f-c72dff7093e7	(None, 0)
29	4	7510b7d9-a206-42cb-801f-c72dff7093e7	(None, 2)
29	5	7510b7d9-a206-42cb-801f-c72dff7093e7	(None, 2)
29	6	7510b7d9-a206-42cb-801f-c72dff7093e7	((16, 14), 2)
29	7	7510b7d9-a206-42cb-801f-c72dff7093e7	((18, 20), 2)
29	8	7510b7d9-a206-42cb-801f-c72dff7093e7	((22, 15), 1)
29	9	7510b7d9-a206-42cb-801f-c72dff7093e7	((17, 14), 2)
30	0	7510b7d9-a206-42cb-801f-c72dff7093e7	((18, 23), 3)
30	1	7510b7d9-a206-42cb-801f-c72dff7093e7	((17, 17), 1)
30	2	7510b7d9-a206-42cb-801f-c72dff7093e7	((17, 14), 1)
30	3	7510b7d9-a206-42cb-801f-c72dff7093e7	(None, 0)
30	4	7510b7d9-a206-42cb-801f-c72dff7093e7	((23, 21), 2)
30	5	7510b7d9-a206-42cb-801f-c72dff7093e7	(None, 2)
30	6	7510b7d9-a206-42cb-801f-c72dff7093e7	((16, 14), 2)
30	7	7510b7d9-a206-42cb-801f-c72dff7093e7	((19, 20), 2)
30	8	7510b7d9-a206-42cb-801f-c72dff7093e7	((21, 15), 0)
30	9	7510b7d9-a206-42cb-801f-c72dff7093e7	((17, 15), 1)
31	0	7510b7d9-a206-42cb-801f-c72dff7093e7	((18, 22), 3)
31	1	7510b7d9-a206-42cb-801f-c72dff7093e7	((17, 18), 1)
31	2	7510b7d9-a206-42cb-801f-c72dff7093e7	((17, 15), 1)
31	3	7510b7d9-a206-42cb-801f-c72dff7093e7	(None, 0)
31	4	7510b7d9-a206-42cb-801f-c72dff7093e7	((24, 21), 2)
31	5	7510b7d9-a206-42cb-801f-c72dff7093e7	(None, 2)
31	6	7510b7d9-a206-42cb-801f-c72dff7093e7	((17, 14), 2)
31	7	7510b7d9-a206-42cb-801f-c72dff7093e7	((20, 20), 2)
31	8	7510b7d9-a206-42cb-801f-c72dff7093e7	((20, 15), 0)
31	9	7510b7d9-a206-42cb-801f-c72dff7093e7	((17, 16), 1)
32	0	7510b7d9-a206-42cb-801f-c72dff7093e7	((18, 21), 3)
32	1	7510b7d9-a206-42cb-801f-c72dff7093e7	((17, 19), 1)
32	2	7510b7d9-a206-42cb-801f-c72dff7093e7	((17, 16), 1)
32	3	7510b7d9-a206-42cb-801f-c72dff7093e7	(None, 0)
32	4	7510b7d9-a206-42cb-801f-c72dff7093e7	((25, 21), 2)
32	5	7510b7d9-a206-42cb-801f-c72dff7093e7	(None, 2)
32	6	7510b7d9-a206-42cb-801f-c72dff7093e7	((17, 15), 1)
32	7	7510b7d9-a206-42cb-801f-c72dff7093e7	((21, 20), 2)
32	8	7510b7d9-a206-42cb-801f-c72dff7093e7	((19, 15), 0)
32	9	7510b7d9-a206-42cb-801f-c72dff7093e7	((17, 17), 1)
33	0	7510b7d9-a206-42cb-801f-c72dff7093e7	((18, 20), 3)
33	1	7510b7d9-a206-42cb-801f-c72dff7093e7	((17, 20), 1)
33	2	7510b7d9-a206-42cb-801f-c72dff7093e7	((17, 17), 1)
33	3	7510b7d9-a206-42cb-801f-c72dff7093e7	(None, 0)
33	4	7510b7d9-a206-42cb-801f-c72dff7093e7	((26, 21), 2)
33	5	7510b7d9-a206-42cb-801f-c72dff7093e7	(None, 2)
33	6	7510b7d9-a206-42cb-801f-c72dff7093e7	((17, 16), 1)
33	7	7510b7d9-a206-42cb-801f-c72dff7093e7	((22, 20), 2)
33	8	7510b7d9-a206-42cb-801f-c72dff7093e7	((18, 15), 0)
33	9	7510b7d9-a206-42cb-801f-c72dff7093e7	((17, 18), 1)
34	0	7510b7d9-a206-42cb-801f-c72dff7093e7	((19, 20), 2)
34	1	7510b7d9-a206-42cb-801f-c72dff7093e7	((18, 20), 2)
34	2	7510b7d9-a206-42cb-801f-c72dff7093e7	((17, 18), 1)
34	3	7510b7d9-a206-42cb-801f-c72dff7093e7	(None, 0)
34	4	7510b7d9-a206-42cb-801f-c72dff7093e7	((27, 21), 2)
34	5	7510b7d9-a206-42cb-801f-c72dff7093e7	(None, 2)
34	6	7510b7d9-a206-42cb-801f-c72dff7093e7	((17, 17), 1)
34	7	7510b7d9-a206-42cb-801f-c72dff7093e7	((23, 20), 2)
34	8	7510b7d9-a206-42cb-801f-c72dff7093e7	((18, 16), 1)
34	9	7510b7d9-a206-42cb-801f-c72dff7093e7	((17, 19), 1)
35	0	7510b7d9-a206-42cb-801f-c72dff7093e7	((20, 20), 2)
35	1	7510b7d9-a206-42cb-801f-c72dff7093e7	((19, 20), 2)
35	2	7510b7d9-a206-42cb-801f-c72dff7093e7	((17, 19), 1)
35	3	7510b7d9-a206-42cb-801f-c72dff7093e7	(None, 0)
35	4	7510b7d9-a206-42cb-801f-c72dff7093e7	((28, 21), 2)
35	5	7510b7d9-a206-42cb-801f-c72dff7093e7	(None, 2)
35	6	7510b7d9-a206-42cb-801f-c72dff7093e7	((17, 18), 1)
35	7	7510b7d9-a206-42cb-801f-c72dff7093e7	((24, 20), 2)
35	8	7510b7d9-a206-42cb-801f-c72dff7093e7	((18, 17), 1)
35	9	7510b7d9-a206-42cb-801f-c72dff7093e7	((17, 20), 1)
36	0	7510b7d9-a206-42cb-801f-c72dff7093e7	((21, 20), 2)
36	1	7510b7d9-a206-42cb-801f-c72dff7093e7	((20, 20), 2)
36	2	7510b7d9-a206-42cb-801f-c72dff7093e7	((17, 20), 1)
36	3	7510b7d9-a206-42cb-801f-c72dff7093e7	(None, 0)
36	4	7510b7d9-a206-42cb-801f-c72dff7093e7	((28, 20), 3)
36	5	7510b7d9-a206-42cb-801f-c72dff7093e7	(None, 2)
36	6	7510b7d9-a206-42cb-801f-c72dff7093e7	((17, 19), 1)
36	7	7510b7d9-a206-42cb-801f-c72dff7093e7	((25, 20), 2)
36	8	7510b7d9-a206-42cb-801f-c72dff7093e7	((18, 18), 1)
36	9	7510b7d9-a206-42cb-801f-c72dff7093e7	((18, 20), 2)
37	0	7510b7d9-a206-42cb-801f-c72dff7093e7	((22, 20), 2)
37	1	7510b7d9-a206-42cb-801f-c72dff7093e7	((21, 20), 2)
37	2	7510b7d9-a206-42cb-801f-c72dff7093e7	((18, 20), 2)
37	3	7510b7d9-a206-42cb-801f-c72dff7093e7	(None, 0)
37	4	7510b7d9-a206-42cb-801f-c72dff7093e7	((28, 19), 3)
37	5	7510b7d9-a206-42cb-801f-c72dff7093e7	(None, 2)
37	6	7510b7d9-a206-42cb-801f-c72dff7093e7	((17, 20), 1)
37	7	7510b7d9-a206-42cb-801f-c72dff7093e7	((26, 20), 2)
37	8	7510b7d9-a206-42cb-801f-c72dff7093e7	((18, 19), 1)
37	9	7510b7d9-a206-42cb-801f-c72dff7093e7	((19, 20), 2)
38	0	7510b7d9-a206-42cb-801f-c72dff7093e7	((23, 20), 2)
38	1	7510b7d9-a206-42cb-801f-c72dff7093e7	((22, 20), 2)
38	2	7510b7d9-a206-42cb-801f-c72dff7093e7	((19, 20), 2)
38	3	7510b7d9-a206-42cb-801f-c72dff7093e7	(None, 0)
38	4	7510b7d9-a206-42cb-801f-c72dff7093e7	((28, 18), 3)
38	5	7510b7d9-a206-42cb-801f-c72dff7093e7	(None, 2)
38	6	7510b7d9-a206-42cb-801f-c72dff7093e7	((18, 20), 2)
38	7	7510b7d9-a206-42cb-801f-c72dff7093e7	((27, 20), 2)
38	8	7510b7d9-a206-42cb-801f-c72dff7093e7	((18, 19), 1)
38	9	7510b7d9-a206-42cb-801f-c72dff7093e7	((20, 20), 2)
39	0	7510b7d9-a206-42cb-801f-c72dff7093e7	((24, 20), 2)
39	1	7510b7d9-a206-42cb-801f-c72dff7093e7	((23, 20), 2)
39	2	7510b7d9-a206-42cb-801f-c72dff7093e7	((20, 20), 2)
39	3	7510b7d9-a206-42cb-801f-c72dff7093e7	(None, 0)
39	4	7510b7d9-a206-42cb-801f-c72dff7093e7	((28, 17), 3)
39	5	7510b7d9-a206-42cb-801f-c72dff7093e7	(None, 2)
39	6	7510b7d9-a206-42cb-801f-c72dff7093e7	((19, 20), 2)
39	7	7510b7d9-a206-42cb-801f-c72dff7093e7	((28, 20), 2)
39	8	7510b7d9-a206-42cb-801f-c72dff7093e7	((18, 20), 1)
39	9	7510b7d9-a206-42cb-801f-c72dff7093e7	((21, 20), 2)
40	0	7510b7d9-a206-42cb-801f-c72dff7093e7	((25, 20), 2)
40	1	7510b7d9-a206-42cb-801f-c72dff7093e7	((24, 20), 2)
40	2	7510b7d9-a206-42cb-801f-c72dff7093e7	((20, 21), 1)
40	3	7510b7d9-a206-42cb-801f-c72dff7093e7	(None, 0)
40	4	7510b7d9-a206-42cb-801f-c72dff7093e7	((28, 16), 3)
40	5	7510b7d9-a206-42cb-801f-c72dff7093e7	(None, 2)
40	6	7510b7d9-a206-42cb-801f-c72dff7093e7	((20, 20), 2)
40	7	7510b7d9-a206-42cb-801f-c72dff7093e7	((28, 19), 3)
40	8	7510b7d9-a206-42cb-801f-c72dff7093e7	((18, 21), 1)
40	9	7510b7d9-a206-42cb-801f-c72dff7093e7	((22, 20), 2)
41	0	7510b7d9-a206-42cb-801f-c72dff7093e7	((26, 20), 2)
41	1	7510b7d9-a206-42cb-801f-c72dff7093e7	((25, 20), 2)
41	2	7510b7d9-a206-42cb-801f-c72dff7093e7	((21, 21), 2)
41	3	7510b7d9-a206-42cb-801f-c72dff7093e7	(None, 0)
41	4	7510b7d9-a206-42cb-801f-c72dff7093e7	((28, 15), 3)
41	5	7510b7d9-a206-42cb-801f-c72dff7093e7	(None, 2)
41	6	7510b7d9-a206-42cb-801f-c72dff7093e7	((21, 20), 2)
41	7	7510b7d9-a206-42cb-801f-c72dff7093e7	((28, 18), 3)
41	8	7510b7d9-a206-42cb-801f-c72dff7093e7	((18, 22), 1)
41	9	7510b7d9-a206-42cb-801f-c72dff7093e7	((23, 20), 2)
42	0	7510b7d9-a206-42cb-801f-c72dff7093e7	((27, 20), 2)
42	1	7510b7d9-a206-42cb-801f-c72dff7093e7	((26, 20), 2)
42	2	7510b7d9-a206-42cb-801f-c72dff7093e7	((22, 21), 2)
42	3	7510b7d9-a206-42cb-801f-c72dff7093e7	(None, 0)
42	4	7510b7d9-a206-42cb-801f-c72dff7093e7	((28, 14), 3)
42	5	7510b7d9-a206-42cb-801f-c72dff7093e7	(None, 2)
42	6	7510b7d9-a206-42cb-801f-c72dff7093e7	((22, 20), 2)
42	7	7510b7d9-a206-42cb-801f-c72dff7093e7	((28, 17), 3)
42	8	7510b7d9-a206-42cb-801f-c72dff7093e7	((18, 23), 1)
42	9	7510b7d9-a206-42cb-801f-c72dff7093e7	((24, 20), 2)
43	0	7510b7d9-a206-42cb-801f-c72dff7093e7	((28, 20), 2)
43	1	7510b7d9-a206-42cb-801f-c72dff7093e7	((27, 20), 2)
43	2	7510b7d9-a206-42cb-801f-c72dff7093e7	((22, 22), 1)
43	3	7510b7d9-a206-42cb-801f-c72dff7093e7	(None, 0)
43	4	7510b7d9-a206-42cb-801f-c72dff7093e7	((27, 14), 0)
43	5	7510b7d9-a206-42cb-801f-c72dff7093e7	(None, 2)
43	6	7510b7d9-a206-42cb-801f-c72dff7093e7	((23, 20), 2)
43	7	7510b7d9-a206-42cb-801f-c72dff7093e7	((28, 16), 3)
43	8	7510b7d9-a206-42cb-801f-c72dff7093e7	((18, 24), 1)
43	9	7510b7d9-a206-42cb-801f-c72dff7093e7	((25, 20), 2)
44	0	7510b7d9-a206-42cb-801f-c72dff7093e7	((28, 19), 3)
44	1	7510b7d9-a206-42cb-801f-c72dff7093e7	((28, 20), 2)
44	2	7510b7d9-a206-42cb-801f-c72dff7093e7	(None, 2)
44	3	7510b7d9-a206-42cb-801f-c72dff7093e7	((23, 21), 0)
44	4	7510b7d9-a206-42cb-801f-c72dff7093e7	((26, 14), 0)
44	5	7510b7d9-a206-42cb-801f-c72dff7093e7	(None, 2)
44	6	7510b7d9-a206-42cb-801f-c72dff7093e7	((24, 20), 2)
44	7	7510b7d9-a206-42cb-801f-c72dff7093e7	((28, 15), 3)
44	8	7510b7d9-a206-42cb-801f-c72dff7093e7	((17, 24), 0)
44	9	7510b7d9-a206-42cb-801f-c72dff7093e7	((26, 20), 2)
45	0	7510b7d9-a206-42cb-801f-c72dff7093e7	((28, 18), 3)
45	1	7510b7d9-a206-42cb-801f-c72dff7093e7	((28, 19), 3)
45	2	7510b7d9-a206-42cb-801f-c72dff7093e7	(None, 2)
45	3	7510b7d9-a206-42cb-801f-c72dff7093e7	((22, 21), 0)
45	4	7510b7d9-a206-42cb-801f-c72dff7093e7	((25, 14), 0)
45	5	7510b7d9-a206-42cb-801f-c72dff7093e7	(None, 2)
45	6	7510b7d9-a206-42cb-801f-c72dff7093e7	((25, 20), 2)
45	7	7510b7d9-a206-42cb-801f-c72dff7093e7	((28, 14), 3)
45	8	7510b7d9-a206-42cb-801f-c72dff7093e7	((16, 24), 0)
45	9	7510b7d9-a206-42cb-801f-c72dff7093e7	((27, 20), 2)
46	0	7510b7d9-a206-42cb-801f-c72dff7093e7	((28, 17), 3)
46	1	7510b7d9-a206-42cb-801f-c72dff7093e7	((28, 18), 3)
46	2	7510b7d9-a206-42cb-801f-c72dff7093e7	(None, 2)
46	3	7510b7d9-a206-42cb-801f-c72dff7093e7	((21, 21), 0)
46	4	7510b7d9-a206-42cb-801f-c72dff7093e7	((24, 14), 0)
46	5	7510b7d9-a206-42cb-801f-c72dff7093e7	(None, 2)
46	6	7510b7d9-a206-42cb-801f-c72dff7093e7	((26, 20), 2)
46	7	7510b7d9-a206-42cb-801f-c72dff7093e7	((27, 14), 0)
46	8	7510b7d9-a206-42cb-801f-c72dff7093e7	((15, 24), 0)
46	9	7510b7d9-a206-42cb-801f-c72dff7093e7	((28, 20), 2)
47	0	7510b7d9-a206-42cb-801f-c72dff7093e7	((28, 16), 3)
47	1	7510b7d9-a206-42cb-801f-c72dff7093e7	((28, 17), 3)
47	2	7510b7d9-a206-42cb-801f-c72dff7093e7	(None, 2)
47	3	7510b7d9-a206-42cb-801f-c72dff7093e7	((20, 21), 0)
47	4	7510b7d9-a206-42cb-801f-c72dff7093e7	((23, 14), 0)
47	5	7510b7d9-a206-42cb-801f-c72dff7093e7	(None, 2)
47	6	7510b7d9-a206-42cb-801f-c72dff7093e7	((27, 20), 2)
47	7	7510b7d9-a206-42cb-801f-c72dff7093e7	((26, 14), 0)
47	8	7510b7d9-a206-42cb-801f-c72dff7093e7	((14, 24), 0)
47	9	7510b7d9-a206-42cb-801f-c72dff7093e7	((28, 19), 3)
48	0	7510b7d9-a206-42cb-801f-c72dff7093e7	((28, 15), 3)
48	1	7510b7d9-a206-42cb-801f-c72dff7093e7	((28, 16), 3)
48	2	7510b7d9-a206-42cb-801f-c72dff7093e7	(None, 2)
48	3	7510b7d9-a206-42cb-801f-c72dff7093e7	((20, 20), 3)
48	4	7510b7d9-a206-42cb-801f-c72dff7093e7	((22, 14), 0)
48	5	7510b7d9-a206-42cb-801f-c72dff7093e7	(None, 2)
48	6	7510b7d9-a206-42cb-801f-c72dff7093e7	((28, 20), 2)
48	7	7510b7d9-a206-42cb-801f-c72dff7093e7	((25, 14), 0)
48	8	7510b7d9-a206-42cb-801f-c72dff7093e7	((13, 24), 0)
48	9	7510b7d9-a206-42cb-801f-c72dff7093e7	((28, 18), 3)
49	0	7510b7d9-a206-42cb-801f-c72dff7093e7	((28, 14), 3)
49	1	7510b7d9-a206-42cb-801f-c72dff7093e7	((28, 15), 3)
49	2	7510b7d9-a206-42cb-801f-c72dff7093e7	(None, 2)
49	3	7510b7d9-a206-42cb-801f-c72dff7093e7	((19, 20), 0)
49	4	7510b7d9-a206-42cb-801f-c72dff7093e7	((21, 14), 0)
49	5	7510b7d9-a206-42cb-801f-c72dff7093e7	(None, 2)
49	6	7510b7d9-a206-42cb-801f-c72dff7093e7	((28, 19), 3)
49	7	7510b7d9-a206-42cb-801f-c72dff7093e7	((24, 14), 0)
49	8	7510b7d9-a206-42cb-801f-c72dff7093e7	((12, 24), 0)
49	9	7510b7d9-a206-42cb-801f-c72dff7093e7	((28, 17), 3)
50	0	7510b7d9-a206-42cb-801f-c72dff7093e7	((27, 14), 0)
50	1	7510b7d9-a206-42cb-801f-c72dff7093e7	((28, 14), 3)
50	2	7510b7d9-a206-42cb-801f-c72dff7093e7	(None, 2)
50	3	7510b7d9-a206-42cb-801f-c72dff7093e7	((18, 20), 0)
50	4	7510b7d9-a206-42cb-801f-c72dff7093e7	((20, 14), 0)
50	5	7510b7d9-a206-42cb-801f-c72dff7093e7	(None, 2)
50	6	7510b7d9-a206-42cb-801f-c72dff7093e7	((28, 18), 3)
50	7	7510b7d9-a206-42cb-801f-c72dff7093e7	((23, 14), 0)
50	8	7510b7d9-a206-42cb-801f-c72dff7093e7	(None, 0)
50	9	7510b7d9-a206-42cb-801f-c72dff7093e7	((28, 16), 3)
51	0	7510b7d9-a206-42cb-801f-c72dff7093e7	((26, 14), 0)
51	1	7510b7d9-a206-42cb-801f-c72dff7093e7	((27, 14), 0)
51	2	7510b7d9-a206-42cb-801f-c72dff7093e7	(None, 2)
51	3	7510b7d9-a206-42cb-801f-c72dff7093e7	((17, 20), 0)
51	4	7510b7d9-a206-42cb-801f-c72dff7093e7	((19, 14), 0)
51	5	7510b7d9-a206-42cb-801f-c72dff7093e7	(None, 2)
51	6	7510b7d9-a206-42cb-801f-c72dff7093e7	((28, 17), 3)
51	7	7510b7d9-a206-42cb-801f-c72dff7093e7	((22, 14), 0)
51	8	7510b7d9-a206-42cb-801f-c72dff7093e7	(None, 0)
51	9	7510b7d9-a206-42cb-801f-c72dff7093e7	((28, 15), 3)
52	0	7510b7d9-a206-42cb-801f-c72dff7093e7	((25, 14), 0)
52	1	7510b7d9-a206-42cb-801f-c72dff7093e7	((26, 14), 0)
52	2	7510b7d9-a206-42cb-801f-c72dff7093e7	(None, 2)
52	3	7510b7d9-a206-42cb-801f-c72dff7093e7	((17, 19), 3)
52	4	7510b7d9-a206-42cb-801f-c72dff7093e7	((18, 14), 0)
52	5	7510b7d9-a206-42cb-801f-c72dff7093e7	(None, 2)
52	6	7510b7d9-a206-42cb-801f-c72dff7093e7	((28, 16), 3)
52	7	7510b7d9-a206-42cb-801f-c72dff7093e7	((21, 14), 0)
52	8	7510b7d9-a206-42cb-801f-c72dff7093e7	(None, 0)
52	9	7510b7d9-a206-42cb-801f-c72dff7093e7	((28, 14), 3)
53	0	7510b7d9-a206-42cb-801f-c72dff7093e7	((24, 14), 0)
53	1	7510b7d9-a206-42cb-801f-c72dff7093e7	((25, 14), 0)
53	2	7510b7d9-a206-42cb-801f-c72dff7093e7	(None, 2)
53	3	7510b7d9-a206-42cb-801f-c72dff7093e7	((17, 18), 3)
53	4	7510b7d9-a206-42cb-801f-c72dff7093e7	((17, 14), 0)
53	5	7510b7d9-a206-42cb-801f-c72dff7093e7	(None, 2)
53	6	7510b7d9-a206-42cb-801f-c72dff7093e7	((28, 15), 3)
53	7	7510b7d9-a206-42cb-801f-c72dff7093e7	((20, 14), 0)
53	8	7510b7d9-a206-42cb-801f-c72dff7093e7	(None, 0)
53	9	7510b7d9-a206-42cb-801f-c72dff7093e7	((27, 14), 0)
54	0	7510b7d9-a206-42cb-801f-c72dff7093e7	((23, 14), 0)
54	1	7510b7d9-a206-42cb-801f-c72dff7093e7	((24, 14), 0)
54	2	7510b7d9-a206-42cb-801f-c72dff7093e7	(None, 2)
54	3	7510b7d9-a206-42cb-801f-c72dff7093e7	((17, 17), 3)
54	4	7510b7d9-a206-42cb-801f-c72dff7093e7	((17, 13), 3)
54	5	7510b7d9-a206-42cb-801f-c72dff7093e7	(None, 2)
54	6	7510b7d9-a206-42cb-801f-c72dff7093e7	((28, 14), 3)
54	7	7510b7d9-a206-42cb-801f-c72dff7093e7	((19, 14), 0)
54	8	7510b7d9-a206-42cb-801f-c72dff7093e7	(None, 0)
54	9	7510b7d9-a206-42cb-801f-c72dff7093e7	((26, 14), 0)
55	0	7510b7d9-a206-42cb-801f-c72dff7093e7	((22, 14), 0)
55	1	7510b7d9-a206-42cb-801f-c72dff7093e7	((23, 14), 0)
55	2	7510b7d9-a206-42cb-801f-c72dff7093e7	(None, 2)
55	3	7510b7d9-a206-42cb-801f-c72dff7093e7	((17, 16), 3)
55	4	7510b7d9-a206-42cb-801f-c72dff7093e7	((17, 12), 3)
55	5	7510b7d9-a206-42cb-801f-c72dff7093e7	(None, 2)
55	6	7510b7d9-a206-42cb-801f-c72dff7093e7	((27, 14), 0)
55	7	7510b7d9-a206-42cb-801f-c72dff7093e7	((18, 14), 0)
55	8	7510b7d9-a206-42cb-801f-c72dff7093e7	(None, 0)
55	9	7510b7d9-a206-42cb-801f-c72dff7093e7	((25, 14), 0)
56	0	7510b7d9-a206-42cb-801f-c72dff7093e7	((21, 14), 0)
56	1	7510b7d9-a206-42cb-801f-c72dff7093e7	((22, 14), 0)
56	2	7510b7d9-a206-42cb-801f-c72dff7093e7	(None, 2)
56	3	7510b7d9-a206-42cb-801f-c72dff7093e7	((17, 15), 3)
56	4	7510b7d9-a206-42cb-801f-c72dff7093e7	((17, 11), 3)
56	5	7510b7d9-a206-42cb-801f-c72dff7093e7	(None, 2)
56	6	7510b7d9-a206-42cb-801f-c72dff7093e7	((26, 14), 0)
56	7	7510b7d9-a206-42cb-801f-c72dff7093e7	((17, 14), 0)
56	8	7510b7d9-a206-42cb-801f-c72dff7093e7	(None, 0)
56	9	7510b7d9-a206-42cb-801f-c72dff7093e7	((24, 14), 0)
57	0	7510b7d9-a206-42cb-801f-c72dff7093e7	((20, 14), 0)
57	1	7510b7d9-a206-42cb-801f-c72dff7093e7	((21, 14), 0)
57	2	7510b7d9-a206-42cb-801f-c72dff7093e7	(None, 2)
57	3	7510b7d9-a206-42cb-801f-c72dff7093e7	((17, 14), 3)
57	4	7510b7d9-a206-42cb-801f-c72dff7093e7	((17, 10), 3)
57	5	7510b7d9-a206-42cb-801f-c72dff7093e7	(None, 2)
57	6	7510b7d9-a206-42cb-801f-c72dff7093e7	((25, 14), 0)
57	7	7510b7d9-a206-42cb-801f-c72dff7093e7	((16, 14), 0)
57	8	7510b7d9-a206-42cb-801f-c72dff7093e7	(None, 0)
57	9	7510b7d9-a206-42cb-801f-c72dff7093e7	((23, 14), 0)
58	0	7510b7d9-a206-42cb-801f-c72dff7093e7	((19, 14), 0)
58	1	7510b7d9-a206-42cb-801f-c72dff7093e7	((20, 14), 0)
58	2	7510b7d9-a206-42cb-801f-c72dff7093e7	(None, 2)
58	3	7510b7d9-a206-42cb-801f-c72dff7093e7	((17, 13), 3)
58	4	7510b7d9-a206-42cb-801f-c72dff7093e7	(None, 3)
58	5	7510b7d9-a206-42cb-801f-c72dff7093e7	(None, 2)
58	6	7510b7d9-a206-42cb-801f-c72dff7093e7	((24, 14), 0)
58	7	7510b7d9-a206-42cb-801f-c72dff7093e7	((15, 14), 0)
58	8	7510b7d9-a206-42cb-801f-c72dff7093e7	(None, 0)
58	9	7510b7d9-a206-42cb-801f-c72dff7093e7	((22, 14), 0)
59	0	7510b7d9-a206-42cb-801f-c72dff7093e7	((18, 14), 0)
59	1	7510b7d9-a206-42cb-801f-c72dff7093e7	((19, 14), 0)
59	2	7510b7d9-a206-42cb-801f-c72dff7093e7	(None, 2)
59	3	7510b7d9-a206-42cb-801f-c72dff7093e7	((17, 12), 3)
59	4	7510b7d9-a206-42cb-801f-c72dff7093e7	(None, 3)
59	5	7510b7d9-a206-42cb-801f-c72dff7093e7	(None, 2)
59	6	7510b7d9-a206-42cb-801f-c72dff7093e7	((23, 14), 0)
59	7	7510b7d9-a206-42cb-801f-c72dff7093e7	((14, 14), 0)
59	8	7510b7d9-a206-42cb-801f-c72dff7093e7	(None, 0)
59	9	7510b7d9-a206-42cb-801f-c72dff7093e7	((21, 14), 0)
60	0	7510b7d9-a206-42cb-801f-c72dff7093e7	((17, 14), 0)
60	1	7510b7d9-a206-42cb-801f-c72dff7093e7	((18, 14), 0)
60	2	7510b7d9-a206-42cb-801f-c72dff7093e7	(None, 2)
60	3	7510b7d9-a206-42cb-801f-c72dff7093e7	((17, 11), 3)
60	4	7510b7d9-a206-42cb-801f-c72dff7093e7	(None, 3)
60	5	7510b7d9-a206-42cb-801f-c72dff7093e7	(None, 2)
60	6	7510b7d9-a206-42cb-801f-c72dff7093e7	((22, 14), 0)
60	7	7510b7d9-a206-42cb-801f-c72dff7093e7	((13, 14), 0)
60	8	7510b7d9-a206-42cb-801f-c72dff7093e7	(None, 0)
60	9	7510b7d9-a206-42cb-801f-c72dff7093e7	((20, 14), 0)
61	0	7510b7d9-a206-42cb-801f-c72dff7093e7	((17, 13), 3)
61	1	7510b7d9-a206-42cb-801f-c72dff7093e7	((17, 14), 0)
61	2	7510b7d9-a206-42cb-801f-c72dff7093e7	(None, 2)
61	3	7510b7d9-a206-42cb-801f-c72dff7093e7	((17, 10), 3)
61	4	7510b7d9-a206-42cb-801f-c72dff7093e7	(None, 3)
61	5	7510b7d9-a206-42cb-801f-c72dff7093e7	(None, 2)
61	6	7510b7d9-a206-42cb-801f-c72dff7093e7	((21, 14), 0)
61	7	7510b7d9-a206-42cb-801f-c72dff7093e7	((12, 14), 0)
61	8	7510b7d9-a206-42cb-801f-c72dff7093e7	(None, 0)
61	9	7510b7d9-a206-42cb-801f-c72dff7093e7	((19, 14), 0)
62	0	7510b7d9-a206-42cb-801f-c72dff7093e7	((17, 12), 3)
62	1	7510b7d9-a206-42cb-801f-c72dff7093e7	((16, 14), 0)
62	2	7510b7d9-a206-42cb-801f-c72dff7093e7	(None, 2)
62	3	7510b7d9-a206-42cb-801f-c72dff7093e7	(None, 3)
62	4	7510b7d9-a206-42cb-801f-c72dff7093e7	(None, 3)
62	5	7510b7d9-a206-42cb-801f-c72dff7093e7	(None, 2)
62	6	7510b7d9-a206-42cb-801f-c72dff7093e7	((20, 14), 0)
62	7	7510b7d9-a206-42cb-801f-c72dff7093e7	((11, 14), 0)
62	8	7510b7d9-a206-42cb-801f-c72dff7093e7	(None, 0)
62	9	7510b7d9-a206-42cb-801f-c72dff7093e7	((18, 14), 0)
63	0	7510b7d9-a206-42cb-801f-c72dff7093e7	((17, 11), 3)
63	1	7510b7d9-a206-42cb-801f-c72dff7093e7	((15, 14), 0)
63	2	7510b7d9-a206-42cb-801f-c72dff7093e7	(None, 2)
63	3	7510b7d9-a206-42cb-801f-c72dff7093e7	(None, 3)
63	4	7510b7d9-a206-42cb-801f-c72dff7093e7	(None, 3)
63	5	7510b7d9-a206-42cb-801f-c72dff7093e7	(None, 2)
63	6	7510b7d9-a206-42cb-801f-c72dff7093e7	((19, 14), 0)
63	7	7510b7d9-a206-42cb-801f-c72dff7093e7	((10, 14), 0)
63	8	7510b7d9-a206-42cb-801f-c72dff7093e7	(None, 0)
63	9	7510b7d9-a206-42cb-801f-c72dff7093e7	((17, 14), 0)
64	0	7510b7d9-a206-42cb-801f-c72dff7093e7	((17, 10), 3)
64	1	7510b7d9-a206-42cb-801f-c72dff7093e7	((14, 14), 0)
64	2	7510b7d9-a206-42cb-801f-c72dff7093e7	(None, 2)
64	3	7510b7d9-a206-42cb-801f-c72dff7093e7	(None, 3)
64	4	7510b7d9-a206-42cb-801f-c72dff7093e7	(None, 3)
64	5	7510b7d9-a206-42cb-801f-c72dff7093e7	(None, 2)
64	6	7510b7d9-a206-42cb-801f-c72dff7093e7	((18, 14), 0)
64	7	7510b7d9-a206-42cb-801f-c72dff7093e7	((9, 14), 0)
64	8	7510b7d9-a206-42cb-801f-c72dff7093e7	(None, 0)
64	9	7510b7d9-a206-42cb-801f-c72dff7093e7	((17, 13), 3)
65	0	7510b7d9-a206-42cb-801f-c72dff7093e7	(None, 3)
65	1	7510b7d9-a206-42cb-801f-c72dff7093e7	((13, 14), 0)
65	2	7510b7d9-a206-42cb-801f-c72dff7093e7	(None, 2)
65	3	7510b7d9-a206-42cb-801f-c72dff7093e7	(None, 3)
65	4	7510b7d9-a206-42cb-801f-c72dff7093e7	(None, 3)
65	5	7510b7d9-a206-42cb-801f-c72dff7093e7	(None, 2)
65	6	7510b7d9-a206-42cb-801f-c72dff7093e7	((17, 14), 0)
65	7	7510b7d9-a206-42cb-801f-c72dff7093e7	((8, 14), 0)
65	8	7510b7d9-a206-42cb-801f-c72dff7093e7	(None, 0)
65	9	7510b7d9-a206-42cb-801f-c72dff7093e7	((17, 12), 3)
66	0	7510b7d9-a206-42cb-801f-c72dff7093e7	(None, 3)
66	1	7510b7d9-a206-42cb-801f-c72dff7093e7	((12, 14), 0)
66	2	7510b7d9-a206-42cb-801f-c72dff7093e7	(None, 2)
66	3	7510b7d9-a206-42cb-801f-c72dff7093e7	(None, 3)
66	4	7510b7d9-a206-42cb-801f-c72dff7093e7	(None, 3)
66	5	7510b7d9-a206-42cb-801f-c72dff7093e7	(None, 2)
66	6	7510b7d9-a206-42cb-801f-c72dff7093e7	((17, 13), 3)
66	7	7510b7d9-a206-42cb-801f-c72dff7093e7	((7, 14), 0)
66	8	7510b7d9-a206-42cb-801f-c72dff7093e7	(None, 0)
66	9	7510b7d9-a206-42cb-801f-c72dff7093e7	((18, 12), 2)
67	0	7510b7d9-a206-42cb-801f-c72dff7093e7	(None, 3)
67	1	7510b7d9-a206-42cb-801f-c72dff7093e7	((11, 14), 0)
67	2	7510b7d9-a206-42cb-801f-c72dff7093e7	(None, 2)
67	3	7510b7d9-a206-42cb-801f-c72dff7093e7	(None, 3)
67	4	7510b7d9-a206-42cb-801f-c72dff7093e7	(None, 3)
67	5	7510b7d9-a206-42cb-801f-c72dff7093e7	(None, 2)
67	6	7510b7d9-a206-42cb-801f-c72dff7093e7	((17, 12), 3)
67	7	7510b7d9-a206-42cb-801f-c72dff7093e7	((6, 14), 0)
67	8	7510b7d9-a206-42cb-801f-c72dff7093e7	(None, 0)
67	9	7510b7d9-a206-42cb-801f-c72dff7093e7	((18, 11), 3)
68	0	7510b7d9-a206-42cb-801f-c72dff7093e7	(None, 3)
68	1	7510b7d9-a206-42cb-801f-c72dff7093e7	((10, 14), 0)
68	2	7510b7d9-a206-42cb-801f-c72dff7093e7	(None, 2)
68	3	7510b7d9-a206-42cb-801f-c72dff7093e7	(None, 3)
68	4	7510b7d9-a206-42cb-801f-c72dff7093e7	(None, 3)
68	5	7510b7d9-a206-42cb-801f-c72dff7093e7	(None, 2)
68	6	7510b7d9-a206-42cb-801f-c72dff7093e7	((17, 11), 3)
68	7	7510b7d9-a206-42cb-801f-c72dff7093e7	((6, 15), 1)
68	8	7510b7d9-a206-42cb-801f-c72dff7093e7	(None, 0)
68	9	7510b7d9-a206-42cb-801f-c72dff7093e7	((18, 10), 3)
69	0	7510b7d9-a206-42cb-801f-c72dff7093e7	(None, 3)
69	1	7510b7d9-a206-42cb-801f-c72dff7093e7	((9, 14), 0)
69	2	7510b7d9-a206-42cb-801f-c72dff7093e7	(None, 2)
69	3	7510b7d9-a206-42cb-801f-c72dff7093e7	(None, 3)
69	4	7510b7d9-a206-42cb-801f-c72dff7093e7	(None, 3)
69	5	7510b7d9-a206-42cb-801f-c72dff7093e7	(None, 2)
69	6	7510b7d9-a206-42cb-801f-c72dff7093e7	((17, 10), 3)
69	7	7510b7d9-a206-42cb-801f-c72dff7093e7	((6, 16), 1)
69	8	7510b7d9-a206-42cb-801f-c72dff7093e7	(None, 0)
69	9	7510b7d9-a206-42cb-801f-c72dff7093e7	((19, 10), 2)
70	0	7510b7d9-a206-42cb-801f-c72dff7093e7	(None, 3)
70	1	7510b7d9-a206-42cb-801f-c72dff7093e7	((8, 14), 0)
70	2	7510b7d9-a206-42cb-801f-c72dff7093e7	(None, 2)
70	3	7510b7d9-a206-42cb-801f-c72dff7093e7	(None, 3)
70	4	7510b7d9-a206-42cb-801f-c72dff7093e7	(None, 3)
70	5	7510b7d9-a206-42cb-801f-c72dff7093e7	(None, 2)
70	6	7510b7d9-a206-42cb-801f-c72dff7093e7	(None, 3)
70	7	7510b7d9-a206-42cb-801f-c72dff7093e7	((6, 17), 1)
70	8	7510b7d9-a206-42cb-801f-c72dff7093e7	(None, 0)
70	9	7510b7d9-a206-42cb-801f-c72dff7093e7	(None, 3)
71	0	7510b7d9-a206-42cb-801f-c72dff7093e7	(None, 3)
71	1	7510b7d9-a206-42cb-801f-c72dff7093e7	((7, 14), 0)
71	2	7510b7d9-a206-42cb-801f-c72dff7093e7	(None, 2)
71	3	7510b7d9-a206-42cb-801f-c72dff7093e7	(None, 3)
71	4	7510b7d9-a206-42cb-801f-c72dff7093e7	(None, 3)
71	5	7510b7d9-a206-42cb-801f-c72dff7093e7	(None, 2)
71	6	7510b7d9-a206-42cb-801f-c72dff7093e7	(None, 3)
71	7	7510b7d9-a206-42cb-801f-c72dff7093e7	((6, 18), 1)
71	8	7510b7d9-a206-42cb-801f-c72dff7093e7	(None, 0)
71	9	7510b7d9-a206-42cb-801f-c72dff7093e7	(None, 3)
72	0	7510b7d9-a206-42cb-801f-c72dff7093e7	(None, 3)
72	1	7510b7d9-a206-42cb-801f-c72dff7093e7	((6, 14), 0)
72	2	7510b7d9-a206-42cb-801f-c72dff7093e7	(None, 2)
72	3	7510b7d9-a206-42cb-801f-c72dff7093e7	(None, 3)
72	4	7510b7d9-a206-42cb-801f-c72dff7093e7	(None, 3)
72	5	7510b7d9-a206-42cb-801f-c72dff7093e7	(None, 2)
72	6	7510b7d9-a206-42cb-801f-c72dff7093e7	(None, 3)
72	7	7510b7d9-a206-42cb-801f-c72dff7093e7	((6, 19), 1)
72	8	7510b7d9-a206-42cb-801f-c72dff7093e7	(None, 0)
72	9	7510b7d9-a206-42cb-801f-c72dff7093e7	(None, 3)
73	0	7510b7d9-a206-42cb-801f-c72dff7093e7	(None, 3)
73	1	7510b7d9-a206-42cb-801f-c72dff7093e7	((6, 15), 1)
73	2	7510b7d9-a206-42cb-801f-c72dff7093e7	(None, 2)
73	3	7510b7d9-a206-42cb-801f-c72dff7093e7	(None, 3)
73	4	7510b7d9-a206-42cb-801f-c72dff7093e7	(None, 3)
73	5	7510b7d9-a206-42cb-801f-c72dff7093e7	(None, 2)
73	6	7510b7d9-a206-42cb-801f-c72dff7093e7	(None, 3)
73	7	7510b7d9-a206-42cb-801f-c72dff7093e7	((6, 20), 1)
73	8	7510b7d9-a206-42cb-801f-c72dff7093e7	(None, 0)
73	9	7510b7d9-a206-42cb-801f-c72dff7093e7	(None, 3)
74	0	7510b7d9-a206-42cb-801f-c72dff7093e7	(None, 3)
74	1	7510b7d9-a206-42cb-801f-c72dff7093e7	((6, 16), 1)
74	2	7510b7d9-a206-42cb-801f-c72dff7093e7	(None, 2)
74	3	7510b7d9-a206-42cb-801f-c72dff7093e7	(None, 3)
74	4	7510b7d9-a206-42cb-801f-c72dff7093e7	(None, 3)
74	5	7510b7d9-a206-42cb-801f-c72dff7093e7	(None, 2)
74	6	7510b7d9-a206-42cb-801f-c72dff7093e7	(None, 3)
74	7	7510b7d9-a206-42cb-801f-c72dff7093e7	((6, 21), 1)
74	8	7510b7d9-a206-42cb-801f-c72dff7093e7	(None, 0)
74	9	7510b7d9-a206-42cb-801f-c72dff7093e7	(None, 3)
75	0	7510b7d9-a206-42cb-801f-c72dff7093e7	(None, 3)
75	1	7510b7d9-a206-42cb-801f-c72dff7093e7	((6, 17), 1)
75	2	7510b7d9-a206-42cb-801f-c72dff7093e7	(None, 2)
75	3	7510b7d9-a206-42cb-801f-c72dff7093e7	(None, 3)
75	4	7510b7d9-a206-42cb-801f-c72dff7093e7	(None, 3)
75	5	7510b7d9-a206-42cb-801f-c72dff7093e7	(None, 2)
75	6	7510b7d9-a206-42cb-801f-c72dff7093e7	(None, 3)
75	7	7510b7d9-a206-42cb-801f-c72dff7093e7	((6, 22), 1)
75	8	7510b7d9-a206-42cb-801f-c72dff7093e7	(None, 0)
75	9	7510b7d9-a206-42cb-801f-c72dff7093e7	(None, 3)
76	0	7510b7d9-a206-42cb-801f-c72dff7093e7	(None, 3)
76	1	7510b7d9-a206-42cb-801f-c72dff7093e7	((6, 18), 1)
76	2	7510b7d9-a206-42cb-801f-c72dff7093e7	(None, 2)
76	3	7510b7d9-a206-42cb-801f-c72dff7093e7	(None, 3)
76	4	7510b7d9-a206-42cb-801f-c72dff7093e7	(None, 3)
76	5	7510b7d9-a206-42cb-801f-c72dff7093e7	(None, 2)
76	6	7510b7d9-a206-42cb-801f-c72dff7093e7	(None, 3)
76	7	7510b7d9-a206-42cb-801f-c72dff7093e7	((6, 23), 1)
76	8	7510b7d9-a206-42cb-801f-c72dff7093e7	(None, 0)
76	9	7510b7d9-a206-42cb-801f-c72dff7093e7	(None, 3)
77	0	7510b7d9-a206-42cb-801f-c72dff7093e7	(None, 3)
77	1	7510b7d9-a206-42cb-801f-c72dff7093e7	((6, 19), 1)
77	2	7510b7d9-a206-42cb-801f-c72dff7093e7	(None, 2)
77	3	7510b7d9-a206-42cb-801f-c72dff7093e7	(None, 3)
77	4	7510b7d9-a206-42cb-801f-c72dff7093e7	(None, 3)
77	5	7510b7d9-a206-42cb-801f-c72dff7093e7	(None, 2)
77	6	7510b7d9-a206-42cb-801f-c72dff7093e7	(None, 3)
77	7	7510b7d9-a206-42cb-801f-c72dff7093e7	((6, 24), 1)
77	8	7510b7d9-a206-42cb-801f-c72dff7093e7	(None, 0)
77	9	7510b7d9-a206-42cb-801f-c72dff7093e7	(None, 3)
78	0	7510b7d9-a206-42cb-801f-c72dff7093e7	(None, 3)
78	1	7510b7d9-a206-42cb-801f-c72dff7093e7	((6, 20), 1)
78	2	7510b7d9-a206-42cb-801f-c72dff7093e7	(None, 2)
78	3	7510b7d9-a206-42cb-801f-c72dff7093e7	(None, 3)
78	4	7510b7d9-a206-42cb-801f-c72dff7093e7	(None, 3)
78	5	7510b7d9-a206-42cb-801f-c72dff7093e7	(None, 2)
78	6	7510b7d9-a206-42cb-801f-c72dff7093e7	(None, 3)
78	7	7510b7d9-a206-42cb-801f-c72dff7093e7	((7, 24), 2)
78	8	7510b7d9-a206-42cb-801f-c72dff7093e7	(None, 0)
78	9	7510b7d9-a206-42cb-801f-c72dff7093e7	(None, 3)
79	0	7510b7d9-a206-42cb-801f-c72dff7093e7	(None, 3)
79	1	7510b7d9-a206-42cb-801f-c72dff7093e7	((6, 21), 1)
79	2	7510b7d9-a206-42cb-801f-c72dff7093e7	(None, 2)
79	3	7510b7d9-a206-42cb-801f-c72dff7093e7	(None, 3)
79	4	7510b7d9-a206-42cb-801f-c72dff7093e7	(None, 3)
79	5	7510b7d9-a206-42cb-801f-c72dff7093e7	(None, 2)
79	6	7510b7d9-a206-42cb-801f-c72dff7093e7	(None, 3)
79	7	7510b7d9-a206-42cb-801f-c72dff7093e7	((8, 24), 2)
79	8	7510b7d9-a206-42cb-801f-c72dff7093e7	(None, 0)
79	9	7510b7d9-a206-42cb-801f-c72dff7093e7	(None, 3)
80	0	7510b7d9-a206-42cb-801f-c72dff7093e7	(None, 3)
80	1	7510b7d9-a206-42cb-801f-c72dff7093e7	((6, 22), 1)
80	2	7510b7d9-a206-42cb-801f-c72dff7093e7	(None, 2)
80	3	7510b7d9-a206-42cb-801f-c72dff7093e7	(None, 3)
80	4	7510b7d9-a206-42cb-801f-c72dff7093e7	(None, 3)
80	5	7510b7d9-a206-42cb-801f-c72dff7093e7	(None, 2)
80	6	7510b7d9-a206-42cb-801f-c72dff7093e7	(None, 3)
80	7	7510b7d9-a206-42cb-801f-c72dff7093e7	((9, 24), 2)
80	8	7510b7d9-a206-42cb-801f-c72dff7093e7	(None, 0)
80	9	7510b7d9-a206-42cb-801f-c72dff7093e7	(None, 3)
81	0	7510b7d9-a206-42cb-801f-c72dff7093e7	(None, 3)
81	1	7510b7d9-a206-42cb-801f-c72dff7093e7	((6, 23), 1)
81	2	7510b7d9-a206-42cb-801f-c72dff7093e7	(None, 2)
81	3	7510b7d9-a206-42cb-801f-c72dff7093e7	(None, 3)
81	4	7510b7d9-a206-42cb-801f-c72dff7093e7	(None, 3)
81	5	7510b7d9-a206-42cb-801f-c72dff7093e7	(None, 2)
81	6	7510b7d9-a206-42cb-801f-c72dff7093e7	(None, 3)
81	7	7510b7d9-a206-42cb-801f-c72dff7093e7	((10, 24), 2)
81	8	7510b7d9-a206-42cb-801f-c72dff7093e7	(None, 0)
81	9	7510b7d9-a206-42cb-801f-c72dff7093e7	(None, 3)
82	0	7510b7d9-a206-42cb-801f-c72dff7093e7	(None, 3)
82	1	7510b7d9-a206-42cb-801f-c72dff7093e7	((6, 24), 1)
82	2	7510b7d9-a206-42cb-801f-c72dff7093e7	(None, 2)
82	3	7510b7d9-a206-42cb-801f-c72dff7093e7	(None, 3)
82	4	7510b7d9-a206-42cb-801f-c72dff7093e7	(None, 3)
82	5	7510b7d9-a206-42cb-801f-c72dff7093e7	(None, 2)
82	6	7510b7d9-a206-42cb-801f-c72dff7093e7	(None, 3)
82	7	7510b7d9-a206-42cb-801f-c72dff7093e7	(None, 2)
82	8	7510b7d9-a206-42cb-801f-c72dff7093e7	(None, 0)
82	9	7510b7d9-a206-42cb-801f-c72dff7093e7	(None, 3)
83	0	7510b7d9-a206-42cb-801f-c72dff7093e7	(None, 3)
83	1	7510b7d9-a206-42cb-801f-c72dff7093e7	((7, 24), 2)
83	2	7510b7d9-a206-42cb-801f-c72dff7093e7	(None, 2)
83	3	7510b7d9-a206-42cb-801f-c72dff7093e7	(None, 3)
83	4	7510b7d9-a206-42cb-801f-c72dff7093e7	(None, 3)
83	5	7510b7d9-a206-42cb-801f-c72dff7093e7	(None, 2)
83	6	7510b7d9-a206-42cb-801f-c72dff7093e7	(None, 3)
83	7	7510b7d9-a206-42cb-801f-c72dff7093e7	(None, 2)
83	8	7510b7d9-a206-42cb-801f-c72dff7093e7	(None, 0)
83	9	7510b7d9-a206-42cb-801f-c72dff7093e7	(None, 3)
84	0	7510b7d9-a206-42cb-801f-c72dff7093e7	(None, 3)
84	1	7510b7d9-a206-42cb-801f-c72dff7093e7	((8, 24), 2)
84	2	7510b7d9-a206-42cb-801f-c72dff7093e7	(None, 2)
84	3	7510b7d9-a206-42cb-801f-c72dff7093e7	(None, 3)
84	4	7510b7d9-a206-42cb-801f-c72dff7093e7	(None, 3)
84	5	7510b7d9-a206-42cb-801f-c72dff7093e7	(None, 2)
84	6	7510b7d9-a206-42cb-801f-c72dff7093e7	(None, 3)
84	7	7510b7d9-a206-42cb-801f-c72dff7093e7	(None, 2)
84	8	7510b7d9-a206-42cb-801f-c72dff7093e7	(None, 0)
84	9	7510b7d9-a206-42cb-801f-c72dff7093e7	(None, 3)
85	0	7510b7d9-a206-42cb-801f-c72dff7093e7	(None, 3)
85	1	7510b7d9-a206-42cb-801f-c72dff7093e7	((9, 24), 2)
85	2	7510b7d9-a206-42cb-801f-c72dff7093e7	(None, 2)
85	3	7510b7d9-a206-42cb-801f-c72dff7093e7	(None, 3)
85	4	7510b7d9-a206-42cb-801f-c72dff7093e7	(None, 3)
85	5	7510b7d9-a206-42cb-801f-c72dff7093e7	(None, 2)
85	6	7510b7d9-a206-42cb-801f-c72dff7093e7	(None, 3)
85	7	7510b7d9-a206-42cb-801f-c72dff7093e7	(None, 2)
85	8	7510b7d9-a206-42cb-801f-c72dff7093e7	(None, 0)
85	9	7510b7d9-a206-42cb-801f-c72dff7093e7	(None, 3)
86	0	7510b7d9-a206-42cb-801f-c72dff7093e7	(None, 3)
86	1	7510b7d9-a206-42cb-801f-c72dff7093e7	((10, 24), 2)
86	2	7510b7d9-a206-42cb-801f-c72dff7093e7	(None, 2)
86	3	7510b7d9-a206-42cb-801f-c72dff7093e7	(None, 3)
86	4	7510b7d9-a206-42cb-801f-c72dff7093e7	(None, 3)
86	5	7510b7d9-a206-42cb-801f-c72dff7093e7	(None, 2)
86	6	7510b7d9-a206-42cb-801f-c72dff7093e7	(None, 3)
86	7	7510b7d9-a206-42cb-801f-c72dff7093e7	(None, 2)
86	8	7510b7d9-a206-42cb-801f-c72dff7093e7	(None, 0)
86	9	7510b7d9-a206-42cb-801f-c72dff7093e7	(None, 3)
87	0	7510b7d9-a206-42cb-801f-c72dff7093e7	(None, 3)
87	1	7510b7d9-a206-42cb-801f-c72dff7093e7	(None, 2)
87	2	7510b7d9-a206-42cb-801f-c72dff7093e7	(None, 2)
87	3	7510b7d9-a206-42cb-801f-c72dff7093e7	(None, 3)
87	4	7510b7d9-a206-42cb-801f-c72dff7093e7	(None, 3)
87	5	7510b7d9-a206-42cb-801f-c72dff7093e7	(None, 2)
87	6	7510b7d9-a206-42cb-801f-c72dff7093e7	(None, 3)
87	7	7510b7d9-a206-42cb-801f-c72dff7093e7	(None, 2)
87	8	7510b7d9-a206-42cb-801f-c72dff7093e7	(None, 0)
87	9	7510b7d9-a206-42cb-801f-c72dff7093e7	(None, 3)
1	0	50c92e48-ec61-461b-a6c0-b88515c837a9	(None, 3)
1	1	50c92e48-ec61-461b-a6c0-b88515c837a9	(None, 0)
1	2	50c92e48-ec61-461b-a6c0-b88515c837a9	(None, 2)
1	3	50c92e48-ec61-461b-a6c0-b88515c837a9	(None, 1)
1	4	50c92e48-ec61-461b-a6c0-b88515c837a9	(None, 1)
1	5	50c92e48-ec61-461b-a6c0-b88515c837a9	(None, 1)
1	6	50c92e48-ec61-461b-a6c0-b88515c837a9	(None, 2)
1	7	50c92e48-ec61-461b-a6c0-b88515c837a9	(None, 3)
1	8	50c92e48-ec61-461b-a6c0-b88515c837a9	(None, 1)
1	9	50c92e48-ec61-461b-a6c0-b88515c837a9	(None, 2)
2	0	50c92e48-ec61-461b-a6c0-b88515c837a9	(None, 3)
2	1	50c92e48-ec61-461b-a6c0-b88515c837a9	(None, 0)
2	2	50c92e48-ec61-461b-a6c0-b88515c837a9	(None, 2)
2	3	50c92e48-ec61-461b-a6c0-b88515c837a9	(None, 1)
2	4	50c92e48-ec61-461b-a6c0-b88515c837a9	(None, 1)
2	5	50c92e48-ec61-461b-a6c0-b88515c837a9	((18, 20), 1)
2	6	50c92e48-ec61-461b-a6c0-b88515c837a9	(None, 2)
2	7	50c92e48-ec61-461b-a6c0-b88515c837a9	(None, 3)
2	8	50c92e48-ec61-461b-a6c0-b88515c837a9	(None, 1)
2	9	50c92e48-ec61-461b-a6c0-b88515c837a9	(None, 2)
3	0	50c92e48-ec61-461b-a6c0-b88515c837a9	(None, 3)
3	1	50c92e48-ec61-461b-a6c0-b88515c837a9	(None, 0)
3	2	50c92e48-ec61-461b-a6c0-b88515c837a9	(None, 2)
3	3	50c92e48-ec61-461b-a6c0-b88515c837a9	(None, 1)
3	4	50c92e48-ec61-461b-a6c0-b88515c837a9	((24, 8), 1)
3	5	50c92e48-ec61-461b-a6c0-b88515c837a9	((18, 21), 1)
3	6	50c92e48-ec61-461b-a6c0-b88515c837a9	(None, 2)
3	7	50c92e48-ec61-461b-a6c0-b88515c837a9	(None, 3)
3	8	50c92e48-ec61-461b-a6c0-b88515c837a9	(None, 1)
3	9	50c92e48-ec61-461b-a6c0-b88515c837a9	(None, 2)
4	0	50c92e48-ec61-461b-a6c0-b88515c837a9	(None, 3)
4	1	50c92e48-ec61-461b-a6c0-b88515c837a9	(None, 0)
4	2	50c92e48-ec61-461b-a6c0-b88515c837a9	(None, 2)
4	3	50c92e48-ec61-461b-a6c0-b88515c837a9	(None, 1)
4	4	50c92e48-ec61-461b-a6c0-b88515c837a9	((24, 9), 1)
4	5	50c92e48-ec61-461b-a6c0-b88515c837a9	((19, 21), 2)
4	6	50c92e48-ec61-461b-a6c0-b88515c837a9	(None, 2)
4	7	50c92e48-ec61-461b-a6c0-b88515c837a9	(None, 3)
4	8	50c92e48-ec61-461b-a6c0-b88515c837a9	(None, 1)
4	9	50c92e48-ec61-461b-a6c0-b88515c837a9	(None, 2)
5	0	50c92e48-ec61-461b-a6c0-b88515c837a9	(None, 3)
5	1	50c92e48-ec61-461b-a6c0-b88515c837a9	(None, 0)
5	2	50c92e48-ec61-461b-a6c0-b88515c837a9	(None, 2)
5	3	50c92e48-ec61-461b-a6c0-b88515c837a9	(None, 1)
5	4	50c92e48-ec61-461b-a6c0-b88515c837a9	((24, 10), 1)
5	5	50c92e48-ec61-461b-a6c0-b88515c837a9	((19, 22), 1)
5	6	50c92e48-ec61-461b-a6c0-b88515c837a9	(None, 2)
5	7	50c92e48-ec61-461b-a6c0-b88515c837a9	(None, 3)
5	8	50c92e48-ec61-461b-a6c0-b88515c837a9	(None, 1)
5	9	50c92e48-ec61-461b-a6c0-b88515c837a9	(None, 2)
6	0	50c92e48-ec61-461b-a6c0-b88515c837a9	(None, 3)
6	1	50c92e48-ec61-461b-a6c0-b88515c837a9	(None, 0)
6	2	50c92e48-ec61-461b-a6c0-b88515c837a9	(None, 2)
6	3	50c92e48-ec61-461b-a6c0-b88515c837a9	(None, 1)
6	4	50c92e48-ec61-461b-a6c0-b88515c837a9	((24, 11), 1)
6	5	50c92e48-ec61-461b-a6c0-b88515c837a9	((19, 23), 1)
6	6	50c92e48-ec61-461b-a6c0-b88515c837a9	(None, 2)
6	7	50c92e48-ec61-461b-a6c0-b88515c837a9	(None, 3)
6	8	50c92e48-ec61-461b-a6c0-b88515c837a9	(None, 1)
6	9	50c92e48-ec61-461b-a6c0-b88515c837a9	(None, 2)
7	0	50c92e48-ec61-461b-a6c0-b88515c837a9	(None, 3)
7	1	50c92e48-ec61-461b-a6c0-b88515c837a9	(None, 0)
7	2	50c92e48-ec61-461b-a6c0-b88515c837a9	(None, 2)
7	3	50c92e48-ec61-461b-a6c0-b88515c837a9	(None, 1)
7	4	50c92e48-ec61-461b-a6c0-b88515c837a9	((24, 12), 1)
7	5	50c92e48-ec61-461b-a6c0-b88515c837a9	((19, 24), 1)
7	6	50c92e48-ec61-461b-a6c0-b88515c837a9	(None, 2)
7	7	50c92e48-ec61-461b-a6c0-b88515c837a9	(None, 3)
7	8	50c92e48-ec61-461b-a6c0-b88515c837a9	(None, 1)
7	9	50c92e48-ec61-461b-a6c0-b88515c837a9	((5, 9), 2)
8	0	50c92e48-ec61-461b-a6c0-b88515c837a9	(None, 3)
8	1	50c92e48-ec61-461b-a6c0-b88515c837a9	(None, 0)
8	2	50c92e48-ec61-461b-a6c0-b88515c837a9	((5, 9), 2)
8	3	50c92e48-ec61-461b-a6c0-b88515c837a9	(None, 1)
8	4	50c92e48-ec61-461b-a6c0-b88515c837a9	((24, 13), 1)
8	5	50c92e48-ec61-461b-a6c0-b88515c837a9	((19, 25), 1)
8	6	50c92e48-ec61-461b-a6c0-b88515c837a9	(None, 2)
8	7	50c92e48-ec61-461b-a6c0-b88515c837a9	(None, 3)
8	8	50c92e48-ec61-461b-a6c0-b88515c837a9	(None, 1)
8	9	50c92e48-ec61-461b-a6c0-b88515c837a9	((6, 9), 2)
9	0	50c92e48-ec61-461b-a6c0-b88515c837a9	(None, 3)
9	1	50c92e48-ec61-461b-a6c0-b88515c837a9	(None, 0)
9	2	50c92e48-ec61-461b-a6c0-b88515c837a9	((6, 9), 2)
9	3	50c92e48-ec61-461b-a6c0-b88515c837a9	(None, 1)
9	4	50c92e48-ec61-461b-a6c0-b88515c837a9	((24, 14), 1)
9	5	50c92e48-ec61-461b-a6c0-b88515c837a9	((18, 25), 0)
9	6	50c92e48-ec61-461b-a6c0-b88515c837a9	(None, 2)
9	7	50c92e48-ec61-461b-a6c0-b88515c837a9	(None, 3)
9	8	50c92e48-ec61-461b-a6c0-b88515c837a9	(None, 1)
9	9	50c92e48-ec61-461b-a6c0-b88515c837a9	((7, 9), 2)
10	0	50c92e48-ec61-461b-a6c0-b88515c837a9	(None, 3)
10	1	50c92e48-ec61-461b-a6c0-b88515c837a9	(None, 0)
10	2	50c92e48-ec61-461b-a6c0-b88515c837a9	((7, 9), 2)
10	3	50c92e48-ec61-461b-a6c0-b88515c837a9	(None, 1)
10	4	50c92e48-ec61-461b-a6c0-b88515c837a9	((24, 15), 1)
10	5	50c92e48-ec61-461b-a6c0-b88515c837a9	((17, 25), 0)
10	6	50c92e48-ec61-461b-a6c0-b88515c837a9	(None, 2)
10	7	50c92e48-ec61-461b-a6c0-b88515c837a9	(None, 3)
10	8	50c92e48-ec61-461b-a6c0-b88515c837a9	(None, 1)
10	9	50c92e48-ec61-461b-a6c0-b88515c837a9	((8, 9), 2)
11	0	50c92e48-ec61-461b-a6c0-b88515c837a9	(None, 3)
11	1	50c92e48-ec61-461b-a6c0-b88515c837a9	(None, 0)
11	2	50c92e48-ec61-461b-a6c0-b88515c837a9	((8, 9), 2)
11	3	50c92e48-ec61-461b-a6c0-b88515c837a9	(None, 1)
11	4	50c92e48-ec61-461b-a6c0-b88515c837a9	((23, 15), 0)
11	5	50c92e48-ec61-461b-a6c0-b88515c837a9	((16, 25), 0)
11	6	50c92e48-ec61-461b-a6c0-b88515c837a9	(None, 2)
11	7	50c92e48-ec61-461b-a6c0-b88515c837a9	(None, 3)
11	8	50c92e48-ec61-461b-a6c0-b88515c837a9	(None, 1)
11	9	50c92e48-ec61-461b-a6c0-b88515c837a9	((9, 9), 2)
12	0	50c92e48-ec61-461b-a6c0-b88515c837a9	(None, 3)
12	1	50c92e48-ec61-461b-a6c0-b88515c837a9	(None, 0)
12	2	50c92e48-ec61-461b-a6c0-b88515c837a9	((9, 9), 2)
12	3	50c92e48-ec61-461b-a6c0-b88515c837a9	(None, 1)
12	4	50c92e48-ec61-461b-a6c0-b88515c837a9	((22, 15), 0)
12	5	50c92e48-ec61-461b-a6c0-b88515c837a9	((15, 25), 0)
12	6	50c92e48-ec61-461b-a6c0-b88515c837a9	(None, 2)
12	7	50c92e48-ec61-461b-a6c0-b88515c837a9	(None, 3)
12	8	50c92e48-ec61-461b-a6c0-b88515c837a9	(None, 1)
12	9	50c92e48-ec61-461b-a6c0-b88515c837a9	((10, 9), 2)
13	0	50c92e48-ec61-461b-a6c0-b88515c837a9	(None, 3)
13	1	50c92e48-ec61-461b-a6c0-b88515c837a9	(None, 0)
13	2	50c92e48-ec61-461b-a6c0-b88515c837a9	((10, 9), 2)
13	3	50c92e48-ec61-461b-a6c0-b88515c837a9	(None, 1)
13	4	50c92e48-ec61-461b-a6c0-b88515c837a9	((21, 15), 0)
13	5	50c92e48-ec61-461b-a6c0-b88515c837a9	((14, 25), 0)
13	6	50c92e48-ec61-461b-a6c0-b88515c837a9	(None, 2)
13	7	50c92e48-ec61-461b-a6c0-b88515c837a9	(None, 3)
13	8	50c92e48-ec61-461b-a6c0-b88515c837a9	(None, 1)
13	9	50c92e48-ec61-461b-a6c0-b88515c837a9	((10, 10), 1)
14	0	50c92e48-ec61-461b-a6c0-b88515c837a9	(None, 3)
14	1	50c92e48-ec61-461b-a6c0-b88515c837a9	(None, 0)
14	2	50c92e48-ec61-461b-a6c0-b88515c837a9	((10, 10), 1)
14	3	50c92e48-ec61-461b-a6c0-b88515c837a9	(None, 1)
14	4	50c92e48-ec61-461b-a6c0-b88515c837a9	((20, 15), 0)
14	5	50c92e48-ec61-461b-a6c0-b88515c837a9	((13, 25), 0)
14	6	50c92e48-ec61-461b-a6c0-b88515c837a9	(None, 2)
14	7	50c92e48-ec61-461b-a6c0-b88515c837a9	(None, 3)
14	8	50c92e48-ec61-461b-a6c0-b88515c837a9	(None, 1)
14	9	50c92e48-ec61-461b-a6c0-b88515c837a9	((10, 11), 1)
15	0	50c92e48-ec61-461b-a6c0-b88515c837a9	(None, 3)
15	1	50c92e48-ec61-461b-a6c0-b88515c837a9	(None, 0)
15	2	50c92e48-ec61-461b-a6c0-b88515c837a9	((10, 11), 1)
15	3	50c92e48-ec61-461b-a6c0-b88515c837a9	(None, 1)
15	4	50c92e48-ec61-461b-a6c0-b88515c837a9	((20, 16), 1)
15	5	50c92e48-ec61-461b-a6c0-b88515c837a9	((13, 24), 3)
15	6	50c92e48-ec61-461b-a6c0-b88515c837a9	(None, 2)
15	7	50c92e48-ec61-461b-a6c0-b88515c837a9	(None, 3)
15	8	50c92e48-ec61-461b-a6c0-b88515c837a9	(None, 1)
15	9	50c92e48-ec61-461b-a6c0-b88515c837a9	((10, 12), 1)
16	0	50c92e48-ec61-461b-a6c0-b88515c837a9	(None, 3)
16	1	50c92e48-ec61-461b-a6c0-b88515c837a9	(None, 0)
16	2	50c92e48-ec61-461b-a6c0-b88515c837a9	((10, 12), 1)
16	3	50c92e48-ec61-461b-a6c0-b88515c837a9	(None, 1)
16	4	50c92e48-ec61-461b-a6c0-b88515c837a9	((20, 17), 1)
16	5	50c92e48-ec61-461b-a6c0-b88515c837a9	((13, 23), 3)
16	6	50c92e48-ec61-461b-a6c0-b88515c837a9	(None, 2)
16	7	50c92e48-ec61-461b-a6c0-b88515c837a9	(None, 3)
16	8	50c92e48-ec61-461b-a6c0-b88515c837a9	(None, 1)
16	9	50c92e48-ec61-461b-a6c0-b88515c837a9	((11, 12), 2)
17	0	50c92e48-ec61-461b-a6c0-b88515c837a9	(None, 3)
17	1	50c92e48-ec61-461b-a6c0-b88515c837a9	(None, 0)
17	2	50c92e48-ec61-461b-a6c0-b88515c837a9	((11, 12), 2)
17	3	50c92e48-ec61-461b-a6c0-b88515c837a9	(None, 1)
17	4	50c92e48-ec61-461b-a6c0-b88515c837a9	((20, 18), 1)
17	5	50c92e48-ec61-461b-a6c0-b88515c837a9	((13, 22), 3)
17	6	50c92e48-ec61-461b-a6c0-b88515c837a9	(None, 2)
17	7	50c92e48-ec61-461b-a6c0-b88515c837a9	(None, 3)
17	8	50c92e48-ec61-461b-a6c0-b88515c837a9	(None, 1)
17	9	50c92e48-ec61-461b-a6c0-b88515c837a9	((12, 12), 2)
18	0	50c92e48-ec61-461b-a6c0-b88515c837a9	(None, 3)
18	1	50c92e48-ec61-461b-a6c0-b88515c837a9	(None, 0)
18	2	50c92e48-ec61-461b-a6c0-b88515c837a9	((12, 12), 2)
18	3	50c92e48-ec61-461b-a6c0-b88515c837a9	(None, 1)
18	4	50c92e48-ec61-461b-a6c0-b88515c837a9	((20, 19), 1)
18	5	50c92e48-ec61-461b-a6c0-b88515c837a9	((13, 21), 3)
18	6	50c92e48-ec61-461b-a6c0-b88515c837a9	(None, 2)
18	7	50c92e48-ec61-461b-a6c0-b88515c837a9	(None, 3)
18	8	50c92e48-ec61-461b-a6c0-b88515c837a9	(None, 1)
18	9	50c92e48-ec61-461b-a6c0-b88515c837a9	((13, 12), 2)
19	0	50c92e48-ec61-461b-a6c0-b88515c837a9	(None, 3)
19	1	50c92e48-ec61-461b-a6c0-b88515c837a9	(None, 0)
19	2	50c92e48-ec61-461b-a6c0-b88515c837a9	((13, 12), 2)
19	3	50c92e48-ec61-461b-a6c0-b88515c837a9	(None, 1)
19	4	50c92e48-ec61-461b-a6c0-b88515c837a9	((21, 19), 2)
19	5	50c92e48-ec61-461b-a6c0-b88515c837a9	((13, 20), 3)
19	6	50c92e48-ec61-461b-a6c0-b88515c837a9	(None, 2)
19	7	50c92e48-ec61-461b-a6c0-b88515c837a9	(None, 3)
19	8	50c92e48-ec61-461b-a6c0-b88515c837a9	(None, 1)
19	9	50c92e48-ec61-461b-a6c0-b88515c837a9	((14, 12), 2)
20	0	50c92e48-ec61-461b-a6c0-b88515c837a9	(None, 3)
20	1	50c92e48-ec61-461b-a6c0-b88515c837a9	(None, 0)
20	2	50c92e48-ec61-461b-a6c0-b88515c837a9	((14, 12), 2)
20	3	50c92e48-ec61-461b-a6c0-b88515c837a9	(None, 1)
20	4	50c92e48-ec61-461b-a6c0-b88515c837a9	(None, 1)
20	5	50c92e48-ec61-461b-a6c0-b88515c837a9	((13, 19), 3)
20	6	50c92e48-ec61-461b-a6c0-b88515c837a9	(None, 2)
20	7	50c92e48-ec61-461b-a6c0-b88515c837a9	(None, 3)
20	8	50c92e48-ec61-461b-a6c0-b88515c837a9	(None, 1)
20	9	50c92e48-ec61-461b-a6c0-b88515c837a9	((15, 12), 2)
21	0	50c92e48-ec61-461b-a6c0-b88515c837a9	(None, 3)
21	1	50c92e48-ec61-461b-a6c0-b88515c837a9	(None, 0)
21	2	50c92e48-ec61-461b-a6c0-b88515c837a9	((15, 12), 2)
21	3	50c92e48-ec61-461b-a6c0-b88515c837a9	(None, 1)
21	4	50c92e48-ec61-461b-a6c0-b88515c837a9	(None, 1)
21	5	50c92e48-ec61-461b-a6c0-b88515c837a9	((13, 18), 3)
21	6	50c92e48-ec61-461b-a6c0-b88515c837a9	(None, 2)
21	7	50c92e48-ec61-461b-a6c0-b88515c837a9	(None, 3)
21	8	50c92e48-ec61-461b-a6c0-b88515c837a9	(None, 1)
21	9	50c92e48-ec61-461b-a6c0-b88515c837a9	((16, 12), 2)
22	0	50c92e48-ec61-461b-a6c0-b88515c837a9	(None, 3)
22	1	50c92e48-ec61-461b-a6c0-b88515c837a9	((5, 9), 0)
22	2	50c92e48-ec61-461b-a6c0-b88515c837a9	((16, 12), 2)
22	3	50c92e48-ec61-461b-a6c0-b88515c837a9	(None, 1)
22	4	50c92e48-ec61-461b-a6c0-b88515c837a9	(None, 1)
22	5	50c92e48-ec61-461b-a6c0-b88515c837a9	((13, 17), 3)
22	6	50c92e48-ec61-461b-a6c0-b88515c837a9	(None, 2)
22	7	50c92e48-ec61-461b-a6c0-b88515c837a9	(None, 3)
22	8	50c92e48-ec61-461b-a6c0-b88515c837a9	(None, 1)
22	9	50c92e48-ec61-461b-a6c0-b88515c837a9	((17, 12), 2)
23	0	50c92e48-ec61-461b-a6c0-b88515c837a9	((24, 8), 3)
23	1	50c92e48-ec61-461b-a6c0-b88515c837a9	((4, 9), 0)
23	2	50c92e48-ec61-461b-a6c0-b88515c837a9	((17, 12), 2)
23	3	50c92e48-ec61-461b-a6c0-b88515c837a9	(None, 1)
23	4	50c92e48-ec61-461b-a6c0-b88515c837a9	(None, 1)
23	5	50c92e48-ec61-461b-a6c0-b88515c837a9	((13, 16), 3)
23	6	50c92e48-ec61-461b-a6c0-b88515c837a9	(None, 2)
23	7	50c92e48-ec61-461b-a6c0-b88515c837a9	(None, 3)
23	8	50c92e48-ec61-461b-a6c0-b88515c837a9	(None, 1)
23	9	50c92e48-ec61-461b-a6c0-b88515c837a9	((18, 12), 2)
24	0	50c92e48-ec61-461b-a6c0-b88515c837a9	((24, 7), 3)
24	1	50c92e48-ec61-461b-a6c0-b88515c837a9	((3, 9), 0)
24	2	50c92e48-ec61-461b-a6c0-b88515c837a9	((18, 12), 2)
24	3	50c92e48-ec61-461b-a6c0-b88515c837a9	(None, 1)
24	4	50c92e48-ec61-461b-a6c0-b88515c837a9	(None, 1)
24	5	50c92e48-ec61-461b-a6c0-b88515c837a9	((13, 15), 3)
24	6	50c92e48-ec61-461b-a6c0-b88515c837a9	(None, 2)
24	7	50c92e48-ec61-461b-a6c0-b88515c837a9	(None, 3)
24	8	50c92e48-ec61-461b-a6c0-b88515c837a9	((20, 20), 1)
24	9	50c92e48-ec61-461b-a6c0-b88515c837a9	((19, 12), 2)
25	0	50c92e48-ec61-461b-a6c0-b88515c837a9	((24, 6), 3)
25	1	50c92e48-ec61-461b-a6c0-b88515c837a9	((2, 9), 0)
25	2	50c92e48-ec61-461b-a6c0-b88515c837a9	((19, 12), 2)
25	3	50c92e48-ec61-461b-a6c0-b88515c837a9	(None, 1)
25	4	50c92e48-ec61-461b-a6c0-b88515c837a9	(None, 1)
25	5	50c92e48-ec61-461b-a6c0-b88515c837a9	((13, 14), 3)
25	6	50c92e48-ec61-461b-a6c0-b88515c837a9	(None, 2)
25	7	50c92e48-ec61-461b-a6c0-b88515c837a9	(None, 3)
25	8	50c92e48-ec61-461b-a6c0-b88515c837a9	((20, 21), 1)
25	9	50c92e48-ec61-461b-a6c0-b88515c837a9	((19, 13), 1)
26	0	50c92e48-ec61-461b-a6c0-b88515c837a9	((24, 5), 3)
26	1	50c92e48-ec61-461b-a6c0-b88515c837a9	((1, 9), 0)
26	2	50c92e48-ec61-461b-a6c0-b88515c837a9	((19, 13), 1)
26	3	50c92e48-ec61-461b-a6c0-b88515c837a9	(None, 1)
26	4	50c92e48-ec61-461b-a6c0-b88515c837a9	(None, 1)
26	5	50c92e48-ec61-461b-a6c0-b88515c837a9	((13, 13), 3)
26	6	50c92e48-ec61-461b-a6c0-b88515c837a9	((5, 9), 2)
26	7	50c92e48-ec61-461b-a6c0-b88515c837a9	(None, 3)
26	8	50c92e48-ec61-461b-a6c0-b88515c837a9	((20, 22), 1)
26	9	50c92e48-ec61-461b-a6c0-b88515c837a9	((19, 14), 1)
27	0	50c92e48-ec61-461b-a6c0-b88515c837a9	((24, 4), 3)
27	1	50c92e48-ec61-461b-a6c0-b88515c837a9	((0, 9), 0)
27	2	50c92e48-ec61-461b-a6c0-b88515c837a9	((20, 13), 2)
27	3	50c92e48-ec61-461b-a6c0-b88515c837a9	(None, 1)
27	4	50c92e48-ec61-461b-a6c0-b88515c837a9	(None, 1)
27	5	50c92e48-ec61-461b-a6c0-b88515c837a9	((13, 12), 3)
27	6	50c92e48-ec61-461b-a6c0-b88515c837a9	((6, 9), 2)
27	7	50c92e48-ec61-461b-a6c0-b88515c837a9	(None, 3)
27	8	50c92e48-ec61-461b-a6c0-b88515c837a9	((20, 23), 1)
27	9	50c92e48-ec61-461b-a6c0-b88515c837a9	((19, 15), 1)
28	0	50c92e48-ec61-461b-a6c0-b88515c837a9	((24, 3), 3)
28	1	50c92e48-ec61-461b-a6c0-b88515c837a9	((0, 10), 1)
28	2	50c92e48-ec61-461b-a6c0-b88515c837a9	((21, 13), 2)
28	3	50c92e48-ec61-461b-a6c0-b88515c837a9	(None, 1)
28	4	50c92e48-ec61-461b-a6c0-b88515c837a9	(None, 1)
28	5	50c92e48-ec61-461b-a6c0-b88515c837a9	((13, 11), 3)
28	6	50c92e48-ec61-461b-a6c0-b88515c837a9	((7, 9), 2)
28	7	50c92e48-ec61-461b-a6c0-b88515c837a9	(None, 3)
28	8	50c92e48-ec61-461b-a6c0-b88515c837a9	((19, 23), 0)
28	9	50c92e48-ec61-461b-a6c0-b88515c837a9	((19, 16), 1)
29	0	50c92e48-ec61-461b-a6c0-b88515c837a9	((23, 3), 0)
29	1	50c92e48-ec61-461b-a6c0-b88515c837a9	((0, 11), 1)
29	2	50c92e48-ec61-461b-a6c0-b88515c837a9	((22, 13), 2)
29	3	50c92e48-ec61-461b-a6c0-b88515c837a9	(None, 1)
29	4	50c92e48-ec61-461b-a6c0-b88515c837a9	(None, 1)
29	5	50c92e48-ec61-461b-a6c0-b88515c837a9	((12, 11), 0)
29	6	50c92e48-ec61-461b-a6c0-b88515c837a9	((8, 9), 2)
29	7	50c92e48-ec61-461b-a6c0-b88515c837a9	(None, 3)
29	8	50c92e48-ec61-461b-a6c0-b88515c837a9	((19, 24), 1)
29	9	50c92e48-ec61-461b-a6c0-b88515c837a9	((19, 17), 1)
30	0	50c92e48-ec61-461b-a6c0-b88515c837a9	((22, 3), 0)
30	1	50c92e48-ec61-461b-a6c0-b88515c837a9	((0, 12), 1)
30	2	50c92e48-ec61-461b-a6c0-b88515c837a9	((23, 13), 2)
30	3	50c92e48-ec61-461b-a6c0-b88515c837a9	(None, 1)
30	4	50c92e48-ec61-461b-a6c0-b88515c837a9	(None, 1)
30	5	50c92e48-ec61-461b-a6c0-b88515c837a9	((11, 11), 0)
30	6	50c92e48-ec61-461b-a6c0-b88515c837a9	((9, 9), 2)
30	7	50c92e48-ec61-461b-a6c0-b88515c837a9	(None, 3)
30	8	50c92e48-ec61-461b-a6c0-b88515c837a9	((19, 25), 1)
30	9	50c92e48-ec61-461b-a6c0-b88515c837a9	((20, 17), 2)
31	0	50c92e48-ec61-461b-a6c0-b88515c837a9	((21, 3), 0)
31	1	50c92e48-ec61-461b-a6c0-b88515c837a9	((0, 13), 1)
31	2	50c92e48-ec61-461b-a6c0-b88515c837a9	((24, 13), 2)
31	3	50c92e48-ec61-461b-a6c0-b88515c837a9	(None, 1)
31	4	50c92e48-ec61-461b-a6c0-b88515c837a9	(None, 1)
31	5	50c92e48-ec61-461b-a6c0-b88515c837a9	((11, 10), 3)
31	6	50c92e48-ec61-461b-a6c0-b88515c837a9	((10, 9), 2)
31	7	50c92e48-ec61-461b-a6c0-b88515c837a9	(None, 3)
31	8	50c92e48-ec61-461b-a6c0-b88515c837a9	((18, 25), 0)
31	9	50c92e48-ec61-461b-a6c0-b88515c837a9	((20, 18), 1)
32	0	50c92e48-ec61-461b-a6c0-b88515c837a9	((20, 3), 0)
32	1	50c92e48-ec61-461b-a6c0-b88515c837a9	((0, 14), 1)
32	2	50c92e48-ec61-461b-a6c0-b88515c837a9	((25, 13), 2)
32	3	50c92e48-ec61-461b-a6c0-b88515c837a9	(None, 1)
32	4	50c92e48-ec61-461b-a6c0-b88515c837a9	(None, 1)
32	5	50c92e48-ec61-461b-a6c0-b88515c837a9	((11, 9), 3)
32	6	50c92e48-ec61-461b-a6c0-b88515c837a9	((10, 10), 1)
32	7	50c92e48-ec61-461b-a6c0-b88515c837a9	(None, 3)
32	8	50c92e48-ec61-461b-a6c0-b88515c837a9	((17, 25), 0)
32	9	50c92e48-ec61-461b-a6c0-b88515c837a9	((20, 19), 1)
33	0	50c92e48-ec61-461b-a6c0-b88515c837a9	((19, 3), 0)
33	1	50c92e48-ec61-461b-a6c0-b88515c837a9	((1, 14), 2)
33	2	50c92e48-ec61-461b-a6c0-b88515c837a9	((25, 12), 3)
33	3	50c92e48-ec61-461b-a6c0-b88515c837a9	(None, 1)
33	4	50c92e48-ec61-461b-a6c0-b88515c837a9	(None, 1)
33	5	50c92e48-ec61-461b-a6c0-b88515c837a9	((10, 9), 0)
33	6	50c92e48-ec61-461b-a6c0-b88515c837a9	((10, 11), 1)
33	7	50c92e48-ec61-461b-a6c0-b88515c837a9	(None, 3)
33	8	50c92e48-ec61-461b-a6c0-b88515c837a9	((16, 25), 0)
33	9	50c92e48-ec61-461b-a6c0-b88515c837a9	((21, 19), 2)
34	0	50c92e48-ec61-461b-a6c0-b88515c837a9	((19, 4), 1)
34	1	50c92e48-ec61-461b-a6c0-b88515c837a9	((2, 14), 2)
34	2	50c92e48-ec61-461b-a6c0-b88515c837a9	((25, 11), 3)
34	3	50c92e48-ec61-461b-a6c0-b88515c837a9	(None, 1)
34	4	50c92e48-ec61-461b-a6c0-b88515c837a9	(None, 1)
34	5	50c92e48-ec61-461b-a6c0-b88515c837a9	((10, 8), 3)
34	6	50c92e48-ec61-461b-a6c0-b88515c837a9	((10, 12), 1)
34	7	50c92e48-ec61-461b-a6c0-b88515c837a9	(None, 3)
34	8	50c92e48-ec61-461b-a6c0-b88515c837a9	((15, 25), 0)
34	9	50c92e48-ec61-461b-a6c0-b88515c837a9	(None, 1)
35	0	50c92e48-ec61-461b-a6c0-b88515c837a9	((19, 5), 1)
35	1	50c92e48-ec61-461b-a6c0-b88515c837a9	((3, 14), 2)
35	2	50c92e48-ec61-461b-a6c0-b88515c837a9	((25, 10), 3)
35	3	50c92e48-ec61-461b-a6c0-b88515c837a9	(None, 1)
35	4	50c92e48-ec61-461b-a6c0-b88515c837a9	(None, 1)
35	5	50c92e48-ec61-461b-a6c0-b88515c837a9	((11, 8), 2)
35	6	50c92e48-ec61-461b-a6c0-b88515c837a9	((11, 12), 2)
35	7	50c92e48-ec61-461b-a6c0-b88515c837a9	(None, 3)
35	8	50c92e48-ec61-461b-a6c0-b88515c837a9	((14, 25), 0)
35	9	50c92e48-ec61-461b-a6c0-b88515c837a9	(None, 1)
36	0	50c92e48-ec61-461b-a6c0-b88515c837a9	((19, 6), 1)
36	1	50c92e48-ec61-461b-a6c0-b88515c837a9	((4, 14), 2)
36	2	50c92e48-ec61-461b-a6c0-b88515c837a9	((25, 9), 3)
36	3	50c92e48-ec61-461b-a6c0-b88515c837a9	(None, 1)
36	4	50c92e48-ec61-461b-a6c0-b88515c837a9	(None, 1)
36	5	50c92e48-ec61-461b-a6c0-b88515c837a9	((12, 8), 2)
36	6	50c92e48-ec61-461b-a6c0-b88515c837a9	((12, 12), 2)
36	7	50c92e48-ec61-461b-a6c0-b88515c837a9	(None, 3)
36	8	50c92e48-ec61-461b-a6c0-b88515c837a9	((13, 25), 0)
36	9	50c92e48-ec61-461b-a6c0-b88515c837a9	(None, 1)
37	0	50c92e48-ec61-461b-a6c0-b88515c837a9	((19, 7), 1)
37	1	50c92e48-ec61-461b-a6c0-b88515c837a9	((5, 14), 2)
37	2	50c92e48-ec61-461b-a6c0-b88515c837a9	(None, 3)
37	3	50c92e48-ec61-461b-a6c0-b88515c837a9	((24, 8), 1)
37	4	50c92e48-ec61-461b-a6c0-b88515c837a9	(None, 1)
37	5	50c92e48-ec61-461b-a6c0-b88515c837a9	((13, 8), 2)
37	6	50c92e48-ec61-461b-a6c0-b88515c837a9	((13, 12), 2)
37	7	50c92e48-ec61-461b-a6c0-b88515c837a9	(None, 3)
37	8	50c92e48-ec61-461b-a6c0-b88515c837a9	((13, 24), 3)
37	9	50c92e48-ec61-461b-a6c0-b88515c837a9	(None, 1)
38	0	50c92e48-ec61-461b-a6c0-b88515c837a9	((19, 8), 1)
38	1	50c92e48-ec61-461b-a6c0-b88515c837a9	((6, 14), 2)
38	2	50c92e48-ec61-461b-a6c0-b88515c837a9	(None, 3)
38	3	50c92e48-ec61-461b-a6c0-b88515c837a9	((24, 9), 1)
38	4	50c92e48-ec61-461b-a6c0-b88515c837a9	(None, 1)
38	5	50c92e48-ec61-461b-a6c0-b88515c837a9	((14, 8), 2)
38	6	50c92e48-ec61-461b-a6c0-b88515c837a9	((14, 12), 2)
38	7	50c92e48-ec61-461b-a6c0-b88515c837a9	(None, 3)
38	8	50c92e48-ec61-461b-a6c0-b88515c837a9	((13, 23), 3)
38	9	50c92e48-ec61-461b-a6c0-b88515c837a9	(None, 1)
39	0	50c92e48-ec61-461b-a6c0-b88515c837a9	((19, 9), 1)
39	1	50c92e48-ec61-461b-a6c0-b88515c837a9	((7, 14), 2)
39	2	50c92e48-ec61-461b-a6c0-b88515c837a9	(None, 3)
39	3	50c92e48-ec61-461b-a6c0-b88515c837a9	((24, 10), 1)
39	4	50c92e48-ec61-461b-a6c0-b88515c837a9	(None, 1)
39	5	50c92e48-ec61-461b-a6c0-b88515c837a9	((15, 8), 2)
39	6	50c92e48-ec61-461b-a6c0-b88515c837a9	((15, 12), 2)
39	7	50c92e48-ec61-461b-a6c0-b88515c837a9	(None, 3)
39	8	50c92e48-ec61-461b-a6c0-b88515c837a9	((13, 22), 3)
39	9	50c92e48-ec61-461b-a6c0-b88515c837a9	(None, 1)
40	0	50c92e48-ec61-461b-a6c0-b88515c837a9	((18, 9), 0)
40	1	50c92e48-ec61-461b-a6c0-b88515c837a9	((8, 14), 2)
40	2	50c92e48-ec61-461b-a6c0-b88515c837a9	(None, 3)
40	3	50c92e48-ec61-461b-a6c0-b88515c837a9	((24, 11), 1)
40	4	50c92e48-ec61-461b-a6c0-b88515c837a9	(None, 1)
40	5	50c92e48-ec61-461b-a6c0-b88515c837a9	((16, 8), 2)
40	6	50c92e48-ec61-461b-a6c0-b88515c837a9	((16, 12), 2)
40	7	50c92e48-ec61-461b-a6c0-b88515c837a9	(None, 3)
40	8	50c92e48-ec61-461b-a6c0-b88515c837a9	((13, 21), 3)
40	9	50c92e48-ec61-461b-a6c0-b88515c837a9	(None, 1)
41	0	50c92e48-ec61-461b-a6c0-b88515c837a9	((17, 9), 0)
41	1	50c92e48-ec61-461b-a6c0-b88515c837a9	((9, 14), 2)
41	2	50c92e48-ec61-461b-a6c0-b88515c837a9	(None, 3)
41	3	50c92e48-ec61-461b-a6c0-b88515c837a9	((24, 12), 1)
41	4	50c92e48-ec61-461b-a6c0-b88515c837a9	(None, 1)
41	5	50c92e48-ec61-461b-a6c0-b88515c837a9	((17, 8), 2)
41	6	50c92e48-ec61-461b-a6c0-b88515c837a9	((17, 12), 2)
41	7	50c92e48-ec61-461b-a6c0-b88515c837a9	((18, 20), 3)
41	8	50c92e48-ec61-461b-a6c0-b88515c837a9	((13, 20), 3)
41	9	50c92e48-ec61-461b-a6c0-b88515c837a9	(None, 1)
42	0	50c92e48-ec61-461b-a6c0-b88515c837a9	((16, 9), 0)
42	1	50c92e48-ec61-461b-a6c0-b88515c837a9	((10, 14), 2)
42	2	50c92e48-ec61-461b-a6c0-b88515c837a9	(None, 3)
42	3	50c92e48-ec61-461b-a6c0-b88515c837a9	((24, 13), 1)
42	4	50c92e48-ec61-461b-a6c0-b88515c837a9	(None, 1)
42	5	50c92e48-ec61-461b-a6c0-b88515c837a9	((18, 8), 2)
42	6	50c92e48-ec61-461b-a6c0-b88515c837a9	((18, 12), 2)
42	7	50c92e48-ec61-461b-a6c0-b88515c837a9	((18, 19), 3)
42	8	50c92e48-ec61-461b-a6c0-b88515c837a9	((13, 19), 3)
42	9	50c92e48-ec61-461b-a6c0-b88515c837a9	(None, 1)
43	0	50c92e48-ec61-461b-a6c0-b88515c837a9	((15, 9), 0)
43	1	50c92e48-ec61-461b-a6c0-b88515c837a9	((10, 13), 3)
43	2	50c92e48-ec61-461b-a6c0-b88515c837a9	(None, 3)
43	3	50c92e48-ec61-461b-a6c0-b88515c837a9	((23, 13), 0)
43	4	50c92e48-ec61-461b-a6c0-b88515c837a9	(None, 1)
43	5	50c92e48-ec61-461b-a6c0-b88515c837a9	((18, 7), 3)
43	6	50c92e48-ec61-461b-a6c0-b88515c837a9	((19, 12), 2)
43	7	50c92e48-ec61-461b-a6c0-b88515c837a9	((19, 19), 2)
43	8	50c92e48-ec61-461b-a6c0-b88515c837a9	((13, 18), 3)
43	9	50c92e48-ec61-461b-a6c0-b88515c837a9	(None, 1)
44	0	50c92e48-ec61-461b-a6c0-b88515c837a9	((14, 9), 0)
44	1	50c92e48-ec61-461b-a6c0-b88515c837a9	((11, 13), 2)
44	2	50c92e48-ec61-461b-a6c0-b88515c837a9	(None, 3)
44	3	50c92e48-ec61-461b-a6c0-b88515c837a9	((22, 13), 0)
44	4	50c92e48-ec61-461b-a6c0-b88515c837a9	(None, 1)
44	5	50c92e48-ec61-461b-a6c0-b88515c837a9	((18, 6), 3)
44	6	50c92e48-ec61-461b-a6c0-b88515c837a9	((19, 13), 1)
44	7	50c92e48-ec61-461b-a6c0-b88515c837a9	((19, 18), 3)
44	8	50c92e48-ec61-461b-a6c0-b88515c837a9	((13, 17), 3)
44	9	50c92e48-ec61-461b-a6c0-b88515c837a9	(None, 1)
45	0	50c92e48-ec61-461b-a6c0-b88515c837a9	((13, 9), 0)
45	1	50c92e48-ec61-461b-a6c0-b88515c837a9	((12, 13), 2)
45	2	50c92e48-ec61-461b-a6c0-b88515c837a9	(None, 3)
45	3	50c92e48-ec61-461b-a6c0-b88515c837a9	((21, 13), 0)
45	4	50c92e48-ec61-461b-a6c0-b88515c837a9	(None, 1)
45	5	50c92e48-ec61-461b-a6c0-b88515c837a9	((18, 5), 3)
45	6	50c92e48-ec61-461b-a6c0-b88515c837a9	((19, 14), 1)
45	7	50c92e48-ec61-461b-a6c0-b88515c837a9	((20, 18), 2)
45	8	50c92e48-ec61-461b-a6c0-b88515c837a9	((13, 16), 3)
45	9	50c92e48-ec61-461b-a6c0-b88515c837a9	(None, 1)
46	0	50c92e48-ec61-461b-a6c0-b88515c837a9	((12, 9), 0)
46	1	50c92e48-ec61-461b-a6c0-b88515c837a9	((13, 13), 2)
46	2	50c92e48-ec61-461b-a6c0-b88515c837a9	(None, 3)
46	3	50c92e48-ec61-461b-a6c0-b88515c837a9	((20, 13), 0)
46	4	50c92e48-ec61-461b-a6c0-b88515c837a9	(None, 1)
46	5	50c92e48-ec61-461b-a6c0-b88515c837a9	((18, 4), 3)
46	6	50c92e48-ec61-461b-a6c0-b88515c837a9	((19, 15), 1)
46	7	50c92e48-ec61-461b-a6c0-b88515c837a9	((20, 17), 3)
46	8	50c92e48-ec61-461b-a6c0-b88515c837a9	((13, 15), 3)
46	9	50c92e48-ec61-461b-a6c0-b88515c837a9	(None, 1)
47	0	50c92e48-ec61-461b-a6c0-b88515c837a9	((11, 9), 0)
47	1	50c92e48-ec61-461b-a6c0-b88515c837a9	((14, 13), 2)
47	2	50c92e48-ec61-461b-a6c0-b88515c837a9	(None, 3)
47	3	50c92e48-ec61-461b-a6c0-b88515c837a9	((19, 13), 0)
47	4	50c92e48-ec61-461b-a6c0-b88515c837a9	(None, 1)
47	5	50c92e48-ec61-461b-a6c0-b88515c837a9	((18, 3), 3)
47	6	50c92e48-ec61-461b-a6c0-b88515c837a9	((19, 16), 1)
47	7	50c92e48-ec61-461b-a6c0-b88515c837a9	((20, 16), 3)
47	8	50c92e48-ec61-461b-a6c0-b88515c837a9	((13, 14), 3)
47	9	50c92e48-ec61-461b-a6c0-b88515c837a9	(None, 1)
48	0	50c92e48-ec61-461b-a6c0-b88515c837a9	((10, 9), 0)
48	1	50c92e48-ec61-461b-a6c0-b88515c837a9	((15, 13), 2)
48	2	50c92e48-ec61-461b-a6c0-b88515c837a9	(None, 3)
48	3	50c92e48-ec61-461b-a6c0-b88515c837a9	((19, 12), 3)
48	4	50c92e48-ec61-461b-a6c0-b88515c837a9	(None, 1)
48	5	50c92e48-ec61-461b-a6c0-b88515c837a9	((19, 3), 2)
48	6	50c92e48-ec61-461b-a6c0-b88515c837a9	((19, 17), 1)
48	7	50c92e48-ec61-461b-a6c0-b88515c837a9	((20, 15), 3)
48	8	50c92e48-ec61-461b-a6c0-b88515c837a9	((13, 13), 3)
48	9	50c92e48-ec61-461b-a6c0-b88515c837a9	(None, 1)
49	0	50c92e48-ec61-461b-a6c0-b88515c837a9	((9, 9), 0)
49	1	50c92e48-ec61-461b-a6c0-b88515c837a9	((16, 13), 2)
49	2	50c92e48-ec61-461b-a6c0-b88515c837a9	(None, 3)
49	3	50c92e48-ec61-461b-a6c0-b88515c837a9	((18, 12), 0)
49	4	50c92e48-ec61-461b-a6c0-b88515c837a9	(None, 1)
49	5	50c92e48-ec61-461b-a6c0-b88515c837a9	((20, 3), 2)
49	6	50c92e48-ec61-461b-a6c0-b88515c837a9	((19, 18), 1)
49	7	50c92e48-ec61-461b-a6c0-b88515c837a9	((20, 14), 3)
49	8	50c92e48-ec61-461b-a6c0-b88515c837a9	((13, 12), 3)
49	9	50c92e48-ec61-461b-a6c0-b88515c837a9	(None, 1)
50	0	50c92e48-ec61-461b-a6c0-b88515c837a9	((8, 9), 0)
50	1	50c92e48-ec61-461b-a6c0-b88515c837a9	((17, 13), 2)
50	2	50c92e48-ec61-461b-a6c0-b88515c837a9	(None, 3)
50	3	50c92e48-ec61-461b-a6c0-b88515c837a9	((17, 12), 0)
50	4	50c92e48-ec61-461b-a6c0-b88515c837a9	(None, 1)
50	5	50c92e48-ec61-461b-a6c0-b88515c837a9	((21, 3), 2)
50	6	50c92e48-ec61-461b-a6c0-b88515c837a9	((19, 19), 1)
50	7	50c92e48-ec61-461b-a6c0-b88515c837a9	((20, 13), 3)
50	8	50c92e48-ec61-461b-a6c0-b88515c837a9	((13, 11), 3)
50	9	50c92e48-ec61-461b-a6c0-b88515c837a9	(None, 1)
51	0	50c92e48-ec61-461b-a6c0-b88515c837a9	((8, 10), 1)
51	1	50c92e48-ec61-461b-a6c0-b88515c837a9	((18, 13), 2)
51	2	50c92e48-ec61-461b-a6c0-b88515c837a9	(None, 3)
51	3	50c92e48-ec61-461b-a6c0-b88515c837a9	((16, 12), 0)
51	4	50c92e48-ec61-461b-a6c0-b88515c837a9	(None, 1)
51	5	50c92e48-ec61-461b-a6c0-b88515c837a9	((22, 3), 2)
51	6	50c92e48-ec61-461b-a6c0-b88515c837a9	(None, 1)
51	7	50c92e48-ec61-461b-a6c0-b88515c837a9	((21, 13), 2)
51	8	50c92e48-ec61-461b-a6c0-b88515c837a9	((12, 11), 0)
51	9	50c92e48-ec61-461b-a6c0-b88515c837a9	(None, 1)
52	0	50c92e48-ec61-461b-a6c0-b88515c837a9	((7, 10), 0)
52	1	50c92e48-ec61-461b-a6c0-b88515c837a9	((19, 13), 2)
52	2	50c92e48-ec61-461b-a6c0-b88515c837a9	(None, 3)
52	3	50c92e48-ec61-461b-a6c0-b88515c837a9	((15, 12), 0)
52	4	50c92e48-ec61-461b-a6c0-b88515c837a9	(None, 1)
52	5	50c92e48-ec61-461b-a6c0-b88515c837a9	((23, 3), 2)
52	6	50c92e48-ec61-461b-a6c0-b88515c837a9	(None, 1)
52	7	50c92e48-ec61-461b-a6c0-b88515c837a9	((22, 13), 2)
52	8	50c92e48-ec61-461b-a6c0-b88515c837a9	((11, 11), 0)
52	9	50c92e48-ec61-461b-a6c0-b88515c837a9	(None, 1)
53	0	50c92e48-ec61-461b-a6c0-b88515c837a9	((6, 10), 0)
53	1	50c92e48-ec61-461b-a6c0-b88515c837a9	((20, 13), 2)
53	2	50c92e48-ec61-461b-a6c0-b88515c837a9	(None, 3)
53	3	50c92e48-ec61-461b-a6c0-b88515c837a9	((14, 12), 0)
53	4	50c92e48-ec61-461b-a6c0-b88515c837a9	(None, 1)
53	5	50c92e48-ec61-461b-a6c0-b88515c837a9	((24, 3), 2)
53	6	50c92e48-ec61-461b-a6c0-b88515c837a9	(None, 1)
53	7	50c92e48-ec61-461b-a6c0-b88515c837a9	((23, 13), 2)
53	8	50c92e48-ec61-461b-a6c0-b88515c837a9	((11, 10), 3)
53	9	50c92e48-ec61-461b-a6c0-b88515c837a9	(None, 1)
54	0	50c92e48-ec61-461b-a6c0-b88515c837a9	(None, 0)
54	1	50c92e48-ec61-461b-a6c0-b88515c837a9	((21, 13), 2)
54	2	50c92e48-ec61-461b-a6c0-b88515c837a9	(None, 3)
54	3	50c92e48-ec61-461b-a6c0-b88515c837a9	((13, 12), 0)
54	4	50c92e48-ec61-461b-a6c0-b88515c837a9	(None, 1)
54	5	50c92e48-ec61-461b-a6c0-b88515c837a9	((25, 3), 2)
54	6	50c92e48-ec61-461b-a6c0-b88515c837a9	(None, 1)
54	7	50c92e48-ec61-461b-a6c0-b88515c837a9	((24, 13), 2)
54	8	50c92e48-ec61-461b-a6c0-b88515c837a9	((11, 9), 3)
54	9	50c92e48-ec61-461b-a6c0-b88515c837a9	(None, 1)
55	0	50c92e48-ec61-461b-a6c0-b88515c837a9	(None, 0)
55	1	50c92e48-ec61-461b-a6c0-b88515c837a9	((22, 13), 2)
55	2	50c92e48-ec61-461b-a6c0-b88515c837a9	(None, 3)
55	3	50c92e48-ec61-461b-a6c0-b88515c837a9	((12, 12), 0)
55	4	50c92e48-ec61-461b-a6c0-b88515c837a9	(None, 1)
55	5	50c92e48-ec61-461b-a6c0-b88515c837a9	((25, 4), 1)
55	6	50c92e48-ec61-461b-a6c0-b88515c837a9	(None, 1)
55	7	50c92e48-ec61-461b-a6c0-b88515c837a9	((24, 12), 3)
55	8	50c92e48-ec61-461b-a6c0-b88515c837a9	((10, 9), 0)
55	9	50c92e48-ec61-461b-a6c0-b88515c837a9	(None, 1)
56	0	50c92e48-ec61-461b-a6c0-b88515c837a9	(None, 0)
56	1	50c92e48-ec61-461b-a6c0-b88515c837a9	((23, 13), 2)
56	2	50c92e48-ec61-461b-a6c0-b88515c837a9	(None, 3)
56	3	50c92e48-ec61-461b-a6c0-b88515c837a9	((11, 12), 0)
56	4	50c92e48-ec61-461b-a6c0-b88515c837a9	(None, 1)
56	5	50c92e48-ec61-461b-a6c0-b88515c837a9	((25, 5), 1)
56	6	50c92e48-ec61-461b-a6c0-b88515c837a9	(None, 1)
56	7	50c92e48-ec61-461b-a6c0-b88515c837a9	((24, 11), 3)
56	8	50c92e48-ec61-461b-a6c0-b88515c837a9	((9, 9), 0)
56	9	50c92e48-ec61-461b-a6c0-b88515c837a9	(None, 1)
57	0	50c92e48-ec61-461b-a6c0-b88515c837a9	(None, 0)
57	1	50c92e48-ec61-461b-a6c0-b88515c837a9	((24, 13), 2)
57	2	50c92e48-ec61-461b-a6c0-b88515c837a9	(None, 3)
57	3	50c92e48-ec61-461b-a6c0-b88515c837a9	((10, 12), 0)
57	4	50c92e48-ec61-461b-a6c0-b88515c837a9	(None, 1)
57	5	50c92e48-ec61-461b-a6c0-b88515c837a9	((25, 6), 1)
57	6	50c92e48-ec61-461b-a6c0-b88515c837a9	(None, 1)
57	7	50c92e48-ec61-461b-a6c0-b88515c837a9	((24, 10), 3)
57	8	50c92e48-ec61-461b-a6c0-b88515c837a9	((8, 9), 0)
57	9	50c92e48-ec61-461b-a6c0-b88515c837a9	(None, 1)
58	0	50c92e48-ec61-461b-a6c0-b88515c837a9	(None, 0)
58	1	50c92e48-ec61-461b-a6c0-b88515c837a9	((25, 13), 2)
58	2	50c92e48-ec61-461b-a6c0-b88515c837a9	(None, 3)
58	3	50c92e48-ec61-461b-a6c0-b88515c837a9	((10, 11), 3)
58	4	50c92e48-ec61-461b-a6c0-b88515c837a9	(None, 1)
58	5	50c92e48-ec61-461b-a6c0-b88515c837a9	((25, 7), 1)
58	6	50c92e48-ec61-461b-a6c0-b88515c837a9	(None, 1)
58	7	50c92e48-ec61-461b-a6c0-b88515c837a9	((24, 9), 3)
58	8	50c92e48-ec61-461b-a6c0-b88515c837a9	((8, 10), 1)
58	9	50c92e48-ec61-461b-a6c0-b88515c837a9	(None, 1)
59	0	50c92e48-ec61-461b-a6c0-b88515c837a9	(None, 0)
59	1	50c92e48-ec61-461b-a6c0-b88515c837a9	((25, 12), 3)
59	2	50c92e48-ec61-461b-a6c0-b88515c837a9	(None, 3)
59	3	50c92e48-ec61-461b-a6c0-b88515c837a9	((10, 10), 3)
59	4	50c92e48-ec61-461b-a6c0-b88515c837a9	(None, 1)
59	5	50c92e48-ec61-461b-a6c0-b88515c837a9	(None, 1)
59	6	50c92e48-ec61-461b-a6c0-b88515c837a9	(None, 1)
59	7	50c92e48-ec61-461b-a6c0-b88515c837a9	((24, 8), 3)
59	8	50c92e48-ec61-461b-a6c0-b88515c837a9	((7, 10), 0)
59	9	50c92e48-ec61-461b-a6c0-b88515c837a9	(None, 1)
60	0	50c92e48-ec61-461b-a6c0-b88515c837a9	(None, 0)
60	1	50c92e48-ec61-461b-a6c0-b88515c837a9	((25, 11), 3)
60	2	50c92e48-ec61-461b-a6c0-b88515c837a9	(None, 3)
60	3	50c92e48-ec61-461b-a6c0-b88515c837a9	((10, 9), 3)
60	4	50c92e48-ec61-461b-a6c0-b88515c837a9	(None, 1)
60	5	50c92e48-ec61-461b-a6c0-b88515c837a9	(None, 1)
60	6	50c92e48-ec61-461b-a6c0-b88515c837a9	(None, 1)
60	7	50c92e48-ec61-461b-a6c0-b88515c837a9	((24, 7), 3)
60	8	50c92e48-ec61-461b-a6c0-b88515c837a9	((6, 10), 0)
60	9	50c92e48-ec61-461b-a6c0-b88515c837a9	(None, 1)
61	0	50c92e48-ec61-461b-a6c0-b88515c837a9	(None, 0)
61	1	50c92e48-ec61-461b-a6c0-b88515c837a9	((25, 10), 3)
61	2	50c92e48-ec61-461b-a6c0-b88515c837a9	(None, 3)
61	3	50c92e48-ec61-461b-a6c0-b88515c837a9	((9, 9), 0)
61	4	50c92e48-ec61-461b-a6c0-b88515c837a9	(None, 1)
61	5	50c92e48-ec61-461b-a6c0-b88515c837a9	(None, 1)
61	6	50c92e48-ec61-461b-a6c0-b88515c837a9	(None, 1)
61	7	50c92e48-ec61-461b-a6c0-b88515c837a9	((24, 6), 3)
61	8	50c92e48-ec61-461b-a6c0-b88515c837a9	(None, 0)
61	9	50c92e48-ec61-461b-a6c0-b88515c837a9	(None, 1)
62	0	50c92e48-ec61-461b-a6c0-b88515c837a9	(None, 0)
62	1	50c92e48-ec61-461b-a6c0-b88515c837a9	((25, 9), 3)
62	2	50c92e48-ec61-461b-a6c0-b88515c837a9	(None, 3)
62	3	50c92e48-ec61-461b-a6c0-b88515c837a9	((8, 9), 0)
62	4	50c92e48-ec61-461b-a6c0-b88515c837a9	(None, 1)
62	5	50c92e48-ec61-461b-a6c0-b88515c837a9	(None, 1)
62	6	50c92e48-ec61-461b-a6c0-b88515c837a9	(None, 1)
62	7	50c92e48-ec61-461b-a6c0-b88515c837a9	((24, 5), 3)
62	8	50c92e48-ec61-461b-a6c0-b88515c837a9	(None, 0)
62	9	50c92e48-ec61-461b-a6c0-b88515c837a9	(None, 1)
63	0	50c92e48-ec61-461b-a6c0-b88515c837a9	(None, 0)
63	1	50c92e48-ec61-461b-a6c0-b88515c837a9	(None, 3)
63	2	50c92e48-ec61-461b-a6c0-b88515c837a9	(None, 3)
63	3	50c92e48-ec61-461b-a6c0-b88515c837a9	((8, 10), 1)
63	4	50c92e48-ec61-461b-a6c0-b88515c837a9	(None, 1)
63	5	50c92e48-ec61-461b-a6c0-b88515c837a9	(None, 1)
63	6	50c92e48-ec61-461b-a6c0-b88515c837a9	(None, 1)
63	7	50c92e48-ec61-461b-a6c0-b88515c837a9	((24, 4), 3)
63	8	50c92e48-ec61-461b-a6c0-b88515c837a9	(None, 0)
63	9	50c92e48-ec61-461b-a6c0-b88515c837a9	(None, 1)
64	0	50c92e48-ec61-461b-a6c0-b88515c837a9	(None, 0)
64	1	50c92e48-ec61-461b-a6c0-b88515c837a9	(None, 3)
64	2	50c92e48-ec61-461b-a6c0-b88515c837a9	(None, 3)
64	3	50c92e48-ec61-461b-a6c0-b88515c837a9	((7, 10), 0)
64	4	50c92e48-ec61-461b-a6c0-b88515c837a9	(None, 1)
64	5	50c92e48-ec61-461b-a6c0-b88515c837a9	(None, 1)
64	6	50c92e48-ec61-461b-a6c0-b88515c837a9	(None, 1)
64	7	50c92e48-ec61-461b-a6c0-b88515c837a9	((24, 3), 3)
64	8	50c92e48-ec61-461b-a6c0-b88515c837a9	(None, 0)
64	9	50c92e48-ec61-461b-a6c0-b88515c837a9	(None, 1)
65	0	50c92e48-ec61-461b-a6c0-b88515c837a9	(None, 0)
65	1	50c92e48-ec61-461b-a6c0-b88515c837a9	(None, 3)
65	2	50c92e48-ec61-461b-a6c0-b88515c837a9	(None, 3)
65	3	50c92e48-ec61-461b-a6c0-b88515c837a9	((6, 10), 0)
65	4	50c92e48-ec61-461b-a6c0-b88515c837a9	(None, 1)
65	5	50c92e48-ec61-461b-a6c0-b88515c837a9	(None, 1)
65	6	50c92e48-ec61-461b-a6c0-b88515c837a9	(None, 1)
65	7	50c92e48-ec61-461b-a6c0-b88515c837a9	((23, 3), 0)
65	8	50c92e48-ec61-461b-a6c0-b88515c837a9	(None, 0)
65	9	50c92e48-ec61-461b-a6c0-b88515c837a9	(None, 1)
66	0	50c92e48-ec61-461b-a6c0-b88515c837a9	(None, 0)
66	1	50c92e48-ec61-461b-a6c0-b88515c837a9	(None, 3)
66	2	50c92e48-ec61-461b-a6c0-b88515c837a9	(None, 3)
66	3	50c92e48-ec61-461b-a6c0-b88515c837a9	(None, 0)
66	4	50c92e48-ec61-461b-a6c0-b88515c837a9	(None, 1)
66	5	50c92e48-ec61-461b-a6c0-b88515c837a9	(None, 1)
66	6	50c92e48-ec61-461b-a6c0-b88515c837a9	(None, 1)
66	7	50c92e48-ec61-461b-a6c0-b88515c837a9	((22, 3), 0)
66	8	50c92e48-ec61-461b-a6c0-b88515c837a9	(None, 0)
66	9	50c92e48-ec61-461b-a6c0-b88515c837a9	(None, 1)
67	0	50c92e48-ec61-461b-a6c0-b88515c837a9	(None, 0)
67	1	50c92e48-ec61-461b-a6c0-b88515c837a9	(None, 3)
67	2	50c92e48-ec61-461b-a6c0-b88515c837a9	(None, 3)
67	3	50c92e48-ec61-461b-a6c0-b88515c837a9	(None, 0)
67	4	50c92e48-ec61-461b-a6c0-b88515c837a9	(None, 1)
67	5	50c92e48-ec61-461b-a6c0-b88515c837a9	(None, 1)
67	6	50c92e48-ec61-461b-a6c0-b88515c837a9	(None, 1)
67	7	50c92e48-ec61-461b-a6c0-b88515c837a9	((21, 3), 0)
67	8	50c92e48-ec61-461b-a6c0-b88515c837a9	(None, 0)
67	9	50c92e48-ec61-461b-a6c0-b88515c837a9	(None, 1)
68	0	50c92e48-ec61-461b-a6c0-b88515c837a9	(None, 0)
68	1	50c92e48-ec61-461b-a6c0-b88515c837a9	(None, 3)
68	2	50c92e48-ec61-461b-a6c0-b88515c837a9	(None, 3)
68	3	50c92e48-ec61-461b-a6c0-b88515c837a9	(None, 0)
68	4	50c92e48-ec61-461b-a6c0-b88515c837a9	(None, 1)
68	5	50c92e48-ec61-461b-a6c0-b88515c837a9	(None, 1)
68	6	50c92e48-ec61-461b-a6c0-b88515c837a9	(None, 1)
68	7	50c92e48-ec61-461b-a6c0-b88515c837a9	((20, 3), 0)
68	8	50c92e48-ec61-461b-a6c0-b88515c837a9	(None, 0)
68	9	50c92e48-ec61-461b-a6c0-b88515c837a9	(None, 1)
69	0	50c92e48-ec61-461b-a6c0-b88515c837a9	(None, 0)
69	1	50c92e48-ec61-461b-a6c0-b88515c837a9	(None, 3)
69	2	50c92e48-ec61-461b-a6c0-b88515c837a9	(None, 3)
69	3	50c92e48-ec61-461b-a6c0-b88515c837a9	(None, 0)
69	4	50c92e48-ec61-461b-a6c0-b88515c837a9	(None, 1)
69	5	50c92e48-ec61-461b-a6c0-b88515c837a9	(None, 1)
69	6	50c92e48-ec61-461b-a6c0-b88515c837a9	(None, 1)
69	7	50c92e48-ec61-461b-a6c0-b88515c837a9	((19, 3), 0)
69	8	50c92e48-ec61-461b-a6c0-b88515c837a9	(None, 0)
69	9	50c92e48-ec61-461b-a6c0-b88515c837a9	(None, 1)
70	0	50c92e48-ec61-461b-a6c0-b88515c837a9	(None, 0)
70	1	50c92e48-ec61-461b-a6c0-b88515c837a9	(None, 3)
70	2	50c92e48-ec61-461b-a6c0-b88515c837a9	(None, 3)
70	3	50c92e48-ec61-461b-a6c0-b88515c837a9	(None, 0)
70	4	50c92e48-ec61-461b-a6c0-b88515c837a9	(None, 1)
70	5	50c92e48-ec61-461b-a6c0-b88515c837a9	(None, 1)
70	6	50c92e48-ec61-461b-a6c0-b88515c837a9	(None, 1)
70	7	50c92e48-ec61-461b-a6c0-b88515c837a9	((19, 4), 1)
70	8	50c92e48-ec61-461b-a6c0-b88515c837a9	(None, 0)
70	9	50c92e48-ec61-461b-a6c0-b88515c837a9	(None, 1)
71	0	50c92e48-ec61-461b-a6c0-b88515c837a9	(None, 0)
71	1	50c92e48-ec61-461b-a6c0-b88515c837a9	(None, 3)
71	2	50c92e48-ec61-461b-a6c0-b88515c837a9	(None, 3)
71	3	50c92e48-ec61-461b-a6c0-b88515c837a9	(None, 0)
71	4	50c92e48-ec61-461b-a6c0-b88515c837a9	(None, 1)
71	5	50c92e48-ec61-461b-a6c0-b88515c837a9	(None, 1)
71	6	50c92e48-ec61-461b-a6c0-b88515c837a9	(None, 1)
71	7	50c92e48-ec61-461b-a6c0-b88515c837a9	((19, 5), 1)
71	8	50c92e48-ec61-461b-a6c0-b88515c837a9	(None, 0)
71	9	50c92e48-ec61-461b-a6c0-b88515c837a9	(None, 1)
72	0	50c92e48-ec61-461b-a6c0-b88515c837a9	(None, 0)
72	1	50c92e48-ec61-461b-a6c0-b88515c837a9	(None, 3)
72	2	50c92e48-ec61-461b-a6c0-b88515c837a9	(None, 3)
72	3	50c92e48-ec61-461b-a6c0-b88515c837a9	(None, 0)
72	4	50c92e48-ec61-461b-a6c0-b88515c837a9	(None, 1)
72	5	50c92e48-ec61-461b-a6c0-b88515c837a9	(None, 1)
72	6	50c92e48-ec61-461b-a6c0-b88515c837a9	(None, 1)
72	7	50c92e48-ec61-461b-a6c0-b88515c837a9	((19, 6), 1)
72	8	50c92e48-ec61-461b-a6c0-b88515c837a9	(None, 0)
72	9	50c92e48-ec61-461b-a6c0-b88515c837a9	(None, 1)
73	0	50c92e48-ec61-461b-a6c0-b88515c837a9	(None, 0)
73	1	50c92e48-ec61-461b-a6c0-b88515c837a9	(None, 3)
73	2	50c92e48-ec61-461b-a6c0-b88515c837a9	(None, 3)
73	3	50c92e48-ec61-461b-a6c0-b88515c837a9	(None, 0)
73	4	50c92e48-ec61-461b-a6c0-b88515c837a9	(None, 1)
73	5	50c92e48-ec61-461b-a6c0-b88515c837a9	(None, 1)
73	6	50c92e48-ec61-461b-a6c0-b88515c837a9	(None, 1)
73	7	50c92e48-ec61-461b-a6c0-b88515c837a9	((19, 7), 1)
73	8	50c92e48-ec61-461b-a6c0-b88515c837a9	(None, 0)
73	9	50c92e48-ec61-461b-a6c0-b88515c837a9	(None, 1)
74	0	50c92e48-ec61-461b-a6c0-b88515c837a9	(None, 0)
74	1	50c92e48-ec61-461b-a6c0-b88515c837a9	(None, 3)
74	2	50c92e48-ec61-461b-a6c0-b88515c837a9	(None, 3)
74	3	50c92e48-ec61-461b-a6c0-b88515c837a9	(None, 0)
74	4	50c92e48-ec61-461b-a6c0-b88515c837a9	(None, 1)
74	5	50c92e48-ec61-461b-a6c0-b88515c837a9	(None, 1)
74	6	50c92e48-ec61-461b-a6c0-b88515c837a9	(None, 1)
74	7	50c92e48-ec61-461b-a6c0-b88515c837a9	((19, 8), 1)
74	8	50c92e48-ec61-461b-a6c0-b88515c837a9	(None, 0)
74	9	50c92e48-ec61-461b-a6c0-b88515c837a9	(None, 1)
75	0	50c92e48-ec61-461b-a6c0-b88515c837a9	(None, 0)
75	1	50c92e48-ec61-461b-a6c0-b88515c837a9	(None, 3)
75	2	50c92e48-ec61-461b-a6c0-b88515c837a9	(None, 3)
75	3	50c92e48-ec61-461b-a6c0-b88515c837a9	(None, 0)
75	4	50c92e48-ec61-461b-a6c0-b88515c837a9	(None, 1)
75	5	50c92e48-ec61-461b-a6c0-b88515c837a9	(None, 1)
75	6	50c92e48-ec61-461b-a6c0-b88515c837a9	(None, 1)
75	7	50c92e48-ec61-461b-a6c0-b88515c837a9	((19, 9), 1)
75	8	50c92e48-ec61-461b-a6c0-b88515c837a9	(None, 0)
75	9	50c92e48-ec61-461b-a6c0-b88515c837a9	(None, 1)
76	0	50c92e48-ec61-461b-a6c0-b88515c837a9	(None, 0)
76	1	50c92e48-ec61-461b-a6c0-b88515c837a9	(None, 3)
76	2	50c92e48-ec61-461b-a6c0-b88515c837a9	(None, 3)
76	3	50c92e48-ec61-461b-a6c0-b88515c837a9	(None, 0)
76	4	50c92e48-ec61-461b-a6c0-b88515c837a9	(None, 1)
76	5	50c92e48-ec61-461b-a6c0-b88515c837a9	(None, 1)
76	6	50c92e48-ec61-461b-a6c0-b88515c837a9	(None, 1)
76	7	50c92e48-ec61-461b-a6c0-b88515c837a9	((18, 9), 0)
76	8	50c92e48-ec61-461b-a6c0-b88515c837a9	(None, 0)
76	9	50c92e48-ec61-461b-a6c0-b88515c837a9	(None, 1)
77	0	50c92e48-ec61-461b-a6c0-b88515c837a9	(None, 0)
77	1	50c92e48-ec61-461b-a6c0-b88515c837a9	(None, 3)
77	2	50c92e48-ec61-461b-a6c0-b88515c837a9	(None, 3)
77	3	50c92e48-ec61-461b-a6c0-b88515c837a9	(None, 0)
77	4	50c92e48-ec61-461b-a6c0-b88515c837a9	(None, 1)
77	5	50c92e48-ec61-461b-a6c0-b88515c837a9	(None, 1)
77	6	50c92e48-ec61-461b-a6c0-b88515c837a9	(None, 1)
77	7	50c92e48-ec61-461b-a6c0-b88515c837a9	((17, 9), 0)
77	8	50c92e48-ec61-461b-a6c0-b88515c837a9	(None, 0)
77	9	50c92e48-ec61-461b-a6c0-b88515c837a9	(None, 1)
78	0	50c92e48-ec61-461b-a6c0-b88515c837a9	(None, 0)
78	1	50c92e48-ec61-461b-a6c0-b88515c837a9	(None, 3)
78	2	50c92e48-ec61-461b-a6c0-b88515c837a9	(None, 3)
78	3	50c92e48-ec61-461b-a6c0-b88515c837a9	(None, 0)
78	4	50c92e48-ec61-461b-a6c0-b88515c837a9	(None, 1)
78	5	50c92e48-ec61-461b-a6c0-b88515c837a9	(None, 1)
78	6	50c92e48-ec61-461b-a6c0-b88515c837a9	(None, 1)
78	7	50c92e48-ec61-461b-a6c0-b88515c837a9	((16, 9), 0)
78	8	50c92e48-ec61-461b-a6c0-b88515c837a9	(None, 0)
78	9	50c92e48-ec61-461b-a6c0-b88515c837a9	(None, 1)
79	0	50c92e48-ec61-461b-a6c0-b88515c837a9	(None, 0)
79	1	50c92e48-ec61-461b-a6c0-b88515c837a9	(None, 3)
79	2	50c92e48-ec61-461b-a6c0-b88515c837a9	(None, 3)
79	3	50c92e48-ec61-461b-a6c0-b88515c837a9	(None, 0)
79	4	50c92e48-ec61-461b-a6c0-b88515c837a9	(None, 1)
79	5	50c92e48-ec61-461b-a6c0-b88515c837a9	(None, 1)
79	6	50c92e48-ec61-461b-a6c0-b88515c837a9	(None, 1)
79	7	50c92e48-ec61-461b-a6c0-b88515c837a9	((15, 9), 0)
79	8	50c92e48-ec61-461b-a6c0-b88515c837a9	(None, 0)
79	9	50c92e48-ec61-461b-a6c0-b88515c837a9	(None, 1)
80	0	50c92e48-ec61-461b-a6c0-b88515c837a9	(None, 0)
80	1	50c92e48-ec61-461b-a6c0-b88515c837a9	(None, 3)
80	2	50c92e48-ec61-461b-a6c0-b88515c837a9	(None, 3)
80	3	50c92e48-ec61-461b-a6c0-b88515c837a9	(None, 0)
80	4	50c92e48-ec61-461b-a6c0-b88515c837a9	(None, 1)
80	5	50c92e48-ec61-461b-a6c0-b88515c837a9	(None, 1)
80	6	50c92e48-ec61-461b-a6c0-b88515c837a9	(None, 1)
80	7	50c92e48-ec61-461b-a6c0-b88515c837a9	((14, 9), 0)
80	8	50c92e48-ec61-461b-a6c0-b88515c837a9	(None, 0)
80	9	50c92e48-ec61-461b-a6c0-b88515c837a9	(None, 1)
81	0	50c92e48-ec61-461b-a6c0-b88515c837a9	(None, 0)
81	1	50c92e48-ec61-461b-a6c0-b88515c837a9	(None, 3)
81	2	50c92e48-ec61-461b-a6c0-b88515c837a9	(None, 3)
81	3	50c92e48-ec61-461b-a6c0-b88515c837a9	(None, 0)
81	4	50c92e48-ec61-461b-a6c0-b88515c837a9	(None, 1)
81	5	50c92e48-ec61-461b-a6c0-b88515c837a9	(None, 1)
81	6	50c92e48-ec61-461b-a6c0-b88515c837a9	(None, 1)
81	7	50c92e48-ec61-461b-a6c0-b88515c837a9	((13, 9), 0)
81	8	50c92e48-ec61-461b-a6c0-b88515c837a9	(None, 0)
81	9	50c92e48-ec61-461b-a6c0-b88515c837a9	(None, 1)
82	0	50c92e48-ec61-461b-a6c0-b88515c837a9	(None, 0)
82	1	50c92e48-ec61-461b-a6c0-b88515c837a9	(None, 3)
82	2	50c92e48-ec61-461b-a6c0-b88515c837a9	(None, 3)
82	3	50c92e48-ec61-461b-a6c0-b88515c837a9	(None, 0)
82	4	50c92e48-ec61-461b-a6c0-b88515c837a9	(None, 1)
82	5	50c92e48-ec61-461b-a6c0-b88515c837a9	(None, 1)
82	6	50c92e48-ec61-461b-a6c0-b88515c837a9	(None, 1)
82	7	50c92e48-ec61-461b-a6c0-b88515c837a9	((12, 9), 0)
82	8	50c92e48-ec61-461b-a6c0-b88515c837a9	(None, 0)
82	9	50c92e48-ec61-461b-a6c0-b88515c837a9	(None, 1)
83	0	50c92e48-ec61-461b-a6c0-b88515c837a9	(None, 0)
83	1	50c92e48-ec61-461b-a6c0-b88515c837a9	(None, 3)
83	2	50c92e48-ec61-461b-a6c0-b88515c837a9	(None, 3)
83	3	50c92e48-ec61-461b-a6c0-b88515c837a9	(None, 0)
83	4	50c92e48-ec61-461b-a6c0-b88515c837a9	(None, 1)
83	5	50c92e48-ec61-461b-a6c0-b88515c837a9	(None, 1)
83	6	50c92e48-ec61-461b-a6c0-b88515c837a9	(None, 1)
83	7	50c92e48-ec61-461b-a6c0-b88515c837a9	((11, 9), 0)
83	8	50c92e48-ec61-461b-a6c0-b88515c837a9	(None, 0)
83	9	50c92e48-ec61-461b-a6c0-b88515c837a9	(None, 1)
84	0	50c92e48-ec61-461b-a6c0-b88515c837a9	(None, 0)
84	1	50c92e48-ec61-461b-a6c0-b88515c837a9	(None, 3)
84	2	50c92e48-ec61-461b-a6c0-b88515c837a9	(None, 3)
84	3	50c92e48-ec61-461b-a6c0-b88515c837a9	(None, 0)
84	4	50c92e48-ec61-461b-a6c0-b88515c837a9	(None, 1)
84	5	50c92e48-ec61-461b-a6c0-b88515c837a9	(None, 1)
84	6	50c92e48-ec61-461b-a6c0-b88515c837a9	(None, 1)
84	7	50c92e48-ec61-461b-a6c0-b88515c837a9	((10, 9), 0)
84	8	50c92e48-ec61-461b-a6c0-b88515c837a9	(None, 0)
84	9	50c92e48-ec61-461b-a6c0-b88515c837a9	(None, 1)
85	0	50c92e48-ec61-461b-a6c0-b88515c837a9	(None, 0)
85	1	50c92e48-ec61-461b-a6c0-b88515c837a9	(None, 3)
85	2	50c92e48-ec61-461b-a6c0-b88515c837a9	(None, 3)
85	3	50c92e48-ec61-461b-a6c0-b88515c837a9	(None, 0)
85	4	50c92e48-ec61-461b-a6c0-b88515c837a9	(None, 1)
85	5	50c92e48-ec61-461b-a6c0-b88515c837a9	(None, 1)
85	6	50c92e48-ec61-461b-a6c0-b88515c837a9	(None, 1)
85	7	50c92e48-ec61-461b-a6c0-b88515c837a9	((9, 9), 0)
85	8	50c92e48-ec61-461b-a6c0-b88515c837a9	(None, 0)
85	9	50c92e48-ec61-461b-a6c0-b88515c837a9	(None, 1)
86	0	50c92e48-ec61-461b-a6c0-b88515c837a9	(None, 0)
86	1	50c92e48-ec61-461b-a6c0-b88515c837a9	(None, 3)
86	2	50c92e48-ec61-461b-a6c0-b88515c837a9	(None, 3)
86	3	50c92e48-ec61-461b-a6c0-b88515c837a9	(None, 0)
86	4	50c92e48-ec61-461b-a6c0-b88515c837a9	(None, 1)
86	5	50c92e48-ec61-461b-a6c0-b88515c837a9	(None, 1)
86	6	50c92e48-ec61-461b-a6c0-b88515c837a9	(None, 1)
86	7	50c92e48-ec61-461b-a6c0-b88515c837a9	((8, 9), 0)
86	8	50c92e48-ec61-461b-a6c0-b88515c837a9	(None, 0)
86	9	50c92e48-ec61-461b-a6c0-b88515c837a9	(None, 1)
87	0	50c92e48-ec61-461b-a6c0-b88515c837a9	(None, 0)
87	1	50c92e48-ec61-461b-a6c0-b88515c837a9	(None, 3)
87	2	50c92e48-ec61-461b-a6c0-b88515c837a9	(None, 3)
87	3	50c92e48-ec61-461b-a6c0-b88515c837a9	(None, 0)
87	4	50c92e48-ec61-461b-a6c0-b88515c837a9	(None, 1)
87	5	50c92e48-ec61-461b-a6c0-b88515c837a9	(None, 1)
87	6	50c92e48-ec61-461b-a6c0-b88515c837a9	(None, 1)
87	7	50c92e48-ec61-461b-a6c0-b88515c837a9	((8, 10), 1)
87	8	50c92e48-ec61-461b-a6c0-b88515c837a9	(None, 0)
87	9	50c92e48-ec61-461b-a6c0-b88515c837a9	(None, 1)
88	0	50c92e48-ec61-461b-a6c0-b88515c837a9	(None, 0)
88	1	50c92e48-ec61-461b-a6c0-b88515c837a9	(None, 3)
88	2	50c92e48-ec61-461b-a6c0-b88515c837a9	(None, 3)
88	3	50c92e48-ec61-461b-a6c0-b88515c837a9	(None, 0)
88	4	50c92e48-ec61-461b-a6c0-b88515c837a9	(None, 1)
88	5	50c92e48-ec61-461b-a6c0-b88515c837a9	(None, 1)
88	6	50c92e48-ec61-461b-a6c0-b88515c837a9	(None, 1)
88	7	50c92e48-ec61-461b-a6c0-b88515c837a9	((7, 10), 0)
88	8	50c92e48-ec61-461b-a6c0-b88515c837a9	(None, 0)
88	9	50c92e48-ec61-461b-a6c0-b88515c837a9	(None, 1)
89	0	50c92e48-ec61-461b-a6c0-b88515c837a9	(None, 0)
89	1	50c92e48-ec61-461b-a6c0-b88515c837a9	(None, 3)
89	2	50c92e48-ec61-461b-a6c0-b88515c837a9	(None, 3)
89	3	50c92e48-ec61-461b-a6c0-b88515c837a9	(None, 0)
89	4	50c92e48-ec61-461b-a6c0-b88515c837a9	(None, 1)
89	5	50c92e48-ec61-461b-a6c0-b88515c837a9	(None, 1)
89	6	50c92e48-ec61-461b-a6c0-b88515c837a9	(None, 1)
89	7	50c92e48-ec61-461b-a6c0-b88515c837a9	((6, 10), 0)
89	8	50c92e48-ec61-461b-a6c0-b88515c837a9	(None, 0)
89	9	50c92e48-ec61-461b-a6c0-b88515c837a9	(None, 1)
90	0	50c92e48-ec61-461b-a6c0-b88515c837a9	(None, 0)
90	1	50c92e48-ec61-461b-a6c0-b88515c837a9	(None, 3)
90	2	50c92e48-ec61-461b-a6c0-b88515c837a9	(None, 3)
90	3	50c92e48-ec61-461b-a6c0-b88515c837a9	(None, 0)
90	4	50c92e48-ec61-461b-a6c0-b88515c837a9	(None, 1)
90	5	50c92e48-ec61-461b-a6c0-b88515c837a9	(None, 1)
90	6	50c92e48-ec61-461b-a6c0-b88515c837a9	(None, 1)
90	7	50c92e48-ec61-461b-a6c0-b88515c837a9	(None, 0)
90	8	50c92e48-ec61-461b-a6c0-b88515c837a9	(None, 0)
90	9	50c92e48-ec61-461b-a6c0-b88515c837a9	(None, 1)
1	0	570c7caf-b7ad-4ffe-89e6-5f870e48be7b	(None, 3)
1	1	570c7caf-b7ad-4ffe-89e6-5f870e48be7b	(None, 0)
1	2	570c7caf-b7ad-4ffe-89e6-5f870e48be7b	(None, 3)
1	3	570c7caf-b7ad-4ffe-89e6-5f870e48be7b	(None, 0)
1	4	570c7caf-b7ad-4ffe-89e6-5f870e48be7b	(None, 3)
1	5	570c7caf-b7ad-4ffe-89e6-5f870e48be7b	(None, 2)
1	6	570c7caf-b7ad-4ffe-89e6-5f870e48be7b	(None, 3)
1	7	570c7caf-b7ad-4ffe-89e6-5f870e48be7b	(None, 2)
1	8	570c7caf-b7ad-4ffe-89e6-5f870e48be7b	(None, 1)
1	9	570c7caf-b7ad-4ffe-89e6-5f870e48be7b	(None, 1)
2	0	570c7caf-b7ad-4ffe-89e6-5f870e48be7b	(None, 3)
2	1	570c7caf-b7ad-4ffe-89e6-5f870e48be7b	(None, 0)
2	2	570c7caf-b7ad-4ffe-89e6-5f870e48be7b	((24, 5), 3)
2	3	570c7caf-b7ad-4ffe-89e6-5f870e48be7b	(None, 0)
2	4	570c7caf-b7ad-4ffe-89e6-5f870e48be7b	(None, 3)
2	5	570c7caf-b7ad-4ffe-89e6-5f870e48be7b	(None, 2)
2	6	570c7caf-b7ad-4ffe-89e6-5f870e48be7b	(None, 3)
2	7	570c7caf-b7ad-4ffe-89e6-5f870e48be7b	(None, 2)
2	8	570c7caf-b7ad-4ffe-89e6-5f870e48be7b	(None, 1)
2	9	570c7caf-b7ad-4ffe-89e6-5f870e48be7b	(None, 1)
3	0	570c7caf-b7ad-4ffe-89e6-5f870e48be7b	(None, 3)
3	1	570c7caf-b7ad-4ffe-89e6-5f870e48be7b	(None, 0)
3	2	570c7caf-b7ad-4ffe-89e6-5f870e48be7b	((24, 4), 3)
3	3	570c7caf-b7ad-4ffe-89e6-5f870e48be7b	(None, 0)
3	4	570c7caf-b7ad-4ffe-89e6-5f870e48be7b	(None, 3)
3	5	570c7caf-b7ad-4ffe-89e6-5f870e48be7b	(None, 2)
3	6	570c7caf-b7ad-4ffe-89e6-5f870e48be7b	(None, 3)
3	7	570c7caf-b7ad-4ffe-89e6-5f870e48be7b	(None, 2)
3	8	570c7caf-b7ad-4ffe-89e6-5f870e48be7b	(None, 1)
3	9	570c7caf-b7ad-4ffe-89e6-5f870e48be7b	(None, 1)
4	0	570c7caf-b7ad-4ffe-89e6-5f870e48be7b	(None, 3)
4	1	570c7caf-b7ad-4ffe-89e6-5f870e48be7b	(None, 0)
4	2	570c7caf-b7ad-4ffe-89e6-5f870e48be7b	((24, 3), 3)
4	3	570c7caf-b7ad-4ffe-89e6-5f870e48be7b	(None, 0)
4	4	570c7caf-b7ad-4ffe-89e6-5f870e48be7b	(None, 3)
4	5	570c7caf-b7ad-4ffe-89e6-5f870e48be7b	(None, 2)
4	6	570c7caf-b7ad-4ffe-89e6-5f870e48be7b	(None, 3)
4	7	570c7caf-b7ad-4ffe-89e6-5f870e48be7b	(None, 2)
4	8	570c7caf-b7ad-4ffe-89e6-5f870e48be7b	(None, 1)
4	9	570c7caf-b7ad-4ffe-89e6-5f870e48be7b	(None, 1)
5	0	570c7caf-b7ad-4ffe-89e6-5f870e48be7b	(None, 3)
5	1	570c7caf-b7ad-4ffe-89e6-5f870e48be7b	(None, 0)
5	2	570c7caf-b7ad-4ffe-89e6-5f870e48be7b	((24, 2), 3)
5	3	570c7caf-b7ad-4ffe-89e6-5f870e48be7b	(None, 0)
5	4	570c7caf-b7ad-4ffe-89e6-5f870e48be7b	(None, 3)
5	5	570c7caf-b7ad-4ffe-89e6-5f870e48be7b	(None, 2)
5	6	570c7caf-b7ad-4ffe-89e6-5f870e48be7b	(None, 3)
5	7	570c7caf-b7ad-4ffe-89e6-5f870e48be7b	(None, 2)
5	8	570c7caf-b7ad-4ffe-89e6-5f870e48be7b	(None, 1)
5	9	570c7caf-b7ad-4ffe-89e6-5f870e48be7b	(None, 1)
6	0	570c7caf-b7ad-4ffe-89e6-5f870e48be7b	(None, 3)
6	1	570c7caf-b7ad-4ffe-89e6-5f870e48be7b	(None, 0)
6	2	570c7caf-b7ad-4ffe-89e6-5f870e48be7b	((24, 1), 3)
6	3	570c7caf-b7ad-4ffe-89e6-5f870e48be7b	(None, 0)
6	4	570c7caf-b7ad-4ffe-89e6-5f870e48be7b	(None, 3)
6	5	570c7caf-b7ad-4ffe-89e6-5f870e48be7b	(None, 2)
6	6	570c7caf-b7ad-4ffe-89e6-5f870e48be7b	(None, 3)
6	7	570c7caf-b7ad-4ffe-89e6-5f870e48be7b	(None, 2)
6	8	570c7caf-b7ad-4ffe-89e6-5f870e48be7b	(None, 1)
6	9	570c7caf-b7ad-4ffe-89e6-5f870e48be7b	(None, 1)
7	0	570c7caf-b7ad-4ffe-89e6-5f870e48be7b	(None, 3)
7	1	570c7caf-b7ad-4ffe-89e6-5f870e48be7b	(None, 0)
7	2	570c7caf-b7ad-4ffe-89e6-5f870e48be7b	((24, 0), 3)
7	3	570c7caf-b7ad-4ffe-89e6-5f870e48be7b	(None, 0)
7	4	570c7caf-b7ad-4ffe-89e6-5f870e48be7b	(None, 3)
7	5	570c7caf-b7ad-4ffe-89e6-5f870e48be7b	(None, 2)
7	6	570c7caf-b7ad-4ffe-89e6-5f870e48be7b	(None, 3)
7	7	570c7caf-b7ad-4ffe-89e6-5f870e48be7b	(None, 2)
7	8	570c7caf-b7ad-4ffe-89e6-5f870e48be7b	(None, 1)
7	9	570c7caf-b7ad-4ffe-89e6-5f870e48be7b	(None, 1)
8	0	570c7caf-b7ad-4ffe-89e6-5f870e48be7b	(None, 3)
8	1	570c7caf-b7ad-4ffe-89e6-5f870e48be7b	(None, 0)
8	2	570c7caf-b7ad-4ffe-89e6-5f870e48be7b	((23, 0), 0)
8	3	570c7caf-b7ad-4ffe-89e6-5f870e48be7b	(None, 0)
8	4	570c7caf-b7ad-4ffe-89e6-5f870e48be7b	(None, 3)
8	5	570c7caf-b7ad-4ffe-89e6-5f870e48be7b	(None, 2)
8	6	570c7caf-b7ad-4ffe-89e6-5f870e48be7b	(None, 3)
8	7	570c7caf-b7ad-4ffe-89e6-5f870e48be7b	(None, 2)
8	8	570c7caf-b7ad-4ffe-89e6-5f870e48be7b	(None, 1)
8	9	570c7caf-b7ad-4ffe-89e6-5f870e48be7b	((18, 16), 1)
9	0	570c7caf-b7ad-4ffe-89e6-5f870e48be7b	(None, 3)
9	1	570c7caf-b7ad-4ffe-89e6-5f870e48be7b	(None, 0)
9	2	570c7caf-b7ad-4ffe-89e6-5f870e48be7b	((22, 0), 0)
9	3	570c7caf-b7ad-4ffe-89e6-5f870e48be7b	(None, 0)
9	4	570c7caf-b7ad-4ffe-89e6-5f870e48be7b	(None, 3)
9	5	570c7caf-b7ad-4ffe-89e6-5f870e48be7b	(None, 2)
9	6	570c7caf-b7ad-4ffe-89e6-5f870e48be7b	(None, 3)
9	7	570c7caf-b7ad-4ffe-89e6-5f870e48be7b	(None, 2)
9	8	570c7caf-b7ad-4ffe-89e6-5f870e48be7b	(None, 1)
9	9	570c7caf-b7ad-4ffe-89e6-5f870e48be7b	((18, 17), 1)
10	0	570c7caf-b7ad-4ffe-89e6-5f870e48be7b	(None, 3)
10	1	570c7caf-b7ad-4ffe-89e6-5f870e48be7b	(None, 0)
10	2	570c7caf-b7ad-4ffe-89e6-5f870e48be7b	((21, 0), 0)
10	3	570c7caf-b7ad-4ffe-89e6-5f870e48be7b	(None, 0)
10	4	570c7caf-b7ad-4ffe-89e6-5f870e48be7b	(None, 3)
10	5	570c7caf-b7ad-4ffe-89e6-5f870e48be7b	(None, 2)
10	6	570c7caf-b7ad-4ffe-89e6-5f870e48be7b	(None, 3)
10	7	570c7caf-b7ad-4ffe-89e6-5f870e48be7b	(None, 2)
10	8	570c7caf-b7ad-4ffe-89e6-5f870e48be7b	(None, 1)
10	9	570c7caf-b7ad-4ffe-89e6-5f870e48be7b	((18, 18), 1)
11	0	570c7caf-b7ad-4ffe-89e6-5f870e48be7b	(None, 3)
11	1	570c7caf-b7ad-4ffe-89e6-5f870e48be7b	(None, 0)
11	2	570c7caf-b7ad-4ffe-89e6-5f870e48be7b	((20, 0), 0)
11	3	570c7caf-b7ad-4ffe-89e6-5f870e48be7b	(None, 0)
11	4	570c7caf-b7ad-4ffe-89e6-5f870e48be7b	(None, 3)
11	5	570c7caf-b7ad-4ffe-89e6-5f870e48be7b	(None, 2)
11	6	570c7caf-b7ad-4ffe-89e6-5f870e48be7b	(None, 3)
11	7	570c7caf-b7ad-4ffe-89e6-5f870e48be7b	(None, 2)
11	8	570c7caf-b7ad-4ffe-89e6-5f870e48be7b	(None, 1)
11	9	570c7caf-b7ad-4ffe-89e6-5f870e48be7b	((18, 19), 1)
12	0	570c7caf-b7ad-4ffe-89e6-5f870e48be7b	((18, 16), 3)
12	1	570c7caf-b7ad-4ffe-89e6-5f870e48be7b	(None, 0)
12	2	570c7caf-b7ad-4ffe-89e6-5f870e48be7b	((19, 0), 0)
12	3	570c7caf-b7ad-4ffe-89e6-5f870e48be7b	(None, 0)
12	4	570c7caf-b7ad-4ffe-89e6-5f870e48be7b	(None, 3)
12	5	570c7caf-b7ad-4ffe-89e6-5f870e48be7b	(None, 2)
12	6	570c7caf-b7ad-4ffe-89e6-5f870e48be7b	(None, 3)
12	7	570c7caf-b7ad-4ffe-89e6-5f870e48be7b	(None, 2)
12	8	570c7caf-b7ad-4ffe-89e6-5f870e48be7b	(None, 1)
12	9	570c7caf-b7ad-4ffe-89e6-5f870e48be7b	((18, 20), 1)
13	0	570c7caf-b7ad-4ffe-89e6-5f870e48be7b	((18, 15), 3)
13	1	570c7caf-b7ad-4ffe-89e6-5f870e48be7b	(None, 0)
13	2	570c7caf-b7ad-4ffe-89e6-5f870e48be7b	((19, 1), 1)
13	3	570c7caf-b7ad-4ffe-89e6-5f870e48be7b	(None, 0)
13	4	570c7caf-b7ad-4ffe-89e6-5f870e48be7b	(None, 3)
13	5	570c7caf-b7ad-4ffe-89e6-5f870e48be7b	(None, 2)
13	6	570c7caf-b7ad-4ffe-89e6-5f870e48be7b	(None, 3)
13	7	570c7caf-b7ad-4ffe-89e6-5f870e48be7b	(None, 2)
13	8	570c7caf-b7ad-4ffe-89e6-5f870e48be7b	(None, 1)
13	9	570c7caf-b7ad-4ffe-89e6-5f870e48be7b	((18, 21), 1)
14	0	570c7caf-b7ad-4ffe-89e6-5f870e48be7b	((18, 14), 3)
14	1	570c7caf-b7ad-4ffe-89e6-5f870e48be7b	(None, 0)
14	2	570c7caf-b7ad-4ffe-89e6-5f870e48be7b	((19, 2), 1)
14	3	570c7caf-b7ad-4ffe-89e6-5f870e48be7b	(None, 0)
14	4	570c7caf-b7ad-4ffe-89e6-5f870e48be7b	(None, 3)
14	5	570c7caf-b7ad-4ffe-89e6-5f870e48be7b	(None, 2)
14	6	570c7caf-b7ad-4ffe-89e6-5f870e48be7b	(None, 3)
14	7	570c7caf-b7ad-4ffe-89e6-5f870e48be7b	(None, 2)
14	8	570c7caf-b7ad-4ffe-89e6-5f870e48be7b	(None, 1)
14	9	570c7caf-b7ad-4ffe-89e6-5f870e48be7b	((17, 21), 0)
15	0	570c7caf-b7ad-4ffe-89e6-5f870e48be7b	((19, 14), 2)
15	1	570c7caf-b7ad-4ffe-89e6-5f870e48be7b	(None, 0)
15	2	570c7caf-b7ad-4ffe-89e6-5f870e48be7b	((19, 3), 1)
15	3	570c7caf-b7ad-4ffe-89e6-5f870e48be7b	(None, 0)
15	4	570c7caf-b7ad-4ffe-89e6-5f870e48be7b	(None, 3)
15	5	570c7caf-b7ad-4ffe-89e6-5f870e48be7b	(None, 2)
15	6	570c7caf-b7ad-4ffe-89e6-5f870e48be7b	(None, 3)
15	7	570c7caf-b7ad-4ffe-89e6-5f870e48be7b	((5, 5), 2)
15	8	570c7caf-b7ad-4ffe-89e6-5f870e48be7b	(None, 1)
15	9	570c7caf-b7ad-4ffe-89e6-5f870e48be7b	((16, 21), 0)
16	0	570c7caf-b7ad-4ffe-89e6-5f870e48be7b	((19, 13), 3)
16	1	570c7caf-b7ad-4ffe-89e6-5f870e48be7b	(None, 0)
16	2	570c7caf-b7ad-4ffe-89e6-5f870e48be7b	((19, 4), 1)
16	3	570c7caf-b7ad-4ffe-89e6-5f870e48be7b	(None, 0)
16	4	570c7caf-b7ad-4ffe-89e6-5f870e48be7b	(None, 3)
16	5	570c7caf-b7ad-4ffe-89e6-5f870e48be7b	(None, 2)
16	6	570c7caf-b7ad-4ffe-89e6-5f870e48be7b	(None, 3)
16	7	570c7caf-b7ad-4ffe-89e6-5f870e48be7b	((6, 5), 2)
16	8	570c7caf-b7ad-4ffe-89e6-5f870e48be7b	(None, 1)
16	9	570c7caf-b7ad-4ffe-89e6-5f870e48be7b	((15, 21), 0)
17	0	570c7caf-b7ad-4ffe-89e6-5f870e48be7b	((19, 12), 3)
17	1	570c7caf-b7ad-4ffe-89e6-5f870e48be7b	(None, 0)
17	2	570c7caf-b7ad-4ffe-89e6-5f870e48be7b	((19, 5), 1)
17	3	570c7caf-b7ad-4ffe-89e6-5f870e48be7b	(None, 0)
17	4	570c7caf-b7ad-4ffe-89e6-5f870e48be7b	(None, 3)
17	5	570c7caf-b7ad-4ffe-89e6-5f870e48be7b	(None, 2)
17	6	570c7caf-b7ad-4ffe-89e6-5f870e48be7b	(None, 3)
17	7	570c7caf-b7ad-4ffe-89e6-5f870e48be7b	((7, 5), 2)
17	8	570c7caf-b7ad-4ffe-89e6-5f870e48be7b	(None, 1)
17	9	570c7caf-b7ad-4ffe-89e6-5f870e48be7b	((14, 21), 0)
18	0	570c7caf-b7ad-4ffe-89e6-5f870e48be7b	((19, 11), 3)
18	1	570c7caf-b7ad-4ffe-89e6-5f870e48be7b	(None, 0)
18	2	570c7caf-b7ad-4ffe-89e6-5f870e48be7b	((18, 5), 0)
18	3	570c7caf-b7ad-4ffe-89e6-5f870e48be7b	(None, 0)
18	4	570c7caf-b7ad-4ffe-89e6-5f870e48be7b	(None, 3)
18	5	570c7caf-b7ad-4ffe-89e6-5f870e48be7b	(None, 2)
18	6	570c7caf-b7ad-4ffe-89e6-5f870e48be7b	(None, 3)
18	7	570c7caf-b7ad-4ffe-89e6-5f870e48be7b	((8, 5), 2)
18	8	570c7caf-b7ad-4ffe-89e6-5f870e48be7b	(None, 1)
18	9	570c7caf-b7ad-4ffe-89e6-5f870e48be7b	((13, 21), 0)
19	0	570c7caf-b7ad-4ffe-89e6-5f870e48be7b	((19, 10), 3)
19	1	570c7caf-b7ad-4ffe-89e6-5f870e48be7b	(None, 0)
19	2	570c7caf-b7ad-4ffe-89e6-5f870e48be7b	((17, 5), 0)
19	3	570c7caf-b7ad-4ffe-89e6-5f870e48be7b	(None, 0)
19	4	570c7caf-b7ad-4ffe-89e6-5f870e48be7b	(None, 3)
19	5	570c7caf-b7ad-4ffe-89e6-5f870e48be7b	(None, 2)
19	6	570c7caf-b7ad-4ffe-89e6-5f870e48be7b	(None, 3)
19	7	570c7caf-b7ad-4ffe-89e6-5f870e48be7b	((9, 5), 2)
19	8	570c7caf-b7ad-4ffe-89e6-5f870e48be7b	(None, 1)
19	9	570c7caf-b7ad-4ffe-89e6-5f870e48be7b	((12, 21), 0)
20	0	570c7caf-b7ad-4ffe-89e6-5f870e48be7b	((19, 9), 3)
20	1	570c7caf-b7ad-4ffe-89e6-5f870e48be7b	(None, 0)
20	2	570c7caf-b7ad-4ffe-89e6-5f870e48be7b	((16, 5), 0)
20	3	570c7caf-b7ad-4ffe-89e6-5f870e48be7b	(None, 0)
20	4	570c7caf-b7ad-4ffe-89e6-5f870e48be7b	(None, 3)
20	5	570c7caf-b7ad-4ffe-89e6-5f870e48be7b	(None, 2)
20	6	570c7caf-b7ad-4ffe-89e6-5f870e48be7b	(None, 3)
20	7	570c7caf-b7ad-4ffe-89e6-5f870e48be7b	((10, 5), 2)
20	8	570c7caf-b7ad-4ffe-89e6-5f870e48be7b	(None, 1)
20	9	570c7caf-b7ad-4ffe-89e6-5f870e48be7b	((12, 20), 3)
21	0	570c7caf-b7ad-4ffe-89e6-5f870e48be7b	((19, 8), 3)
21	1	570c7caf-b7ad-4ffe-89e6-5f870e48be7b	(None, 0)
21	2	570c7caf-b7ad-4ffe-89e6-5f870e48be7b	((15, 5), 0)
21	3	570c7caf-b7ad-4ffe-89e6-5f870e48be7b	(None, 0)
21	4	570c7caf-b7ad-4ffe-89e6-5f870e48be7b	(None, 3)
21	5	570c7caf-b7ad-4ffe-89e6-5f870e48be7b	(None, 2)
21	6	570c7caf-b7ad-4ffe-89e6-5f870e48be7b	(None, 3)
21	7	570c7caf-b7ad-4ffe-89e6-5f870e48be7b	((10, 6), 1)
21	8	570c7caf-b7ad-4ffe-89e6-5f870e48be7b	(None, 1)
21	9	570c7caf-b7ad-4ffe-89e6-5f870e48be7b	((12, 19), 3)
22	0	570c7caf-b7ad-4ffe-89e6-5f870e48be7b	((18, 8), 0)
22	1	570c7caf-b7ad-4ffe-89e6-5f870e48be7b	(None, 0)
22	2	570c7caf-b7ad-4ffe-89e6-5f870e48be7b	((14, 5), 0)
22	3	570c7caf-b7ad-4ffe-89e6-5f870e48be7b	(None, 0)
22	4	570c7caf-b7ad-4ffe-89e6-5f870e48be7b	(None, 3)
22	5	570c7caf-b7ad-4ffe-89e6-5f870e48be7b	(None, 2)
22	6	570c7caf-b7ad-4ffe-89e6-5f870e48be7b	(None, 3)
22	7	570c7caf-b7ad-4ffe-89e6-5f870e48be7b	((10, 7), 1)
22	8	570c7caf-b7ad-4ffe-89e6-5f870e48be7b	(None, 1)
22	9	570c7caf-b7ad-4ffe-89e6-5f870e48be7b	((12, 18), 3)
23	0	570c7caf-b7ad-4ffe-89e6-5f870e48be7b	((17, 8), 0)
23	1	570c7caf-b7ad-4ffe-89e6-5f870e48be7b	(None, 0)
23	2	570c7caf-b7ad-4ffe-89e6-5f870e48be7b	((13, 5), 0)
23	3	570c7caf-b7ad-4ffe-89e6-5f870e48be7b	(None, 0)
23	4	570c7caf-b7ad-4ffe-89e6-5f870e48be7b	(None, 3)
23	5	570c7caf-b7ad-4ffe-89e6-5f870e48be7b	(None, 2)
23	6	570c7caf-b7ad-4ffe-89e6-5f870e48be7b	(None, 3)
23	7	570c7caf-b7ad-4ffe-89e6-5f870e48be7b	((10, 8), 1)
23	8	570c7caf-b7ad-4ffe-89e6-5f870e48be7b	(None, 1)
23	9	570c7caf-b7ad-4ffe-89e6-5f870e48be7b	((12, 17), 3)
24	0	570c7caf-b7ad-4ffe-89e6-5f870e48be7b	((16, 8), 0)
24	1	570c7caf-b7ad-4ffe-89e6-5f870e48be7b	(None, 0)
24	2	570c7caf-b7ad-4ffe-89e6-5f870e48be7b	((12, 5), 0)
24	3	570c7caf-b7ad-4ffe-89e6-5f870e48be7b	(None, 0)
24	4	570c7caf-b7ad-4ffe-89e6-5f870e48be7b	(None, 3)
24	5	570c7caf-b7ad-4ffe-89e6-5f870e48be7b	(None, 2)
24	6	570c7caf-b7ad-4ffe-89e6-5f870e48be7b	(None, 3)
24	7	570c7caf-b7ad-4ffe-89e6-5f870e48be7b	((10, 9), 1)
24	8	570c7caf-b7ad-4ffe-89e6-5f870e48be7b	(None, 1)
24	9	570c7caf-b7ad-4ffe-89e6-5f870e48be7b	((12, 16), 3)
25	0	570c7caf-b7ad-4ffe-89e6-5f870e48be7b	((15, 8), 0)
25	1	570c7caf-b7ad-4ffe-89e6-5f870e48be7b	(None, 0)
25	2	570c7caf-b7ad-4ffe-89e6-5f870e48be7b	((11, 5), 0)
25	3	570c7caf-b7ad-4ffe-89e6-5f870e48be7b	(None, 0)
25	4	570c7caf-b7ad-4ffe-89e6-5f870e48be7b	(None, 3)
25	5	570c7caf-b7ad-4ffe-89e6-5f870e48be7b	(None, 2)
25	6	570c7caf-b7ad-4ffe-89e6-5f870e48be7b	(None, 3)
25	7	570c7caf-b7ad-4ffe-89e6-5f870e48be7b	((10, 10), 1)
25	8	570c7caf-b7ad-4ffe-89e6-5f870e48be7b	(None, 1)
25	9	570c7caf-b7ad-4ffe-89e6-5f870e48be7b	((12, 15), 3)
26	0	570c7caf-b7ad-4ffe-89e6-5f870e48be7b	((14, 8), 0)
26	1	570c7caf-b7ad-4ffe-89e6-5f870e48be7b	(None, 0)
26	2	570c7caf-b7ad-4ffe-89e6-5f870e48be7b	((10, 5), 0)
26	3	570c7caf-b7ad-4ffe-89e6-5f870e48be7b	(None, 0)
26	4	570c7caf-b7ad-4ffe-89e6-5f870e48be7b	((18, 16), 3)
26	5	570c7caf-b7ad-4ffe-89e6-5f870e48be7b	(None, 2)
26	6	570c7caf-b7ad-4ffe-89e6-5f870e48be7b	(None, 3)
26	7	570c7caf-b7ad-4ffe-89e6-5f870e48be7b	((10, 11), 1)
26	8	570c7caf-b7ad-4ffe-89e6-5f870e48be7b	(None, 1)
26	9	570c7caf-b7ad-4ffe-89e6-5f870e48be7b	((12, 14), 3)
27	0	570c7caf-b7ad-4ffe-89e6-5f870e48be7b	((13, 8), 0)
27	1	570c7caf-b7ad-4ffe-89e6-5f870e48be7b	(None, 0)
27	2	570c7caf-b7ad-4ffe-89e6-5f870e48be7b	((9, 5), 0)
27	3	570c7caf-b7ad-4ffe-89e6-5f870e48be7b	(None, 0)
27	4	570c7caf-b7ad-4ffe-89e6-5f870e48be7b	((18, 15), 3)
27	5	570c7caf-b7ad-4ffe-89e6-5f870e48be7b	(None, 2)
27	6	570c7caf-b7ad-4ffe-89e6-5f870e48be7b	(None, 3)
27	7	570c7caf-b7ad-4ffe-89e6-5f870e48be7b	((10, 12), 1)
27	8	570c7caf-b7ad-4ffe-89e6-5f870e48be7b	(None, 1)
27	9	570c7caf-b7ad-4ffe-89e6-5f870e48be7b	((12, 13), 3)
28	0	570c7caf-b7ad-4ffe-89e6-5f870e48be7b	((12, 8), 0)
28	1	570c7caf-b7ad-4ffe-89e6-5f870e48be7b	(None, 0)
28	2	570c7caf-b7ad-4ffe-89e6-5f870e48be7b	((8, 5), 0)
28	3	570c7caf-b7ad-4ffe-89e6-5f870e48be7b	(None, 0)
28	4	570c7caf-b7ad-4ffe-89e6-5f870e48be7b	((18, 14), 3)
28	5	570c7caf-b7ad-4ffe-89e6-5f870e48be7b	(None, 2)
28	6	570c7caf-b7ad-4ffe-89e6-5f870e48be7b	(None, 3)
28	7	570c7caf-b7ad-4ffe-89e6-5f870e48be7b	((11, 12), 2)
28	8	570c7caf-b7ad-4ffe-89e6-5f870e48be7b	(None, 1)
28	9	570c7caf-b7ad-4ffe-89e6-5f870e48be7b	((12, 12), 3)
29	0	570c7caf-b7ad-4ffe-89e6-5f870e48be7b	((11, 8), 0)
29	1	570c7caf-b7ad-4ffe-89e6-5f870e48be7b	(None, 0)
29	2	570c7caf-b7ad-4ffe-89e6-5f870e48be7b	((8, 6), 1)
29	3	570c7caf-b7ad-4ffe-89e6-5f870e48be7b	(None, 0)
29	4	570c7caf-b7ad-4ffe-89e6-5f870e48be7b	((19, 14), 2)
29	5	570c7caf-b7ad-4ffe-89e6-5f870e48be7b	(None, 2)
29	6	570c7caf-b7ad-4ffe-89e6-5f870e48be7b	(None, 3)
29	7	570c7caf-b7ad-4ffe-89e6-5f870e48be7b	((12, 12), 2)
29	8	570c7caf-b7ad-4ffe-89e6-5f870e48be7b	(None, 1)
29	9	570c7caf-b7ad-4ffe-89e6-5f870e48be7b	((12, 11), 3)
30	0	570c7caf-b7ad-4ffe-89e6-5f870e48be7b	((11, 7), 3)
30	1	570c7caf-b7ad-4ffe-89e6-5f870e48be7b	(None, 0)
30	2	570c7caf-b7ad-4ffe-89e6-5f870e48be7b	((7, 6), 0)
30	3	570c7caf-b7ad-4ffe-89e6-5f870e48be7b	(None, 0)
30	4	570c7caf-b7ad-4ffe-89e6-5f870e48be7b	((19, 13), 3)
30	5	570c7caf-b7ad-4ffe-89e6-5f870e48be7b	(None, 2)
30	6	570c7caf-b7ad-4ffe-89e6-5f870e48be7b	(None, 3)
30	7	570c7caf-b7ad-4ffe-89e6-5f870e48be7b	((13, 12), 2)
30	8	570c7caf-b7ad-4ffe-89e6-5f870e48be7b	(None, 1)
30	9	570c7caf-b7ad-4ffe-89e6-5f870e48be7b	((12, 10), 3)
31	0	570c7caf-b7ad-4ffe-89e6-5f870e48be7b	((11, 6), 3)
31	1	570c7caf-b7ad-4ffe-89e6-5f870e48be7b	(None, 0)
31	2	570c7caf-b7ad-4ffe-89e6-5f870e48be7b	((6, 6), 0)
31	3	570c7caf-b7ad-4ffe-89e6-5f870e48be7b	(None, 0)
31	4	570c7caf-b7ad-4ffe-89e6-5f870e48be7b	((19, 12), 3)
31	5	570c7caf-b7ad-4ffe-89e6-5f870e48be7b	(None, 2)
31	6	570c7caf-b7ad-4ffe-89e6-5f870e48be7b	(None, 3)
31	7	570c7caf-b7ad-4ffe-89e6-5f870e48be7b	((13, 13), 1)
31	8	570c7caf-b7ad-4ffe-89e6-5f870e48be7b	(None, 1)
31	9	570c7caf-b7ad-4ffe-89e6-5f870e48be7b	((12, 9), 3)
32	0	570c7caf-b7ad-4ffe-89e6-5f870e48be7b	((10, 6), 0)
32	1	570c7caf-b7ad-4ffe-89e6-5f870e48be7b	(None, 0)
32	2	570c7caf-b7ad-4ffe-89e6-5f870e48be7b	(None, 0)
32	3	570c7caf-b7ad-4ffe-89e6-5f870e48be7b	(None, 0)
32	4	570c7caf-b7ad-4ffe-89e6-5f870e48be7b	((19, 11), 3)
32	5	570c7caf-b7ad-4ffe-89e6-5f870e48be7b	(None, 2)
32	6	570c7caf-b7ad-4ffe-89e6-5f870e48be7b	(None, 3)
32	7	570c7caf-b7ad-4ffe-89e6-5f870e48be7b	((13, 14), 1)
32	8	570c7caf-b7ad-4ffe-89e6-5f870e48be7b	(None, 1)
32	9	570c7caf-b7ad-4ffe-89e6-5f870e48be7b	((12, 8), 3)
33	0	570c7caf-b7ad-4ffe-89e6-5f870e48be7b	((9, 6), 0)
33	1	570c7caf-b7ad-4ffe-89e6-5f870e48be7b	(None, 0)
33	2	570c7caf-b7ad-4ffe-89e6-5f870e48be7b	(None, 0)
33	3	570c7caf-b7ad-4ffe-89e6-5f870e48be7b	(None, 0)
33	4	570c7caf-b7ad-4ffe-89e6-5f870e48be7b	((19, 10), 3)
33	5	570c7caf-b7ad-4ffe-89e6-5f870e48be7b	(None, 2)
33	6	570c7caf-b7ad-4ffe-89e6-5f870e48be7b	(None, 3)
33	7	570c7caf-b7ad-4ffe-89e6-5f870e48be7b	((13, 15), 1)
33	8	570c7caf-b7ad-4ffe-89e6-5f870e48be7b	(None, 1)
33	9	570c7caf-b7ad-4ffe-89e6-5f870e48be7b	((12, 7), 3)
34	0	570c7caf-b7ad-4ffe-89e6-5f870e48be7b	((8, 6), 0)
34	1	570c7caf-b7ad-4ffe-89e6-5f870e48be7b	(None, 0)
34	2	570c7caf-b7ad-4ffe-89e6-5f870e48be7b	(None, 0)
34	3	570c7caf-b7ad-4ffe-89e6-5f870e48be7b	(None, 0)
34	4	570c7caf-b7ad-4ffe-89e6-5f870e48be7b	((19, 9), 3)
34	5	570c7caf-b7ad-4ffe-89e6-5f870e48be7b	(None, 2)
34	6	570c7caf-b7ad-4ffe-89e6-5f870e48be7b	(None, 3)
34	7	570c7caf-b7ad-4ffe-89e6-5f870e48be7b	((13, 16), 1)
34	8	570c7caf-b7ad-4ffe-89e6-5f870e48be7b	(None, 1)
34	9	570c7caf-b7ad-4ffe-89e6-5f870e48be7b	((12, 6), 3)
35	0	570c7caf-b7ad-4ffe-89e6-5f870e48be7b	((7, 6), 0)
35	1	570c7caf-b7ad-4ffe-89e6-5f870e48be7b	(None, 0)
35	2	570c7caf-b7ad-4ffe-89e6-5f870e48be7b	(None, 0)
35	3	570c7caf-b7ad-4ffe-89e6-5f870e48be7b	(None, 0)
35	4	570c7caf-b7ad-4ffe-89e6-5f870e48be7b	((19, 8), 3)
35	5	570c7caf-b7ad-4ffe-89e6-5f870e48be7b	(None, 2)
35	6	570c7caf-b7ad-4ffe-89e6-5f870e48be7b	(None, 3)
35	7	570c7caf-b7ad-4ffe-89e6-5f870e48be7b	((13, 17), 1)
35	8	570c7caf-b7ad-4ffe-89e6-5f870e48be7b	(None, 1)
35	9	570c7caf-b7ad-4ffe-89e6-5f870e48be7b	((11, 6), 0)
36	0	570c7caf-b7ad-4ffe-89e6-5f870e48be7b	((6, 6), 0)
36	1	570c7caf-b7ad-4ffe-89e6-5f870e48be7b	(None, 0)
36	2	570c7caf-b7ad-4ffe-89e6-5f870e48be7b	(None, 0)
36	3	570c7caf-b7ad-4ffe-89e6-5f870e48be7b	(None, 0)
36	4	570c7caf-b7ad-4ffe-89e6-5f870e48be7b	((18, 8), 0)
36	5	570c7caf-b7ad-4ffe-89e6-5f870e48be7b	(None, 2)
36	6	570c7caf-b7ad-4ffe-89e6-5f870e48be7b	(None, 3)
36	7	570c7caf-b7ad-4ffe-89e6-5f870e48be7b	((13, 18), 1)
36	8	570c7caf-b7ad-4ffe-89e6-5f870e48be7b	(None, 1)
36	9	570c7caf-b7ad-4ffe-89e6-5f870e48be7b	((10, 6), 0)
37	0	570c7caf-b7ad-4ffe-89e6-5f870e48be7b	(None, 0)
37	1	570c7caf-b7ad-4ffe-89e6-5f870e48be7b	(None, 0)
37	2	570c7caf-b7ad-4ffe-89e6-5f870e48be7b	(None, 0)
37	3	570c7caf-b7ad-4ffe-89e6-5f870e48be7b	((5, 5), 0)
37	4	570c7caf-b7ad-4ffe-89e6-5f870e48be7b	((17, 8), 0)
37	5	570c7caf-b7ad-4ffe-89e6-5f870e48be7b	(None, 2)
37	6	570c7caf-b7ad-4ffe-89e6-5f870e48be7b	(None, 3)
37	7	570c7caf-b7ad-4ffe-89e6-5f870e48be7b	((13, 19), 1)
37	8	570c7caf-b7ad-4ffe-89e6-5f870e48be7b	(None, 1)
37	9	570c7caf-b7ad-4ffe-89e6-5f870e48be7b	((9, 6), 0)
38	0	570c7caf-b7ad-4ffe-89e6-5f870e48be7b	(None, 0)
38	1	570c7caf-b7ad-4ffe-89e6-5f870e48be7b	(None, 0)
38	2	570c7caf-b7ad-4ffe-89e6-5f870e48be7b	(None, 0)
38	3	570c7caf-b7ad-4ffe-89e6-5f870e48be7b	((4, 5), 0)
38	4	570c7caf-b7ad-4ffe-89e6-5f870e48be7b	((16, 8), 0)
38	5	570c7caf-b7ad-4ffe-89e6-5f870e48be7b	(None, 2)
38	6	570c7caf-b7ad-4ffe-89e6-5f870e48be7b	((24, 5), 3)
38	7	570c7caf-b7ad-4ffe-89e6-5f870e48be7b	((13, 20), 1)
38	8	570c7caf-b7ad-4ffe-89e6-5f870e48be7b	(None, 1)
38	9	570c7caf-b7ad-4ffe-89e6-5f870e48be7b	((8, 6), 0)
39	0	570c7caf-b7ad-4ffe-89e6-5f870e48be7b	(None, 0)
39	1	570c7caf-b7ad-4ffe-89e6-5f870e48be7b	(None, 0)
39	2	570c7caf-b7ad-4ffe-89e6-5f870e48be7b	(None, 0)
39	3	570c7caf-b7ad-4ffe-89e6-5f870e48be7b	((3, 5), 0)
39	4	570c7caf-b7ad-4ffe-89e6-5f870e48be7b	((15, 8), 0)
39	5	570c7caf-b7ad-4ffe-89e6-5f870e48be7b	(None, 2)
39	6	570c7caf-b7ad-4ffe-89e6-5f870e48be7b	((24, 4), 3)
39	7	570c7caf-b7ad-4ffe-89e6-5f870e48be7b	((13, 21), 1)
39	8	570c7caf-b7ad-4ffe-89e6-5f870e48be7b	(None, 1)
39	9	570c7caf-b7ad-4ffe-89e6-5f870e48be7b	((7, 6), 0)
40	0	570c7caf-b7ad-4ffe-89e6-5f870e48be7b	(None, 0)
40	1	570c7caf-b7ad-4ffe-89e6-5f870e48be7b	(None, 0)
40	2	570c7caf-b7ad-4ffe-89e6-5f870e48be7b	(None, 0)
40	3	570c7caf-b7ad-4ffe-89e6-5f870e48be7b	((2, 5), 0)
40	4	570c7caf-b7ad-4ffe-89e6-5f870e48be7b	((14, 8), 0)
40	5	570c7caf-b7ad-4ffe-89e6-5f870e48be7b	(None, 2)
40	6	570c7caf-b7ad-4ffe-89e6-5f870e48be7b	((24, 3), 3)
40	7	570c7caf-b7ad-4ffe-89e6-5f870e48be7b	((14, 21), 2)
40	8	570c7caf-b7ad-4ffe-89e6-5f870e48be7b	(None, 1)
40	9	570c7caf-b7ad-4ffe-89e6-5f870e48be7b	((6, 6), 0)
41	0	570c7caf-b7ad-4ffe-89e6-5f870e48be7b	(None, 0)
41	1	570c7caf-b7ad-4ffe-89e6-5f870e48be7b	(None, 0)
41	2	570c7caf-b7ad-4ffe-89e6-5f870e48be7b	(None, 0)
41	3	570c7caf-b7ad-4ffe-89e6-5f870e48be7b	((1, 5), 0)
41	4	570c7caf-b7ad-4ffe-89e6-5f870e48be7b	((13, 8), 0)
41	5	570c7caf-b7ad-4ffe-89e6-5f870e48be7b	(None, 2)
41	6	570c7caf-b7ad-4ffe-89e6-5f870e48be7b	((24, 2), 3)
41	7	570c7caf-b7ad-4ffe-89e6-5f870e48be7b	((15, 21), 2)
41	8	570c7caf-b7ad-4ffe-89e6-5f870e48be7b	((24, 5), 1)
41	9	570c7caf-b7ad-4ffe-89e6-5f870e48be7b	((5, 6), 0)
42	0	570c7caf-b7ad-4ffe-89e6-5f870e48be7b	(None, 0)
42	1	570c7caf-b7ad-4ffe-89e6-5f870e48be7b	(None, 0)
42	2	570c7caf-b7ad-4ffe-89e6-5f870e48be7b	(None, 0)
42	3	570c7caf-b7ad-4ffe-89e6-5f870e48be7b	((0, 5), 0)
42	4	570c7caf-b7ad-4ffe-89e6-5f870e48be7b	((12, 8), 0)
42	5	570c7caf-b7ad-4ffe-89e6-5f870e48be7b	(None, 2)
42	6	570c7caf-b7ad-4ffe-89e6-5f870e48be7b	((24, 1), 3)
42	7	570c7caf-b7ad-4ffe-89e6-5f870e48be7b	((16, 21), 2)
42	8	570c7caf-b7ad-4ffe-89e6-5f870e48be7b	((24, 6), 1)
42	9	570c7caf-b7ad-4ffe-89e6-5f870e48be7b	((4, 6), 0)
43	0	570c7caf-b7ad-4ffe-89e6-5f870e48be7b	(None, 0)
43	1	570c7caf-b7ad-4ffe-89e6-5f870e48be7b	(None, 0)
43	2	570c7caf-b7ad-4ffe-89e6-5f870e48be7b	(None, 0)
43	3	570c7caf-b7ad-4ffe-89e6-5f870e48be7b	((0, 6), 1)
43	4	570c7caf-b7ad-4ffe-89e6-5f870e48be7b	((11, 8), 0)
43	5	570c7caf-b7ad-4ffe-89e6-5f870e48be7b	(None, 2)
43	6	570c7caf-b7ad-4ffe-89e6-5f870e48be7b	((24, 0), 3)
43	7	570c7caf-b7ad-4ffe-89e6-5f870e48be7b	((17, 21), 2)
43	8	570c7caf-b7ad-4ffe-89e6-5f870e48be7b	((24, 7), 1)
43	9	570c7caf-b7ad-4ffe-89e6-5f870e48be7b	((3, 6), 0)
44	0	570c7caf-b7ad-4ffe-89e6-5f870e48be7b	(None, 0)
44	1	570c7caf-b7ad-4ffe-89e6-5f870e48be7b	(None, 0)
44	2	570c7caf-b7ad-4ffe-89e6-5f870e48be7b	(None, 0)
44	3	570c7caf-b7ad-4ffe-89e6-5f870e48be7b	((0, 7), 1)
44	4	570c7caf-b7ad-4ffe-89e6-5f870e48be7b	((11, 7), 3)
44	5	570c7caf-b7ad-4ffe-89e6-5f870e48be7b	(None, 2)
44	6	570c7caf-b7ad-4ffe-89e6-5f870e48be7b	((23, 0), 0)
44	7	570c7caf-b7ad-4ffe-89e6-5f870e48be7b	((18, 21), 2)
44	8	570c7caf-b7ad-4ffe-89e6-5f870e48be7b	((24, 8), 1)
44	9	570c7caf-b7ad-4ffe-89e6-5f870e48be7b	((2, 6), 0)
45	0	570c7caf-b7ad-4ffe-89e6-5f870e48be7b	(None, 0)
45	1	570c7caf-b7ad-4ffe-89e6-5f870e48be7b	(None, 0)
45	2	570c7caf-b7ad-4ffe-89e6-5f870e48be7b	(None, 0)
45	3	570c7caf-b7ad-4ffe-89e6-5f870e48be7b	((0, 8), 1)
45	4	570c7caf-b7ad-4ffe-89e6-5f870e48be7b	((11, 6), 3)
45	5	570c7caf-b7ad-4ffe-89e6-5f870e48be7b	(None, 2)
45	6	570c7caf-b7ad-4ffe-89e6-5f870e48be7b	((22, 0), 0)
45	7	570c7caf-b7ad-4ffe-89e6-5f870e48be7b	((18, 20), 3)
45	8	570c7caf-b7ad-4ffe-89e6-5f870e48be7b	((24, 9), 1)
45	9	570c7caf-b7ad-4ffe-89e6-5f870e48be7b	((1, 6), 0)
46	0	570c7caf-b7ad-4ffe-89e6-5f870e48be7b	(None, 0)
46	1	570c7caf-b7ad-4ffe-89e6-5f870e48be7b	(None, 0)
46	2	570c7caf-b7ad-4ffe-89e6-5f870e48be7b	(None, 0)
46	3	570c7caf-b7ad-4ffe-89e6-5f870e48be7b	((0, 9), 1)
46	4	570c7caf-b7ad-4ffe-89e6-5f870e48be7b	((10, 6), 0)
46	5	570c7caf-b7ad-4ffe-89e6-5f870e48be7b	(None, 2)
46	6	570c7caf-b7ad-4ffe-89e6-5f870e48be7b	((21, 0), 0)
46	7	570c7caf-b7ad-4ffe-89e6-5f870e48be7b	((18, 19), 3)
46	8	570c7caf-b7ad-4ffe-89e6-5f870e48be7b	((24, 10), 1)
46	9	570c7caf-b7ad-4ffe-89e6-5f870e48be7b	((0, 6), 0)
47	0	570c7caf-b7ad-4ffe-89e6-5f870e48be7b	(None, 0)
47	1	570c7caf-b7ad-4ffe-89e6-5f870e48be7b	(None, 0)
47	2	570c7caf-b7ad-4ffe-89e6-5f870e48be7b	(None, 0)
47	3	570c7caf-b7ad-4ffe-89e6-5f870e48be7b	((0, 10), 1)
47	4	570c7caf-b7ad-4ffe-89e6-5f870e48be7b	((9, 6), 0)
47	5	570c7caf-b7ad-4ffe-89e6-5f870e48be7b	(None, 2)
47	6	570c7caf-b7ad-4ffe-89e6-5f870e48be7b	((20, 0), 0)
47	7	570c7caf-b7ad-4ffe-89e6-5f870e48be7b	((18, 18), 3)
47	8	570c7caf-b7ad-4ffe-89e6-5f870e48be7b	((23, 10), 0)
47	9	570c7caf-b7ad-4ffe-89e6-5f870e48be7b	((0, 7), 1)
48	0	570c7caf-b7ad-4ffe-89e6-5f870e48be7b	(None, 0)
48	1	570c7caf-b7ad-4ffe-89e6-5f870e48be7b	(None, 0)
48	2	570c7caf-b7ad-4ffe-89e6-5f870e48be7b	(None, 0)
48	3	570c7caf-b7ad-4ffe-89e6-5f870e48be7b	((1, 10), 2)
48	4	570c7caf-b7ad-4ffe-89e6-5f870e48be7b	((8, 6), 0)
48	5	570c7caf-b7ad-4ffe-89e6-5f870e48be7b	((5, 5), 2)
48	6	570c7caf-b7ad-4ffe-89e6-5f870e48be7b	((19, 0), 0)
48	7	570c7caf-b7ad-4ffe-89e6-5f870e48be7b	((18, 17), 3)
48	8	570c7caf-b7ad-4ffe-89e6-5f870e48be7b	((22, 10), 0)
48	9	570c7caf-b7ad-4ffe-89e6-5f870e48be7b	((0, 8), 1)
49	0	570c7caf-b7ad-4ffe-89e6-5f870e48be7b	(None, 0)
49	1	570c7caf-b7ad-4ffe-89e6-5f870e48be7b	(None, 0)
49	2	570c7caf-b7ad-4ffe-89e6-5f870e48be7b	(None, 0)
49	3	570c7caf-b7ad-4ffe-89e6-5f870e48be7b	((2, 10), 2)
49	4	570c7caf-b7ad-4ffe-89e6-5f870e48be7b	((7, 6), 0)
49	5	570c7caf-b7ad-4ffe-89e6-5f870e48be7b	((6, 5), 2)
49	6	570c7caf-b7ad-4ffe-89e6-5f870e48be7b	((19, 1), 1)
49	7	570c7caf-b7ad-4ffe-89e6-5f870e48be7b	((18, 16), 3)
49	8	570c7caf-b7ad-4ffe-89e6-5f870e48be7b	((21, 10), 0)
49	9	570c7caf-b7ad-4ffe-89e6-5f870e48be7b	((0, 9), 1)
50	0	570c7caf-b7ad-4ffe-89e6-5f870e48be7b	(None, 0)
50	1	570c7caf-b7ad-4ffe-89e6-5f870e48be7b	(None, 0)
50	2	570c7caf-b7ad-4ffe-89e6-5f870e48be7b	(None, 0)
50	3	570c7caf-b7ad-4ffe-89e6-5f870e48be7b	((3, 10), 2)
50	4	570c7caf-b7ad-4ffe-89e6-5f870e48be7b	((6, 6), 0)
50	5	570c7caf-b7ad-4ffe-89e6-5f870e48be7b	((7, 5), 2)
50	6	570c7caf-b7ad-4ffe-89e6-5f870e48be7b	((19, 2), 1)
50	7	570c7caf-b7ad-4ffe-89e6-5f870e48be7b	((18, 15), 3)
50	8	570c7caf-b7ad-4ffe-89e6-5f870e48be7b	((20, 10), 0)
50	9	570c7caf-b7ad-4ffe-89e6-5f870e48be7b	((0, 10), 1)
51	0	570c7caf-b7ad-4ffe-89e6-5f870e48be7b	(None, 0)
51	1	570c7caf-b7ad-4ffe-89e6-5f870e48be7b	(None, 0)
51	2	570c7caf-b7ad-4ffe-89e6-5f870e48be7b	(None, 0)
51	3	570c7caf-b7ad-4ffe-89e6-5f870e48be7b	((4, 10), 2)
51	4	570c7caf-b7ad-4ffe-89e6-5f870e48be7b	(None, 0)
51	5	570c7caf-b7ad-4ffe-89e6-5f870e48be7b	((8, 5), 2)
51	6	570c7caf-b7ad-4ffe-89e6-5f870e48be7b	((19, 3), 1)
51	7	570c7caf-b7ad-4ffe-89e6-5f870e48be7b	((18, 14), 3)
51	8	570c7caf-b7ad-4ffe-89e6-5f870e48be7b	((19, 10), 0)
51	9	570c7caf-b7ad-4ffe-89e6-5f870e48be7b	((1, 10), 2)
52	0	570c7caf-b7ad-4ffe-89e6-5f870e48be7b	(None, 0)
52	1	570c7caf-b7ad-4ffe-89e6-5f870e48be7b	(None, 0)
52	2	570c7caf-b7ad-4ffe-89e6-5f870e48be7b	(None, 0)
52	3	570c7caf-b7ad-4ffe-89e6-5f870e48be7b	((5, 10), 2)
52	4	570c7caf-b7ad-4ffe-89e6-5f870e48be7b	(None, 0)
52	5	570c7caf-b7ad-4ffe-89e6-5f870e48be7b	((9, 5), 2)
52	6	570c7caf-b7ad-4ffe-89e6-5f870e48be7b	((19, 4), 1)
52	7	570c7caf-b7ad-4ffe-89e6-5f870e48be7b	((19, 14), 2)
52	8	570c7caf-b7ad-4ffe-89e6-5f870e48be7b	((18, 10), 0)
52	9	570c7caf-b7ad-4ffe-89e6-5f870e48be7b	((2, 10), 2)
53	0	570c7caf-b7ad-4ffe-89e6-5f870e48be7b	(None, 0)
53	1	570c7caf-b7ad-4ffe-89e6-5f870e48be7b	(None, 0)
53	2	570c7caf-b7ad-4ffe-89e6-5f870e48be7b	(None, 0)
53	3	570c7caf-b7ad-4ffe-89e6-5f870e48be7b	((6, 10), 2)
53	4	570c7caf-b7ad-4ffe-89e6-5f870e48be7b	(None, 0)
53	5	570c7caf-b7ad-4ffe-89e6-5f870e48be7b	((10, 5), 2)
53	6	570c7caf-b7ad-4ffe-89e6-5f870e48be7b	((19, 5), 1)
53	7	570c7caf-b7ad-4ffe-89e6-5f870e48be7b	((19, 13), 3)
53	8	570c7caf-b7ad-4ffe-89e6-5f870e48be7b	((18, 11), 1)
53	9	570c7caf-b7ad-4ffe-89e6-5f870e48be7b	((3, 10), 2)
54	0	570c7caf-b7ad-4ffe-89e6-5f870e48be7b	(None, 0)
54	1	570c7caf-b7ad-4ffe-89e6-5f870e48be7b	((5, 5), 0)
54	2	570c7caf-b7ad-4ffe-89e6-5f870e48be7b	(None, 0)
54	3	570c7caf-b7ad-4ffe-89e6-5f870e48be7b	((7, 10), 2)
54	4	570c7caf-b7ad-4ffe-89e6-5f870e48be7b	(None, 0)
54	5	570c7caf-b7ad-4ffe-89e6-5f870e48be7b	((10, 6), 1)
54	6	570c7caf-b7ad-4ffe-89e6-5f870e48be7b	((18, 5), 0)
54	7	570c7caf-b7ad-4ffe-89e6-5f870e48be7b	((19, 12), 3)
54	8	570c7caf-b7ad-4ffe-89e6-5f870e48be7b	((18, 12), 1)
54	9	570c7caf-b7ad-4ffe-89e6-5f870e48be7b	((4, 10), 2)
55	0	570c7caf-b7ad-4ffe-89e6-5f870e48be7b	(None, 0)
55	1	570c7caf-b7ad-4ffe-89e6-5f870e48be7b	((4, 5), 0)
55	2	570c7caf-b7ad-4ffe-89e6-5f870e48be7b	(None, 0)
55	3	570c7caf-b7ad-4ffe-89e6-5f870e48be7b	((8, 10), 2)
55	4	570c7caf-b7ad-4ffe-89e6-5f870e48be7b	(None, 0)
55	5	570c7caf-b7ad-4ffe-89e6-5f870e48be7b	((10, 7), 1)
55	6	570c7caf-b7ad-4ffe-89e6-5f870e48be7b	((17, 5), 0)
55	7	570c7caf-b7ad-4ffe-89e6-5f870e48be7b	((19, 11), 3)
55	8	570c7caf-b7ad-4ffe-89e6-5f870e48be7b	((18, 13), 1)
55	9	570c7caf-b7ad-4ffe-89e6-5f870e48be7b	((5, 10), 2)
56	0	570c7caf-b7ad-4ffe-89e6-5f870e48be7b	(None, 0)
56	1	570c7caf-b7ad-4ffe-89e6-5f870e48be7b	((3, 5), 0)
56	2	570c7caf-b7ad-4ffe-89e6-5f870e48be7b	(None, 0)
56	3	570c7caf-b7ad-4ffe-89e6-5f870e48be7b	((9, 10), 2)
56	4	570c7caf-b7ad-4ffe-89e6-5f870e48be7b	(None, 0)
56	5	570c7caf-b7ad-4ffe-89e6-5f870e48be7b	((10, 8), 1)
56	6	570c7caf-b7ad-4ffe-89e6-5f870e48be7b	((16, 5), 0)
56	7	570c7caf-b7ad-4ffe-89e6-5f870e48be7b	((20, 11), 2)
56	8	570c7caf-b7ad-4ffe-89e6-5f870e48be7b	((19, 13), 2)
56	9	570c7caf-b7ad-4ffe-89e6-5f870e48be7b	((6, 10), 2)
57	0	570c7caf-b7ad-4ffe-89e6-5f870e48be7b	(None, 0)
57	1	570c7caf-b7ad-4ffe-89e6-5f870e48be7b	((2, 5), 0)
57	2	570c7caf-b7ad-4ffe-89e6-5f870e48be7b	(None, 0)
57	3	570c7caf-b7ad-4ffe-89e6-5f870e48be7b	((10, 10), 2)
57	4	570c7caf-b7ad-4ffe-89e6-5f870e48be7b	(None, 0)
57	5	570c7caf-b7ad-4ffe-89e6-5f870e48be7b	((10, 9), 1)
57	6	570c7caf-b7ad-4ffe-89e6-5f870e48be7b	((15, 5), 0)
57	7	570c7caf-b7ad-4ffe-89e6-5f870e48be7b	((21, 11), 2)
57	8	570c7caf-b7ad-4ffe-89e6-5f870e48be7b	((19, 14), 1)
57	9	570c7caf-b7ad-4ffe-89e6-5f870e48be7b	((7, 10), 2)
58	0	570c7caf-b7ad-4ffe-89e6-5f870e48be7b	(None, 0)
58	1	570c7caf-b7ad-4ffe-89e6-5f870e48be7b	((1, 5), 0)
58	2	570c7caf-b7ad-4ffe-89e6-5f870e48be7b	(None, 0)
58	3	570c7caf-b7ad-4ffe-89e6-5f870e48be7b	((11, 10), 2)
58	4	570c7caf-b7ad-4ffe-89e6-5f870e48be7b	(None, 0)
58	5	570c7caf-b7ad-4ffe-89e6-5f870e48be7b	((11, 9), 2)
58	6	570c7caf-b7ad-4ffe-89e6-5f870e48be7b	((14, 5), 0)
58	7	570c7caf-b7ad-4ffe-89e6-5f870e48be7b	((22, 11), 2)
58	8	570c7caf-b7ad-4ffe-89e6-5f870e48be7b	((19, 15), 1)
58	9	570c7caf-b7ad-4ffe-89e6-5f870e48be7b	((8, 10), 2)
59	0	570c7caf-b7ad-4ffe-89e6-5f870e48be7b	(None, 0)
59	1	570c7caf-b7ad-4ffe-89e6-5f870e48be7b	((0, 5), 0)
59	2	570c7caf-b7ad-4ffe-89e6-5f870e48be7b	(None, 0)
59	3	570c7caf-b7ad-4ffe-89e6-5f870e48be7b	((12, 10), 2)
59	4	570c7caf-b7ad-4ffe-89e6-5f870e48be7b	(None, 0)
59	5	570c7caf-b7ad-4ffe-89e6-5f870e48be7b	((12, 9), 2)
59	6	570c7caf-b7ad-4ffe-89e6-5f870e48be7b	((13, 5), 0)
59	7	570c7caf-b7ad-4ffe-89e6-5f870e48be7b	((23, 11), 2)
59	8	570c7caf-b7ad-4ffe-89e6-5f870e48be7b	(None, 1)
59	9	570c7caf-b7ad-4ffe-89e6-5f870e48be7b	((9, 10), 2)
60	0	570c7caf-b7ad-4ffe-89e6-5f870e48be7b	(None, 0)
60	1	570c7caf-b7ad-4ffe-89e6-5f870e48be7b	((0, 6), 1)
60	2	570c7caf-b7ad-4ffe-89e6-5f870e48be7b	(None, 0)
60	3	570c7caf-b7ad-4ffe-89e6-5f870e48be7b	((13, 10), 2)
60	4	570c7caf-b7ad-4ffe-89e6-5f870e48be7b	(None, 0)
60	5	570c7caf-b7ad-4ffe-89e6-5f870e48be7b	((13, 9), 2)
60	6	570c7caf-b7ad-4ffe-89e6-5f870e48be7b	((12, 5), 0)
60	7	570c7caf-b7ad-4ffe-89e6-5f870e48be7b	((24, 11), 2)
60	8	570c7caf-b7ad-4ffe-89e6-5f870e48be7b	(None, 1)
60	9	570c7caf-b7ad-4ffe-89e6-5f870e48be7b	((10, 10), 2)
61	0	570c7caf-b7ad-4ffe-89e6-5f870e48be7b	(None, 0)
61	1	570c7caf-b7ad-4ffe-89e6-5f870e48be7b	((0, 7), 1)
61	2	570c7caf-b7ad-4ffe-89e6-5f870e48be7b	(None, 0)
61	3	570c7caf-b7ad-4ffe-89e6-5f870e48be7b	((14, 10), 2)
61	4	570c7caf-b7ad-4ffe-89e6-5f870e48be7b	(None, 0)
61	5	570c7caf-b7ad-4ffe-89e6-5f870e48be7b	((14, 9), 2)
61	6	570c7caf-b7ad-4ffe-89e6-5f870e48be7b	((11, 5), 0)
61	7	570c7caf-b7ad-4ffe-89e6-5f870e48be7b	((24, 10), 3)
61	8	570c7caf-b7ad-4ffe-89e6-5f870e48be7b	(None, 1)
61	9	570c7caf-b7ad-4ffe-89e6-5f870e48be7b	((11, 10), 2)
62	0	570c7caf-b7ad-4ffe-89e6-5f870e48be7b	(None, 0)
62	1	570c7caf-b7ad-4ffe-89e6-5f870e48be7b	((0, 8), 1)
62	2	570c7caf-b7ad-4ffe-89e6-5f870e48be7b	(None, 0)
62	3	570c7caf-b7ad-4ffe-89e6-5f870e48be7b	((15, 10), 2)
62	4	570c7caf-b7ad-4ffe-89e6-5f870e48be7b	(None, 0)
62	5	570c7caf-b7ad-4ffe-89e6-5f870e48be7b	((15, 9), 2)
62	6	570c7caf-b7ad-4ffe-89e6-5f870e48be7b	((10, 5), 0)
62	7	570c7caf-b7ad-4ffe-89e6-5f870e48be7b	((24, 9), 3)
62	8	570c7caf-b7ad-4ffe-89e6-5f870e48be7b	(None, 1)
62	9	570c7caf-b7ad-4ffe-89e6-5f870e48be7b	((12, 10), 2)
63	0	570c7caf-b7ad-4ffe-89e6-5f870e48be7b	(None, 0)
63	1	570c7caf-b7ad-4ffe-89e6-5f870e48be7b	((0, 9), 1)
63	2	570c7caf-b7ad-4ffe-89e6-5f870e48be7b	(None, 0)
63	3	570c7caf-b7ad-4ffe-89e6-5f870e48be7b	((16, 10), 2)
63	4	570c7caf-b7ad-4ffe-89e6-5f870e48be7b	(None, 0)
63	5	570c7caf-b7ad-4ffe-89e6-5f870e48be7b	((16, 9), 2)
63	6	570c7caf-b7ad-4ffe-89e6-5f870e48be7b	((9, 5), 0)
63	7	570c7caf-b7ad-4ffe-89e6-5f870e48be7b	((24, 8), 3)
63	8	570c7caf-b7ad-4ffe-89e6-5f870e48be7b	(None, 1)
63	9	570c7caf-b7ad-4ffe-89e6-5f870e48be7b	((13, 10), 2)
64	0	570c7caf-b7ad-4ffe-89e6-5f870e48be7b	(None, 0)
64	1	570c7caf-b7ad-4ffe-89e6-5f870e48be7b	((0, 10), 1)
64	2	570c7caf-b7ad-4ffe-89e6-5f870e48be7b	(None, 0)
64	3	570c7caf-b7ad-4ffe-89e6-5f870e48be7b	((17, 10), 2)
64	4	570c7caf-b7ad-4ffe-89e6-5f870e48be7b	(None, 0)
64	5	570c7caf-b7ad-4ffe-89e6-5f870e48be7b	((17, 9), 2)
64	6	570c7caf-b7ad-4ffe-89e6-5f870e48be7b	((8, 5), 0)
64	7	570c7caf-b7ad-4ffe-89e6-5f870e48be7b	((25, 8), 2)
64	8	570c7caf-b7ad-4ffe-89e6-5f870e48be7b	(None, 1)
64	9	570c7caf-b7ad-4ffe-89e6-5f870e48be7b	((14, 10), 2)
65	0	570c7caf-b7ad-4ffe-89e6-5f870e48be7b	(None, 0)
65	1	570c7caf-b7ad-4ffe-89e6-5f870e48be7b	((1, 10), 2)
65	2	570c7caf-b7ad-4ffe-89e6-5f870e48be7b	(None, 0)
65	3	570c7caf-b7ad-4ffe-89e6-5f870e48be7b	((18, 10), 2)
65	4	570c7caf-b7ad-4ffe-89e6-5f870e48be7b	(None, 0)
65	5	570c7caf-b7ad-4ffe-89e6-5f870e48be7b	((18, 9), 2)
65	6	570c7caf-b7ad-4ffe-89e6-5f870e48be7b	((8, 6), 1)
65	7	570c7caf-b7ad-4ffe-89e6-5f870e48be7b	((25, 7), 3)
65	8	570c7caf-b7ad-4ffe-89e6-5f870e48be7b	(None, 1)
65	9	570c7caf-b7ad-4ffe-89e6-5f870e48be7b	((15, 10), 2)
66	0	570c7caf-b7ad-4ffe-89e6-5f870e48be7b	(None, 0)
66	1	570c7caf-b7ad-4ffe-89e6-5f870e48be7b	((2, 10), 2)
66	2	570c7caf-b7ad-4ffe-89e6-5f870e48be7b	(None, 0)
66	3	570c7caf-b7ad-4ffe-89e6-5f870e48be7b	((19, 10), 2)
66	4	570c7caf-b7ad-4ffe-89e6-5f870e48be7b	(None, 0)
66	5	570c7caf-b7ad-4ffe-89e6-5f870e48be7b	((19, 9), 2)
66	6	570c7caf-b7ad-4ffe-89e6-5f870e48be7b	((7, 6), 0)
66	7	570c7caf-b7ad-4ffe-89e6-5f870e48be7b	((25, 6), 3)
66	8	570c7caf-b7ad-4ffe-89e6-5f870e48be7b	(None, 1)
66	9	570c7caf-b7ad-4ffe-89e6-5f870e48be7b	((16, 10), 2)
67	0	570c7caf-b7ad-4ffe-89e6-5f870e48be7b	(None, 0)
67	1	570c7caf-b7ad-4ffe-89e6-5f870e48be7b	((3, 10), 2)
67	2	570c7caf-b7ad-4ffe-89e6-5f870e48be7b	(None, 0)
67	3	570c7caf-b7ad-4ffe-89e6-5f870e48be7b	((20, 10), 2)
67	4	570c7caf-b7ad-4ffe-89e6-5f870e48be7b	(None, 0)
67	5	570c7caf-b7ad-4ffe-89e6-5f870e48be7b	((19, 10), 1)
67	6	570c7caf-b7ad-4ffe-89e6-5f870e48be7b	((6, 6), 0)
67	7	570c7caf-b7ad-4ffe-89e6-5f870e48be7b	(None, 3)
67	8	570c7caf-b7ad-4ffe-89e6-5f870e48be7b	(None, 1)
67	9	570c7caf-b7ad-4ffe-89e6-5f870e48be7b	((17, 10), 2)
68	0	570c7caf-b7ad-4ffe-89e6-5f870e48be7b	(None, 0)
68	1	570c7caf-b7ad-4ffe-89e6-5f870e48be7b	((4, 10), 2)
68	2	570c7caf-b7ad-4ffe-89e6-5f870e48be7b	(None, 0)
68	3	570c7caf-b7ad-4ffe-89e6-5f870e48be7b	((21, 10), 2)
68	4	570c7caf-b7ad-4ffe-89e6-5f870e48be7b	(None, 0)
68	5	570c7caf-b7ad-4ffe-89e6-5f870e48be7b	((19, 11), 1)
68	6	570c7caf-b7ad-4ffe-89e6-5f870e48be7b	(None, 0)
68	7	570c7caf-b7ad-4ffe-89e6-5f870e48be7b	(None, 3)
68	8	570c7caf-b7ad-4ffe-89e6-5f870e48be7b	(None, 1)
68	9	570c7caf-b7ad-4ffe-89e6-5f870e48be7b	((18, 10), 2)
69	0	570c7caf-b7ad-4ffe-89e6-5f870e48be7b	(None, 0)
69	1	570c7caf-b7ad-4ffe-89e6-5f870e48be7b	((5, 10), 2)
69	2	570c7caf-b7ad-4ffe-89e6-5f870e48be7b	(None, 0)
69	3	570c7caf-b7ad-4ffe-89e6-5f870e48be7b	((22, 10), 2)
69	4	570c7caf-b7ad-4ffe-89e6-5f870e48be7b	(None, 0)
69	5	570c7caf-b7ad-4ffe-89e6-5f870e48be7b	((19, 12), 1)
69	6	570c7caf-b7ad-4ffe-89e6-5f870e48be7b	(None, 0)
69	7	570c7caf-b7ad-4ffe-89e6-5f870e48be7b	(None, 3)
69	8	570c7caf-b7ad-4ffe-89e6-5f870e48be7b	(None, 1)
69	9	570c7caf-b7ad-4ffe-89e6-5f870e48be7b	((19, 10), 2)
70	0	570c7caf-b7ad-4ffe-89e6-5f870e48be7b	(None, 0)
70	1	570c7caf-b7ad-4ffe-89e6-5f870e48be7b	((6, 10), 2)
70	2	570c7caf-b7ad-4ffe-89e6-5f870e48be7b	(None, 0)
70	3	570c7caf-b7ad-4ffe-89e6-5f870e48be7b	((23, 10), 2)
70	4	570c7caf-b7ad-4ffe-89e6-5f870e48be7b	(None, 0)
70	5	570c7caf-b7ad-4ffe-89e6-5f870e48be7b	((19, 13), 1)
70	6	570c7caf-b7ad-4ffe-89e6-5f870e48be7b	(None, 0)
70	7	570c7caf-b7ad-4ffe-89e6-5f870e48be7b	(None, 3)
70	8	570c7caf-b7ad-4ffe-89e6-5f870e48be7b	(None, 1)
70	9	570c7caf-b7ad-4ffe-89e6-5f870e48be7b	((20, 10), 2)
71	0	570c7caf-b7ad-4ffe-89e6-5f870e48be7b	(None, 0)
71	1	570c7caf-b7ad-4ffe-89e6-5f870e48be7b	((7, 10), 2)
71	2	570c7caf-b7ad-4ffe-89e6-5f870e48be7b	(None, 0)
71	3	570c7caf-b7ad-4ffe-89e6-5f870e48be7b	((24, 10), 2)
71	4	570c7caf-b7ad-4ffe-89e6-5f870e48be7b	(None, 0)
71	5	570c7caf-b7ad-4ffe-89e6-5f870e48be7b	((19, 14), 1)
71	6	570c7caf-b7ad-4ffe-89e6-5f870e48be7b	(None, 0)
71	7	570c7caf-b7ad-4ffe-89e6-5f870e48be7b	(None, 3)
71	8	570c7caf-b7ad-4ffe-89e6-5f870e48be7b	(None, 1)
71	9	570c7caf-b7ad-4ffe-89e6-5f870e48be7b	((21, 10), 2)
72	0	570c7caf-b7ad-4ffe-89e6-5f870e48be7b	(None, 0)
72	1	570c7caf-b7ad-4ffe-89e6-5f870e48be7b	((8, 10), 2)
72	2	570c7caf-b7ad-4ffe-89e6-5f870e48be7b	(None, 0)
72	3	570c7caf-b7ad-4ffe-89e6-5f870e48be7b	((24, 9), 3)
72	4	570c7caf-b7ad-4ffe-89e6-5f870e48be7b	(None, 0)
72	5	570c7caf-b7ad-4ffe-89e6-5f870e48be7b	((19, 15), 1)
72	6	570c7caf-b7ad-4ffe-89e6-5f870e48be7b	(None, 0)
72	7	570c7caf-b7ad-4ffe-89e6-5f870e48be7b	(None, 3)
72	8	570c7caf-b7ad-4ffe-89e6-5f870e48be7b	(None, 1)
72	9	570c7caf-b7ad-4ffe-89e6-5f870e48be7b	((22, 10), 2)
73	0	570c7caf-b7ad-4ffe-89e6-5f870e48be7b	(None, 0)
73	1	570c7caf-b7ad-4ffe-89e6-5f870e48be7b	((9, 10), 2)
73	2	570c7caf-b7ad-4ffe-89e6-5f870e48be7b	(None, 0)
73	3	570c7caf-b7ad-4ffe-89e6-5f870e48be7b	((24, 8), 3)
73	4	570c7caf-b7ad-4ffe-89e6-5f870e48be7b	(None, 0)
73	5	570c7caf-b7ad-4ffe-89e6-5f870e48be7b	(None, 1)
73	6	570c7caf-b7ad-4ffe-89e6-5f870e48be7b	(None, 0)
73	7	570c7caf-b7ad-4ffe-89e6-5f870e48be7b	(None, 3)
73	8	570c7caf-b7ad-4ffe-89e6-5f870e48be7b	(None, 1)
73	9	570c7caf-b7ad-4ffe-89e6-5f870e48be7b	((23, 10), 2)
74	0	570c7caf-b7ad-4ffe-89e6-5f870e48be7b	(None, 0)
74	1	570c7caf-b7ad-4ffe-89e6-5f870e48be7b	((10, 10), 2)
74	2	570c7caf-b7ad-4ffe-89e6-5f870e48be7b	(None, 0)
74	3	570c7caf-b7ad-4ffe-89e6-5f870e48be7b	((25, 8), 2)
74	4	570c7caf-b7ad-4ffe-89e6-5f870e48be7b	(None, 0)
74	5	570c7caf-b7ad-4ffe-89e6-5f870e48be7b	(None, 1)
74	6	570c7caf-b7ad-4ffe-89e6-5f870e48be7b	(None, 0)
74	7	570c7caf-b7ad-4ffe-89e6-5f870e48be7b	(None, 3)
74	8	570c7caf-b7ad-4ffe-89e6-5f870e48be7b	(None, 1)
74	9	570c7caf-b7ad-4ffe-89e6-5f870e48be7b	((24, 10), 2)
75	0	570c7caf-b7ad-4ffe-89e6-5f870e48be7b	(None, 0)
75	1	570c7caf-b7ad-4ffe-89e6-5f870e48be7b	((11, 10), 2)
75	2	570c7caf-b7ad-4ffe-89e6-5f870e48be7b	(None, 0)
75	3	570c7caf-b7ad-4ffe-89e6-5f870e48be7b	((25, 7), 3)
75	4	570c7caf-b7ad-4ffe-89e6-5f870e48be7b	(None, 0)
75	5	570c7caf-b7ad-4ffe-89e6-5f870e48be7b	(None, 1)
75	6	570c7caf-b7ad-4ffe-89e6-5f870e48be7b	(None, 0)
75	7	570c7caf-b7ad-4ffe-89e6-5f870e48be7b	(None, 3)
75	8	570c7caf-b7ad-4ffe-89e6-5f870e48be7b	(None, 1)
75	9	570c7caf-b7ad-4ffe-89e6-5f870e48be7b	((24, 9), 3)
76	0	570c7caf-b7ad-4ffe-89e6-5f870e48be7b	(None, 0)
76	1	570c7caf-b7ad-4ffe-89e6-5f870e48be7b	((12, 10), 2)
76	2	570c7caf-b7ad-4ffe-89e6-5f870e48be7b	(None, 0)
76	3	570c7caf-b7ad-4ffe-89e6-5f870e48be7b	((25, 6), 3)
76	4	570c7caf-b7ad-4ffe-89e6-5f870e48be7b	(None, 0)
76	5	570c7caf-b7ad-4ffe-89e6-5f870e48be7b	(None, 1)
76	6	570c7caf-b7ad-4ffe-89e6-5f870e48be7b	(None, 0)
76	7	570c7caf-b7ad-4ffe-89e6-5f870e48be7b	(None, 3)
76	8	570c7caf-b7ad-4ffe-89e6-5f870e48be7b	(None, 1)
76	9	570c7caf-b7ad-4ffe-89e6-5f870e48be7b	((24, 8), 3)
77	0	570c7caf-b7ad-4ffe-89e6-5f870e48be7b	(None, 0)
77	1	570c7caf-b7ad-4ffe-89e6-5f870e48be7b	((13, 10), 2)
77	2	570c7caf-b7ad-4ffe-89e6-5f870e48be7b	(None, 0)
77	3	570c7caf-b7ad-4ffe-89e6-5f870e48be7b	(None, 3)
77	4	570c7caf-b7ad-4ffe-89e6-5f870e48be7b	(None, 0)
77	5	570c7caf-b7ad-4ffe-89e6-5f870e48be7b	(None, 1)
77	6	570c7caf-b7ad-4ffe-89e6-5f870e48be7b	(None, 0)
77	7	570c7caf-b7ad-4ffe-89e6-5f870e48be7b	(None, 3)
77	8	570c7caf-b7ad-4ffe-89e6-5f870e48be7b	(None, 1)
77	9	570c7caf-b7ad-4ffe-89e6-5f870e48be7b	((25, 8), 2)
78	0	570c7caf-b7ad-4ffe-89e6-5f870e48be7b	(None, 0)
78	1	570c7caf-b7ad-4ffe-89e6-5f870e48be7b	((14, 10), 2)
78	2	570c7caf-b7ad-4ffe-89e6-5f870e48be7b	(None, 0)
78	3	570c7caf-b7ad-4ffe-89e6-5f870e48be7b	(None, 3)
78	4	570c7caf-b7ad-4ffe-89e6-5f870e48be7b	(None, 0)
78	5	570c7caf-b7ad-4ffe-89e6-5f870e48be7b	(None, 1)
78	6	570c7caf-b7ad-4ffe-89e6-5f870e48be7b	(None, 0)
78	7	570c7caf-b7ad-4ffe-89e6-5f870e48be7b	(None, 3)
78	8	570c7caf-b7ad-4ffe-89e6-5f870e48be7b	(None, 1)
78	9	570c7caf-b7ad-4ffe-89e6-5f870e48be7b	((25, 7), 3)
79	0	570c7caf-b7ad-4ffe-89e6-5f870e48be7b	(None, 0)
79	1	570c7caf-b7ad-4ffe-89e6-5f870e48be7b	((15, 10), 2)
79	2	570c7caf-b7ad-4ffe-89e6-5f870e48be7b	(None, 0)
79	3	570c7caf-b7ad-4ffe-89e6-5f870e48be7b	(None, 3)
79	4	570c7caf-b7ad-4ffe-89e6-5f870e48be7b	(None, 0)
79	5	570c7caf-b7ad-4ffe-89e6-5f870e48be7b	(None, 1)
79	6	570c7caf-b7ad-4ffe-89e6-5f870e48be7b	(None, 0)
79	7	570c7caf-b7ad-4ffe-89e6-5f870e48be7b	(None, 3)
79	8	570c7caf-b7ad-4ffe-89e6-5f870e48be7b	(None, 1)
79	9	570c7caf-b7ad-4ffe-89e6-5f870e48be7b	((25, 6), 3)
80	0	570c7caf-b7ad-4ffe-89e6-5f870e48be7b	(None, 0)
80	1	570c7caf-b7ad-4ffe-89e6-5f870e48be7b	((16, 10), 2)
80	2	570c7caf-b7ad-4ffe-89e6-5f870e48be7b	(None, 0)
80	3	570c7caf-b7ad-4ffe-89e6-5f870e48be7b	(None, 3)
80	4	570c7caf-b7ad-4ffe-89e6-5f870e48be7b	(None, 0)
80	5	570c7caf-b7ad-4ffe-89e6-5f870e48be7b	(None, 1)
80	6	570c7caf-b7ad-4ffe-89e6-5f870e48be7b	(None, 0)
80	7	570c7caf-b7ad-4ffe-89e6-5f870e48be7b	(None, 3)
80	8	570c7caf-b7ad-4ffe-89e6-5f870e48be7b	(None, 1)
80	9	570c7caf-b7ad-4ffe-89e6-5f870e48be7b	(None, 3)
81	0	570c7caf-b7ad-4ffe-89e6-5f870e48be7b	(None, 0)
81	1	570c7caf-b7ad-4ffe-89e6-5f870e48be7b	((17, 10), 2)
81	2	570c7caf-b7ad-4ffe-89e6-5f870e48be7b	(None, 0)
81	3	570c7caf-b7ad-4ffe-89e6-5f870e48be7b	(None, 3)
81	4	570c7caf-b7ad-4ffe-89e6-5f870e48be7b	(None, 0)
81	5	570c7caf-b7ad-4ffe-89e6-5f870e48be7b	(None, 1)
81	6	570c7caf-b7ad-4ffe-89e6-5f870e48be7b	(None, 0)
81	7	570c7caf-b7ad-4ffe-89e6-5f870e48be7b	(None, 3)
81	8	570c7caf-b7ad-4ffe-89e6-5f870e48be7b	(None, 1)
81	9	570c7caf-b7ad-4ffe-89e6-5f870e48be7b	(None, 3)
82	0	570c7caf-b7ad-4ffe-89e6-5f870e48be7b	(None, 0)
82	1	570c7caf-b7ad-4ffe-89e6-5f870e48be7b	((18, 10), 2)
82	2	570c7caf-b7ad-4ffe-89e6-5f870e48be7b	(None, 0)
82	3	570c7caf-b7ad-4ffe-89e6-5f870e48be7b	(None, 3)
82	4	570c7caf-b7ad-4ffe-89e6-5f870e48be7b	(None, 0)
82	5	570c7caf-b7ad-4ffe-89e6-5f870e48be7b	(None, 1)
82	6	570c7caf-b7ad-4ffe-89e6-5f870e48be7b	(None, 0)
82	7	570c7caf-b7ad-4ffe-89e6-5f870e48be7b	(None, 3)
82	8	570c7caf-b7ad-4ffe-89e6-5f870e48be7b	(None, 1)
82	9	570c7caf-b7ad-4ffe-89e6-5f870e48be7b	(None, 3)
83	0	570c7caf-b7ad-4ffe-89e6-5f870e48be7b	(None, 0)
83	1	570c7caf-b7ad-4ffe-89e6-5f870e48be7b	((19, 10), 2)
83	2	570c7caf-b7ad-4ffe-89e6-5f870e48be7b	(None, 0)
83	3	570c7caf-b7ad-4ffe-89e6-5f870e48be7b	(None, 3)
83	4	570c7caf-b7ad-4ffe-89e6-5f870e48be7b	(None, 0)
83	5	570c7caf-b7ad-4ffe-89e6-5f870e48be7b	(None, 1)
83	6	570c7caf-b7ad-4ffe-89e6-5f870e48be7b	(None, 0)
83	7	570c7caf-b7ad-4ffe-89e6-5f870e48be7b	(None, 3)
83	8	570c7caf-b7ad-4ffe-89e6-5f870e48be7b	(None, 1)
83	9	570c7caf-b7ad-4ffe-89e6-5f870e48be7b	(None, 3)
84	0	570c7caf-b7ad-4ffe-89e6-5f870e48be7b	(None, 0)
84	1	570c7caf-b7ad-4ffe-89e6-5f870e48be7b	((19, 11), 1)
84	2	570c7caf-b7ad-4ffe-89e6-5f870e48be7b	(None, 0)
84	3	570c7caf-b7ad-4ffe-89e6-5f870e48be7b	(None, 3)
84	4	570c7caf-b7ad-4ffe-89e6-5f870e48be7b	(None, 0)
84	5	570c7caf-b7ad-4ffe-89e6-5f870e48be7b	(None, 1)
84	6	570c7caf-b7ad-4ffe-89e6-5f870e48be7b	(None, 0)
84	7	570c7caf-b7ad-4ffe-89e6-5f870e48be7b	(None, 3)
84	8	570c7caf-b7ad-4ffe-89e6-5f870e48be7b	(None, 1)
84	9	570c7caf-b7ad-4ffe-89e6-5f870e48be7b	(None, 3)
85	0	570c7caf-b7ad-4ffe-89e6-5f870e48be7b	(None, 0)
85	1	570c7caf-b7ad-4ffe-89e6-5f870e48be7b	((19, 12), 1)
85	2	570c7caf-b7ad-4ffe-89e6-5f870e48be7b	(None, 0)
85	3	570c7caf-b7ad-4ffe-89e6-5f870e48be7b	(None, 3)
85	4	570c7caf-b7ad-4ffe-89e6-5f870e48be7b	(None, 0)
85	5	570c7caf-b7ad-4ffe-89e6-5f870e48be7b	(None, 1)
85	6	570c7caf-b7ad-4ffe-89e6-5f870e48be7b	(None, 0)
85	7	570c7caf-b7ad-4ffe-89e6-5f870e48be7b	(None, 3)
85	8	570c7caf-b7ad-4ffe-89e6-5f870e48be7b	(None, 1)
85	9	570c7caf-b7ad-4ffe-89e6-5f870e48be7b	(None, 3)
86	0	570c7caf-b7ad-4ffe-89e6-5f870e48be7b	(None, 0)
86	1	570c7caf-b7ad-4ffe-89e6-5f870e48be7b	((19, 13), 1)
86	2	570c7caf-b7ad-4ffe-89e6-5f870e48be7b	(None, 0)
86	3	570c7caf-b7ad-4ffe-89e6-5f870e48be7b	(None, 3)
86	4	570c7caf-b7ad-4ffe-89e6-5f870e48be7b	(None, 0)
86	5	570c7caf-b7ad-4ffe-89e6-5f870e48be7b	(None, 1)
86	6	570c7caf-b7ad-4ffe-89e6-5f870e48be7b	(None, 0)
86	7	570c7caf-b7ad-4ffe-89e6-5f870e48be7b	(None, 3)
86	8	570c7caf-b7ad-4ffe-89e6-5f870e48be7b	(None, 1)
86	9	570c7caf-b7ad-4ffe-89e6-5f870e48be7b	(None, 3)
87	0	570c7caf-b7ad-4ffe-89e6-5f870e48be7b	(None, 0)
87	1	570c7caf-b7ad-4ffe-89e6-5f870e48be7b	((19, 14), 1)
87	2	570c7caf-b7ad-4ffe-89e6-5f870e48be7b	(None, 0)
87	3	570c7caf-b7ad-4ffe-89e6-5f870e48be7b	(None, 3)
87	4	570c7caf-b7ad-4ffe-89e6-5f870e48be7b	(None, 0)
87	5	570c7caf-b7ad-4ffe-89e6-5f870e48be7b	(None, 1)
87	6	570c7caf-b7ad-4ffe-89e6-5f870e48be7b	(None, 0)
87	7	570c7caf-b7ad-4ffe-89e6-5f870e48be7b	(None, 3)
87	8	570c7caf-b7ad-4ffe-89e6-5f870e48be7b	(None, 1)
87	9	570c7caf-b7ad-4ffe-89e6-5f870e48be7b	(None, 3)
88	0	570c7caf-b7ad-4ffe-89e6-5f870e48be7b	(None, 0)
88	1	570c7caf-b7ad-4ffe-89e6-5f870e48be7b	((19, 15), 1)
88	2	570c7caf-b7ad-4ffe-89e6-5f870e48be7b	(None, 0)
88	3	570c7caf-b7ad-4ffe-89e6-5f870e48be7b	(None, 3)
88	4	570c7caf-b7ad-4ffe-89e6-5f870e48be7b	(None, 0)
88	5	570c7caf-b7ad-4ffe-89e6-5f870e48be7b	(None, 1)
88	6	570c7caf-b7ad-4ffe-89e6-5f870e48be7b	(None, 0)
88	7	570c7caf-b7ad-4ffe-89e6-5f870e48be7b	(None, 3)
88	8	570c7caf-b7ad-4ffe-89e6-5f870e48be7b	(None, 1)
88	9	570c7caf-b7ad-4ffe-89e6-5f870e48be7b	(None, 3)
89	0	570c7caf-b7ad-4ffe-89e6-5f870e48be7b	(None, 0)
89	1	570c7caf-b7ad-4ffe-89e6-5f870e48be7b	(None, 1)
89	2	570c7caf-b7ad-4ffe-89e6-5f870e48be7b	(None, 0)
89	3	570c7caf-b7ad-4ffe-89e6-5f870e48be7b	(None, 3)
89	4	570c7caf-b7ad-4ffe-89e6-5f870e48be7b	(None, 0)
89	5	570c7caf-b7ad-4ffe-89e6-5f870e48be7b	(None, 1)
89	6	570c7caf-b7ad-4ffe-89e6-5f870e48be7b	(None, 0)
89	7	570c7caf-b7ad-4ffe-89e6-5f870e48be7b	(None, 3)
89	8	570c7caf-b7ad-4ffe-89e6-5f870e48be7b	(None, 1)
89	9	570c7caf-b7ad-4ffe-89e6-5f870e48be7b	(None, 3)
1	0	bd360f90-0040-4bad-8479-e553411daef1	(None, 1)
1	1	bd360f90-0040-4bad-8479-e553411daef1	(None, 3)
1	2	bd360f90-0040-4bad-8479-e553411daef1	(None, 1)
1	3	bd360f90-0040-4bad-8479-e553411daef1	(None, 1)
1	4	bd360f90-0040-4bad-8479-e553411daef1	(None, 1)
1	5	bd360f90-0040-4bad-8479-e553411daef1	(None, 1)
1	6	bd360f90-0040-4bad-8479-e553411daef1	(None, 1)
1	7	bd360f90-0040-4bad-8479-e553411daef1	(None, 1)
1	8	bd360f90-0040-4bad-8479-e553411daef1	(None, 1)
1	9	bd360f90-0040-4bad-8479-e553411daef1	(None, 1)
2	0	bd360f90-0040-4bad-8479-e553411daef1	(None, 1)
2	1	bd360f90-0040-4bad-8479-e553411daef1	(None, 3)
2	2	bd360f90-0040-4bad-8479-e553411daef1	(None, 1)
2	3	bd360f90-0040-4bad-8479-e553411daef1	((9, 23), 1)
2	4	bd360f90-0040-4bad-8479-e553411daef1	(None, 1)
2	5	bd360f90-0040-4bad-8479-e553411daef1	(None, 1)
2	6	bd360f90-0040-4bad-8479-e553411daef1	(None, 1)
2	7	bd360f90-0040-4bad-8479-e553411daef1	(None, 1)
2	8	bd360f90-0040-4bad-8479-e553411daef1	(None, 1)
2	9	bd360f90-0040-4bad-8479-e553411daef1	(None, 1)
3	0	bd360f90-0040-4bad-8479-e553411daef1	(None, 1)
3	1	bd360f90-0040-4bad-8479-e553411daef1	(None, 3)
3	2	bd360f90-0040-4bad-8479-e553411daef1	(None, 1)
3	3	bd360f90-0040-4bad-8479-e553411daef1	((9, 24), 1)
3	4	bd360f90-0040-4bad-8479-e553411daef1	((9, 23), 1)
3	5	bd360f90-0040-4bad-8479-e553411daef1	(None, 1)
3	6	bd360f90-0040-4bad-8479-e553411daef1	(None, 1)
3	7	bd360f90-0040-4bad-8479-e553411daef1	(None, 1)
3	8	bd360f90-0040-4bad-8479-e553411daef1	(None, 1)
3	9	bd360f90-0040-4bad-8479-e553411daef1	((9, 7), 1)
4	0	bd360f90-0040-4bad-8479-e553411daef1	(None, 1)
4	1	bd360f90-0040-4bad-8479-e553411daef1	(None, 3)
4	2	bd360f90-0040-4bad-8479-e553411daef1	(None, 1)
4	3	bd360f90-0040-4bad-8479-e553411daef1	((9, 25), 1)
4	4	bd360f90-0040-4bad-8479-e553411daef1	((9, 24), 1)
4	5	bd360f90-0040-4bad-8479-e553411daef1	(None, 1)
4	6	bd360f90-0040-4bad-8479-e553411daef1	((9, 23), 1)
4	7	bd360f90-0040-4bad-8479-e553411daef1	(None, 1)
4	8	bd360f90-0040-4bad-8479-e553411daef1	(None, 1)
4	9	bd360f90-0040-4bad-8479-e553411daef1	((9, 8), 1)
5	0	bd360f90-0040-4bad-8479-e553411daef1	(None, 1)
5	1	bd360f90-0040-4bad-8479-e553411daef1	(None, 3)
5	2	bd360f90-0040-4bad-8479-e553411daef1	(None, 1)
5	3	bd360f90-0040-4bad-8479-e553411daef1	((9, 26), 1)
5	4	bd360f90-0040-4bad-8479-e553411daef1	((9, 25), 1)
5	5	bd360f90-0040-4bad-8479-e553411daef1	(None, 1)
5	6	bd360f90-0040-4bad-8479-e553411daef1	((9, 24), 1)
5	7	bd360f90-0040-4bad-8479-e553411daef1	(None, 1)
5	8	bd360f90-0040-4bad-8479-e553411daef1	((9, 23), 1)
5	9	bd360f90-0040-4bad-8479-e553411daef1	((9, 9), 1)
6	0	bd360f90-0040-4bad-8479-e553411daef1	(None, 1)
6	1	bd360f90-0040-4bad-8479-e553411daef1	(None, 3)
6	2	bd360f90-0040-4bad-8479-e553411daef1	(None, 1)
6	3	bd360f90-0040-4bad-8479-e553411daef1	((9, 27), 1)
6	4	bd360f90-0040-4bad-8479-e553411daef1	((9, 26), 1)
6	5	bd360f90-0040-4bad-8479-e553411daef1	(None, 1)
6	6	bd360f90-0040-4bad-8479-e553411daef1	((9, 25), 1)
6	7	bd360f90-0040-4bad-8479-e553411daef1	(None, 1)
6	8	bd360f90-0040-4bad-8479-e553411daef1	((9, 24), 1)
6	9	bd360f90-0040-4bad-8479-e553411daef1	((9, 10), 1)
7	0	bd360f90-0040-4bad-8479-e553411daef1	(None, 1)
7	1	bd360f90-0040-4bad-8479-e553411daef1	(None, 3)
7	2	bd360f90-0040-4bad-8479-e553411daef1	(None, 1)
7	3	bd360f90-0040-4bad-8479-e553411daef1	((9, 28), 1)
7	4	bd360f90-0040-4bad-8479-e553411daef1	((9, 27), 1)
7	5	bd360f90-0040-4bad-8479-e553411daef1	(None, 1)
7	6	bd360f90-0040-4bad-8479-e553411daef1	((9, 26), 1)
7	7	bd360f90-0040-4bad-8479-e553411daef1	(None, 1)
7	8	bd360f90-0040-4bad-8479-e553411daef1	((9, 25), 1)
7	9	bd360f90-0040-4bad-8479-e553411daef1	((9, 11), 1)
8	0	bd360f90-0040-4bad-8479-e553411daef1	(None, 1)
8	1	bd360f90-0040-4bad-8479-e553411daef1	(None, 3)
8	2	bd360f90-0040-4bad-8479-e553411daef1	(None, 1)
8	3	bd360f90-0040-4bad-8479-e553411daef1	((10, 28), 2)
8	4	bd360f90-0040-4bad-8479-e553411daef1	((9, 28), 1)
8	5	bd360f90-0040-4bad-8479-e553411daef1	(None, 1)
8	6	bd360f90-0040-4bad-8479-e553411daef1	((9, 27), 1)
8	7	bd360f90-0040-4bad-8479-e553411daef1	(None, 1)
8	8	bd360f90-0040-4bad-8479-e553411daef1	((9, 26), 1)
8	9	bd360f90-0040-4bad-8479-e553411daef1	((9, 12), 1)
9	0	bd360f90-0040-4bad-8479-e553411daef1	(None, 1)
9	1	bd360f90-0040-4bad-8479-e553411daef1	(None, 3)
9	2	bd360f90-0040-4bad-8479-e553411daef1	(None, 1)
9	3	bd360f90-0040-4bad-8479-e553411daef1	((11, 28), 2)
9	4	bd360f90-0040-4bad-8479-e553411daef1	((10, 28), 2)
9	5	bd360f90-0040-4bad-8479-e553411daef1	(None, 1)
9	6	bd360f90-0040-4bad-8479-e553411daef1	((9, 28), 1)
9	7	bd360f90-0040-4bad-8479-e553411daef1	(None, 1)
9	8	bd360f90-0040-4bad-8479-e553411daef1	((9, 27), 1)
9	9	bd360f90-0040-4bad-8479-e553411daef1	((9, 13), 1)
10	0	bd360f90-0040-4bad-8479-e553411daef1	(None, 1)
10	1	bd360f90-0040-4bad-8479-e553411daef1	(None, 3)
10	2	bd360f90-0040-4bad-8479-e553411daef1	(None, 1)
10	3	bd360f90-0040-4bad-8479-e553411daef1	((12, 28), 2)
10	4	bd360f90-0040-4bad-8479-e553411daef1	((11, 28), 2)
10	5	bd360f90-0040-4bad-8479-e553411daef1	(None, 1)
10	6	bd360f90-0040-4bad-8479-e553411daef1	((10, 28), 2)
10	7	bd360f90-0040-4bad-8479-e553411daef1	(None, 1)
10	8	bd360f90-0040-4bad-8479-e553411daef1	((9, 28), 1)
10	9	bd360f90-0040-4bad-8479-e553411daef1	((9, 14), 1)
11	0	bd360f90-0040-4bad-8479-e553411daef1	(None, 1)
11	1	bd360f90-0040-4bad-8479-e553411daef1	(None, 3)
11	2	bd360f90-0040-4bad-8479-e553411daef1	(None, 1)
11	3	bd360f90-0040-4bad-8479-e553411daef1	((13, 28), 2)
11	4	bd360f90-0040-4bad-8479-e553411daef1	((12, 28), 2)
11	5	bd360f90-0040-4bad-8479-e553411daef1	(None, 1)
11	6	bd360f90-0040-4bad-8479-e553411daef1	((11, 28), 2)
11	7	bd360f90-0040-4bad-8479-e553411daef1	(None, 1)
11	8	bd360f90-0040-4bad-8479-e553411daef1	((10, 28), 2)
11	9	bd360f90-0040-4bad-8479-e553411daef1	((9, 15), 1)
12	0	bd360f90-0040-4bad-8479-e553411daef1	(None, 1)
12	1	bd360f90-0040-4bad-8479-e553411daef1	(None, 3)
12	2	bd360f90-0040-4bad-8479-e553411daef1	(None, 1)
12	3	bd360f90-0040-4bad-8479-e553411daef1	((14, 28), 2)
12	4	bd360f90-0040-4bad-8479-e553411daef1	((13, 28), 2)
12	5	bd360f90-0040-4bad-8479-e553411daef1	(None, 1)
12	6	bd360f90-0040-4bad-8479-e553411daef1	((12, 28), 2)
12	7	bd360f90-0040-4bad-8479-e553411daef1	(None, 1)
12	8	bd360f90-0040-4bad-8479-e553411daef1	((11, 28), 2)
12	9	bd360f90-0040-4bad-8479-e553411daef1	((9, 16), 1)
13	0	bd360f90-0040-4bad-8479-e553411daef1	((9, 7), 1)
13	1	bd360f90-0040-4bad-8479-e553411daef1	(None, 3)
13	2	bd360f90-0040-4bad-8479-e553411daef1	(None, 1)
13	3	bd360f90-0040-4bad-8479-e553411daef1	((15, 28), 2)
13	4	bd360f90-0040-4bad-8479-e553411daef1	((14, 28), 2)
13	5	bd360f90-0040-4bad-8479-e553411daef1	(None, 1)
13	6	bd360f90-0040-4bad-8479-e553411daef1	((13, 28), 2)
13	7	bd360f90-0040-4bad-8479-e553411daef1	(None, 1)
13	8	bd360f90-0040-4bad-8479-e553411daef1	((12, 28), 2)
13	9	bd360f90-0040-4bad-8479-e553411daef1	((9, 17), 1)
14	0	bd360f90-0040-4bad-8479-e553411daef1	((9, 8), 1)
14	1	bd360f90-0040-4bad-8479-e553411daef1	(None, 3)
14	2	bd360f90-0040-4bad-8479-e553411daef1	(None, 1)
14	3	bd360f90-0040-4bad-8479-e553411daef1	((15, 27), 3)
14	4	bd360f90-0040-4bad-8479-e553411daef1	((15, 28), 2)
14	5	bd360f90-0040-4bad-8479-e553411daef1	(None, 1)
14	6	bd360f90-0040-4bad-8479-e553411daef1	((14, 28), 2)
14	7	bd360f90-0040-4bad-8479-e553411daef1	(None, 1)
14	8	bd360f90-0040-4bad-8479-e553411daef1	((13, 28), 2)
14	9	bd360f90-0040-4bad-8479-e553411daef1	((9, 18), 1)
15	0	bd360f90-0040-4bad-8479-e553411daef1	((9, 9), 1)
15	1	bd360f90-0040-4bad-8479-e553411daef1	(None, 3)
15	2	bd360f90-0040-4bad-8479-e553411daef1	(None, 1)
15	3	bd360f90-0040-4bad-8479-e553411daef1	((15, 26), 3)
15	4	bd360f90-0040-4bad-8479-e553411daef1	((15, 27), 3)
15	5	bd360f90-0040-4bad-8479-e553411daef1	((9, 7), 1)
15	6	bd360f90-0040-4bad-8479-e553411daef1	((15, 28), 2)
15	7	bd360f90-0040-4bad-8479-e553411daef1	(None, 1)
15	8	bd360f90-0040-4bad-8479-e553411daef1	((14, 28), 2)
15	9	bd360f90-0040-4bad-8479-e553411daef1	((9, 19), 1)
16	0	bd360f90-0040-4bad-8479-e553411daef1	((9, 10), 1)
16	1	bd360f90-0040-4bad-8479-e553411daef1	(None, 3)
16	2	bd360f90-0040-4bad-8479-e553411daef1	(None, 1)
16	3	bd360f90-0040-4bad-8479-e553411daef1	((15, 25), 3)
16	4	bd360f90-0040-4bad-8479-e553411daef1	((15, 26), 3)
16	5	bd360f90-0040-4bad-8479-e553411daef1	((9, 8), 1)
16	6	bd360f90-0040-4bad-8479-e553411daef1	((15, 27), 3)
16	7	bd360f90-0040-4bad-8479-e553411daef1	(None, 1)
16	8	bd360f90-0040-4bad-8479-e553411daef1	((15, 28), 2)
16	9	bd360f90-0040-4bad-8479-e553411daef1	((9, 20), 1)
17	0	bd360f90-0040-4bad-8479-e553411daef1	((9, 11), 1)
17	1	bd360f90-0040-4bad-8479-e553411daef1	(None, 3)
17	2	bd360f90-0040-4bad-8479-e553411daef1	(None, 1)
17	3	bd360f90-0040-4bad-8479-e553411daef1	((15, 24), 3)
17	4	bd360f90-0040-4bad-8479-e553411daef1	((15, 25), 3)
17	5	bd360f90-0040-4bad-8479-e553411daef1	((9, 9), 1)
17	6	bd360f90-0040-4bad-8479-e553411daef1	((15, 26), 3)
17	7	bd360f90-0040-4bad-8479-e553411daef1	(None, 1)
17	8	bd360f90-0040-4bad-8479-e553411daef1	((15, 27), 3)
17	9	bd360f90-0040-4bad-8479-e553411daef1	((10, 20), 2)
18	0	bd360f90-0040-4bad-8479-e553411daef1	((9, 12), 1)
18	1	bd360f90-0040-4bad-8479-e553411daef1	(None, 3)
18	2	bd360f90-0040-4bad-8479-e553411daef1	(None, 1)
18	3	bd360f90-0040-4bad-8479-e553411daef1	((15, 23), 3)
18	4	bd360f90-0040-4bad-8479-e553411daef1	((15, 24), 3)
18	5	bd360f90-0040-4bad-8479-e553411daef1	((9, 10), 1)
18	6	bd360f90-0040-4bad-8479-e553411daef1	((15, 25), 3)
18	7	bd360f90-0040-4bad-8479-e553411daef1	(None, 1)
18	8	bd360f90-0040-4bad-8479-e553411daef1	((15, 26), 3)
18	9	bd360f90-0040-4bad-8479-e553411daef1	((10, 21), 1)
19	0	bd360f90-0040-4bad-8479-e553411daef1	((9, 13), 1)
19	1	bd360f90-0040-4bad-8479-e553411daef1	(None, 3)
19	2	bd360f90-0040-4bad-8479-e553411daef1	(None, 1)
19	3	bd360f90-0040-4bad-8479-e553411daef1	((15, 22), 3)
19	4	bd360f90-0040-4bad-8479-e553411daef1	((15, 23), 3)
19	5	bd360f90-0040-4bad-8479-e553411daef1	((9, 11), 1)
19	6	bd360f90-0040-4bad-8479-e553411daef1	((15, 24), 3)
19	7	bd360f90-0040-4bad-8479-e553411daef1	(None, 1)
19	8	bd360f90-0040-4bad-8479-e553411daef1	((15, 25), 3)
19	9	bd360f90-0040-4bad-8479-e553411daef1	((10, 22), 1)
20	0	bd360f90-0040-4bad-8479-e553411daef1	((9, 14), 1)
20	1	bd360f90-0040-4bad-8479-e553411daef1	(None, 3)
20	2	bd360f90-0040-4bad-8479-e553411daef1	(None, 1)
20	3	bd360f90-0040-4bad-8479-e553411daef1	((15, 21), 3)
20	4	bd360f90-0040-4bad-8479-e553411daef1	((15, 22), 3)
20	5	bd360f90-0040-4bad-8479-e553411daef1	((9, 12), 1)
20	6	bd360f90-0040-4bad-8479-e553411daef1	((15, 23), 3)
20	7	bd360f90-0040-4bad-8479-e553411daef1	((9, 7), 1)
20	8	bd360f90-0040-4bad-8479-e553411daef1	((15, 24), 3)
20	9	bd360f90-0040-4bad-8479-e553411daef1	(None, 1)
21	0	bd360f90-0040-4bad-8479-e553411daef1	((9, 15), 1)
21	1	bd360f90-0040-4bad-8479-e553411daef1	(None, 3)
21	2	bd360f90-0040-4bad-8479-e553411daef1	(None, 1)
21	3	bd360f90-0040-4bad-8479-e553411daef1	((15, 20), 3)
21	4	bd360f90-0040-4bad-8479-e553411daef1	((15, 21), 3)
21	5	bd360f90-0040-4bad-8479-e553411daef1	((9, 13), 1)
21	6	bd360f90-0040-4bad-8479-e553411daef1	((15, 22), 3)
21	7	bd360f90-0040-4bad-8479-e553411daef1	((9, 8), 1)
21	8	bd360f90-0040-4bad-8479-e553411daef1	((15, 23), 3)
21	9	bd360f90-0040-4bad-8479-e553411daef1	(None, 1)
22	0	bd360f90-0040-4bad-8479-e553411daef1	((9, 16), 1)
22	1	bd360f90-0040-4bad-8479-e553411daef1	(None, 3)
22	2	bd360f90-0040-4bad-8479-e553411daef1	(None, 1)
22	3	bd360f90-0040-4bad-8479-e553411daef1	((15, 19), 3)
22	4	bd360f90-0040-4bad-8479-e553411daef1	((15, 20), 3)
22	5	bd360f90-0040-4bad-8479-e553411daef1	((9, 14), 1)
22	6	bd360f90-0040-4bad-8479-e553411daef1	((15, 21), 3)
22	7	bd360f90-0040-4bad-8479-e553411daef1	((9, 9), 1)
22	8	bd360f90-0040-4bad-8479-e553411daef1	((15, 22), 3)
22	9	bd360f90-0040-4bad-8479-e553411daef1	(None, 1)
23	0	bd360f90-0040-4bad-8479-e553411daef1	((9, 17), 1)
23	1	bd360f90-0040-4bad-8479-e553411daef1	(None, 3)
23	2	bd360f90-0040-4bad-8479-e553411daef1	(None, 1)
23	3	bd360f90-0040-4bad-8479-e553411daef1	((15, 18), 3)
23	4	bd360f90-0040-4bad-8479-e553411daef1	((15, 19), 3)
23	5	bd360f90-0040-4bad-8479-e553411daef1	((9, 15), 1)
23	6	bd360f90-0040-4bad-8479-e553411daef1	((15, 20), 3)
23	7	bd360f90-0040-4bad-8479-e553411daef1	((9, 10), 1)
23	8	bd360f90-0040-4bad-8479-e553411daef1	((15, 21), 3)
23	9	bd360f90-0040-4bad-8479-e553411daef1	(None, 1)
24	0	bd360f90-0040-4bad-8479-e553411daef1	((9, 18), 1)
24	1	bd360f90-0040-4bad-8479-e553411daef1	(None, 3)
24	2	bd360f90-0040-4bad-8479-e553411daef1	(None, 1)
24	3	bd360f90-0040-4bad-8479-e553411daef1	((15, 17), 3)
24	4	bd360f90-0040-4bad-8479-e553411daef1	((15, 18), 3)
24	5	bd360f90-0040-4bad-8479-e553411daef1	((9, 16), 1)
24	6	bd360f90-0040-4bad-8479-e553411daef1	((15, 19), 3)
24	7	bd360f90-0040-4bad-8479-e553411daef1	((9, 11), 1)
24	8	bd360f90-0040-4bad-8479-e553411daef1	((15, 20), 3)
24	9	bd360f90-0040-4bad-8479-e553411daef1	(None, 1)
25	0	bd360f90-0040-4bad-8479-e553411daef1	((9, 19), 1)
25	1	bd360f90-0040-4bad-8479-e553411daef1	(None, 3)
25	2	bd360f90-0040-4bad-8479-e553411daef1	(None, 1)
25	3	bd360f90-0040-4bad-8479-e553411daef1	((15, 16), 3)
25	4	bd360f90-0040-4bad-8479-e553411daef1	((15, 17), 3)
25	5	bd360f90-0040-4bad-8479-e553411daef1	((9, 17), 1)
25	6	bd360f90-0040-4bad-8479-e553411daef1	((15, 18), 3)
25	7	bd360f90-0040-4bad-8479-e553411daef1	((9, 12), 1)
25	8	bd360f90-0040-4bad-8479-e553411daef1	((15, 19), 3)
25	9	bd360f90-0040-4bad-8479-e553411daef1	(None, 1)
26	0	bd360f90-0040-4bad-8479-e553411daef1	((9, 20), 1)
26	1	bd360f90-0040-4bad-8479-e553411daef1	(None, 3)
26	2	bd360f90-0040-4bad-8479-e553411daef1	(None, 1)
26	3	bd360f90-0040-4bad-8479-e553411daef1	((16, 16), 2)
26	4	bd360f90-0040-4bad-8479-e553411daef1	((15, 16), 3)
26	5	bd360f90-0040-4bad-8479-e553411daef1	((9, 18), 1)
26	6	bd360f90-0040-4bad-8479-e553411daef1	((15, 17), 3)
26	7	bd360f90-0040-4bad-8479-e553411daef1	((9, 13), 1)
26	8	bd360f90-0040-4bad-8479-e553411daef1	((15, 18), 3)
26	9	bd360f90-0040-4bad-8479-e553411daef1	(None, 1)
27	0	bd360f90-0040-4bad-8479-e553411daef1	((10, 20), 2)
27	1	bd360f90-0040-4bad-8479-e553411daef1	(None, 3)
27	2	bd360f90-0040-4bad-8479-e553411daef1	(None, 1)
27	3	bd360f90-0040-4bad-8479-e553411daef1	((17, 16), 2)
27	4	bd360f90-0040-4bad-8479-e553411daef1	((16, 16), 2)
27	5	bd360f90-0040-4bad-8479-e553411daef1	((9, 19), 1)
27	6	bd360f90-0040-4bad-8479-e553411daef1	((15, 16), 3)
27	7	bd360f90-0040-4bad-8479-e553411daef1	((9, 14), 1)
27	8	bd360f90-0040-4bad-8479-e553411daef1	((15, 17), 3)
27	9	bd360f90-0040-4bad-8479-e553411daef1	(None, 1)
28	0	bd360f90-0040-4bad-8479-e553411daef1	((10, 21), 1)
28	1	bd360f90-0040-4bad-8479-e553411daef1	(None, 3)
28	2	bd360f90-0040-4bad-8479-e553411daef1	((9, 7), 1)
28	3	bd360f90-0040-4bad-8479-e553411daef1	((18, 16), 2)
28	4	bd360f90-0040-4bad-8479-e553411daef1	((17, 16), 2)
28	5	bd360f90-0040-4bad-8479-e553411daef1	((9, 20), 1)
28	6	bd360f90-0040-4bad-8479-e553411daef1	((16, 16), 2)
28	7	bd360f90-0040-4bad-8479-e553411daef1	((9, 15), 1)
28	8	bd360f90-0040-4bad-8479-e553411daef1	((15, 16), 3)
28	9	bd360f90-0040-4bad-8479-e553411daef1	(None, 1)
29	0	bd360f90-0040-4bad-8479-e553411daef1	((10, 22), 1)
29	1	bd360f90-0040-4bad-8479-e553411daef1	(None, 3)
29	2	bd360f90-0040-4bad-8479-e553411daef1	((9, 8), 1)
29	3	bd360f90-0040-4bad-8479-e553411daef1	((19, 16), 2)
29	4	bd360f90-0040-4bad-8479-e553411daef1	((18, 16), 2)
29	5	bd360f90-0040-4bad-8479-e553411daef1	((10, 20), 2)
29	6	bd360f90-0040-4bad-8479-e553411daef1	((17, 16), 2)
29	7	bd360f90-0040-4bad-8479-e553411daef1	((9, 16), 1)
29	8	bd360f90-0040-4bad-8479-e553411daef1	((16, 16), 2)
29	9	bd360f90-0040-4bad-8479-e553411daef1	(None, 1)
30	0	bd360f90-0040-4bad-8479-e553411daef1	(None, 1)
30	1	bd360f90-0040-4bad-8479-e553411daef1	(None, 3)
30	2	bd360f90-0040-4bad-8479-e553411daef1	((9, 9), 1)
30	3	bd360f90-0040-4bad-8479-e553411daef1	((19, 15), 3)
30	4	bd360f90-0040-4bad-8479-e553411daef1	((19, 16), 2)
30	5	bd360f90-0040-4bad-8479-e553411daef1	((10, 21), 1)
30	6	bd360f90-0040-4bad-8479-e553411daef1	((18, 16), 2)
30	7	bd360f90-0040-4bad-8479-e553411daef1	((9, 17), 1)
30	8	bd360f90-0040-4bad-8479-e553411daef1	((17, 16), 2)
30	9	bd360f90-0040-4bad-8479-e553411daef1	(None, 1)
31	0	bd360f90-0040-4bad-8479-e553411daef1	(None, 1)
31	1	bd360f90-0040-4bad-8479-e553411daef1	(None, 3)
31	2	bd360f90-0040-4bad-8479-e553411daef1	((9, 10), 1)
31	3	bd360f90-0040-4bad-8479-e553411daef1	((19, 14), 3)
31	4	bd360f90-0040-4bad-8479-e553411daef1	((19, 15), 3)
31	5	bd360f90-0040-4bad-8479-e553411daef1	((10, 22), 1)
31	6	bd360f90-0040-4bad-8479-e553411daef1	((19, 16), 2)
31	7	bd360f90-0040-4bad-8479-e553411daef1	((9, 18), 1)
31	8	bd360f90-0040-4bad-8479-e553411daef1	((18, 16), 2)
31	9	bd360f90-0040-4bad-8479-e553411daef1	(None, 1)
32	0	bd360f90-0040-4bad-8479-e553411daef1	(None, 1)
32	1	bd360f90-0040-4bad-8479-e553411daef1	(None, 3)
32	2	bd360f90-0040-4bad-8479-e553411daef1	((9, 11), 1)
32	3	bd360f90-0040-4bad-8479-e553411daef1	((19, 13), 3)
32	4	bd360f90-0040-4bad-8479-e553411daef1	((19, 14), 3)
32	5	bd360f90-0040-4bad-8479-e553411daef1	(None, 1)
32	6	bd360f90-0040-4bad-8479-e553411daef1	((19, 15), 3)
32	7	bd360f90-0040-4bad-8479-e553411daef1	((9, 19), 1)
32	8	bd360f90-0040-4bad-8479-e553411daef1	((19, 16), 2)
32	9	bd360f90-0040-4bad-8479-e553411daef1	(None, 1)
33	0	bd360f90-0040-4bad-8479-e553411daef1	(None, 1)
33	1	bd360f90-0040-4bad-8479-e553411daef1	(None, 3)
33	2	bd360f90-0040-4bad-8479-e553411daef1	((9, 12), 1)
33	3	bd360f90-0040-4bad-8479-e553411daef1	((19, 12), 3)
33	4	bd360f90-0040-4bad-8479-e553411daef1	((19, 13), 3)
33	5	bd360f90-0040-4bad-8479-e553411daef1	(None, 1)
33	6	bd360f90-0040-4bad-8479-e553411daef1	((19, 14), 3)
33	7	bd360f90-0040-4bad-8479-e553411daef1	((9, 20), 1)
33	8	bd360f90-0040-4bad-8479-e553411daef1	((19, 15), 3)
33	9	bd360f90-0040-4bad-8479-e553411daef1	(None, 1)
34	0	bd360f90-0040-4bad-8479-e553411daef1	(None, 1)
34	1	bd360f90-0040-4bad-8479-e553411daef1	(None, 3)
34	2	bd360f90-0040-4bad-8479-e553411daef1	((9, 13), 1)
34	3	bd360f90-0040-4bad-8479-e553411daef1	((19, 11), 3)
34	4	bd360f90-0040-4bad-8479-e553411daef1	((19, 12), 3)
34	5	bd360f90-0040-4bad-8479-e553411daef1	(None, 1)
34	6	bd360f90-0040-4bad-8479-e553411daef1	((19, 13), 3)
34	7	bd360f90-0040-4bad-8479-e553411daef1	((10, 20), 2)
34	8	bd360f90-0040-4bad-8479-e553411daef1	((19, 14), 3)
34	9	bd360f90-0040-4bad-8479-e553411daef1	(None, 1)
35	0	bd360f90-0040-4bad-8479-e553411daef1	(None, 1)
35	1	bd360f90-0040-4bad-8479-e553411daef1	(None, 3)
35	2	bd360f90-0040-4bad-8479-e553411daef1	((9, 14), 1)
35	3	bd360f90-0040-4bad-8479-e553411daef1	((18, 11), 0)
35	4	bd360f90-0040-4bad-8479-e553411daef1	((19, 11), 3)
35	5	bd360f90-0040-4bad-8479-e553411daef1	(None, 1)
35	6	bd360f90-0040-4bad-8479-e553411daef1	((19, 12), 3)
35	7	bd360f90-0040-4bad-8479-e553411daef1	((10, 21), 1)
35	8	bd360f90-0040-4bad-8479-e553411daef1	((19, 13), 3)
35	9	bd360f90-0040-4bad-8479-e553411daef1	(None, 1)
36	0	bd360f90-0040-4bad-8479-e553411daef1	(None, 1)
36	1	bd360f90-0040-4bad-8479-e553411daef1	((9, 23), 3)
36	2	bd360f90-0040-4bad-8479-e553411daef1	((9, 15), 1)
36	3	bd360f90-0040-4bad-8479-e553411daef1	((17, 11), 0)
36	4	bd360f90-0040-4bad-8479-e553411daef1	((18, 11), 0)
36	5	bd360f90-0040-4bad-8479-e553411daef1	(None, 1)
36	6	bd360f90-0040-4bad-8479-e553411daef1	((19, 11), 3)
36	7	bd360f90-0040-4bad-8479-e553411daef1	((10, 22), 1)
36	8	bd360f90-0040-4bad-8479-e553411daef1	((19, 12), 3)
36	9	bd360f90-0040-4bad-8479-e553411daef1	(None, 1)
37	0	bd360f90-0040-4bad-8479-e553411daef1	(None, 1)
37	1	bd360f90-0040-4bad-8479-e553411daef1	((9, 22), 3)
37	2	bd360f90-0040-4bad-8479-e553411daef1	((9, 16), 1)
37	3	bd360f90-0040-4bad-8479-e553411daef1	((16, 11), 0)
37	4	bd360f90-0040-4bad-8479-e553411daef1	((17, 11), 0)
37	5	bd360f90-0040-4bad-8479-e553411daef1	(None, 1)
37	6	bd360f90-0040-4bad-8479-e553411daef1	((18, 11), 0)
37	7	bd360f90-0040-4bad-8479-e553411daef1	(None, 1)
37	8	bd360f90-0040-4bad-8479-e553411daef1	((19, 11), 3)
37	9	bd360f90-0040-4bad-8479-e553411daef1	(None, 1)
38	0	bd360f90-0040-4bad-8479-e553411daef1	(None, 1)
38	1	bd360f90-0040-4bad-8479-e553411daef1	((9, 21), 3)
38	2	bd360f90-0040-4bad-8479-e553411daef1	((9, 17), 1)
38	3	bd360f90-0040-4bad-8479-e553411daef1	((15, 11), 0)
38	4	bd360f90-0040-4bad-8479-e553411daef1	((16, 11), 0)
38	5	bd360f90-0040-4bad-8479-e553411daef1	(None, 1)
38	6	bd360f90-0040-4bad-8479-e553411daef1	((17, 11), 0)
38	7	bd360f90-0040-4bad-8479-e553411daef1	(None, 1)
38	8	bd360f90-0040-4bad-8479-e553411daef1	((18, 11), 0)
38	9	bd360f90-0040-4bad-8479-e553411daef1	(None, 1)
39	0	bd360f90-0040-4bad-8479-e553411daef1	(None, 1)
39	1	bd360f90-0040-4bad-8479-e553411daef1	((10, 21), 2)
39	2	bd360f90-0040-4bad-8479-e553411daef1	((9, 18), 1)
39	3	bd360f90-0040-4bad-8479-e553411daef1	((14, 11), 0)
39	4	bd360f90-0040-4bad-8479-e553411daef1	((15, 11), 0)
39	5	bd360f90-0040-4bad-8479-e553411daef1	(None, 1)
39	6	bd360f90-0040-4bad-8479-e553411daef1	((16, 11), 0)
39	7	bd360f90-0040-4bad-8479-e553411daef1	(None, 1)
39	8	bd360f90-0040-4bad-8479-e553411daef1	((17, 11), 0)
39	9	bd360f90-0040-4bad-8479-e553411daef1	(None, 1)
40	0	bd360f90-0040-4bad-8479-e553411daef1	(None, 1)
40	1	bd360f90-0040-4bad-8479-e553411daef1	((10, 20), 3)
40	2	bd360f90-0040-4bad-8479-e553411daef1	((9, 19), 1)
40	3	bd360f90-0040-4bad-8479-e553411daef1	((14, 12), 1)
40	4	bd360f90-0040-4bad-8479-e553411daef1	((14, 11), 0)
40	5	bd360f90-0040-4bad-8479-e553411daef1	(None, 1)
40	6	bd360f90-0040-4bad-8479-e553411daef1	((15, 11), 0)
40	7	bd360f90-0040-4bad-8479-e553411daef1	(None, 1)
40	8	bd360f90-0040-4bad-8479-e553411daef1	((16, 11), 0)
40	9	bd360f90-0040-4bad-8479-e553411daef1	(None, 1)
41	0	bd360f90-0040-4bad-8479-e553411daef1	(None, 1)
41	1	bd360f90-0040-4bad-8479-e553411daef1	((10, 19), 3)
41	2	bd360f90-0040-4bad-8479-e553411daef1	((9, 20), 1)
41	3	bd360f90-0040-4bad-8479-e553411daef1	((13, 12), 0)
41	4	bd360f90-0040-4bad-8479-e553411daef1	((14, 12), 1)
41	5	bd360f90-0040-4bad-8479-e553411daef1	(None, 1)
41	6	bd360f90-0040-4bad-8479-e553411daef1	((14, 11), 0)
41	7	bd360f90-0040-4bad-8479-e553411daef1	(None, 1)
41	8	bd360f90-0040-4bad-8479-e553411daef1	((15, 11), 0)
41	9	bd360f90-0040-4bad-8479-e553411daef1	(None, 1)
42	0	bd360f90-0040-4bad-8479-e553411daef1	(None, 1)
42	1	bd360f90-0040-4bad-8479-e553411daef1	((10, 18), 3)
42	2	bd360f90-0040-4bad-8479-e553411daef1	((10, 20), 2)
42	3	bd360f90-0040-4bad-8479-e553411daef1	((12, 12), 0)
42	4	bd360f90-0040-4bad-8479-e553411daef1	((13, 12), 0)
42	5	bd360f90-0040-4bad-8479-e553411daef1	(None, 1)
42	6	bd360f90-0040-4bad-8479-e553411daef1	((14, 12), 1)
42	7	bd360f90-0040-4bad-8479-e553411daef1	(None, 1)
42	8	bd360f90-0040-4bad-8479-e553411daef1	((14, 11), 0)
42	9	bd360f90-0040-4bad-8479-e553411daef1	(None, 1)
43	0	bd360f90-0040-4bad-8479-e553411daef1	(None, 1)
43	1	bd360f90-0040-4bad-8479-e553411daef1	((10, 17), 3)
43	2	bd360f90-0040-4bad-8479-e553411daef1	((10, 21), 1)
43	3	bd360f90-0040-4bad-8479-e553411daef1	((11, 12), 0)
43	4	bd360f90-0040-4bad-8479-e553411daef1	((12, 12), 0)
43	5	bd360f90-0040-4bad-8479-e553411daef1	(None, 1)
43	6	bd360f90-0040-4bad-8479-e553411daef1	((13, 12), 0)
43	7	bd360f90-0040-4bad-8479-e553411daef1	(None, 1)
43	8	bd360f90-0040-4bad-8479-e553411daef1	((14, 12), 1)
43	9	bd360f90-0040-4bad-8479-e553411daef1	(None, 1)
44	0	bd360f90-0040-4bad-8479-e553411daef1	(None, 1)
44	1	bd360f90-0040-4bad-8479-e553411daef1	((10, 16), 3)
44	2	bd360f90-0040-4bad-8479-e553411daef1	((10, 22), 1)
44	3	bd360f90-0040-4bad-8479-e553411daef1	((10, 12), 0)
44	4	bd360f90-0040-4bad-8479-e553411daef1	((11, 12), 0)
44	5	bd360f90-0040-4bad-8479-e553411daef1	(None, 1)
44	6	bd360f90-0040-4bad-8479-e553411daef1	((12, 12), 0)
44	7	bd360f90-0040-4bad-8479-e553411daef1	(None, 1)
44	8	bd360f90-0040-4bad-8479-e553411daef1	((13, 12), 0)
44	9	bd360f90-0040-4bad-8479-e553411daef1	(None, 1)
45	0	bd360f90-0040-4bad-8479-e553411daef1	(None, 1)
45	1	bd360f90-0040-4bad-8479-e553411daef1	((10, 15), 3)
45	2	bd360f90-0040-4bad-8479-e553411daef1	(None, 1)
45	3	bd360f90-0040-4bad-8479-e553411daef1	((9, 12), 0)
45	4	bd360f90-0040-4bad-8479-e553411daef1	((10, 12), 0)
45	5	bd360f90-0040-4bad-8479-e553411daef1	(None, 1)
45	6	bd360f90-0040-4bad-8479-e553411daef1	((11, 12), 0)
45	7	bd360f90-0040-4bad-8479-e553411daef1	(None, 1)
45	8	bd360f90-0040-4bad-8479-e553411daef1	((12, 12), 0)
45	9	bd360f90-0040-4bad-8479-e553411daef1	(None, 1)
46	0	bd360f90-0040-4bad-8479-e553411daef1	(None, 1)
46	1	bd360f90-0040-4bad-8479-e553411daef1	((10, 14), 3)
46	2	bd360f90-0040-4bad-8479-e553411daef1	(None, 1)
46	3	bd360f90-0040-4bad-8479-e553411daef1	((9, 11), 3)
46	4	bd360f90-0040-4bad-8479-e553411daef1	((9, 12), 0)
46	5	bd360f90-0040-4bad-8479-e553411daef1	(None, 1)
46	6	bd360f90-0040-4bad-8479-e553411daef1	((10, 12), 0)
46	7	bd360f90-0040-4bad-8479-e553411daef1	(None, 1)
46	8	bd360f90-0040-4bad-8479-e553411daef1	((11, 12), 0)
46	9	bd360f90-0040-4bad-8479-e553411daef1	(None, 1)
47	0	bd360f90-0040-4bad-8479-e553411daef1	(None, 1)
47	1	bd360f90-0040-4bad-8479-e553411daef1	((10, 13), 3)
47	2	bd360f90-0040-4bad-8479-e553411daef1	(None, 1)
47	3	bd360f90-0040-4bad-8479-e553411daef1	((9, 10), 3)
47	4	bd360f90-0040-4bad-8479-e553411daef1	((9, 11), 3)
47	5	bd360f90-0040-4bad-8479-e553411daef1	(None, 1)
47	6	bd360f90-0040-4bad-8479-e553411daef1	((9, 12), 0)
47	7	bd360f90-0040-4bad-8479-e553411daef1	(None, 1)
47	8	bd360f90-0040-4bad-8479-e553411daef1	((10, 12), 0)
47	9	bd360f90-0040-4bad-8479-e553411daef1	(None, 1)
48	0	bd360f90-0040-4bad-8479-e553411daef1	(None, 1)
48	1	bd360f90-0040-4bad-8479-e553411daef1	((10, 12), 3)
48	2	bd360f90-0040-4bad-8479-e553411daef1	(None, 1)
48	3	bd360f90-0040-4bad-8479-e553411daef1	((10, 10), 2)
48	4	bd360f90-0040-4bad-8479-e553411daef1	((9, 10), 3)
48	5	bd360f90-0040-4bad-8479-e553411daef1	(None, 1)
48	6	bd360f90-0040-4bad-8479-e553411daef1	((9, 11), 3)
48	7	bd360f90-0040-4bad-8479-e553411daef1	(None, 1)
48	8	bd360f90-0040-4bad-8479-e553411daef1	((9, 12), 0)
48	9	bd360f90-0040-4bad-8479-e553411daef1	(None, 1)
49	0	bd360f90-0040-4bad-8479-e553411daef1	(None, 1)
49	1	bd360f90-0040-4bad-8479-e553411daef1	((9, 12), 0)
49	2	bd360f90-0040-4bad-8479-e553411daef1	(None, 1)
49	3	bd360f90-0040-4bad-8479-e553411daef1	((10, 9), 3)
49	4	bd360f90-0040-4bad-8479-e553411daef1	((10, 10), 2)
49	5	bd360f90-0040-4bad-8479-e553411daef1	(None, 1)
49	6	bd360f90-0040-4bad-8479-e553411daef1	((9, 10), 3)
49	7	bd360f90-0040-4bad-8479-e553411daef1	(None, 1)
49	8	bd360f90-0040-4bad-8479-e553411daef1	((9, 11), 3)
49	9	bd360f90-0040-4bad-8479-e553411daef1	(None, 1)
50	0	bd360f90-0040-4bad-8479-e553411daef1	(None, 1)
50	1	bd360f90-0040-4bad-8479-e553411daef1	((9, 11), 3)
50	2	bd360f90-0040-4bad-8479-e553411daef1	(None, 1)
50	3	bd360f90-0040-4bad-8479-e553411daef1	((10, 8), 3)
50	4	bd360f90-0040-4bad-8479-e553411daef1	((10, 9), 3)
50	5	bd360f90-0040-4bad-8479-e553411daef1	(None, 1)
50	6	bd360f90-0040-4bad-8479-e553411daef1	((10, 10), 2)
50	7	bd360f90-0040-4bad-8479-e553411daef1	(None, 1)
50	8	bd360f90-0040-4bad-8479-e553411daef1	((9, 10), 3)
50	9	bd360f90-0040-4bad-8479-e553411daef1	(None, 1)
51	0	bd360f90-0040-4bad-8479-e553411daef1	(None, 1)
51	1	bd360f90-0040-4bad-8479-e553411daef1	((9, 10), 3)
51	2	bd360f90-0040-4bad-8479-e553411daef1	(None, 1)
51	3	bd360f90-0040-4bad-8479-e553411daef1	(None, 3)
51	4	bd360f90-0040-4bad-8479-e553411daef1	((10, 8), 3)
51	5	bd360f90-0040-4bad-8479-e553411daef1	(None, 1)
51	6	bd360f90-0040-4bad-8479-e553411daef1	((10, 9), 3)
51	7	bd360f90-0040-4bad-8479-e553411daef1	(None, 1)
51	8	bd360f90-0040-4bad-8479-e553411daef1	((10, 10), 2)
51	9	bd360f90-0040-4bad-8479-e553411daef1	(None, 1)
52	0	bd360f90-0040-4bad-8479-e553411daef1	(None, 1)
52	1	bd360f90-0040-4bad-8479-e553411daef1	((10, 10), 2)
52	2	bd360f90-0040-4bad-8479-e553411daef1	(None, 1)
52	3	bd360f90-0040-4bad-8479-e553411daef1	(None, 3)
52	4	bd360f90-0040-4bad-8479-e553411daef1	(None, 3)
52	5	bd360f90-0040-4bad-8479-e553411daef1	(None, 1)
52	6	bd360f90-0040-4bad-8479-e553411daef1	((10, 8), 3)
52	7	bd360f90-0040-4bad-8479-e553411daef1	(None, 1)
52	8	bd360f90-0040-4bad-8479-e553411daef1	((10, 9), 3)
52	9	bd360f90-0040-4bad-8479-e553411daef1	(None, 1)
53	0	bd360f90-0040-4bad-8479-e553411daef1	(None, 1)
53	1	bd360f90-0040-4bad-8479-e553411daef1	((10, 9), 3)
53	2	bd360f90-0040-4bad-8479-e553411daef1	(None, 1)
53	3	bd360f90-0040-4bad-8479-e553411daef1	(None, 3)
53	4	bd360f90-0040-4bad-8479-e553411daef1	(None, 3)
53	5	bd360f90-0040-4bad-8479-e553411daef1	(None, 1)
53	6	bd360f90-0040-4bad-8479-e553411daef1	(None, 3)
53	7	bd360f90-0040-4bad-8479-e553411daef1	(None, 1)
53	8	bd360f90-0040-4bad-8479-e553411daef1	((10, 8), 3)
53	9	bd360f90-0040-4bad-8479-e553411daef1	(None, 1)
54	0	bd360f90-0040-4bad-8479-e553411daef1	(None, 1)
54	1	bd360f90-0040-4bad-8479-e553411daef1	((10, 8), 3)
54	2	bd360f90-0040-4bad-8479-e553411daef1	(None, 1)
54	3	bd360f90-0040-4bad-8479-e553411daef1	(None, 3)
54	4	bd360f90-0040-4bad-8479-e553411daef1	(None, 3)
54	5	bd360f90-0040-4bad-8479-e553411daef1	(None, 1)
54	6	bd360f90-0040-4bad-8479-e553411daef1	(None, 3)
54	7	bd360f90-0040-4bad-8479-e553411daef1	(None, 1)
54	8	bd360f90-0040-4bad-8479-e553411daef1	(None, 3)
54	9	bd360f90-0040-4bad-8479-e553411daef1	(None, 1)
55	0	bd360f90-0040-4bad-8479-e553411daef1	(None, 1)
55	1	bd360f90-0040-4bad-8479-e553411daef1	(None, 3)
55	2	bd360f90-0040-4bad-8479-e553411daef1	(None, 1)
55	3	bd360f90-0040-4bad-8479-e553411daef1	(None, 3)
55	4	bd360f90-0040-4bad-8479-e553411daef1	(None, 3)
55	5	bd360f90-0040-4bad-8479-e553411daef1	(None, 1)
55	6	bd360f90-0040-4bad-8479-e553411daef1	(None, 3)
55	7	bd360f90-0040-4bad-8479-e553411daef1	(None, 1)
55	8	bd360f90-0040-4bad-8479-e553411daef1	(None, 3)
55	9	bd360f90-0040-4bad-8479-e553411daef1	(None, 1)
1	0	5fe46151-9ff0-4598-b377-a8deafb48da6	(None, 0)
1	1	5fe46151-9ff0-4598-b377-a8deafb48da6	(None, 3)
1	2	5fe46151-9ff0-4598-b377-a8deafb48da6	(None, 1)
1	3	5fe46151-9ff0-4598-b377-a8deafb48da6	(None, 0)
1	4	5fe46151-9ff0-4598-b377-a8deafb48da6	(None, 3)
1	5	5fe46151-9ff0-4598-b377-a8deafb48da6	(None, 0)
1	6	5fe46151-9ff0-4598-b377-a8deafb48da6	(None, 3)
1	7	5fe46151-9ff0-4598-b377-a8deafb48da6	(None, 0)
1	8	5fe46151-9ff0-4598-b377-a8deafb48da6	(None, 2)
1	9	5fe46151-9ff0-4598-b377-a8deafb48da6	(None, 2)
2	0	5fe46151-9ff0-4598-b377-a8deafb48da6	(None, 0)
2	1	5fe46151-9ff0-4598-b377-a8deafb48da6	((24, 5), 3)
2	2	5fe46151-9ff0-4598-b377-a8deafb48da6	(None, 1)
2	3	5fe46151-9ff0-4598-b377-a8deafb48da6	(None, 0)
2	4	5fe46151-9ff0-4598-b377-a8deafb48da6	(None, 3)
2	5	5fe46151-9ff0-4598-b377-a8deafb48da6	(None, 0)
2	6	5fe46151-9ff0-4598-b377-a8deafb48da6	(None, 3)
2	7	5fe46151-9ff0-4598-b377-a8deafb48da6	(None, 0)
2	8	5fe46151-9ff0-4598-b377-a8deafb48da6	(None, 2)
2	9	5fe46151-9ff0-4598-b377-a8deafb48da6	((5, 14), 2)
3	0	5fe46151-9ff0-4598-b377-a8deafb48da6	(None, 0)
3	1	5fe46151-9ff0-4598-b377-a8deafb48da6	((24, 4), 3)
3	2	5fe46151-9ff0-4598-b377-a8deafb48da6	((24, 5), 1)
3	3	5fe46151-9ff0-4598-b377-a8deafb48da6	(None, 0)
3	4	5fe46151-9ff0-4598-b377-a8deafb48da6	(None, 3)
3	5	5fe46151-9ff0-4598-b377-a8deafb48da6	(None, 0)
3	6	5fe46151-9ff0-4598-b377-a8deafb48da6	(None, 3)
3	7	5fe46151-9ff0-4598-b377-a8deafb48da6	(None, 0)
3	8	5fe46151-9ff0-4598-b377-a8deafb48da6	(None, 2)
3	9	5fe46151-9ff0-4598-b377-a8deafb48da6	((6, 14), 2)
4	0	5fe46151-9ff0-4598-b377-a8deafb48da6	(None, 0)
4	1	5fe46151-9ff0-4598-b377-a8deafb48da6	((24, 3), 3)
4	2	5fe46151-9ff0-4598-b377-a8deafb48da6	((24, 6), 1)
4	3	5fe46151-9ff0-4598-b377-a8deafb48da6	(None, 0)
4	4	5fe46151-9ff0-4598-b377-a8deafb48da6	(None, 3)
4	5	5fe46151-9ff0-4598-b377-a8deafb48da6	(None, 0)
4	6	5fe46151-9ff0-4598-b377-a8deafb48da6	(None, 3)
4	7	5fe46151-9ff0-4598-b377-a8deafb48da6	(None, 0)
4	8	5fe46151-9ff0-4598-b377-a8deafb48da6	(None, 2)
4	9	5fe46151-9ff0-4598-b377-a8deafb48da6	((7, 14), 2)
5	0	5fe46151-9ff0-4598-b377-a8deafb48da6	(None, 0)
5	1	5fe46151-9ff0-4598-b377-a8deafb48da6	((24, 2), 3)
5	2	5fe46151-9ff0-4598-b377-a8deafb48da6	((24, 7), 1)
5	3	5fe46151-9ff0-4598-b377-a8deafb48da6	(None, 0)
5	4	5fe46151-9ff0-4598-b377-a8deafb48da6	(None, 3)
5	5	5fe46151-9ff0-4598-b377-a8deafb48da6	(None, 0)
5	6	5fe46151-9ff0-4598-b377-a8deafb48da6	(None, 3)
5	7	5fe46151-9ff0-4598-b377-a8deafb48da6	(None, 0)
5	8	5fe46151-9ff0-4598-b377-a8deafb48da6	(None, 2)
5	9	5fe46151-9ff0-4598-b377-a8deafb48da6	((8, 14), 2)
6	0	5fe46151-9ff0-4598-b377-a8deafb48da6	(None, 0)
6	1	5fe46151-9ff0-4598-b377-a8deafb48da6	((24, 1), 3)
6	2	5fe46151-9ff0-4598-b377-a8deafb48da6	((24, 8), 1)
6	3	5fe46151-9ff0-4598-b377-a8deafb48da6	(None, 0)
6	4	5fe46151-9ff0-4598-b377-a8deafb48da6	(None, 3)
6	5	5fe46151-9ff0-4598-b377-a8deafb48da6	(None, 0)
6	6	5fe46151-9ff0-4598-b377-a8deafb48da6	(None, 3)
6	7	5fe46151-9ff0-4598-b377-a8deafb48da6	((5, 14), 0)
6	8	5fe46151-9ff0-4598-b377-a8deafb48da6	(None, 2)
6	9	5fe46151-9ff0-4598-b377-a8deafb48da6	((9, 14), 2)
7	0	5fe46151-9ff0-4598-b377-a8deafb48da6	(None, 0)
7	1	5fe46151-9ff0-4598-b377-a8deafb48da6	((24, 0), 3)
7	2	5fe46151-9ff0-4598-b377-a8deafb48da6	((24, 9), 1)
7	3	5fe46151-9ff0-4598-b377-a8deafb48da6	(None, 0)
7	4	5fe46151-9ff0-4598-b377-a8deafb48da6	(None, 3)
7	5	5fe46151-9ff0-4598-b377-a8deafb48da6	(None, 0)
7	6	5fe46151-9ff0-4598-b377-a8deafb48da6	(None, 3)
7	7	5fe46151-9ff0-4598-b377-a8deafb48da6	((4, 14), 0)
7	8	5fe46151-9ff0-4598-b377-a8deafb48da6	((17, 16), 2)
7	9	5fe46151-9ff0-4598-b377-a8deafb48da6	((10, 14), 2)
8	0	5fe46151-9ff0-4598-b377-a8deafb48da6	((17, 16), 0)
8	1	5fe46151-9ff0-4598-b377-a8deafb48da6	((23, 0), 0)
8	2	5fe46151-9ff0-4598-b377-a8deafb48da6	((24, 10), 1)
8	3	5fe46151-9ff0-4598-b377-a8deafb48da6	(None, 0)
8	4	5fe46151-9ff0-4598-b377-a8deafb48da6	(None, 3)
8	5	5fe46151-9ff0-4598-b377-a8deafb48da6	(None, 0)
8	6	5fe46151-9ff0-4598-b377-a8deafb48da6	(None, 3)
8	7	5fe46151-9ff0-4598-b377-a8deafb48da6	((3, 14), 0)
8	8	5fe46151-9ff0-4598-b377-a8deafb48da6	((18, 16), 2)
8	9	5fe46151-9ff0-4598-b377-a8deafb48da6	((11, 14), 2)
9	0	5fe46151-9ff0-4598-b377-a8deafb48da6	((16, 16), 0)
9	1	5fe46151-9ff0-4598-b377-a8deafb48da6	((22, 0), 0)
9	2	5fe46151-9ff0-4598-b377-a8deafb48da6	((24, 11), 1)
9	3	5fe46151-9ff0-4598-b377-a8deafb48da6	(None, 0)
9	4	5fe46151-9ff0-4598-b377-a8deafb48da6	(None, 3)
9	5	5fe46151-9ff0-4598-b377-a8deafb48da6	(None, 0)
9	6	5fe46151-9ff0-4598-b377-a8deafb48da6	(None, 3)
9	7	5fe46151-9ff0-4598-b377-a8deafb48da6	((2, 14), 0)
9	8	5fe46151-9ff0-4598-b377-a8deafb48da6	((19, 16), 2)
9	9	5fe46151-9ff0-4598-b377-a8deafb48da6	((12, 14), 2)
10	0	5fe46151-9ff0-4598-b377-a8deafb48da6	((15, 16), 0)
10	1	5fe46151-9ff0-4598-b377-a8deafb48da6	((21, 0), 0)
10	2	5fe46151-9ff0-4598-b377-a8deafb48da6	((24, 12), 1)
10	3	5fe46151-9ff0-4598-b377-a8deafb48da6	(None, 0)
10	4	5fe46151-9ff0-4598-b377-a8deafb48da6	(None, 3)
10	5	5fe46151-9ff0-4598-b377-a8deafb48da6	(None, 0)
10	6	5fe46151-9ff0-4598-b377-a8deafb48da6	(None, 3)
10	7	5fe46151-9ff0-4598-b377-a8deafb48da6	((1, 14), 0)
10	8	5fe46151-9ff0-4598-b377-a8deafb48da6	((20, 16), 2)
10	9	5fe46151-9ff0-4598-b377-a8deafb48da6	((12, 15), 1)
11	0	5fe46151-9ff0-4598-b377-a8deafb48da6	((15, 17), 1)
11	1	5fe46151-9ff0-4598-b377-a8deafb48da6	((20, 0), 0)
11	2	5fe46151-9ff0-4598-b377-a8deafb48da6	((24, 13), 1)
11	3	5fe46151-9ff0-4598-b377-a8deafb48da6	(None, 0)
11	4	5fe46151-9ff0-4598-b377-a8deafb48da6	(None, 3)
11	5	5fe46151-9ff0-4598-b377-a8deafb48da6	(None, 0)
11	6	5fe46151-9ff0-4598-b377-a8deafb48da6	(None, 3)
11	7	5fe46151-9ff0-4598-b377-a8deafb48da6	((0, 14), 0)
11	8	5fe46151-9ff0-4598-b377-a8deafb48da6	((21, 16), 2)
11	9	5fe46151-9ff0-4598-b377-a8deafb48da6	((12, 16), 1)
12	0	5fe46151-9ff0-4598-b377-a8deafb48da6	((14, 17), 0)
12	1	5fe46151-9ff0-4598-b377-a8deafb48da6	((19, 0), 0)
12	2	5fe46151-9ff0-4598-b377-a8deafb48da6	((24, 14), 1)
12	3	5fe46151-9ff0-4598-b377-a8deafb48da6	(None, 0)
12	4	5fe46151-9ff0-4598-b377-a8deafb48da6	(None, 3)
12	5	5fe46151-9ff0-4598-b377-a8deafb48da6	(None, 0)
12	6	5fe46151-9ff0-4598-b377-a8deafb48da6	(None, 3)
12	7	5fe46151-9ff0-4598-b377-a8deafb48da6	((0, 15), 1)
12	8	5fe46151-9ff0-4598-b377-a8deafb48da6	((22, 16), 2)
12	9	5fe46151-9ff0-4598-b377-a8deafb48da6	((13, 16), 2)
13	0	5fe46151-9ff0-4598-b377-a8deafb48da6	((13, 17), 0)
13	1	5fe46151-9ff0-4598-b377-a8deafb48da6	((18, 0), 0)
13	2	5fe46151-9ff0-4598-b377-a8deafb48da6	((24, 15), 1)
13	3	5fe46151-9ff0-4598-b377-a8deafb48da6	(None, 0)
13	4	5fe46151-9ff0-4598-b377-a8deafb48da6	(None, 3)
13	5	5fe46151-9ff0-4598-b377-a8deafb48da6	(None, 0)
13	6	5fe46151-9ff0-4598-b377-a8deafb48da6	(None, 3)
13	7	5fe46151-9ff0-4598-b377-a8deafb48da6	((0, 16), 1)
13	8	5fe46151-9ff0-4598-b377-a8deafb48da6	((23, 16), 2)
13	9	5fe46151-9ff0-4598-b377-a8deafb48da6	((14, 16), 2)
14	0	5fe46151-9ff0-4598-b377-a8deafb48da6	((12, 17), 0)
14	1	5fe46151-9ff0-4598-b377-a8deafb48da6	((18, 1), 1)
14	2	5fe46151-9ff0-4598-b377-a8deafb48da6	((24, 15), 1)
14	3	5fe46151-9ff0-4598-b377-a8deafb48da6	(None, 0)
14	4	5fe46151-9ff0-4598-b377-a8deafb48da6	(None, 3)
14	5	5fe46151-9ff0-4598-b377-a8deafb48da6	(None, 0)
14	6	5fe46151-9ff0-4598-b377-a8deafb48da6	(None, 3)
14	7	5fe46151-9ff0-4598-b377-a8deafb48da6	((0, 17), 1)
14	8	5fe46151-9ff0-4598-b377-a8deafb48da6	((24, 16), 2)
14	9	5fe46151-9ff0-4598-b377-a8deafb48da6	((14, 17), 1)
15	0	5fe46151-9ff0-4598-b377-a8deafb48da6	((11, 17), 0)
15	1	5fe46151-9ff0-4598-b377-a8deafb48da6	((18, 2), 1)
15	2	5fe46151-9ff0-4598-b377-a8deafb48da6	((24, 16), 1)
15	3	5fe46151-9ff0-4598-b377-a8deafb48da6	(None, 0)
15	4	5fe46151-9ff0-4598-b377-a8deafb48da6	(None, 3)
15	5	5fe46151-9ff0-4598-b377-a8deafb48da6	(None, 0)
15	6	5fe46151-9ff0-4598-b377-a8deafb48da6	(None, 3)
15	7	5fe46151-9ff0-4598-b377-a8deafb48da6	((0, 18), 1)
15	8	5fe46151-9ff0-4598-b377-a8deafb48da6	((25, 16), 2)
15	9	5fe46151-9ff0-4598-b377-a8deafb48da6	((15, 17), 2)
16	0	5fe46151-9ff0-4598-b377-a8deafb48da6	((11, 16), 3)
16	1	5fe46151-9ff0-4598-b377-a8deafb48da6	((18, 3), 1)
16	2	5fe46151-9ff0-4598-b377-a8deafb48da6	((23, 16), 0)
16	3	5fe46151-9ff0-4598-b377-a8deafb48da6	(None, 0)
16	4	5fe46151-9ff0-4598-b377-a8deafb48da6	(None, 3)
16	5	5fe46151-9ff0-4598-b377-a8deafb48da6	(None, 0)
16	6	5fe46151-9ff0-4598-b377-a8deafb48da6	(None, 3)
16	7	5fe46151-9ff0-4598-b377-a8deafb48da6	((1, 18), 2)
16	8	5fe46151-9ff0-4598-b377-a8deafb48da6	((25, 15), 3)
16	9	5fe46151-9ff0-4598-b377-a8deafb48da6	((16, 17), 2)
17	0	5fe46151-9ff0-4598-b377-a8deafb48da6	((11, 15), 3)
17	1	5fe46151-9ff0-4598-b377-a8deafb48da6	((18, 4), 1)
17	2	5fe46151-9ff0-4598-b377-a8deafb48da6	((22, 16), 0)
17	3	5fe46151-9ff0-4598-b377-a8deafb48da6	(None, 0)
17	4	5fe46151-9ff0-4598-b377-a8deafb48da6	(None, 3)
17	5	5fe46151-9ff0-4598-b377-a8deafb48da6	(None, 0)
17	6	5fe46151-9ff0-4598-b377-a8deafb48da6	(None, 3)
17	7	5fe46151-9ff0-4598-b377-a8deafb48da6	((2, 18), 2)
17	8	5fe46151-9ff0-4598-b377-a8deafb48da6	((25, 14), 3)
17	9	5fe46151-9ff0-4598-b377-a8deafb48da6	(None, 2)
18	0	5fe46151-9ff0-4598-b377-a8deafb48da6	((10, 15), 0)
18	1	5fe46151-9ff0-4598-b377-a8deafb48da6	((18, 5), 1)
18	2	5fe46151-9ff0-4598-b377-a8deafb48da6	((21, 16), 0)
18	3	5fe46151-9ff0-4598-b377-a8deafb48da6	(None, 0)
18	4	5fe46151-9ff0-4598-b377-a8deafb48da6	(None, 3)
18	5	5fe46151-9ff0-4598-b377-a8deafb48da6	(None, 0)
18	6	5fe46151-9ff0-4598-b377-a8deafb48da6	(None, 3)
18	7	5fe46151-9ff0-4598-b377-a8deafb48da6	((3, 18), 2)
18	8	5fe46151-9ff0-4598-b377-a8deafb48da6	((25, 13), 3)
18	9	5fe46151-9ff0-4598-b377-a8deafb48da6	(None, 2)
19	0	5fe46151-9ff0-4598-b377-a8deafb48da6	((10, 14), 3)
19	1	5fe46151-9ff0-4598-b377-a8deafb48da6	((18, 6), 1)
19	2	5fe46151-9ff0-4598-b377-a8deafb48da6	((20, 16), 0)
19	3	5fe46151-9ff0-4598-b377-a8deafb48da6	(None, 0)
19	4	5fe46151-9ff0-4598-b377-a8deafb48da6	(None, 3)
19	5	5fe46151-9ff0-4598-b377-a8deafb48da6	(None, 0)
19	6	5fe46151-9ff0-4598-b377-a8deafb48da6	((24, 5), 3)
19	7	5fe46151-9ff0-4598-b377-a8deafb48da6	((4, 18), 2)
19	8	5fe46151-9ff0-4598-b377-a8deafb48da6	((25, 12), 3)
19	9	5fe46151-9ff0-4598-b377-a8deafb48da6	(None, 2)
20	0	5fe46151-9ff0-4598-b377-a8deafb48da6	((9, 14), 0)
20	1	5fe46151-9ff0-4598-b377-a8deafb48da6	((18, 7), 1)
20	2	5fe46151-9ff0-4598-b377-a8deafb48da6	((19, 16), 0)
20	3	5fe46151-9ff0-4598-b377-a8deafb48da6	(None, 0)
20	4	5fe46151-9ff0-4598-b377-a8deafb48da6	(None, 3)
20	5	5fe46151-9ff0-4598-b377-a8deafb48da6	(None, 0)
20	6	5fe46151-9ff0-4598-b377-a8deafb48da6	((24, 4), 3)
20	7	5fe46151-9ff0-4598-b377-a8deafb48da6	((5, 18), 2)
20	8	5fe46151-9ff0-4598-b377-a8deafb48da6	((25, 11), 3)
20	9	5fe46151-9ff0-4598-b377-a8deafb48da6	(None, 2)
21	0	5fe46151-9ff0-4598-b377-a8deafb48da6	((8, 14), 0)
21	1	5fe46151-9ff0-4598-b377-a8deafb48da6	((18, 8), 1)
21	2	5fe46151-9ff0-4598-b377-a8deafb48da6	((18, 16), 0)
21	3	5fe46151-9ff0-4598-b377-a8deafb48da6	(None, 0)
21	4	5fe46151-9ff0-4598-b377-a8deafb48da6	(None, 3)
21	5	5fe46151-9ff0-4598-b377-a8deafb48da6	(None, 0)
21	6	5fe46151-9ff0-4598-b377-a8deafb48da6	((24, 3), 3)
21	7	5fe46151-9ff0-4598-b377-a8deafb48da6	((6, 18), 2)
21	8	5fe46151-9ff0-4598-b377-a8deafb48da6	((25, 10), 3)
21	9	5fe46151-9ff0-4598-b377-a8deafb48da6	(None, 2)
22	0	5fe46151-9ff0-4598-b377-a8deafb48da6	((7, 14), 0)
22	1	5fe46151-9ff0-4598-b377-a8deafb48da6	((18, 9), 1)
22	2	5fe46151-9ff0-4598-b377-a8deafb48da6	((17, 16), 0)
22	3	5fe46151-9ff0-4598-b377-a8deafb48da6	((5, 14), 0)
22	4	5fe46151-9ff0-4598-b377-a8deafb48da6	(None, 3)
22	5	5fe46151-9ff0-4598-b377-a8deafb48da6	(None, 0)
22	6	5fe46151-9ff0-4598-b377-a8deafb48da6	((24, 2), 3)
22	7	5fe46151-9ff0-4598-b377-a8deafb48da6	((7, 18), 2)
22	8	5fe46151-9ff0-4598-b377-a8deafb48da6	((25, 9), 3)
22	9	5fe46151-9ff0-4598-b377-a8deafb48da6	(None, 2)
23	0	5fe46151-9ff0-4598-b377-a8deafb48da6	((6, 14), 0)
23	1	5fe46151-9ff0-4598-b377-a8deafb48da6	((18, 10), 1)
23	2	5fe46151-9ff0-4598-b377-a8deafb48da6	((16, 16), 0)
23	3	5fe46151-9ff0-4598-b377-a8deafb48da6	((4, 14), 0)
23	4	5fe46151-9ff0-4598-b377-a8deafb48da6	(None, 3)
23	5	5fe46151-9ff0-4598-b377-a8deafb48da6	(None, 0)
23	6	5fe46151-9ff0-4598-b377-a8deafb48da6	((24, 1), 3)
23	7	5fe46151-9ff0-4598-b377-a8deafb48da6	((8, 18), 2)
23	8	5fe46151-9ff0-4598-b377-a8deafb48da6	((25, 8), 3)
23	9	5fe46151-9ff0-4598-b377-a8deafb48da6	(None, 2)
24	0	5fe46151-9ff0-4598-b377-a8deafb48da6	((5, 14), 0)
24	1	5fe46151-9ff0-4598-b377-a8deafb48da6	((17, 10), 0)
24	2	5fe46151-9ff0-4598-b377-a8deafb48da6	((15, 16), 0)
24	3	5fe46151-9ff0-4598-b377-a8deafb48da6	((3, 14), 0)
24	4	5fe46151-9ff0-4598-b377-a8deafb48da6	(None, 3)
24	5	5fe46151-9ff0-4598-b377-a8deafb48da6	(None, 0)
24	6	5fe46151-9ff0-4598-b377-a8deafb48da6	((24, 0), 3)
24	7	5fe46151-9ff0-4598-b377-a8deafb48da6	((9, 18), 2)
24	8	5fe46151-9ff0-4598-b377-a8deafb48da6	((25, 7), 3)
24	9	5fe46151-9ff0-4598-b377-a8deafb48da6	(None, 2)
25	0	5fe46151-9ff0-4598-b377-a8deafb48da6	((4, 14), 0)
25	1	5fe46151-9ff0-4598-b377-a8deafb48da6	((16, 10), 0)
25	2	5fe46151-9ff0-4598-b377-a8deafb48da6	((14, 16), 0)
25	3	5fe46151-9ff0-4598-b377-a8deafb48da6	((2, 14), 0)
25	4	5fe46151-9ff0-4598-b377-a8deafb48da6	((24, 5), 3)
25	5	5fe46151-9ff0-4598-b377-a8deafb48da6	(None, 0)
25	6	5fe46151-9ff0-4598-b377-a8deafb48da6	((23, 0), 0)
25	7	5fe46151-9ff0-4598-b377-a8deafb48da6	((10, 18), 2)
25	8	5fe46151-9ff0-4598-b377-a8deafb48da6	((25, 6), 3)
25	9	5fe46151-9ff0-4598-b377-a8deafb48da6	(None, 2)
26	0	5fe46151-9ff0-4598-b377-a8deafb48da6	((3, 14), 0)
26	1	5fe46151-9ff0-4598-b377-a8deafb48da6	((15, 10), 0)
26	2	5fe46151-9ff0-4598-b377-a8deafb48da6	((13, 16), 0)
26	3	5fe46151-9ff0-4598-b377-a8deafb48da6	((1, 14), 0)
26	4	5fe46151-9ff0-4598-b377-a8deafb48da6	((24, 4), 3)
26	5	5fe46151-9ff0-4598-b377-a8deafb48da6	(None, 0)
26	6	5fe46151-9ff0-4598-b377-a8deafb48da6	((22, 0), 0)
26	7	5fe46151-9ff0-4598-b377-a8deafb48da6	((10, 17), 3)
26	8	5fe46151-9ff0-4598-b377-a8deafb48da6	((25, 5), 3)
26	9	5fe46151-9ff0-4598-b377-a8deafb48da6	(None, 2)
27	0	5fe46151-9ff0-4598-b377-a8deafb48da6	((2, 14), 0)
27	1	5fe46151-9ff0-4598-b377-a8deafb48da6	((14, 10), 0)
27	2	5fe46151-9ff0-4598-b377-a8deafb48da6	((12, 16), 0)
27	3	5fe46151-9ff0-4598-b377-a8deafb48da6	((0, 14), 0)
27	4	5fe46151-9ff0-4598-b377-a8deafb48da6	((24, 3), 3)
27	5	5fe46151-9ff0-4598-b377-a8deafb48da6	((5, 14), 0)
27	6	5fe46151-9ff0-4598-b377-a8deafb48da6	((21, 0), 0)
27	7	5fe46151-9ff0-4598-b377-a8deafb48da6	((10, 16), 3)
27	8	5fe46151-9ff0-4598-b377-a8deafb48da6	((25, 4), 3)
27	9	5fe46151-9ff0-4598-b377-a8deafb48da6	(None, 2)
28	0	5fe46151-9ff0-4598-b377-a8deafb48da6	((1, 14), 0)
28	1	5fe46151-9ff0-4598-b377-a8deafb48da6	((13, 10), 0)
28	2	5fe46151-9ff0-4598-b377-a8deafb48da6	((12, 15), 3)
28	3	5fe46151-9ff0-4598-b377-a8deafb48da6	((0, 15), 1)
28	4	5fe46151-9ff0-4598-b377-a8deafb48da6	((24, 2), 3)
28	5	5fe46151-9ff0-4598-b377-a8deafb48da6	((4, 14), 0)
28	6	5fe46151-9ff0-4598-b377-a8deafb48da6	((20, 0), 0)
28	7	5fe46151-9ff0-4598-b377-a8deafb48da6	((11, 16), 2)
28	8	5fe46151-9ff0-4598-b377-a8deafb48da6	((25, 3), 3)
28	9	5fe46151-9ff0-4598-b377-a8deafb48da6	(None, 2)
29	0	5fe46151-9ff0-4598-b377-a8deafb48da6	((0, 14), 0)
29	1	5fe46151-9ff0-4598-b377-a8deafb48da6	((12, 10), 0)
29	2	5fe46151-9ff0-4598-b377-a8deafb48da6	((12, 14), 3)
29	3	5fe46151-9ff0-4598-b377-a8deafb48da6	((0, 16), 1)
29	4	5fe46151-9ff0-4598-b377-a8deafb48da6	((24, 1), 3)
29	5	5fe46151-9ff0-4598-b377-a8deafb48da6	((3, 14), 0)
29	6	5fe46151-9ff0-4598-b377-a8deafb48da6	((19, 0), 0)
29	7	5fe46151-9ff0-4598-b377-a8deafb48da6	((12, 16), 2)
29	8	5fe46151-9ff0-4598-b377-a8deafb48da6	((25, 2), 3)
29	9	5fe46151-9ff0-4598-b377-a8deafb48da6	(None, 2)
30	0	5fe46151-9ff0-4598-b377-a8deafb48da6	((0, 15), 1)
30	1	5fe46151-9ff0-4598-b377-a8deafb48da6	((11, 10), 0)
30	2	5fe46151-9ff0-4598-b377-a8deafb48da6	((12, 13), 3)
30	3	5fe46151-9ff0-4598-b377-a8deafb48da6	((0, 17), 1)
30	4	5fe46151-9ff0-4598-b377-a8deafb48da6	((24, 0), 3)
30	5	5fe46151-9ff0-4598-b377-a8deafb48da6	((2, 14), 0)
30	6	5fe46151-9ff0-4598-b377-a8deafb48da6	((18, 0), 0)
30	7	5fe46151-9ff0-4598-b377-a8deafb48da6	((13, 16), 2)
30	8	5fe46151-9ff0-4598-b377-a8deafb48da6	((25, 1), 3)
30	9	5fe46151-9ff0-4598-b377-a8deafb48da6	(None, 2)
31	0	5fe46151-9ff0-4598-b377-a8deafb48da6	((0, 16), 1)
31	1	5fe46151-9ff0-4598-b377-a8deafb48da6	((11, 11), 1)
31	2	5fe46151-9ff0-4598-b377-a8deafb48da6	((11, 13), 0)
31	3	5fe46151-9ff0-4598-b377-a8deafb48da6	((0, 18), 1)
31	4	5fe46151-9ff0-4598-b377-a8deafb48da6	((23, 0), 0)
31	5	5fe46151-9ff0-4598-b377-a8deafb48da6	((1, 14), 0)
31	6	5fe46151-9ff0-4598-b377-a8deafb48da6	((18, 1), 1)
31	7	5fe46151-9ff0-4598-b377-a8deafb48da6	((14, 16), 2)
31	8	5fe46151-9ff0-4598-b377-a8deafb48da6	((25, 0), 3)
31	9	5fe46151-9ff0-4598-b377-a8deafb48da6	(None, 2)
32	0	5fe46151-9ff0-4598-b377-a8deafb48da6	((0, 17), 1)
32	1	5fe46151-9ff0-4598-b377-a8deafb48da6	((10, 11), 0)
32	2	5fe46151-9ff0-4598-b377-a8deafb48da6	((10, 13), 0)
32	3	5fe46151-9ff0-4598-b377-a8deafb48da6	((1, 18), 2)
32	4	5fe46151-9ff0-4598-b377-a8deafb48da6	((22, 0), 0)
32	5	5fe46151-9ff0-4598-b377-a8deafb48da6	((0, 14), 0)
32	6	5fe46151-9ff0-4598-b377-a8deafb48da6	((18, 2), 1)
32	7	5fe46151-9ff0-4598-b377-a8deafb48da6	((15, 16), 2)
32	8	5fe46151-9ff0-4598-b377-a8deafb48da6	((24, 0), 0)
32	9	5fe46151-9ff0-4598-b377-a8deafb48da6	(None, 2)
33	0	5fe46151-9ff0-4598-b377-a8deafb48da6	((0, 18), 1)
33	1	5fe46151-9ff0-4598-b377-a8deafb48da6	((10, 12), 1)
33	2	5fe46151-9ff0-4598-b377-a8deafb48da6	((9, 13), 0)
33	3	5fe46151-9ff0-4598-b377-a8deafb48da6	((2, 18), 2)
33	4	5fe46151-9ff0-4598-b377-a8deafb48da6	((21, 0), 0)
33	5	5fe46151-9ff0-4598-b377-a8deafb48da6	((0, 15), 1)
33	6	5fe46151-9ff0-4598-b377-a8deafb48da6	((18, 3), 1)
33	7	5fe46151-9ff0-4598-b377-a8deafb48da6	((16, 16), 2)
33	8	5fe46151-9ff0-4598-b377-a8deafb48da6	((23, 0), 0)
33	9	5fe46151-9ff0-4598-b377-a8deafb48da6	(None, 2)
34	0	5fe46151-9ff0-4598-b377-a8deafb48da6	((1, 18), 2)
34	1	5fe46151-9ff0-4598-b377-a8deafb48da6	((10, 13), 1)
34	2	5fe46151-9ff0-4598-b377-a8deafb48da6	((8, 13), 0)
34	3	5fe46151-9ff0-4598-b377-a8deafb48da6	((3, 18), 2)
34	4	5fe46151-9ff0-4598-b377-a8deafb48da6	((20, 0), 0)
34	5	5fe46151-9ff0-4598-b377-a8deafb48da6	((0, 16), 1)
34	6	5fe46151-9ff0-4598-b377-a8deafb48da6	((18, 4), 1)
34	7	5fe46151-9ff0-4598-b377-a8deafb48da6	((17, 16), 2)
34	8	5fe46151-9ff0-4598-b377-a8deafb48da6	((22, 0), 0)
34	9	5fe46151-9ff0-4598-b377-a8deafb48da6	(None, 2)
35	0	5fe46151-9ff0-4598-b377-a8deafb48da6	((2, 18), 2)
35	1	5fe46151-9ff0-4598-b377-a8deafb48da6	((9, 13), 0)
35	2	5fe46151-9ff0-4598-b377-a8deafb48da6	((7, 13), 0)
35	3	5fe46151-9ff0-4598-b377-a8deafb48da6	((4, 18), 2)
35	4	5fe46151-9ff0-4598-b377-a8deafb48da6	((19, 0), 0)
35	5	5fe46151-9ff0-4598-b377-a8deafb48da6	((0, 17), 1)
35	6	5fe46151-9ff0-4598-b377-a8deafb48da6	((18, 5), 1)
35	7	5fe46151-9ff0-4598-b377-a8deafb48da6	((18, 16), 2)
35	8	5fe46151-9ff0-4598-b377-a8deafb48da6	((21, 0), 0)
35	9	5fe46151-9ff0-4598-b377-a8deafb48da6	(None, 2)
36	0	5fe46151-9ff0-4598-b377-a8deafb48da6	((3, 18), 2)
36	1	5fe46151-9ff0-4598-b377-a8deafb48da6	((8, 13), 0)
36	2	5fe46151-9ff0-4598-b377-a8deafb48da6	((6, 13), 0)
36	3	5fe46151-9ff0-4598-b377-a8deafb48da6	((5, 18), 2)
36	4	5fe46151-9ff0-4598-b377-a8deafb48da6	((18, 0), 0)
36	5	5fe46151-9ff0-4598-b377-a8deafb48da6	((0, 18), 1)
36	6	5fe46151-9ff0-4598-b377-a8deafb48da6	((18, 6), 1)
36	7	5fe46151-9ff0-4598-b377-a8deafb48da6	((19, 16), 2)
36	8	5fe46151-9ff0-4598-b377-a8deafb48da6	((20, 0), 0)
36	9	5fe46151-9ff0-4598-b377-a8deafb48da6	(None, 2)
37	0	5fe46151-9ff0-4598-b377-a8deafb48da6	((4, 18), 2)
37	1	5fe46151-9ff0-4598-b377-a8deafb48da6	((7, 13), 0)
37	2	5fe46151-9ff0-4598-b377-a8deafb48da6	(None, 0)
37	3	5fe46151-9ff0-4598-b377-a8deafb48da6	((6, 18), 2)
37	4	5fe46151-9ff0-4598-b377-a8deafb48da6	((18, 1), 1)
37	5	5fe46151-9ff0-4598-b377-a8deafb48da6	((1, 18), 2)
37	6	5fe46151-9ff0-4598-b377-a8deafb48da6	((18, 7), 1)
37	7	5fe46151-9ff0-4598-b377-a8deafb48da6	((20, 16), 2)
37	8	5fe46151-9ff0-4598-b377-a8deafb48da6	((19, 0), 0)
37	9	5fe46151-9ff0-4598-b377-a8deafb48da6	(None, 2)
38	0	5fe46151-9ff0-4598-b377-a8deafb48da6	((5, 18), 2)
38	1	5fe46151-9ff0-4598-b377-a8deafb48da6	((6, 13), 0)
38	2	5fe46151-9ff0-4598-b377-a8deafb48da6	(None, 0)
38	3	5fe46151-9ff0-4598-b377-a8deafb48da6	((7, 18), 2)
38	4	5fe46151-9ff0-4598-b377-a8deafb48da6	((18, 2), 1)
38	5	5fe46151-9ff0-4598-b377-a8deafb48da6	((2, 18), 2)
38	6	5fe46151-9ff0-4598-b377-a8deafb48da6	((18, 8), 1)
38	7	5fe46151-9ff0-4598-b377-a8deafb48da6	((21, 16), 2)
38	8	5fe46151-9ff0-4598-b377-a8deafb48da6	((18, 0), 0)
38	9	5fe46151-9ff0-4598-b377-a8deafb48da6	(None, 2)
39	0	5fe46151-9ff0-4598-b377-a8deafb48da6	((6, 18), 2)
39	1	5fe46151-9ff0-4598-b377-a8deafb48da6	((5, 13), 0)
39	2	5fe46151-9ff0-4598-b377-a8deafb48da6	(None, 0)
39	3	5fe46151-9ff0-4598-b377-a8deafb48da6	((8, 18), 2)
39	4	5fe46151-9ff0-4598-b377-a8deafb48da6	((18, 3), 1)
39	5	5fe46151-9ff0-4598-b377-a8deafb48da6	((3, 18), 2)
39	6	5fe46151-9ff0-4598-b377-a8deafb48da6	((18, 9), 1)
39	7	5fe46151-9ff0-4598-b377-a8deafb48da6	((22, 16), 2)
39	8	5fe46151-9ff0-4598-b377-a8deafb48da6	((18, 1), 1)
39	9	5fe46151-9ff0-4598-b377-a8deafb48da6	(None, 2)
40	0	5fe46151-9ff0-4598-b377-a8deafb48da6	((7, 18), 2)
40	1	5fe46151-9ff0-4598-b377-a8deafb48da6	((4, 13), 0)
40	2	5fe46151-9ff0-4598-b377-a8deafb48da6	(None, 0)
40	3	5fe46151-9ff0-4598-b377-a8deafb48da6	((9, 18), 2)
40	4	5fe46151-9ff0-4598-b377-a8deafb48da6	((18, 4), 1)
40	5	5fe46151-9ff0-4598-b377-a8deafb48da6	((4, 18), 2)
40	6	5fe46151-9ff0-4598-b377-a8deafb48da6	((18, 10), 1)
40	7	5fe46151-9ff0-4598-b377-a8deafb48da6	((23, 16), 2)
40	8	5fe46151-9ff0-4598-b377-a8deafb48da6	((18, 2), 1)
40	9	5fe46151-9ff0-4598-b377-a8deafb48da6	(None, 2)
41	0	5fe46151-9ff0-4598-b377-a8deafb48da6	((8, 18), 2)
41	1	5fe46151-9ff0-4598-b377-a8deafb48da6	((3, 13), 0)
41	2	5fe46151-9ff0-4598-b377-a8deafb48da6	(None, 0)
41	3	5fe46151-9ff0-4598-b377-a8deafb48da6	((10, 18), 2)
41	4	5fe46151-9ff0-4598-b377-a8deafb48da6	((18, 5), 1)
41	5	5fe46151-9ff0-4598-b377-a8deafb48da6	((5, 18), 2)
41	6	5fe46151-9ff0-4598-b377-a8deafb48da6	((17, 10), 0)
41	7	5fe46151-9ff0-4598-b377-a8deafb48da6	((24, 16), 2)
41	8	5fe46151-9ff0-4598-b377-a8deafb48da6	((18, 3), 1)
41	9	5fe46151-9ff0-4598-b377-a8deafb48da6	(None, 2)
42	0	5fe46151-9ff0-4598-b377-a8deafb48da6	((9, 18), 2)
42	1	5fe46151-9ff0-4598-b377-a8deafb48da6	((2, 13), 0)
42	2	5fe46151-9ff0-4598-b377-a8deafb48da6	(None, 0)
42	3	5fe46151-9ff0-4598-b377-a8deafb48da6	((10, 17), 3)
42	4	5fe46151-9ff0-4598-b377-a8deafb48da6	((18, 6), 1)
42	5	5fe46151-9ff0-4598-b377-a8deafb48da6	((6, 18), 2)
42	6	5fe46151-9ff0-4598-b377-a8deafb48da6	((16, 10), 0)
42	7	5fe46151-9ff0-4598-b377-a8deafb48da6	((25, 16), 2)
42	8	5fe46151-9ff0-4598-b377-a8deafb48da6	((18, 4), 1)
42	9	5fe46151-9ff0-4598-b377-a8deafb48da6	(None, 2)
43	0	5fe46151-9ff0-4598-b377-a8deafb48da6	((10, 18), 2)
43	1	5fe46151-9ff0-4598-b377-a8deafb48da6	((1, 13), 0)
43	2	5fe46151-9ff0-4598-b377-a8deafb48da6	(None, 0)
43	3	5fe46151-9ff0-4598-b377-a8deafb48da6	((10, 16), 3)
43	4	5fe46151-9ff0-4598-b377-a8deafb48da6	((18, 7), 1)
43	5	5fe46151-9ff0-4598-b377-a8deafb48da6	((7, 18), 2)
43	6	5fe46151-9ff0-4598-b377-a8deafb48da6	((15, 10), 0)
43	7	5fe46151-9ff0-4598-b377-a8deafb48da6	((25, 15), 3)
43	8	5fe46151-9ff0-4598-b377-a8deafb48da6	((18, 5), 1)
43	9	5fe46151-9ff0-4598-b377-a8deafb48da6	(None, 2)
44	0	5fe46151-9ff0-4598-b377-a8deafb48da6	((10, 17), 3)
44	1	5fe46151-9ff0-4598-b377-a8deafb48da6	((0, 13), 0)
44	2	5fe46151-9ff0-4598-b377-a8deafb48da6	(None, 0)
44	3	5fe46151-9ff0-4598-b377-a8deafb48da6	((11, 16), 2)
44	4	5fe46151-9ff0-4598-b377-a8deafb48da6	((18, 8), 1)
44	5	5fe46151-9ff0-4598-b377-a8deafb48da6	((8, 18), 2)
44	6	5fe46151-9ff0-4598-b377-a8deafb48da6	((14, 10), 0)
44	7	5fe46151-9ff0-4598-b377-a8deafb48da6	((25, 14), 3)
44	8	5fe46151-9ff0-4598-b377-a8deafb48da6	((18, 6), 1)
44	9	5fe46151-9ff0-4598-b377-a8deafb48da6	(None, 2)
45	0	5fe46151-9ff0-4598-b377-a8deafb48da6	((10, 16), 3)
45	1	5fe46151-9ff0-4598-b377-a8deafb48da6	((0, 14), 1)
45	2	5fe46151-9ff0-4598-b377-a8deafb48da6	(None, 0)
45	3	5fe46151-9ff0-4598-b377-a8deafb48da6	((12, 16), 2)
45	4	5fe46151-9ff0-4598-b377-a8deafb48da6	((18, 9), 1)
45	5	5fe46151-9ff0-4598-b377-a8deafb48da6	((9, 18), 2)
45	6	5fe46151-9ff0-4598-b377-a8deafb48da6	((13, 10), 0)
45	7	5fe46151-9ff0-4598-b377-a8deafb48da6	((25, 13), 3)
45	8	5fe46151-9ff0-4598-b377-a8deafb48da6	((18, 7), 1)
45	9	5fe46151-9ff0-4598-b377-a8deafb48da6	(None, 2)
46	0	5fe46151-9ff0-4598-b377-a8deafb48da6	((11, 16), 2)
46	1	5fe46151-9ff0-4598-b377-a8deafb48da6	((0, 15), 1)
46	2	5fe46151-9ff0-4598-b377-a8deafb48da6	(None, 0)
46	3	5fe46151-9ff0-4598-b377-a8deafb48da6	((13, 16), 2)
46	4	5fe46151-9ff0-4598-b377-a8deafb48da6	((18, 10), 1)
46	5	5fe46151-9ff0-4598-b377-a8deafb48da6	((10, 18), 2)
46	6	5fe46151-9ff0-4598-b377-a8deafb48da6	((12, 10), 0)
46	7	5fe46151-9ff0-4598-b377-a8deafb48da6	((25, 12), 3)
46	8	5fe46151-9ff0-4598-b377-a8deafb48da6	((18, 8), 1)
46	9	5fe46151-9ff0-4598-b377-a8deafb48da6	(None, 2)
47	0	5fe46151-9ff0-4598-b377-a8deafb48da6	((12, 16), 2)
47	1	5fe46151-9ff0-4598-b377-a8deafb48da6	((0, 16), 1)
47	2	5fe46151-9ff0-4598-b377-a8deafb48da6	(None, 0)
47	3	5fe46151-9ff0-4598-b377-a8deafb48da6	((14, 16), 2)
47	4	5fe46151-9ff0-4598-b377-a8deafb48da6	((17, 10), 0)
47	5	5fe46151-9ff0-4598-b377-a8deafb48da6	((10, 17), 3)
47	6	5fe46151-9ff0-4598-b377-a8deafb48da6	((11, 10), 0)
47	7	5fe46151-9ff0-4598-b377-a8deafb48da6	((25, 11), 3)
47	8	5fe46151-9ff0-4598-b377-a8deafb48da6	((18, 9), 1)
47	9	5fe46151-9ff0-4598-b377-a8deafb48da6	(None, 2)
48	0	5fe46151-9ff0-4598-b377-a8deafb48da6	((13, 16), 2)
48	1	5fe46151-9ff0-4598-b377-a8deafb48da6	((0, 17), 1)
48	2	5fe46151-9ff0-4598-b377-a8deafb48da6	(None, 0)
48	3	5fe46151-9ff0-4598-b377-a8deafb48da6	((15, 16), 2)
48	4	5fe46151-9ff0-4598-b377-a8deafb48da6	((16, 10), 0)
48	5	5fe46151-9ff0-4598-b377-a8deafb48da6	((10, 16), 3)
48	6	5fe46151-9ff0-4598-b377-a8deafb48da6	((11, 11), 1)
48	7	5fe46151-9ff0-4598-b377-a8deafb48da6	((25, 10), 3)
48	8	5fe46151-9ff0-4598-b377-a8deafb48da6	((18, 10), 1)
48	9	5fe46151-9ff0-4598-b377-a8deafb48da6	(None, 2)
49	0	5fe46151-9ff0-4598-b377-a8deafb48da6	((14, 16), 2)
49	1	5fe46151-9ff0-4598-b377-a8deafb48da6	((0, 18), 1)
49	2	5fe46151-9ff0-4598-b377-a8deafb48da6	(None, 0)
49	3	5fe46151-9ff0-4598-b377-a8deafb48da6	((16, 16), 2)
49	4	5fe46151-9ff0-4598-b377-a8deafb48da6	((15, 10), 0)
49	5	5fe46151-9ff0-4598-b377-a8deafb48da6	((11, 16), 2)
49	6	5fe46151-9ff0-4598-b377-a8deafb48da6	((10, 11), 0)
49	7	5fe46151-9ff0-4598-b377-a8deafb48da6	((25, 9), 3)
49	8	5fe46151-9ff0-4598-b377-a8deafb48da6	((17, 10), 0)
49	9	5fe46151-9ff0-4598-b377-a8deafb48da6	(None, 2)
50	0	5fe46151-9ff0-4598-b377-a8deafb48da6	((15, 16), 2)
50	1	5fe46151-9ff0-4598-b377-a8deafb48da6	((1, 18), 2)
50	2	5fe46151-9ff0-4598-b377-a8deafb48da6	(None, 0)
50	3	5fe46151-9ff0-4598-b377-a8deafb48da6	((17, 16), 2)
50	4	5fe46151-9ff0-4598-b377-a8deafb48da6	((14, 10), 0)
50	5	5fe46151-9ff0-4598-b377-a8deafb48da6	((12, 16), 2)
50	6	5fe46151-9ff0-4598-b377-a8deafb48da6	((10, 12), 1)
50	7	5fe46151-9ff0-4598-b377-a8deafb48da6	((25, 8), 3)
50	8	5fe46151-9ff0-4598-b377-a8deafb48da6	((16, 10), 0)
50	9	5fe46151-9ff0-4598-b377-a8deafb48da6	(None, 2)
51	0	5fe46151-9ff0-4598-b377-a8deafb48da6	((16, 16), 2)
51	1	5fe46151-9ff0-4598-b377-a8deafb48da6	((2, 18), 2)
51	2	5fe46151-9ff0-4598-b377-a8deafb48da6	(None, 0)
51	3	5fe46151-9ff0-4598-b377-a8deafb48da6	((18, 16), 2)
51	4	5fe46151-9ff0-4598-b377-a8deafb48da6	((13, 10), 0)
51	5	5fe46151-9ff0-4598-b377-a8deafb48da6	((13, 16), 2)
51	6	5fe46151-9ff0-4598-b377-a8deafb48da6	((10, 13), 1)
51	7	5fe46151-9ff0-4598-b377-a8deafb48da6	((25, 7), 3)
51	8	5fe46151-9ff0-4598-b377-a8deafb48da6	((15, 10), 0)
51	9	5fe46151-9ff0-4598-b377-a8deafb48da6	(None, 2)
52	0	5fe46151-9ff0-4598-b377-a8deafb48da6	((17, 16), 2)
52	1	5fe46151-9ff0-4598-b377-a8deafb48da6	((3, 18), 2)
52	2	5fe46151-9ff0-4598-b377-a8deafb48da6	(None, 0)
52	3	5fe46151-9ff0-4598-b377-a8deafb48da6	((19, 16), 2)
52	4	5fe46151-9ff0-4598-b377-a8deafb48da6	((12, 10), 0)
52	5	5fe46151-9ff0-4598-b377-a8deafb48da6	((14, 16), 2)
52	6	5fe46151-9ff0-4598-b377-a8deafb48da6	((9, 13), 0)
52	7	5fe46151-9ff0-4598-b377-a8deafb48da6	((25, 6), 3)
52	8	5fe46151-9ff0-4598-b377-a8deafb48da6	((14, 10), 0)
52	9	5fe46151-9ff0-4598-b377-a8deafb48da6	(None, 2)
53	0	5fe46151-9ff0-4598-b377-a8deafb48da6	((18, 16), 2)
53	1	5fe46151-9ff0-4598-b377-a8deafb48da6	((4, 18), 2)
53	2	5fe46151-9ff0-4598-b377-a8deafb48da6	(None, 0)
53	3	5fe46151-9ff0-4598-b377-a8deafb48da6	((20, 16), 2)
53	4	5fe46151-9ff0-4598-b377-a8deafb48da6	((11, 10), 0)
53	5	5fe46151-9ff0-4598-b377-a8deafb48da6	((15, 16), 2)
53	6	5fe46151-9ff0-4598-b377-a8deafb48da6	((8, 13), 0)
53	7	5fe46151-9ff0-4598-b377-a8deafb48da6	(None, 3)
53	8	5fe46151-9ff0-4598-b377-a8deafb48da6	((13, 10), 0)
53	9	5fe46151-9ff0-4598-b377-a8deafb48da6	(None, 2)
54	0	5fe46151-9ff0-4598-b377-a8deafb48da6	((19, 16), 2)
54	1	5fe46151-9ff0-4598-b377-a8deafb48da6	((5, 18), 2)
54	2	5fe46151-9ff0-4598-b377-a8deafb48da6	(None, 0)
54	3	5fe46151-9ff0-4598-b377-a8deafb48da6	((21, 16), 2)
54	4	5fe46151-9ff0-4598-b377-a8deafb48da6	((11, 11), 1)
54	5	5fe46151-9ff0-4598-b377-a8deafb48da6	((16, 16), 2)
54	6	5fe46151-9ff0-4598-b377-a8deafb48da6	((8, 14), 1)
54	7	5fe46151-9ff0-4598-b377-a8deafb48da6	(None, 3)
54	8	5fe46151-9ff0-4598-b377-a8deafb48da6	((12, 10), 0)
54	9	5fe46151-9ff0-4598-b377-a8deafb48da6	(None, 2)
55	0	5fe46151-9ff0-4598-b377-a8deafb48da6	((20, 16), 2)
55	1	5fe46151-9ff0-4598-b377-a8deafb48da6	((6, 18), 2)
55	2	5fe46151-9ff0-4598-b377-a8deafb48da6	(None, 0)
55	3	5fe46151-9ff0-4598-b377-a8deafb48da6	((22, 16), 2)
55	4	5fe46151-9ff0-4598-b377-a8deafb48da6	((10, 11), 0)
55	5	5fe46151-9ff0-4598-b377-a8deafb48da6	((17, 16), 2)
55	6	5fe46151-9ff0-4598-b377-a8deafb48da6	((7, 14), 0)
55	7	5fe46151-9ff0-4598-b377-a8deafb48da6	(None, 3)
55	8	5fe46151-9ff0-4598-b377-a8deafb48da6	((11, 10), 0)
55	9	5fe46151-9ff0-4598-b377-a8deafb48da6	(None, 2)
56	0	5fe46151-9ff0-4598-b377-a8deafb48da6	((21, 16), 2)
56	1	5fe46151-9ff0-4598-b377-a8deafb48da6	((7, 18), 2)
56	2	5fe46151-9ff0-4598-b377-a8deafb48da6	(None, 0)
56	3	5fe46151-9ff0-4598-b377-a8deafb48da6	((23, 16), 2)
56	4	5fe46151-9ff0-4598-b377-a8deafb48da6	((10, 12), 1)
56	5	5fe46151-9ff0-4598-b377-a8deafb48da6	((18, 16), 2)
56	6	5fe46151-9ff0-4598-b377-a8deafb48da6	((6, 14), 0)
56	7	5fe46151-9ff0-4598-b377-a8deafb48da6	(None, 3)
56	8	5fe46151-9ff0-4598-b377-a8deafb48da6	((11, 11), 1)
56	9	5fe46151-9ff0-4598-b377-a8deafb48da6	(None, 2)
57	0	5fe46151-9ff0-4598-b377-a8deafb48da6	((22, 16), 2)
57	1	5fe46151-9ff0-4598-b377-a8deafb48da6	((8, 18), 2)
57	2	5fe46151-9ff0-4598-b377-a8deafb48da6	(None, 0)
57	3	5fe46151-9ff0-4598-b377-a8deafb48da6	((24, 16), 2)
57	4	5fe46151-9ff0-4598-b377-a8deafb48da6	((10, 13), 1)
57	5	5fe46151-9ff0-4598-b377-a8deafb48da6	((19, 16), 2)
57	6	5fe46151-9ff0-4598-b377-a8deafb48da6	((6, 15), 1)
57	7	5fe46151-9ff0-4598-b377-a8deafb48da6	(None, 3)
57	8	5fe46151-9ff0-4598-b377-a8deafb48da6	((10, 11), 0)
57	9	5fe46151-9ff0-4598-b377-a8deafb48da6	(None, 2)
58	0	5fe46151-9ff0-4598-b377-a8deafb48da6	((23, 16), 2)
58	1	5fe46151-9ff0-4598-b377-a8deafb48da6	((9, 18), 2)
58	2	5fe46151-9ff0-4598-b377-a8deafb48da6	(None, 0)
58	3	5fe46151-9ff0-4598-b377-a8deafb48da6	((25, 16), 2)
58	4	5fe46151-9ff0-4598-b377-a8deafb48da6	((9, 13), 0)
58	5	5fe46151-9ff0-4598-b377-a8deafb48da6	((20, 16), 2)
58	6	5fe46151-9ff0-4598-b377-a8deafb48da6	(None, 0)
58	7	5fe46151-9ff0-4598-b377-a8deafb48da6	(None, 3)
58	8	5fe46151-9ff0-4598-b377-a8deafb48da6	((10, 12), 1)
58	9	5fe46151-9ff0-4598-b377-a8deafb48da6	(None, 2)
59	0	5fe46151-9ff0-4598-b377-a8deafb48da6	((24, 16), 2)
59	1	5fe46151-9ff0-4598-b377-a8deafb48da6	((10, 18), 2)
59	2	5fe46151-9ff0-4598-b377-a8deafb48da6	(None, 0)
59	3	5fe46151-9ff0-4598-b377-a8deafb48da6	((25, 15), 3)
59	4	5fe46151-9ff0-4598-b377-a8deafb48da6	((8, 13), 0)
59	5	5fe46151-9ff0-4598-b377-a8deafb48da6	((21, 16), 2)
59	6	5fe46151-9ff0-4598-b377-a8deafb48da6	(None, 0)
59	7	5fe46151-9ff0-4598-b377-a8deafb48da6	(None, 3)
59	8	5fe46151-9ff0-4598-b377-a8deafb48da6	((10, 13), 1)
59	9	5fe46151-9ff0-4598-b377-a8deafb48da6	(None, 2)
60	0	5fe46151-9ff0-4598-b377-a8deafb48da6	((25, 16), 2)
60	1	5fe46151-9ff0-4598-b377-a8deafb48da6	((10, 17), 3)
60	2	5fe46151-9ff0-4598-b377-a8deafb48da6	(None, 0)
60	3	5fe46151-9ff0-4598-b377-a8deafb48da6	((25, 14), 3)
60	4	5fe46151-9ff0-4598-b377-a8deafb48da6	((7, 13), 0)
60	5	5fe46151-9ff0-4598-b377-a8deafb48da6	((22, 16), 2)
60	6	5fe46151-9ff0-4598-b377-a8deafb48da6	(None, 0)
60	7	5fe46151-9ff0-4598-b377-a8deafb48da6	(None, 3)
60	8	5fe46151-9ff0-4598-b377-a8deafb48da6	((9, 13), 0)
60	9	5fe46151-9ff0-4598-b377-a8deafb48da6	(None, 2)
61	0	5fe46151-9ff0-4598-b377-a8deafb48da6	((25, 15), 3)
61	1	5fe46151-9ff0-4598-b377-a8deafb48da6	((10, 16), 3)
61	2	5fe46151-9ff0-4598-b377-a8deafb48da6	(None, 0)
61	3	5fe46151-9ff0-4598-b377-a8deafb48da6	((25, 13), 3)
61	4	5fe46151-9ff0-4598-b377-a8deafb48da6	((6, 13), 0)
61	5	5fe46151-9ff0-4598-b377-a8deafb48da6	((23, 16), 2)
61	6	5fe46151-9ff0-4598-b377-a8deafb48da6	(None, 0)
61	7	5fe46151-9ff0-4598-b377-a8deafb48da6	(None, 3)
61	8	5fe46151-9ff0-4598-b377-a8deafb48da6	((8, 13), 0)
61	9	5fe46151-9ff0-4598-b377-a8deafb48da6	(None, 2)
62	0	5fe46151-9ff0-4598-b377-a8deafb48da6	((25, 14), 3)
62	1	5fe46151-9ff0-4598-b377-a8deafb48da6	((11, 16), 2)
62	2	5fe46151-9ff0-4598-b377-a8deafb48da6	(None, 0)
62	3	5fe46151-9ff0-4598-b377-a8deafb48da6	((25, 12), 3)
62	4	5fe46151-9ff0-4598-b377-a8deafb48da6	(None, 0)
62	5	5fe46151-9ff0-4598-b377-a8deafb48da6	((24, 16), 2)
62	6	5fe46151-9ff0-4598-b377-a8deafb48da6	(None, 0)
62	7	5fe46151-9ff0-4598-b377-a8deafb48da6	(None, 3)
62	8	5fe46151-9ff0-4598-b377-a8deafb48da6	((8, 14), 1)
62	9	5fe46151-9ff0-4598-b377-a8deafb48da6	(None, 2)
63	0	5fe46151-9ff0-4598-b377-a8deafb48da6	((25, 13), 3)
63	1	5fe46151-9ff0-4598-b377-a8deafb48da6	((12, 16), 2)
63	2	5fe46151-9ff0-4598-b377-a8deafb48da6	(None, 0)
63	3	5fe46151-9ff0-4598-b377-a8deafb48da6	((25, 11), 3)
63	4	5fe46151-9ff0-4598-b377-a8deafb48da6	(None, 0)
63	5	5fe46151-9ff0-4598-b377-a8deafb48da6	((25, 16), 2)
63	6	5fe46151-9ff0-4598-b377-a8deafb48da6	(None, 0)
63	7	5fe46151-9ff0-4598-b377-a8deafb48da6	(None, 3)
63	8	5fe46151-9ff0-4598-b377-a8deafb48da6	((7, 14), 0)
63	9	5fe46151-9ff0-4598-b377-a8deafb48da6	(None, 2)
64	0	5fe46151-9ff0-4598-b377-a8deafb48da6	((25, 12), 3)
64	1	5fe46151-9ff0-4598-b377-a8deafb48da6	((13, 16), 2)
64	2	5fe46151-9ff0-4598-b377-a8deafb48da6	(None, 0)
64	3	5fe46151-9ff0-4598-b377-a8deafb48da6	((25, 10), 3)
64	4	5fe46151-9ff0-4598-b377-a8deafb48da6	(None, 0)
64	5	5fe46151-9ff0-4598-b377-a8deafb48da6	((25, 15), 3)
64	6	5fe46151-9ff0-4598-b377-a8deafb48da6	(None, 0)
64	7	5fe46151-9ff0-4598-b377-a8deafb48da6	(None, 3)
64	8	5fe46151-9ff0-4598-b377-a8deafb48da6	((6, 14), 0)
64	9	5fe46151-9ff0-4598-b377-a8deafb48da6	(None, 2)
65	0	5fe46151-9ff0-4598-b377-a8deafb48da6	((25, 11), 3)
65	1	5fe46151-9ff0-4598-b377-a8deafb48da6	((14, 16), 2)
65	2	5fe46151-9ff0-4598-b377-a8deafb48da6	(None, 0)
65	3	5fe46151-9ff0-4598-b377-a8deafb48da6	((25, 9), 3)
65	4	5fe46151-9ff0-4598-b377-a8deafb48da6	(None, 0)
65	5	5fe46151-9ff0-4598-b377-a8deafb48da6	((25, 14), 3)
65	6	5fe46151-9ff0-4598-b377-a8deafb48da6	(None, 0)
65	7	5fe46151-9ff0-4598-b377-a8deafb48da6	(None, 3)
65	8	5fe46151-9ff0-4598-b377-a8deafb48da6	((6, 15), 1)
65	9	5fe46151-9ff0-4598-b377-a8deafb48da6	(None, 2)
66	0	5fe46151-9ff0-4598-b377-a8deafb48da6	((25, 10), 3)
66	1	5fe46151-9ff0-4598-b377-a8deafb48da6	((14, 17), 1)
66	2	5fe46151-9ff0-4598-b377-a8deafb48da6	(None, 0)
66	3	5fe46151-9ff0-4598-b377-a8deafb48da6	((25, 8), 3)
66	4	5fe46151-9ff0-4598-b377-a8deafb48da6	(None, 0)
66	5	5fe46151-9ff0-4598-b377-a8deafb48da6	((25, 13), 3)
66	6	5fe46151-9ff0-4598-b377-a8deafb48da6	(None, 0)
66	7	5fe46151-9ff0-4598-b377-a8deafb48da6	(None, 3)
66	8	5fe46151-9ff0-4598-b377-a8deafb48da6	(None, 0)
66	9	5fe46151-9ff0-4598-b377-a8deafb48da6	(None, 2)
67	0	5fe46151-9ff0-4598-b377-a8deafb48da6	((25, 9), 3)
67	1	5fe46151-9ff0-4598-b377-a8deafb48da6	((15, 17), 2)
67	2	5fe46151-9ff0-4598-b377-a8deafb48da6	(None, 0)
67	3	5fe46151-9ff0-4598-b377-a8deafb48da6	((25, 7), 3)
67	4	5fe46151-9ff0-4598-b377-a8deafb48da6	(None, 0)
67	5	5fe46151-9ff0-4598-b377-a8deafb48da6	((25, 12), 3)
67	6	5fe46151-9ff0-4598-b377-a8deafb48da6	(None, 0)
67	7	5fe46151-9ff0-4598-b377-a8deafb48da6	(None, 3)
67	8	5fe46151-9ff0-4598-b377-a8deafb48da6	(None, 0)
67	9	5fe46151-9ff0-4598-b377-a8deafb48da6	(None, 2)
68	0	5fe46151-9ff0-4598-b377-a8deafb48da6	((25, 8), 3)
68	1	5fe46151-9ff0-4598-b377-a8deafb48da6	((16, 17), 2)
68	2	5fe46151-9ff0-4598-b377-a8deafb48da6	(None, 0)
68	3	5fe46151-9ff0-4598-b377-a8deafb48da6	((25, 6), 3)
68	4	5fe46151-9ff0-4598-b377-a8deafb48da6	(None, 0)
68	5	5fe46151-9ff0-4598-b377-a8deafb48da6	((25, 11), 3)
68	6	5fe46151-9ff0-4598-b377-a8deafb48da6	(None, 0)
68	7	5fe46151-9ff0-4598-b377-a8deafb48da6	(None, 3)
68	8	5fe46151-9ff0-4598-b377-a8deafb48da6	(None, 0)
68	9	5fe46151-9ff0-4598-b377-a8deafb48da6	(None, 2)
69	0	5fe46151-9ff0-4598-b377-a8deafb48da6	((25, 7), 3)
69	1	5fe46151-9ff0-4598-b377-a8deafb48da6	(None, 2)
69	2	5fe46151-9ff0-4598-b377-a8deafb48da6	(None, 0)
69	3	5fe46151-9ff0-4598-b377-a8deafb48da6	(None, 3)
69	4	5fe46151-9ff0-4598-b377-a8deafb48da6	(None, 0)
69	5	5fe46151-9ff0-4598-b377-a8deafb48da6	((25, 10), 3)
69	6	5fe46151-9ff0-4598-b377-a8deafb48da6	(None, 0)
69	7	5fe46151-9ff0-4598-b377-a8deafb48da6	(None, 3)
69	8	5fe46151-9ff0-4598-b377-a8deafb48da6	(None, 0)
69	9	5fe46151-9ff0-4598-b377-a8deafb48da6	(None, 2)
70	0	5fe46151-9ff0-4598-b377-a8deafb48da6	((25, 6), 3)
70	1	5fe46151-9ff0-4598-b377-a8deafb48da6	(None, 2)
70	2	5fe46151-9ff0-4598-b377-a8deafb48da6	(None, 0)
70	3	5fe46151-9ff0-4598-b377-a8deafb48da6	(None, 3)
70	4	5fe46151-9ff0-4598-b377-a8deafb48da6	(None, 0)
70	5	5fe46151-9ff0-4598-b377-a8deafb48da6	((25, 9), 3)
70	6	5fe46151-9ff0-4598-b377-a8deafb48da6	(None, 0)
70	7	5fe46151-9ff0-4598-b377-a8deafb48da6	(None, 3)
70	8	5fe46151-9ff0-4598-b377-a8deafb48da6	(None, 0)
70	9	5fe46151-9ff0-4598-b377-a8deafb48da6	(None, 2)
71	0	5fe46151-9ff0-4598-b377-a8deafb48da6	(None, 3)
71	1	5fe46151-9ff0-4598-b377-a8deafb48da6	(None, 2)
71	2	5fe46151-9ff0-4598-b377-a8deafb48da6	(None, 0)
71	3	5fe46151-9ff0-4598-b377-a8deafb48da6	(None, 3)
71	4	5fe46151-9ff0-4598-b377-a8deafb48da6	(None, 0)
71	5	5fe46151-9ff0-4598-b377-a8deafb48da6	((25, 8), 3)
71	6	5fe46151-9ff0-4598-b377-a8deafb48da6	(None, 0)
71	7	5fe46151-9ff0-4598-b377-a8deafb48da6	(None, 3)
71	8	5fe46151-9ff0-4598-b377-a8deafb48da6	(None, 0)
71	9	5fe46151-9ff0-4598-b377-a8deafb48da6	(None, 2)
72	0	5fe46151-9ff0-4598-b377-a8deafb48da6	(None, 3)
72	1	5fe46151-9ff0-4598-b377-a8deafb48da6	(None, 2)
72	2	5fe46151-9ff0-4598-b377-a8deafb48da6	(None, 0)
72	3	5fe46151-9ff0-4598-b377-a8deafb48da6	(None, 3)
72	4	5fe46151-9ff0-4598-b377-a8deafb48da6	(None, 0)
72	5	5fe46151-9ff0-4598-b377-a8deafb48da6	((25, 7), 3)
72	6	5fe46151-9ff0-4598-b377-a8deafb48da6	(None, 0)
72	7	5fe46151-9ff0-4598-b377-a8deafb48da6	(None, 3)
72	8	5fe46151-9ff0-4598-b377-a8deafb48da6	(None, 0)
72	9	5fe46151-9ff0-4598-b377-a8deafb48da6	(None, 2)
73	0	5fe46151-9ff0-4598-b377-a8deafb48da6	(None, 3)
73	1	5fe46151-9ff0-4598-b377-a8deafb48da6	(None, 2)
73	2	5fe46151-9ff0-4598-b377-a8deafb48da6	(None, 0)
73	3	5fe46151-9ff0-4598-b377-a8deafb48da6	(None, 3)
73	4	5fe46151-9ff0-4598-b377-a8deafb48da6	(None, 0)
73	5	5fe46151-9ff0-4598-b377-a8deafb48da6	((25, 6), 3)
73	6	5fe46151-9ff0-4598-b377-a8deafb48da6	(None, 0)
73	7	5fe46151-9ff0-4598-b377-a8deafb48da6	(None, 3)
73	8	5fe46151-9ff0-4598-b377-a8deafb48da6	(None, 0)
73	9	5fe46151-9ff0-4598-b377-a8deafb48da6	(None, 2)
74	0	5fe46151-9ff0-4598-b377-a8deafb48da6	(None, 3)
74	1	5fe46151-9ff0-4598-b377-a8deafb48da6	(None, 2)
74	2	5fe46151-9ff0-4598-b377-a8deafb48da6	(None, 0)
74	3	5fe46151-9ff0-4598-b377-a8deafb48da6	(None, 3)
74	4	5fe46151-9ff0-4598-b377-a8deafb48da6	(None, 0)
74	5	5fe46151-9ff0-4598-b377-a8deafb48da6	(None, 3)
74	6	5fe46151-9ff0-4598-b377-a8deafb48da6	(None, 0)
74	7	5fe46151-9ff0-4598-b377-a8deafb48da6	(None, 3)
74	8	5fe46151-9ff0-4598-b377-a8deafb48da6	(None, 0)
74	9	5fe46151-9ff0-4598-b377-a8deafb48da6	(None, 2)
1	0	100a517b-364c-42cf-a54f-4533be408412	(None, 2)
1	1	100a517b-364c-42cf-a54f-4533be408412	(None, 1)
1	2	100a517b-364c-42cf-a54f-4533be408412	(None, 1)
1	3	100a517b-364c-42cf-a54f-4533be408412	(None, 3)
1	4	100a517b-364c-42cf-a54f-4533be408412	(None, 1)
1	5	100a517b-364c-42cf-a54f-4533be408412	(None, 2)
1	6	100a517b-364c-42cf-a54f-4533be408412	(None, 2)
1	7	100a517b-364c-42cf-a54f-4533be408412	(None, 1)
1	8	100a517b-364c-42cf-a54f-4533be408412	(None, 3)
1	9	100a517b-364c-42cf-a54f-4533be408412	(None, 1)
2	0	100a517b-364c-42cf-a54f-4533be408412	(None, 2)
2	1	100a517b-364c-42cf-a54f-4533be408412	(None, 1)
2	2	100a517b-364c-42cf-a54f-4533be408412	(None, 1)
2	3	100a517b-364c-42cf-a54f-4533be408412	(None, 3)
2	4	100a517b-364c-42cf-a54f-4533be408412	(None, 1)
2	5	100a517b-364c-42cf-a54f-4533be408412	(None, 2)
2	6	100a517b-364c-42cf-a54f-4533be408412	(None, 2)
2	7	100a517b-364c-42cf-a54f-4533be408412	(None, 1)
2	8	100a517b-364c-42cf-a54f-4533be408412	(None, 3)
2	9	100a517b-364c-42cf-a54f-4533be408412	(None, 1)
3	0	100a517b-364c-42cf-a54f-4533be408412	(None, 2)
3	1	100a517b-364c-42cf-a54f-4533be408412	(None, 1)
3	2	100a517b-364c-42cf-a54f-4533be408412	(None, 1)
3	3	100a517b-364c-42cf-a54f-4533be408412	(None, 3)
3	4	100a517b-364c-42cf-a54f-4533be408412	(None, 1)
3	5	100a517b-364c-42cf-a54f-4533be408412	(None, 2)
3	6	100a517b-364c-42cf-a54f-4533be408412	(None, 2)
3	7	100a517b-364c-42cf-a54f-4533be408412	(None, 1)
3	8	100a517b-364c-42cf-a54f-4533be408412	(None, 3)
3	9	100a517b-364c-42cf-a54f-4533be408412	(None, 1)
4	0	100a517b-364c-42cf-a54f-4533be408412	(None, 2)
4	1	100a517b-364c-42cf-a54f-4533be408412	(None, 1)
4	2	100a517b-364c-42cf-a54f-4533be408412	(None, 1)
4	3	100a517b-364c-42cf-a54f-4533be408412	(None, 3)
4	4	100a517b-364c-42cf-a54f-4533be408412	(None, 1)
4	5	100a517b-364c-42cf-a54f-4533be408412	(None, 2)
4	6	100a517b-364c-42cf-a54f-4533be408412	(None, 2)
4	7	100a517b-364c-42cf-a54f-4533be408412	(None, 1)
4	8	100a517b-364c-42cf-a54f-4533be408412	(None, 3)
4	9	100a517b-364c-42cf-a54f-4533be408412	(None, 1)
5	0	100a517b-364c-42cf-a54f-4533be408412	(None, 2)
5	1	100a517b-364c-42cf-a54f-4533be408412	(None, 1)
5	2	100a517b-364c-42cf-a54f-4533be408412	((5, 21), 1)
5	3	100a517b-364c-42cf-a54f-4533be408412	(None, 3)
5	4	100a517b-364c-42cf-a54f-4533be408412	(None, 1)
5	5	100a517b-364c-42cf-a54f-4533be408412	(None, 2)
5	6	100a517b-364c-42cf-a54f-4533be408412	(None, 2)
5	7	100a517b-364c-42cf-a54f-4533be408412	(None, 1)
5	8	100a517b-364c-42cf-a54f-4533be408412	(None, 3)
5	9	100a517b-364c-42cf-a54f-4533be408412	(None, 1)
6	0	100a517b-364c-42cf-a54f-4533be408412	(None, 2)
6	1	100a517b-364c-42cf-a54f-4533be408412	(None, 1)
6	2	100a517b-364c-42cf-a54f-4533be408412	((5, 22), 1)
6	3	100a517b-364c-42cf-a54f-4533be408412	(None, 3)
6	4	100a517b-364c-42cf-a54f-4533be408412	(None, 1)
6	5	100a517b-364c-42cf-a54f-4533be408412	(None, 2)
6	6	100a517b-364c-42cf-a54f-4533be408412	(None, 2)
6	7	100a517b-364c-42cf-a54f-4533be408412	(None, 1)
6	8	100a517b-364c-42cf-a54f-4533be408412	(None, 3)
6	9	100a517b-364c-42cf-a54f-4533be408412	(None, 1)
7	0	100a517b-364c-42cf-a54f-4533be408412	(None, 2)
7	1	100a517b-364c-42cf-a54f-4533be408412	(None, 1)
7	2	100a517b-364c-42cf-a54f-4533be408412	((5, 23), 1)
7	3	100a517b-364c-42cf-a54f-4533be408412	(None, 3)
7	4	100a517b-364c-42cf-a54f-4533be408412	(None, 1)
7	5	100a517b-364c-42cf-a54f-4533be408412	(None, 2)
7	6	100a517b-364c-42cf-a54f-4533be408412	(None, 2)
7	7	100a517b-364c-42cf-a54f-4533be408412	(None, 1)
7	8	100a517b-364c-42cf-a54f-4533be408412	(None, 3)
7	9	100a517b-364c-42cf-a54f-4533be408412	(None, 1)
8	0	100a517b-364c-42cf-a54f-4533be408412	(None, 2)
8	1	100a517b-364c-42cf-a54f-4533be408412	(None, 1)
8	2	100a517b-364c-42cf-a54f-4533be408412	((5, 24), 1)
8	3	100a517b-364c-42cf-a54f-4533be408412	(None, 3)
8	4	100a517b-364c-42cf-a54f-4533be408412	(None, 1)
8	5	100a517b-364c-42cf-a54f-4533be408412	(None, 2)
8	6	100a517b-364c-42cf-a54f-4533be408412	(None, 2)
8	7	100a517b-364c-42cf-a54f-4533be408412	(None, 1)
8	8	100a517b-364c-42cf-a54f-4533be408412	(None, 3)
8	9	100a517b-364c-42cf-a54f-4533be408412	(None, 1)
9	0	100a517b-364c-42cf-a54f-4533be408412	(None, 2)
9	1	100a517b-364c-42cf-a54f-4533be408412	(None, 1)
9	2	100a517b-364c-42cf-a54f-4533be408412	((5, 25), 1)
9	3	100a517b-364c-42cf-a54f-4533be408412	(None, 3)
9	4	100a517b-364c-42cf-a54f-4533be408412	(None, 1)
9	5	100a517b-364c-42cf-a54f-4533be408412	(None, 2)
9	6	100a517b-364c-42cf-a54f-4533be408412	(None, 2)
9	7	100a517b-364c-42cf-a54f-4533be408412	(None, 1)
9	8	100a517b-364c-42cf-a54f-4533be408412	(None, 3)
9	9	100a517b-364c-42cf-a54f-4533be408412	(None, 1)
10	0	100a517b-364c-42cf-a54f-4533be408412	(None, 2)
10	1	100a517b-364c-42cf-a54f-4533be408412	(None, 1)
10	2	100a517b-364c-42cf-a54f-4533be408412	((5, 26), 1)
10	3	100a517b-364c-42cf-a54f-4533be408412	(None, 3)
10	4	100a517b-364c-42cf-a54f-4533be408412	(None, 1)
10	5	100a517b-364c-42cf-a54f-4533be408412	(None, 2)
10	6	100a517b-364c-42cf-a54f-4533be408412	(None, 2)
10	7	100a517b-364c-42cf-a54f-4533be408412	(None, 1)
10	8	100a517b-364c-42cf-a54f-4533be408412	(None, 3)
10	9	100a517b-364c-42cf-a54f-4533be408412	(None, 1)
11	0	100a517b-364c-42cf-a54f-4533be408412	(None, 2)
11	1	100a517b-364c-42cf-a54f-4533be408412	(None, 1)
11	2	100a517b-364c-42cf-a54f-4533be408412	((6, 26), 2)
11	3	100a517b-364c-42cf-a54f-4533be408412	(None, 3)
11	4	100a517b-364c-42cf-a54f-4533be408412	(None, 1)
11	5	100a517b-364c-42cf-a54f-4533be408412	(None, 2)
11	6	100a517b-364c-42cf-a54f-4533be408412	(None, 2)
11	7	100a517b-364c-42cf-a54f-4533be408412	(None, 1)
11	8	100a517b-364c-42cf-a54f-4533be408412	(None, 3)
11	9	100a517b-364c-42cf-a54f-4533be408412	(None, 1)
12	0	100a517b-364c-42cf-a54f-4533be408412	(None, 2)
12	1	100a517b-364c-42cf-a54f-4533be408412	(None, 1)
12	2	100a517b-364c-42cf-a54f-4533be408412	((7, 26), 2)
12	3	100a517b-364c-42cf-a54f-4533be408412	(None, 3)
12	4	100a517b-364c-42cf-a54f-4533be408412	(None, 1)
12	5	100a517b-364c-42cf-a54f-4533be408412	(None, 2)
12	6	100a517b-364c-42cf-a54f-4533be408412	(None, 2)
12	7	100a517b-364c-42cf-a54f-4533be408412	(None, 1)
12	8	100a517b-364c-42cf-a54f-4533be408412	(None, 3)
12	9	100a517b-364c-42cf-a54f-4533be408412	((5, 8), 1)
13	0	100a517b-364c-42cf-a54f-4533be408412	(None, 2)
13	1	100a517b-364c-42cf-a54f-4533be408412	(None, 1)
13	2	100a517b-364c-42cf-a54f-4533be408412	((8, 26), 2)
13	3	100a517b-364c-42cf-a54f-4533be408412	(None, 3)
13	4	100a517b-364c-42cf-a54f-4533be408412	(None, 1)
13	5	100a517b-364c-42cf-a54f-4533be408412	(None, 2)
13	6	100a517b-364c-42cf-a54f-4533be408412	(None, 2)
13	7	100a517b-364c-42cf-a54f-4533be408412	(None, 1)
13	8	100a517b-364c-42cf-a54f-4533be408412	(None, 3)
13	9	100a517b-364c-42cf-a54f-4533be408412	((5, 9), 1)
14	0	100a517b-364c-42cf-a54f-4533be408412	(None, 2)
14	1	100a517b-364c-42cf-a54f-4533be408412	(None, 1)
14	2	100a517b-364c-42cf-a54f-4533be408412	((9, 26), 2)
14	3	100a517b-364c-42cf-a54f-4533be408412	(None, 3)
14	4	100a517b-364c-42cf-a54f-4533be408412	(None, 1)
14	5	100a517b-364c-42cf-a54f-4533be408412	(None, 2)
14	6	100a517b-364c-42cf-a54f-4533be408412	(None, 2)
14	7	100a517b-364c-42cf-a54f-4533be408412	(None, 1)
14	8	100a517b-364c-42cf-a54f-4533be408412	(None, 3)
14	9	100a517b-364c-42cf-a54f-4533be408412	((5, 10), 1)
15	0	100a517b-364c-42cf-a54f-4533be408412	(None, 2)
15	1	100a517b-364c-42cf-a54f-4533be408412	(None, 1)
15	2	100a517b-364c-42cf-a54f-4533be408412	((10, 26), 2)
15	3	100a517b-364c-42cf-a54f-4533be408412	(None, 3)
15	4	100a517b-364c-42cf-a54f-4533be408412	(None, 1)
15	5	100a517b-364c-42cf-a54f-4533be408412	(None, 2)
15	6	100a517b-364c-42cf-a54f-4533be408412	(None, 2)
15	7	100a517b-364c-42cf-a54f-4533be408412	(None, 1)
15	8	100a517b-364c-42cf-a54f-4533be408412	(None, 3)
15	9	100a517b-364c-42cf-a54f-4533be408412	((5, 11), 1)
16	0	100a517b-364c-42cf-a54f-4533be408412	(None, 2)
16	1	100a517b-364c-42cf-a54f-4533be408412	(None, 1)
16	2	100a517b-364c-42cf-a54f-4533be408412	((10, 25), 3)
16	3	100a517b-364c-42cf-a54f-4533be408412	((5, 8), 3)
16	4	100a517b-364c-42cf-a54f-4533be408412	(None, 1)
16	5	100a517b-364c-42cf-a54f-4533be408412	(None, 2)
16	6	100a517b-364c-42cf-a54f-4533be408412	(None, 2)
16	7	100a517b-364c-42cf-a54f-4533be408412	(None, 1)
16	8	100a517b-364c-42cf-a54f-4533be408412	(None, 3)
16	9	100a517b-364c-42cf-a54f-4533be408412	((5, 12), 1)
17	0	100a517b-364c-42cf-a54f-4533be408412	(None, 2)
17	1	100a517b-364c-42cf-a54f-4533be408412	(None, 1)
17	2	100a517b-364c-42cf-a54f-4533be408412	((10, 24), 3)
17	3	100a517b-364c-42cf-a54f-4533be408412	((5, 7), 3)
17	4	100a517b-364c-42cf-a54f-4533be408412	(None, 1)
17	5	100a517b-364c-42cf-a54f-4533be408412	(None, 2)
17	6	100a517b-364c-42cf-a54f-4533be408412	(None, 2)
17	7	100a517b-364c-42cf-a54f-4533be408412	(None, 1)
17	8	100a517b-364c-42cf-a54f-4533be408412	(None, 3)
17	9	100a517b-364c-42cf-a54f-4533be408412	((5, 13), 1)
18	0	100a517b-364c-42cf-a54f-4533be408412	(None, 2)
18	1	100a517b-364c-42cf-a54f-4533be408412	(None, 1)
18	2	100a517b-364c-42cf-a54f-4533be408412	((10, 23), 3)
18	3	100a517b-364c-42cf-a54f-4533be408412	((5, 6), 3)
18	4	100a517b-364c-42cf-a54f-4533be408412	(None, 1)
18	5	100a517b-364c-42cf-a54f-4533be408412	(None, 2)
18	6	100a517b-364c-42cf-a54f-4533be408412	(None, 2)
18	7	100a517b-364c-42cf-a54f-4533be408412	(None, 1)
18	8	100a517b-364c-42cf-a54f-4533be408412	(None, 3)
18	9	100a517b-364c-42cf-a54f-4533be408412	((5, 14), 1)
19	0	100a517b-364c-42cf-a54f-4533be408412	(None, 2)
19	1	100a517b-364c-42cf-a54f-4533be408412	(None, 1)
19	2	100a517b-364c-42cf-a54f-4533be408412	((10, 22), 3)
19	3	100a517b-364c-42cf-a54f-4533be408412	((5, 5), 3)
19	4	100a517b-364c-42cf-a54f-4533be408412	(None, 1)
19	5	100a517b-364c-42cf-a54f-4533be408412	(None, 2)
19	6	100a517b-364c-42cf-a54f-4533be408412	(None, 2)
19	7	100a517b-364c-42cf-a54f-4533be408412	(None, 1)
19	8	100a517b-364c-42cf-a54f-4533be408412	(None, 3)
19	9	100a517b-364c-42cf-a54f-4533be408412	((5, 15), 1)
20	0	100a517b-364c-42cf-a54f-4533be408412	(None, 2)
20	1	100a517b-364c-42cf-a54f-4533be408412	(None, 1)
20	2	100a517b-364c-42cf-a54f-4533be408412	((10, 21), 3)
20	3	100a517b-364c-42cf-a54f-4533be408412	((5, 4), 3)
20	4	100a517b-364c-42cf-a54f-4533be408412	(None, 1)
20	5	100a517b-364c-42cf-a54f-4533be408412	(None, 2)
20	6	100a517b-364c-42cf-a54f-4533be408412	(None, 2)
20	7	100a517b-364c-42cf-a54f-4533be408412	(None, 1)
20	8	100a517b-364c-42cf-a54f-4533be408412	(None, 3)
20	9	100a517b-364c-42cf-a54f-4533be408412	((5, 16), 1)
21	0	100a517b-364c-42cf-a54f-4533be408412	(None, 2)
21	1	100a517b-364c-42cf-a54f-4533be408412	(None, 1)
21	2	100a517b-364c-42cf-a54f-4533be408412	((10, 20), 3)
21	3	100a517b-364c-42cf-a54f-4533be408412	((5, 3), 3)
21	4	100a517b-364c-42cf-a54f-4533be408412	(None, 1)
21	5	100a517b-364c-42cf-a54f-4533be408412	(None, 2)
21	6	100a517b-364c-42cf-a54f-4533be408412	((18, 16), 2)
21	7	100a517b-364c-42cf-a54f-4533be408412	(None, 1)
21	8	100a517b-364c-42cf-a54f-4533be408412	(None, 3)
21	9	100a517b-364c-42cf-a54f-4533be408412	((5, 17), 1)
22	0	100a517b-364c-42cf-a54f-4533be408412	(None, 2)
22	1	100a517b-364c-42cf-a54f-4533be408412	(None, 1)
22	2	100a517b-364c-42cf-a54f-4533be408412	((10, 19), 3)
22	3	100a517b-364c-42cf-a54f-4533be408412	((6, 3), 2)
22	4	100a517b-364c-42cf-a54f-4533be408412	(None, 1)
22	5	100a517b-364c-42cf-a54f-4533be408412	(None, 2)
22	6	100a517b-364c-42cf-a54f-4533be408412	((19, 16), 2)
22	7	100a517b-364c-42cf-a54f-4533be408412	(None, 1)
22	8	100a517b-364c-42cf-a54f-4533be408412	(None, 3)
22	9	100a517b-364c-42cf-a54f-4533be408412	((5, 18), 1)
23	0	100a517b-364c-42cf-a54f-4533be408412	(None, 2)
23	1	100a517b-364c-42cf-a54f-4533be408412	(None, 1)
23	2	100a517b-364c-42cf-a54f-4533be408412	((10, 18), 3)
23	3	100a517b-364c-42cf-a54f-4533be408412	((7, 3), 2)
23	4	100a517b-364c-42cf-a54f-4533be408412	(None, 1)
23	5	100a517b-364c-42cf-a54f-4533be408412	(None, 2)
23	6	100a517b-364c-42cf-a54f-4533be408412	((19, 17), 1)
23	7	100a517b-364c-42cf-a54f-4533be408412	(None, 1)
23	8	100a517b-364c-42cf-a54f-4533be408412	(None, 3)
23	9	100a517b-364c-42cf-a54f-4533be408412	((6, 18), 2)
24	0	100a517b-364c-42cf-a54f-4533be408412	(None, 2)
24	1	100a517b-364c-42cf-a54f-4533be408412	(None, 1)
24	2	100a517b-364c-42cf-a54f-4533be408412	((11, 18), 2)
24	3	100a517b-364c-42cf-a54f-4533be408412	((8, 3), 2)
24	4	100a517b-364c-42cf-a54f-4533be408412	(None, 1)
24	5	100a517b-364c-42cf-a54f-4533be408412	(None, 2)
24	6	100a517b-364c-42cf-a54f-4533be408412	((20, 17), 2)
24	7	100a517b-364c-42cf-a54f-4533be408412	(None, 1)
24	8	100a517b-364c-42cf-a54f-4533be408412	(None, 3)
24	9	100a517b-364c-42cf-a54f-4533be408412	((6, 19), 1)
25	0	100a517b-364c-42cf-a54f-4533be408412	(None, 2)
25	1	100a517b-364c-42cf-a54f-4533be408412	(None, 1)
25	2	100a517b-364c-42cf-a54f-4533be408412	((12, 18), 2)
25	3	100a517b-364c-42cf-a54f-4533be408412	((9, 3), 2)
25	4	100a517b-364c-42cf-a54f-4533be408412	(None, 1)
25	5	100a517b-364c-42cf-a54f-4533be408412	(None, 2)
25	6	100a517b-364c-42cf-a54f-4533be408412	((20, 18), 1)
25	7	100a517b-364c-42cf-a54f-4533be408412	(None, 1)
25	8	100a517b-364c-42cf-a54f-4533be408412	(None, 3)
25	9	100a517b-364c-42cf-a54f-4533be408412	((6, 20), 1)
26	0	100a517b-364c-42cf-a54f-4533be408412	(None, 2)
26	1	100a517b-364c-42cf-a54f-4533be408412	(None, 1)
26	2	100a517b-364c-42cf-a54f-4533be408412	((13, 18), 2)
26	3	100a517b-364c-42cf-a54f-4533be408412	((10, 3), 2)
26	4	100a517b-364c-42cf-a54f-4533be408412	(None, 1)
26	5	100a517b-364c-42cf-a54f-4533be408412	(None, 2)
26	6	100a517b-364c-42cf-a54f-4533be408412	((21, 18), 2)
26	7	100a517b-364c-42cf-a54f-4533be408412	(None, 1)
26	8	100a517b-364c-42cf-a54f-4533be408412	(None, 3)
26	9	100a517b-364c-42cf-a54f-4533be408412	(None, 1)
27	0	100a517b-364c-42cf-a54f-4533be408412	(None, 2)
27	1	100a517b-364c-42cf-a54f-4533be408412	(None, 1)
27	2	100a517b-364c-42cf-a54f-4533be408412	((14, 18), 2)
27	3	100a517b-364c-42cf-a54f-4533be408412	((10, 4), 1)
27	4	100a517b-364c-42cf-a54f-4533be408412	(None, 1)
27	5	100a517b-364c-42cf-a54f-4533be408412	(None, 2)
27	6	100a517b-364c-42cf-a54f-4533be408412	((22, 18), 2)
27	7	100a517b-364c-42cf-a54f-4533be408412	(None, 1)
27	8	100a517b-364c-42cf-a54f-4533be408412	((5, 21), 3)
27	9	100a517b-364c-42cf-a54f-4533be408412	(None, 1)
28	0	100a517b-364c-42cf-a54f-4533be408412	(None, 2)
28	1	100a517b-364c-42cf-a54f-4533be408412	(None, 1)
28	2	100a517b-364c-42cf-a54f-4533be408412	((15, 18), 2)
28	3	100a517b-364c-42cf-a54f-4533be408412	((10, 5), 1)
28	4	100a517b-364c-42cf-a54f-4533be408412	(None, 1)
28	5	100a517b-364c-42cf-a54f-4533be408412	(None, 2)
28	6	100a517b-364c-42cf-a54f-4533be408412	((23, 18), 2)
28	7	100a517b-364c-42cf-a54f-4533be408412	(None, 1)
28	8	100a517b-364c-42cf-a54f-4533be408412	((5, 20), 3)
28	9	100a517b-364c-42cf-a54f-4533be408412	(None, 1)
29	0	100a517b-364c-42cf-a54f-4533be408412	(None, 2)
29	1	100a517b-364c-42cf-a54f-4533be408412	(None, 1)
29	2	100a517b-364c-42cf-a54f-4533be408412	((16, 18), 2)
29	3	100a517b-364c-42cf-a54f-4533be408412	((10, 6), 1)
29	4	100a517b-364c-42cf-a54f-4533be408412	(None, 1)
29	5	100a517b-364c-42cf-a54f-4533be408412	(None, 2)
29	6	100a517b-364c-42cf-a54f-4533be408412	((23, 19), 1)
29	7	100a517b-364c-42cf-a54f-4533be408412	(None, 1)
29	8	100a517b-364c-42cf-a54f-4533be408412	((5, 19), 3)
29	9	100a517b-364c-42cf-a54f-4533be408412	(None, 1)
30	0	100a517b-364c-42cf-a54f-4533be408412	(None, 2)
30	1	100a517b-364c-42cf-a54f-4533be408412	(None, 1)
30	2	100a517b-364c-42cf-a54f-4533be408412	((17, 18), 2)
30	3	100a517b-364c-42cf-a54f-4533be408412	((10, 7), 1)
30	4	100a517b-364c-42cf-a54f-4533be408412	(None, 1)
30	5	100a517b-364c-42cf-a54f-4533be408412	(None, 2)
30	6	100a517b-364c-42cf-a54f-4533be408412	((23, 20), 1)
30	7	100a517b-364c-42cf-a54f-4533be408412	(None, 1)
30	8	100a517b-364c-42cf-a54f-4533be408412	((5, 18), 3)
30	9	100a517b-364c-42cf-a54f-4533be408412	(None, 1)
31	0	100a517b-364c-42cf-a54f-4533be408412	(None, 2)
31	1	100a517b-364c-42cf-a54f-4533be408412	(None, 1)
31	2	100a517b-364c-42cf-a54f-4533be408412	((18, 18), 2)
31	3	100a517b-364c-42cf-a54f-4533be408412	((10, 8), 1)
31	4	100a517b-364c-42cf-a54f-4533be408412	(None, 1)
31	5	100a517b-364c-42cf-a54f-4533be408412	(None, 2)
31	6	100a517b-364c-42cf-a54f-4533be408412	((23, 21), 1)
31	7	100a517b-364c-42cf-a54f-4533be408412	(None, 1)
31	8	100a517b-364c-42cf-a54f-4533be408412	((5, 17), 3)
31	9	100a517b-364c-42cf-a54f-4533be408412	(None, 1)
32	0	100a517b-364c-42cf-a54f-4533be408412	(None, 2)
32	1	100a517b-364c-42cf-a54f-4533be408412	(None, 1)
32	2	100a517b-364c-42cf-a54f-4533be408412	((19, 18), 2)
32	3	100a517b-364c-42cf-a54f-4533be408412	((10, 9), 1)
32	4	100a517b-364c-42cf-a54f-4533be408412	(None, 1)
32	5	100a517b-364c-42cf-a54f-4533be408412	(None, 2)
32	6	100a517b-364c-42cf-a54f-4533be408412	((23, 22), 1)
32	7	100a517b-364c-42cf-a54f-4533be408412	(None, 1)
32	8	100a517b-364c-42cf-a54f-4533be408412	((5, 16), 3)
32	9	100a517b-364c-42cf-a54f-4533be408412	(None, 1)
33	0	100a517b-364c-42cf-a54f-4533be408412	(None, 2)
33	1	100a517b-364c-42cf-a54f-4533be408412	(None, 1)
33	2	100a517b-364c-42cf-a54f-4533be408412	((20, 18), 2)
33	3	100a517b-364c-42cf-a54f-4533be408412	((10, 10), 1)
33	4	100a517b-364c-42cf-a54f-4533be408412	(None, 1)
33	5	100a517b-364c-42cf-a54f-4533be408412	(None, 2)
33	6	100a517b-364c-42cf-a54f-4533be408412	((22, 22), 0)
33	7	100a517b-364c-42cf-a54f-4533be408412	(None, 1)
33	8	100a517b-364c-42cf-a54f-4533be408412	((5, 15), 3)
33	9	100a517b-364c-42cf-a54f-4533be408412	(None, 1)
34	0	100a517b-364c-42cf-a54f-4533be408412	(None, 2)
34	1	100a517b-364c-42cf-a54f-4533be408412	(None, 1)
34	2	100a517b-364c-42cf-a54f-4533be408412	((21, 18), 2)
34	3	100a517b-364c-42cf-a54f-4533be408412	((10, 11), 1)
34	4	100a517b-364c-42cf-a54f-4533be408412	(None, 1)
34	5	100a517b-364c-42cf-a54f-4533be408412	(None, 2)
34	6	100a517b-364c-42cf-a54f-4533be408412	((21, 22), 0)
34	7	100a517b-364c-42cf-a54f-4533be408412	(None, 1)
34	8	100a517b-364c-42cf-a54f-4533be408412	((5, 14), 3)
34	9	100a517b-364c-42cf-a54f-4533be408412	(None, 1)
35	0	100a517b-364c-42cf-a54f-4533be408412	(None, 2)
35	1	100a517b-364c-42cf-a54f-4533be408412	(None, 1)
35	2	100a517b-364c-42cf-a54f-4533be408412	((22, 18), 2)
35	3	100a517b-364c-42cf-a54f-4533be408412	((10, 12), 1)
35	4	100a517b-364c-42cf-a54f-4533be408412	((5, 8), 1)
35	5	100a517b-364c-42cf-a54f-4533be408412	(None, 2)
35	6	100a517b-364c-42cf-a54f-4533be408412	((20, 22), 0)
35	7	100a517b-364c-42cf-a54f-4533be408412	(None, 1)
35	8	100a517b-364c-42cf-a54f-4533be408412	((5, 13), 3)
35	9	100a517b-364c-42cf-a54f-4533be408412	(None, 1)
36	0	100a517b-364c-42cf-a54f-4533be408412	(None, 2)
36	1	100a517b-364c-42cf-a54f-4533be408412	((5, 8), 1)
36	2	100a517b-364c-42cf-a54f-4533be408412	((23, 18), 2)
36	3	100a517b-364c-42cf-a54f-4533be408412	((10, 13), 1)
36	4	100a517b-364c-42cf-a54f-4533be408412	((5, 9), 1)
36	5	100a517b-364c-42cf-a54f-4533be408412	(None, 2)
36	6	100a517b-364c-42cf-a54f-4533be408412	((19, 22), 0)
36	7	100a517b-364c-42cf-a54f-4533be408412	(None, 1)
36	8	100a517b-364c-42cf-a54f-4533be408412	((5, 12), 3)
36	9	100a517b-364c-42cf-a54f-4533be408412	(None, 1)
37	0	100a517b-364c-42cf-a54f-4533be408412	(None, 2)
37	1	100a517b-364c-42cf-a54f-4533be408412	((5, 9), 1)
37	2	100a517b-364c-42cf-a54f-4533be408412	((23, 19), 1)
37	3	100a517b-364c-42cf-a54f-4533be408412	((10, 14), 1)
37	4	100a517b-364c-42cf-a54f-4533be408412	((5, 10), 1)
37	5	100a517b-364c-42cf-a54f-4533be408412	(None, 2)
37	6	100a517b-364c-42cf-a54f-4533be408412	((18, 22), 0)
37	7	100a517b-364c-42cf-a54f-4533be408412	(None, 1)
37	8	100a517b-364c-42cf-a54f-4533be408412	((5, 11), 3)
37	9	100a517b-364c-42cf-a54f-4533be408412	(None, 1)
38	0	100a517b-364c-42cf-a54f-4533be408412	(None, 2)
38	1	100a517b-364c-42cf-a54f-4533be408412	((5, 10), 1)
38	2	100a517b-364c-42cf-a54f-4533be408412	((23, 20), 1)
38	3	100a517b-364c-42cf-a54f-4533be408412	((10, 15), 1)
38	4	100a517b-364c-42cf-a54f-4533be408412	((5, 11), 1)
38	5	100a517b-364c-42cf-a54f-4533be408412	(None, 2)
38	6	100a517b-364c-42cf-a54f-4533be408412	((17, 22), 0)
38	7	100a517b-364c-42cf-a54f-4533be408412	(None, 1)
38	8	100a517b-364c-42cf-a54f-4533be408412	((6, 11), 2)
38	9	100a517b-364c-42cf-a54f-4533be408412	(None, 1)
39	0	100a517b-364c-42cf-a54f-4533be408412	((18, 16), 2)
39	1	100a517b-364c-42cf-a54f-4533be408412	((5, 11), 1)
39	2	100a517b-364c-42cf-a54f-4533be408412	((23, 21), 1)
39	3	100a517b-364c-42cf-a54f-4533be408412	((10, 16), 1)
39	4	100a517b-364c-42cf-a54f-4533be408412	((5, 12), 1)
39	5	100a517b-364c-42cf-a54f-4533be408412	(None, 2)
39	6	100a517b-364c-42cf-a54f-4533be408412	((16, 22), 0)
39	7	100a517b-364c-42cf-a54f-4533be408412	(None, 1)
39	8	100a517b-364c-42cf-a54f-4533be408412	((6, 10), 3)
39	9	100a517b-364c-42cf-a54f-4533be408412	(None, 1)
40	0	100a517b-364c-42cf-a54f-4533be408412	((19, 16), 2)
40	1	100a517b-364c-42cf-a54f-4533be408412	((5, 12), 1)
40	2	100a517b-364c-42cf-a54f-4533be408412	((23, 22), 1)
40	3	100a517b-364c-42cf-a54f-4533be408412	((10, 17), 1)
40	4	100a517b-364c-42cf-a54f-4533be408412	((5, 13), 1)
40	5	100a517b-364c-42cf-a54f-4533be408412	(None, 2)
40	6	100a517b-364c-42cf-a54f-4533be408412	((15, 22), 0)
40	7	100a517b-364c-42cf-a54f-4533be408412	(None, 1)
40	8	100a517b-364c-42cf-a54f-4533be408412	((6, 9), 3)
40	9	100a517b-364c-42cf-a54f-4533be408412	(None, 1)
41	0	100a517b-364c-42cf-a54f-4533be408412	((19, 17), 1)
41	1	100a517b-364c-42cf-a54f-4533be408412	((5, 13), 1)
41	2	100a517b-364c-42cf-a54f-4533be408412	((22, 22), 0)
41	3	100a517b-364c-42cf-a54f-4533be408412	((11, 17), 2)
41	4	100a517b-364c-42cf-a54f-4533be408412	((5, 14), 1)
41	5	100a517b-364c-42cf-a54f-4533be408412	((18, 18), 2)
41	6	100a517b-364c-42cf-a54f-4533be408412	((14, 22), 0)
41	7	100a517b-364c-42cf-a54f-4533be408412	(None, 1)
41	8	100a517b-364c-42cf-a54f-4533be408412	(None, 3)
41	9	100a517b-364c-42cf-a54f-4533be408412	(None, 1)
42	0	100a517b-364c-42cf-a54f-4533be408412	((20, 17), 2)
42	1	100a517b-364c-42cf-a54f-4533be408412	((5, 14), 1)
42	2	100a517b-364c-42cf-a54f-4533be408412	((21, 22), 0)
42	3	100a517b-364c-42cf-a54f-4533be408412	((12, 17), 2)
42	4	100a517b-364c-42cf-a54f-4533be408412	((5, 15), 1)
42	5	100a517b-364c-42cf-a54f-4533be408412	((19, 18), 2)
42	6	100a517b-364c-42cf-a54f-4533be408412	((13, 22), 0)
42	7	100a517b-364c-42cf-a54f-4533be408412	(None, 1)
42	8	100a517b-364c-42cf-a54f-4533be408412	(None, 3)
42	9	100a517b-364c-42cf-a54f-4533be408412	(None, 1)
43	0	100a517b-364c-42cf-a54f-4533be408412	((20, 18), 1)
43	1	100a517b-364c-42cf-a54f-4533be408412	((5, 15), 1)
43	2	100a517b-364c-42cf-a54f-4533be408412	((20, 22), 0)
43	3	100a517b-364c-42cf-a54f-4533be408412	((13, 17), 2)
43	4	100a517b-364c-42cf-a54f-4533be408412	((5, 16), 1)
43	5	100a517b-364c-42cf-a54f-4533be408412	((19, 18), 2)
43	6	100a517b-364c-42cf-a54f-4533be408412	((13, 21), 3)
43	7	100a517b-364c-42cf-a54f-4533be408412	(None, 1)
43	8	100a517b-364c-42cf-a54f-4533be408412	(None, 3)
43	9	100a517b-364c-42cf-a54f-4533be408412	(None, 1)
44	0	100a517b-364c-42cf-a54f-4533be408412	((21, 18), 2)
44	1	100a517b-364c-42cf-a54f-4533be408412	((5, 16), 1)
44	2	100a517b-364c-42cf-a54f-4533be408412	((19, 22), 0)
44	3	100a517b-364c-42cf-a54f-4533be408412	((14, 17), 2)
44	4	100a517b-364c-42cf-a54f-4533be408412	((5, 17), 1)
44	5	100a517b-364c-42cf-a54f-4533be408412	((20, 18), 2)
44	6	100a517b-364c-42cf-a54f-4533be408412	((13, 20), 3)
44	7	100a517b-364c-42cf-a54f-4533be408412	(None, 1)
44	8	100a517b-364c-42cf-a54f-4533be408412	(None, 3)
44	9	100a517b-364c-42cf-a54f-4533be408412	(None, 1)
45	0	100a517b-364c-42cf-a54f-4533be408412	((22, 18), 2)
45	1	100a517b-364c-42cf-a54f-4533be408412	((5, 17), 1)
45	2	100a517b-364c-42cf-a54f-4533be408412	((18, 22), 0)
45	3	100a517b-364c-42cf-a54f-4533be408412	((15, 17), 2)
45	4	100a517b-364c-42cf-a54f-4533be408412	((5, 18), 1)
45	5	100a517b-364c-42cf-a54f-4533be408412	((21, 18), 2)
45	6	100a517b-364c-42cf-a54f-4533be408412	((13, 19), 3)
45	7	100a517b-364c-42cf-a54f-4533be408412	(None, 1)
45	8	100a517b-364c-42cf-a54f-4533be408412	(None, 3)
45	9	100a517b-364c-42cf-a54f-4533be408412	(None, 1)
46	0	100a517b-364c-42cf-a54f-4533be408412	((23, 18), 2)
46	1	100a517b-364c-42cf-a54f-4533be408412	((5, 18), 1)
46	2	100a517b-364c-42cf-a54f-4533be408412	((17, 22), 0)
46	3	100a517b-364c-42cf-a54f-4533be408412	((16, 17), 2)
46	4	100a517b-364c-42cf-a54f-4533be408412	((5, 19), 1)
46	5	100a517b-364c-42cf-a54f-4533be408412	((22, 18), 2)
46	6	100a517b-364c-42cf-a54f-4533be408412	((12, 19), 0)
46	7	100a517b-364c-42cf-a54f-4533be408412	(None, 1)
46	8	100a517b-364c-42cf-a54f-4533be408412	(None, 3)
46	9	100a517b-364c-42cf-a54f-4533be408412	(None, 1)
47	0	100a517b-364c-42cf-a54f-4533be408412	((23, 19), 1)
47	1	100a517b-364c-42cf-a54f-4533be408412	((5, 19), 1)
47	2	100a517b-364c-42cf-a54f-4533be408412	((16, 22), 0)
47	3	100a517b-364c-42cf-a54f-4533be408412	((17, 17), 2)
47	4	100a517b-364c-42cf-a54f-4533be408412	((5, 20), 1)
47	5	100a517b-364c-42cf-a54f-4533be408412	((23, 18), 2)
47	6	100a517b-364c-42cf-a54f-4533be408412	((11, 19), 0)
47	7	100a517b-364c-42cf-a54f-4533be408412	((5, 8), 1)
47	8	100a517b-364c-42cf-a54f-4533be408412	(None, 3)
47	9	100a517b-364c-42cf-a54f-4533be408412	(None, 1)
48	0	100a517b-364c-42cf-a54f-4533be408412	((23, 20), 1)
48	1	100a517b-364c-42cf-a54f-4533be408412	((5, 20), 1)
48	2	100a517b-364c-42cf-a54f-4533be408412	((15, 22), 0)
48	3	100a517b-364c-42cf-a54f-4533be408412	((18, 17), 2)
48	4	100a517b-364c-42cf-a54f-4533be408412	((5, 21), 1)
48	5	100a517b-364c-42cf-a54f-4533be408412	((23, 19), 1)
48	6	100a517b-364c-42cf-a54f-4533be408412	((11, 18), 3)
48	7	100a517b-364c-42cf-a54f-4533be408412	((5, 9), 1)
48	8	100a517b-364c-42cf-a54f-4533be408412	(None, 3)
48	9	100a517b-364c-42cf-a54f-4533be408412	(None, 1)
49	0	100a517b-364c-42cf-a54f-4533be408412	((23, 21), 1)
49	1	100a517b-364c-42cf-a54f-4533be408412	((5, 21), 1)
49	2	100a517b-364c-42cf-a54f-4533be408412	((14, 22), 0)
49	3	100a517b-364c-42cf-a54f-4533be408412	((19, 17), 2)
49	4	100a517b-364c-42cf-a54f-4533be408412	((5, 22), 1)
49	5	100a517b-364c-42cf-a54f-4533be408412	((23, 20), 1)
49	6	100a517b-364c-42cf-a54f-4533be408412	((11, 17), 3)
49	7	100a517b-364c-42cf-a54f-4533be408412	((5, 10), 1)
49	8	100a517b-364c-42cf-a54f-4533be408412	(None, 3)
49	9	100a517b-364c-42cf-a54f-4533be408412	(None, 1)
50	0	100a517b-364c-42cf-a54f-4533be408412	((23, 22), 1)
50	1	100a517b-364c-42cf-a54f-4533be408412	((5, 22), 1)
50	2	100a517b-364c-42cf-a54f-4533be408412	((13, 22), 0)
50	3	100a517b-364c-42cf-a54f-4533be408412	((20, 17), 2)
50	4	100a517b-364c-42cf-a54f-4533be408412	((5, 23), 1)
50	5	100a517b-364c-42cf-a54f-4533be408412	((23, 21), 1)
50	6	100a517b-364c-42cf-a54f-4533be408412	((10, 17), 0)
50	7	100a517b-364c-42cf-a54f-4533be408412	((5, 11), 1)
50	8	100a517b-364c-42cf-a54f-4533be408412	(None, 3)
50	9	100a517b-364c-42cf-a54f-4533be408412	(None, 1)
51	0	100a517b-364c-42cf-a54f-4533be408412	((22, 22), 0)
51	1	100a517b-364c-42cf-a54f-4533be408412	((5, 23), 1)
51	2	100a517b-364c-42cf-a54f-4533be408412	((13, 21), 3)
51	3	100a517b-364c-42cf-a54f-4533be408412	((21, 17), 2)
51	4	100a517b-364c-42cf-a54f-4533be408412	((5, 24), 1)
51	5	100a517b-364c-42cf-a54f-4533be408412	((23, 22), 1)
51	6	100a517b-364c-42cf-a54f-4533be408412	((10, 16), 3)
51	7	100a517b-364c-42cf-a54f-4533be408412	((5, 12), 1)
51	8	100a517b-364c-42cf-a54f-4533be408412	(None, 3)
51	9	100a517b-364c-42cf-a54f-4533be408412	(None, 1)
52	0	100a517b-364c-42cf-a54f-4533be408412	((21, 22), 0)
52	1	100a517b-364c-42cf-a54f-4533be408412	((5, 24), 1)
52	2	100a517b-364c-42cf-a54f-4533be408412	((13, 20), 3)
52	3	100a517b-364c-42cf-a54f-4533be408412	((22, 17), 2)
52	4	100a517b-364c-42cf-a54f-4533be408412	((5, 25), 1)
52	5	100a517b-364c-42cf-a54f-4533be408412	((22, 22), 0)
52	6	100a517b-364c-42cf-a54f-4533be408412	((10, 15), 3)
52	7	100a517b-364c-42cf-a54f-4533be408412	((5, 13), 1)
52	8	100a517b-364c-42cf-a54f-4533be408412	(None, 3)
52	9	100a517b-364c-42cf-a54f-4533be408412	(None, 1)
53	0	100a517b-364c-42cf-a54f-4533be408412	((20, 22), 0)
53	1	100a517b-364c-42cf-a54f-4533be408412	((5, 25), 1)
53	2	100a517b-364c-42cf-a54f-4533be408412	((13, 19), 3)
53	3	100a517b-364c-42cf-a54f-4533be408412	((23, 17), 2)
53	4	100a517b-364c-42cf-a54f-4533be408412	((5, 26), 1)
53	5	100a517b-364c-42cf-a54f-4533be408412	((21, 22), 0)
53	6	100a517b-364c-42cf-a54f-4533be408412	((10, 14), 3)
53	7	100a517b-364c-42cf-a54f-4533be408412	((5, 14), 1)
53	8	100a517b-364c-42cf-a54f-4533be408412	(None, 3)
53	9	100a517b-364c-42cf-a54f-4533be408412	(None, 1)
54	0	100a517b-364c-42cf-a54f-4533be408412	((19, 22), 0)
54	1	100a517b-364c-42cf-a54f-4533be408412	((5, 26), 1)
54	2	100a517b-364c-42cf-a54f-4533be408412	((12, 19), 0)
54	3	100a517b-364c-42cf-a54f-4533be408412	((23, 16), 3)
54	4	100a517b-364c-42cf-a54f-4533be408412	((6, 26), 2)
54	5	100a517b-364c-42cf-a54f-4533be408412	((20, 22), 0)
54	6	100a517b-364c-42cf-a54f-4533be408412	((10, 13), 3)
54	7	100a517b-364c-42cf-a54f-4533be408412	((5, 15), 1)
54	8	100a517b-364c-42cf-a54f-4533be408412	(None, 3)
54	9	100a517b-364c-42cf-a54f-4533be408412	(None, 1)
55	0	100a517b-364c-42cf-a54f-4533be408412	((18, 22), 0)
55	1	100a517b-364c-42cf-a54f-4533be408412	((6, 26), 2)
55	2	100a517b-364c-42cf-a54f-4533be408412	((11, 19), 0)
55	3	100a517b-364c-42cf-a54f-4533be408412	((23, 15), 3)
55	4	100a517b-364c-42cf-a54f-4533be408412	((7, 26), 2)
55	5	100a517b-364c-42cf-a54f-4533be408412	((19, 22), 0)
55	6	100a517b-364c-42cf-a54f-4533be408412	((10, 12), 3)
55	7	100a517b-364c-42cf-a54f-4533be408412	((5, 16), 1)
55	8	100a517b-364c-42cf-a54f-4533be408412	(None, 3)
55	9	100a517b-364c-42cf-a54f-4533be408412	(None, 1)
56	0	100a517b-364c-42cf-a54f-4533be408412	((17, 22), 0)
56	1	100a517b-364c-42cf-a54f-4533be408412	((7, 26), 2)
56	2	100a517b-364c-42cf-a54f-4533be408412	((11, 18), 3)
56	3	100a517b-364c-42cf-a54f-4533be408412	((23, 14), 3)
56	4	100a517b-364c-42cf-a54f-4533be408412	((8, 26), 2)
56	5	100a517b-364c-42cf-a54f-4533be408412	((18, 22), 0)
56	6	100a517b-364c-42cf-a54f-4533be408412	((10, 11), 3)
56	7	100a517b-364c-42cf-a54f-4533be408412	((5, 17), 1)
56	8	100a517b-364c-42cf-a54f-4533be408412	(None, 3)
56	9	100a517b-364c-42cf-a54f-4533be408412	(None, 1)
57	0	100a517b-364c-42cf-a54f-4533be408412	((16, 22), 0)
57	1	100a517b-364c-42cf-a54f-4533be408412	((8, 26), 2)
57	2	100a517b-364c-42cf-a54f-4533be408412	((11, 17), 3)
57	3	100a517b-364c-42cf-a54f-4533be408412	((23, 13), 3)
57	4	100a517b-364c-42cf-a54f-4533be408412	((9, 26), 2)
57	5	100a517b-364c-42cf-a54f-4533be408412	((17, 22), 0)
57	6	100a517b-364c-42cf-a54f-4533be408412	((10, 10), 3)
57	7	100a517b-364c-42cf-a54f-4533be408412	((5, 18), 1)
57	8	100a517b-364c-42cf-a54f-4533be408412	(None, 3)
57	9	100a517b-364c-42cf-a54f-4533be408412	(None, 1)
58	0	100a517b-364c-42cf-a54f-4533be408412	((15, 22), 0)
58	1	100a517b-364c-42cf-a54f-4533be408412	((9, 26), 2)
58	2	100a517b-364c-42cf-a54f-4533be408412	((10, 17), 0)
58	3	100a517b-364c-42cf-a54f-4533be408412	((23, 12), 3)
58	4	100a517b-364c-42cf-a54f-4533be408412	((10, 26), 2)
58	5	100a517b-364c-42cf-a54f-4533be408412	((16, 22), 0)
58	6	100a517b-364c-42cf-a54f-4533be408412	((10, 9), 3)
58	7	100a517b-364c-42cf-a54f-4533be408412	((5, 19), 1)
58	8	100a517b-364c-42cf-a54f-4533be408412	(None, 3)
58	9	100a517b-364c-42cf-a54f-4533be408412	(None, 1)
59	0	100a517b-364c-42cf-a54f-4533be408412	((14, 22), 0)
59	1	100a517b-364c-42cf-a54f-4533be408412	((10, 26), 2)
59	2	100a517b-364c-42cf-a54f-4533be408412	((10, 16), 3)
59	3	100a517b-364c-42cf-a54f-4533be408412	((22, 12), 0)
59	4	100a517b-364c-42cf-a54f-4533be408412	((10, 25), 3)
59	5	100a517b-364c-42cf-a54f-4533be408412	((15, 22), 0)
59	6	100a517b-364c-42cf-a54f-4533be408412	((10, 8), 3)
59	7	100a517b-364c-42cf-a54f-4533be408412	((5, 20), 1)
59	8	100a517b-364c-42cf-a54f-4533be408412	(None, 3)
59	9	100a517b-364c-42cf-a54f-4533be408412	(None, 1)
60	0	100a517b-364c-42cf-a54f-4533be408412	((13, 22), 0)
60	1	100a517b-364c-42cf-a54f-4533be408412	((10, 25), 3)
60	2	100a517b-364c-42cf-a54f-4533be408412	((10, 15), 3)
60	3	100a517b-364c-42cf-a54f-4533be408412	((21, 12), 0)
60	4	100a517b-364c-42cf-a54f-4533be408412	((10, 24), 3)
60	5	100a517b-364c-42cf-a54f-4533be408412	((14, 22), 0)
60	6	100a517b-364c-42cf-a54f-4533be408412	((10, 7), 3)
60	7	100a517b-364c-42cf-a54f-4533be408412	((5, 21), 1)
60	8	100a517b-364c-42cf-a54f-4533be408412	(None, 3)
60	9	100a517b-364c-42cf-a54f-4533be408412	(None, 1)
61	0	100a517b-364c-42cf-a54f-4533be408412	((13, 21), 3)
61	1	100a517b-364c-42cf-a54f-4533be408412	((10, 24), 3)
61	2	100a517b-364c-42cf-a54f-4533be408412	((10, 14), 3)
61	3	100a517b-364c-42cf-a54f-4533be408412	((20, 12), 0)
61	4	100a517b-364c-42cf-a54f-4533be408412	((10, 23), 3)
61	5	100a517b-364c-42cf-a54f-4533be408412	((13, 22), 0)
61	6	100a517b-364c-42cf-a54f-4533be408412	((10, 6), 3)
61	7	100a517b-364c-42cf-a54f-4533be408412	((5, 22), 1)
61	8	100a517b-364c-42cf-a54f-4533be408412	(None, 3)
61	9	100a517b-364c-42cf-a54f-4533be408412	(None, 1)
62	0	100a517b-364c-42cf-a54f-4533be408412	((13, 20), 3)
62	1	100a517b-364c-42cf-a54f-4533be408412	((10, 23), 3)
62	2	100a517b-364c-42cf-a54f-4533be408412	((10, 13), 3)
62	3	100a517b-364c-42cf-a54f-4533be408412	((19, 12), 0)
62	4	100a517b-364c-42cf-a54f-4533be408412	((10, 22), 3)
62	5	100a517b-364c-42cf-a54f-4533be408412	((13, 21), 3)
62	6	100a517b-364c-42cf-a54f-4533be408412	((10, 5), 3)
62	7	100a517b-364c-42cf-a54f-4533be408412	((5, 23), 1)
62	8	100a517b-364c-42cf-a54f-4533be408412	(None, 3)
62	9	100a517b-364c-42cf-a54f-4533be408412	(None, 1)
63	0	100a517b-364c-42cf-a54f-4533be408412	((13, 19), 3)
63	1	100a517b-364c-42cf-a54f-4533be408412	((10, 22), 3)
63	2	100a517b-364c-42cf-a54f-4533be408412	((10, 12), 3)
63	3	100a517b-364c-42cf-a54f-4533be408412	((18, 12), 0)
63	4	100a517b-364c-42cf-a54f-4533be408412	((10, 21), 3)
63	5	100a517b-364c-42cf-a54f-4533be408412	((13, 20), 3)
63	6	100a517b-364c-42cf-a54f-4533be408412	((10, 4), 3)
63	7	100a517b-364c-42cf-a54f-4533be408412	((5, 24), 1)
63	8	100a517b-364c-42cf-a54f-4533be408412	(None, 3)
63	9	100a517b-364c-42cf-a54f-4533be408412	(None, 1)
64	0	100a517b-364c-42cf-a54f-4533be408412	((12, 19), 0)
64	1	100a517b-364c-42cf-a54f-4533be408412	((10, 21), 3)
64	2	100a517b-364c-42cf-a54f-4533be408412	((10, 11), 3)
64	3	100a517b-364c-42cf-a54f-4533be408412	((17, 12), 0)
64	4	100a517b-364c-42cf-a54f-4533be408412	((10, 20), 3)
64	5	100a517b-364c-42cf-a54f-4533be408412	((13, 19), 3)
64	6	100a517b-364c-42cf-a54f-4533be408412	((10, 3), 3)
64	7	100a517b-364c-42cf-a54f-4533be408412	((5, 25), 1)
64	8	100a517b-364c-42cf-a54f-4533be408412	(None, 3)
64	9	100a517b-364c-42cf-a54f-4533be408412	(None, 1)
65	0	100a517b-364c-42cf-a54f-4533be408412	((11, 19), 0)
65	1	100a517b-364c-42cf-a54f-4533be408412	((10, 20), 3)
65	2	100a517b-364c-42cf-a54f-4533be408412	((10, 10), 3)
65	3	100a517b-364c-42cf-a54f-4533be408412	((16, 12), 0)
65	4	100a517b-364c-42cf-a54f-4533be408412	((10, 19), 3)
65	5	100a517b-364c-42cf-a54f-4533be408412	((12, 19), 0)
65	6	100a517b-364c-42cf-a54f-4533be408412	((9, 3), 0)
65	7	100a517b-364c-42cf-a54f-4533be408412	((5, 26), 1)
65	8	100a517b-364c-42cf-a54f-4533be408412	(None, 3)
65	9	100a517b-364c-42cf-a54f-4533be408412	(None, 1)
66	0	100a517b-364c-42cf-a54f-4533be408412	((11, 18), 3)
66	1	100a517b-364c-42cf-a54f-4533be408412	((10, 19), 3)
66	2	100a517b-364c-42cf-a54f-4533be408412	((10, 9), 3)
66	3	100a517b-364c-42cf-a54f-4533be408412	((15, 12), 0)
66	4	100a517b-364c-42cf-a54f-4533be408412	((10, 18), 3)
66	5	100a517b-364c-42cf-a54f-4533be408412	((11, 19), 0)
66	6	100a517b-364c-42cf-a54f-4533be408412	((8, 3), 0)
66	7	100a517b-364c-42cf-a54f-4533be408412	((6, 26), 2)
66	8	100a517b-364c-42cf-a54f-4533be408412	(None, 3)
66	9	100a517b-364c-42cf-a54f-4533be408412	(None, 1)
67	0	100a517b-364c-42cf-a54f-4533be408412	((11, 17), 3)
67	1	100a517b-364c-42cf-a54f-4533be408412	((10, 18), 3)
67	2	100a517b-364c-42cf-a54f-4533be408412	((10, 8), 3)
67	3	100a517b-364c-42cf-a54f-4533be408412	((14, 12), 0)
67	4	100a517b-364c-42cf-a54f-4533be408412	((11, 18), 2)
67	5	100a517b-364c-42cf-a54f-4533be408412	((11, 19), 0)
67	6	100a517b-364c-42cf-a54f-4533be408412	((7, 3), 0)
67	7	100a517b-364c-42cf-a54f-4533be408412	((7, 26), 2)
67	8	100a517b-364c-42cf-a54f-4533be408412	(None, 3)
67	9	100a517b-364c-42cf-a54f-4533be408412	(None, 1)
68	0	100a517b-364c-42cf-a54f-4533be408412	((10, 17), 0)
68	1	100a517b-364c-42cf-a54f-4533be408412	((11, 18), 2)
68	2	100a517b-364c-42cf-a54f-4533be408412	((10, 7), 3)
68	3	100a517b-364c-42cf-a54f-4533be408412	((13, 12), 0)
68	4	100a517b-364c-42cf-a54f-4533be408412	((12, 18), 2)
68	5	100a517b-364c-42cf-a54f-4533be408412	((11, 19), 0)
68	6	100a517b-364c-42cf-a54f-4533be408412	((6, 3), 0)
68	7	100a517b-364c-42cf-a54f-4533be408412	((8, 26), 2)
68	8	100a517b-364c-42cf-a54f-4533be408412	(None, 3)
68	9	100a517b-364c-42cf-a54f-4533be408412	(None, 1)
69	0	100a517b-364c-42cf-a54f-4533be408412	((10, 16), 3)
69	1	100a517b-364c-42cf-a54f-4533be408412	((12, 18), 2)
69	2	100a517b-364c-42cf-a54f-4533be408412	((10, 6), 3)
69	3	100a517b-364c-42cf-a54f-4533be408412	((13, 13), 1)
69	4	100a517b-364c-42cf-a54f-4533be408412	((13, 18), 2)
69	5	100a517b-364c-42cf-a54f-4533be408412	((11, 18), 3)
69	6	100a517b-364c-42cf-a54f-4533be408412	((5, 3), 0)
69	7	100a517b-364c-42cf-a54f-4533be408412	((9, 26), 2)
69	8	100a517b-364c-42cf-a54f-4533be408412	(None, 3)
69	9	100a517b-364c-42cf-a54f-4533be408412	(None, 1)
70	0	100a517b-364c-42cf-a54f-4533be408412	((10, 15), 3)
70	1	100a517b-364c-42cf-a54f-4533be408412	((13, 18), 2)
70	2	100a517b-364c-42cf-a54f-4533be408412	((10, 5), 3)
70	3	100a517b-364c-42cf-a54f-4533be408412	((12, 13), 0)
70	4	100a517b-364c-42cf-a54f-4533be408412	((14, 18), 2)
70	5	100a517b-364c-42cf-a54f-4533be408412	((11, 17), 3)
70	6	100a517b-364c-42cf-a54f-4533be408412	((5, 4), 1)
70	7	100a517b-364c-42cf-a54f-4533be408412	((10, 26), 2)
70	8	100a517b-364c-42cf-a54f-4533be408412	(None, 3)
70	9	100a517b-364c-42cf-a54f-4533be408412	(None, 1)
71	0	100a517b-364c-42cf-a54f-4533be408412	((10, 14), 3)
71	1	100a517b-364c-42cf-a54f-4533be408412	((14, 18), 2)
71	2	100a517b-364c-42cf-a54f-4533be408412	((10, 4), 3)
71	3	100a517b-364c-42cf-a54f-4533be408412	((11, 13), 0)
71	4	100a517b-364c-42cf-a54f-4533be408412	((15, 18), 2)
71	5	100a517b-364c-42cf-a54f-4533be408412	((10, 17), 0)
71	6	100a517b-364c-42cf-a54f-4533be408412	((5, 5), 1)
71	7	100a517b-364c-42cf-a54f-4533be408412	((10, 25), 3)
71	8	100a517b-364c-42cf-a54f-4533be408412	(None, 3)
71	9	100a517b-364c-42cf-a54f-4533be408412	(None, 1)
72	0	100a517b-364c-42cf-a54f-4533be408412	((10, 13), 3)
72	1	100a517b-364c-42cf-a54f-4533be408412	((15, 18), 2)
72	2	100a517b-364c-42cf-a54f-4533be408412	((10, 3), 3)
72	3	100a517b-364c-42cf-a54f-4533be408412	((11, 13), 0)
72	4	100a517b-364c-42cf-a54f-4533be408412	((16, 18), 2)
72	5	100a517b-364c-42cf-a54f-4533be408412	((10, 16), 3)
72	6	100a517b-364c-42cf-a54f-4533be408412	((6, 5), 2)
72	7	100a517b-364c-42cf-a54f-4533be408412	((10, 24), 3)
72	8	100a517b-364c-42cf-a54f-4533be408412	(None, 3)
72	9	100a517b-364c-42cf-a54f-4533be408412	(None, 1)
73	0	100a517b-364c-42cf-a54f-4533be408412	((10, 12), 3)
73	1	100a517b-364c-42cf-a54f-4533be408412	((16, 18), 2)
73	2	100a517b-364c-42cf-a54f-4533be408412	((9, 3), 0)
73	3	100a517b-364c-42cf-a54f-4533be408412	((10, 13), 0)
73	4	100a517b-364c-42cf-a54f-4533be408412	((16, 17), 3)
73	5	100a517b-364c-42cf-a54f-4533be408412	((10, 15), 3)
73	6	100a517b-364c-42cf-a54f-4533be408412	((6, 6), 1)
73	7	100a517b-364c-42cf-a54f-4533be408412	((10, 23), 3)
73	8	100a517b-364c-42cf-a54f-4533be408412	(None, 3)
73	9	100a517b-364c-42cf-a54f-4533be408412	(None, 1)
74	0	100a517b-364c-42cf-a54f-4533be408412	((10, 11), 3)
74	1	100a517b-364c-42cf-a54f-4533be408412	((17, 18), 2)
74	2	100a517b-364c-42cf-a54f-4533be408412	((8, 3), 0)
74	3	100a517b-364c-42cf-a54f-4533be408412	((9, 13), 0)
74	4	100a517b-364c-42cf-a54f-4533be408412	((17, 17), 2)
74	5	100a517b-364c-42cf-a54f-4533be408412	((10, 14), 3)
74	6	100a517b-364c-42cf-a54f-4533be408412	((6, 7), 1)
74	7	100a517b-364c-42cf-a54f-4533be408412	((10, 22), 3)
74	8	100a517b-364c-42cf-a54f-4533be408412	(None, 3)
74	9	100a517b-364c-42cf-a54f-4533be408412	(None, 1)
75	0	100a517b-364c-42cf-a54f-4533be408412	((10, 10), 3)
75	1	100a517b-364c-42cf-a54f-4533be408412	((17, 19), 1)
75	2	100a517b-364c-42cf-a54f-4533be408412	((7, 3), 0)
75	3	100a517b-364c-42cf-a54f-4533be408412	((9, 14), 1)
75	4	100a517b-364c-42cf-a54f-4533be408412	(None, 2)
75	5	100a517b-364c-42cf-a54f-4533be408412	((10, 13), 3)
75	6	100a517b-364c-42cf-a54f-4533be408412	(None, 1)
75	7	100a517b-364c-42cf-a54f-4533be408412	((10, 21), 3)
75	8	100a517b-364c-42cf-a54f-4533be408412	(None, 3)
75	9	100a517b-364c-42cf-a54f-4533be408412	(None, 1)
76	0	100a517b-364c-42cf-a54f-4533be408412	((10, 9), 3)
76	1	100a517b-364c-42cf-a54f-4533be408412	(None, 2)
76	2	100a517b-364c-42cf-a54f-4533be408412	((6, 3), 0)
76	3	100a517b-364c-42cf-a54f-4533be408412	((9, 15), 1)
76	4	100a517b-364c-42cf-a54f-4533be408412	(None, 2)
76	5	100a517b-364c-42cf-a54f-4533be408412	((10, 12), 3)
76	6	100a517b-364c-42cf-a54f-4533be408412	(None, 1)
76	7	100a517b-364c-42cf-a54f-4533be408412	((10, 20), 3)
76	8	100a517b-364c-42cf-a54f-4533be408412	(None, 3)
76	9	100a517b-364c-42cf-a54f-4533be408412	(None, 1)
77	0	100a517b-364c-42cf-a54f-4533be408412	((10, 8), 3)
77	1	100a517b-364c-42cf-a54f-4533be408412	(None, 2)
77	2	100a517b-364c-42cf-a54f-4533be408412	((5, 3), 0)
77	3	100a517b-364c-42cf-a54f-4533be408412	((8, 15), 0)
77	4	100a517b-364c-42cf-a54f-4533be408412	(None, 2)
77	5	100a517b-364c-42cf-a54f-4533be408412	((10, 11), 3)
77	6	100a517b-364c-42cf-a54f-4533be408412	(None, 1)
77	7	100a517b-364c-42cf-a54f-4533be408412	((10, 19), 3)
77	8	100a517b-364c-42cf-a54f-4533be408412	(None, 3)
77	9	100a517b-364c-42cf-a54f-4533be408412	(None, 1)
78	0	100a517b-364c-42cf-a54f-4533be408412	((10, 7), 3)
78	1	100a517b-364c-42cf-a54f-4533be408412	(None, 2)
78	2	100a517b-364c-42cf-a54f-4533be408412	((5, 4), 1)
78	3	100a517b-364c-42cf-a54f-4533be408412	((7, 15), 0)
78	4	100a517b-364c-42cf-a54f-4533be408412	(None, 2)
78	5	100a517b-364c-42cf-a54f-4533be408412	((10, 10), 3)
78	6	100a517b-364c-42cf-a54f-4533be408412	(None, 1)
78	7	100a517b-364c-42cf-a54f-4533be408412	((10, 18), 3)
78	8	100a517b-364c-42cf-a54f-4533be408412	(None, 3)
78	9	100a517b-364c-42cf-a54f-4533be408412	(None, 1)
79	0	100a517b-364c-42cf-a54f-4533be408412	((10, 6), 3)
79	1	100a517b-364c-42cf-a54f-4533be408412	(None, 2)
79	2	100a517b-364c-42cf-a54f-4533be408412	((5, 5), 1)
79	3	100a517b-364c-42cf-a54f-4533be408412	((6, 15), 0)
79	4	100a517b-364c-42cf-a54f-4533be408412	(None, 2)
79	5	100a517b-364c-42cf-a54f-4533be408412	((10, 9), 3)
79	6	100a517b-364c-42cf-a54f-4533be408412	(None, 1)
79	7	100a517b-364c-42cf-a54f-4533be408412	((11, 18), 2)
79	8	100a517b-364c-42cf-a54f-4533be408412	(None, 3)
79	9	100a517b-364c-42cf-a54f-4533be408412	(None, 1)
80	0	100a517b-364c-42cf-a54f-4533be408412	((10, 5), 3)
80	1	100a517b-364c-42cf-a54f-4533be408412	(None, 2)
80	2	100a517b-364c-42cf-a54f-4533be408412	((6, 5), 2)
80	3	100a517b-364c-42cf-a54f-4533be408412	((6, 16), 1)
80	4	100a517b-364c-42cf-a54f-4533be408412	(None, 2)
80	5	100a517b-364c-42cf-a54f-4533be408412	((10, 8), 3)
80	6	100a517b-364c-42cf-a54f-4533be408412	(None, 1)
80	7	100a517b-364c-42cf-a54f-4533be408412	((12, 18), 2)
80	8	100a517b-364c-42cf-a54f-4533be408412	(None, 3)
80	9	100a517b-364c-42cf-a54f-4533be408412	(None, 1)
81	0	100a517b-364c-42cf-a54f-4533be408412	((10, 4), 3)
81	1	100a517b-364c-42cf-a54f-4533be408412	(None, 2)
81	2	100a517b-364c-42cf-a54f-4533be408412	((6, 6), 1)
81	3	100a517b-364c-42cf-a54f-4533be408412	((5, 16), 0)
81	4	100a517b-364c-42cf-a54f-4533be408412	(None, 2)
81	5	100a517b-364c-42cf-a54f-4533be408412	((10, 7), 3)
81	6	100a517b-364c-42cf-a54f-4533be408412	(None, 1)
81	7	100a517b-364c-42cf-a54f-4533be408412	((13, 18), 2)
81	8	100a517b-364c-42cf-a54f-4533be408412	(None, 3)
81	9	100a517b-364c-42cf-a54f-4533be408412	(None, 1)
82	0	100a517b-364c-42cf-a54f-4533be408412	((10, 3), 3)
82	1	100a517b-364c-42cf-a54f-4533be408412	(None, 2)
82	2	100a517b-364c-42cf-a54f-4533be408412	((6, 7), 1)
82	3	100a517b-364c-42cf-a54f-4533be408412	((5, 17), 1)
82	4	100a517b-364c-42cf-a54f-4533be408412	(None, 2)
82	5	100a517b-364c-42cf-a54f-4533be408412	((10, 6), 3)
82	6	100a517b-364c-42cf-a54f-4533be408412	(None, 1)
82	7	100a517b-364c-42cf-a54f-4533be408412	((14, 18), 2)
82	8	100a517b-364c-42cf-a54f-4533be408412	(None, 3)
82	9	100a517b-364c-42cf-a54f-4533be408412	(None, 1)
83	0	100a517b-364c-42cf-a54f-4533be408412	((9, 3), 0)
83	1	100a517b-364c-42cf-a54f-4533be408412	(None, 2)
83	2	100a517b-364c-42cf-a54f-4533be408412	(None, 1)
83	3	100a517b-364c-42cf-a54f-4533be408412	((5, 18), 1)
83	4	100a517b-364c-42cf-a54f-4533be408412	(None, 2)
83	5	100a517b-364c-42cf-a54f-4533be408412	((10, 5), 3)
83	6	100a517b-364c-42cf-a54f-4533be408412	(None, 1)
83	7	100a517b-364c-42cf-a54f-4533be408412	((15, 18), 2)
83	8	100a517b-364c-42cf-a54f-4533be408412	(None, 3)
83	9	100a517b-364c-42cf-a54f-4533be408412	(None, 1)
84	0	100a517b-364c-42cf-a54f-4533be408412	((8, 3), 0)
84	1	100a517b-364c-42cf-a54f-4533be408412	(None, 2)
84	2	100a517b-364c-42cf-a54f-4533be408412	(None, 1)
84	3	100a517b-364c-42cf-a54f-4533be408412	((6, 18), 2)
84	4	100a517b-364c-42cf-a54f-4533be408412	(None, 2)
84	5	100a517b-364c-42cf-a54f-4533be408412	((10, 4), 3)
84	6	100a517b-364c-42cf-a54f-4533be408412	(None, 1)
84	7	100a517b-364c-42cf-a54f-4533be408412	((16, 18), 2)
84	8	100a517b-364c-42cf-a54f-4533be408412	(None, 3)
84	9	100a517b-364c-42cf-a54f-4533be408412	(None, 1)
85	0	100a517b-364c-42cf-a54f-4533be408412	((7, 3), 0)
85	1	100a517b-364c-42cf-a54f-4533be408412	(None, 2)
85	2	100a517b-364c-42cf-a54f-4533be408412	(None, 1)
85	3	100a517b-364c-42cf-a54f-4533be408412	((6, 19), 1)
85	4	100a517b-364c-42cf-a54f-4533be408412	(None, 2)
85	5	100a517b-364c-42cf-a54f-4533be408412	((10, 3), 3)
85	6	100a517b-364c-42cf-a54f-4533be408412	(None, 1)
85	7	100a517b-364c-42cf-a54f-4533be408412	((17, 18), 2)
85	8	100a517b-364c-42cf-a54f-4533be408412	(None, 3)
85	9	100a517b-364c-42cf-a54f-4533be408412	(None, 1)
86	0	100a517b-364c-42cf-a54f-4533be408412	((6, 3), 0)
86	1	100a517b-364c-42cf-a54f-4533be408412	(None, 2)
86	2	100a517b-364c-42cf-a54f-4533be408412	(None, 1)
86	3	100a517b-364c-42cf-a54f-4533be408412	((6, 20), 1)
86	4	100a517b-364c-42cf-a54f-4533be408412	(None, 2)
86	5	100a517b-364c-42cf-a54f-4533be408412	((9, 3), 0)
86	6	100a517b-364c-42cf-a54f-4533be408412	(None, 1)
86	7	100a517b-364c-42cf-a54f-4533be408412	((17, 19), 1)
86	8	100a517b-364c-42cf-a54f-4533be408412	(None, 3)
86	9	100a517b-364c-42cf-a54f-4533be408412	(None, 1)
87	0	100a517b-364c-42cf-a54f-4533be408412	((5, 3), 0)
87	1	100a517b-364c-42cf-a54f-4533be408412	(None, 2)
87	2	100a517b-364c-42cf-a54f-4533be408412	(None, 1)
87	3	100a517b-364c-42cf-a54f-4533be408412	(None, 1)
87	4	100a517b-364c-42cf-a54f-4533be408412	(None, 2)
87	5	100a517b-364c-42cf-a54f-4533be408412	((8, 3), 0)
87	6	100a517b-364c-42cf-a54f-4533be408412	(None, 1)
87	7	100a517b-364c-42cf-a54f-4533be408412	(None, 2)
87	8	100a517b-364c-42cf-a54f-4533be408412	(None, 3)
87	9	100a517b-364c-42cf-a54f-4533be408412	(None, 1)
88	0	100a517b-364c-42cf-a54f-4533be408412	((5, 4), 1)
88	1	100a517b-364c-42cf-a54f-4533be408412	(None, 2)
88	2	100a517b-364c-42cf-a54f-4533be408412	(None, 1)
88	3	100a517b-364c-42cf-a54f-4533be408412	(None, 1)
88	4	100a517b-364c-42cf-a54f-4533be408412	(None, 2)
88	5	100a517b-364c-42cf-a54f-4533be408412	((7, 3), 0)
88	6	100a517b-364c-42cf-a54f-4533be408412	(None, 1)
88	7	100a517b-364c-42cf-a54f-4533be408412	(None, 2)
88	8	100a517b-364c-42cf-a54f-4533be408412	(None, 3)
88	9	100a517b-364c-42cf-a54f-4533be408412	(None, 1)
89	0	100a517b-364c-42cf-a54f-4533be408412	((5, 5), 1)
89	1	100a517b-364c-42cf-a54f-4533be408412	(None, 2)
89	2	100a517b-364c-42cf-a54f-4533be408412	(None, 1)
89	3	100a517b-364c-42cf-a54f-4533be408412	(None, 1)
89	4	100a517b-364c-42cf-a54f-4533be408412	(None, 2)
89	5	100a517b-364c-42cf-a54f-4533be408412	((6, 3), 0)
89	6	100a517b-364c-42cf-a54f-4533be408412	(None, 1)
89	7	100a517b-364c-42cf-a54f-4533be408412	(None, 2)
89	8	100a517b-364c-42cf-a54f-4533be408412	(None, 3)
89	9	100a517b-364c-42cf-a54f-4533be408412	(None, 1)
90	0	100a517b-364c-42cf-a54f-4533be408412	((6, 5), 2)
90	1	100a517b-364c-42cf-a54f-4533be408412	(None, 2)
90	2	100a517b-364c-42cf-a54f-4533be408412	(None, 1)
90	3	100a517b-364c-42cf-a54f-4533be408412	(None, 1)
90	4	100a517b-364c-42cf-a54f-4533be408412	(None, 2)
90	5	100a517b-364c-42cf-a54f-4533be408412	((5, 3), 0)
90	6	100a517b-364c-42cf-a54f-4533be408412	(None, 1)
90	7	100a517b-364c-42cf-a54f-4533be408412	(None, 2)
90	8	100a517b-364c-42cf-a54f-4533be408412	(None, 3)
90	9	100a517b-364c-42cf-a54f-4533be408412	(None, 1)
91	0	100a517b-364c-42cf-a54f-4533be408412	((6, 6), 1)
91	1	100a517b-364c-42cf-a54f-4533be408412	(None, 2)
91	2	100a517b-364c-42cf-a54f-4533be408412	(None, 1)
91	3	100a517b-364c-42cf-a54f-4533be408412	(None, 1)
91	4	100a517b-364c-42cf-a54f-4533be408412	(None, 2)
91	5	100a517b-364c-42cf-a54f-4533be408412	((5, 4), 1)
91	6	100a517b-364c-42cf-a54f-4533be408412	(None, 1)
91	7	100a517b-364c-42cf-a54f-4533be408412	(None, 2)
91	8	100a517b-364c-42cf-a54f-4533be408412	(None, 3)
91	9	100a517b-364c-42cf-a54f-4533be408412	(None, 1)
92	0	100a517b-364c-42cf-a54f-4533be408412	((6, 7), 1)
92	1	100a517b-364c-42cf-a54f-4533be408412	(None, 2)
92	2	100a517b-364c-42cf-a54f-4533be408412	(None, 1)
92	3	100a517b-364c-42cf-a54f-4533be408412	(None, 1)
92	4	100a517b-364c-42cf-a54f-4533be408412	(None, 2)
92	5	100a517b-364c-42cf-a54f-4533be408412	((5, 5), 1)
92	6	100a517b-364c-42cf-a54f-4533be408412	(None, 1)
92	7	100a517b-364c-42cf-a54f-4533be408412	(None, 2)
92	8	100a517b-364c-42cf-a54f-4533be408412	(None, 3)
92	9	100a517b-364c-42cf-a54f-4533be408412	(None, 1)
93	0	100a517b-364c-42cf-a54f-4533be408412	(None, 1)
93	1	100a517b-364c-42cf-a54f-4533be408412	(None, 2)
93	2	100a517b-364c-42cf-a54f-4533be408412	(None, 1)
93	3	100a517b-364c-42cf-a54f-4533be408412	(None, 1)
93	4	100a517b-364c-42cf-a54f-4533be408412	(None, 2)
93	5	100a517b-364c-42cf-a54f-4533be408412	((6, 5), 2)
93	6	100a517b-364c-42cf-a54f-4533be408412	(None, 1)
93	7	100a517b-364c-42cf-a54f-4533be408412	(None, 2)
93	8	100a517b-364c-42cf-a54f-4533be408412	(None, 3)
93	9	100a517b-364c-42cf-a54f-4533be408412	(None, 1)
94	0	100a517b-364c-42cf-a54f-4533be408412	(None, 1)
94	1	100a517b-364c-42cf-a54f-4533be408412	(None, 2)
94	2	100a517b-364c-42cf-a54f-4533be408412	(None, 1)
94	3	100a517b-364c-42cf-a54f-4533be408412	(None, 1)
94	4	100a517b-364c-42cf-a54f-4533be408412	(None, 2)
94	5	100a517b-364c-42cf-a54f-4533be408412	((6, 6), 1)
94	6	100a517b-364c-42cf-a54f-4533be408412	(None, 1)
94	7	100a517b-364c-42cf-a54f-4533be408412	(None, 2)
94	8	100a517b-364c-42cf-a54f-4533be408412	(None, 3)
94	9	100a517b-364c-42cf-a54f-4533be408412	(None, 1)
95	0	100a517b-364c-42cf-a54f-4533be408412	(None, 1)
95	1	100a517b-364c-42cf-a54f-4533be408412	(None, 2)
95	2	100a517b-364c-42cf-a54f-4533be408412	(None, 1)
95	3	100a517b-364c-42cf-a54f-4533be408412	(None, 1)
95	4	100a517b-364c-42cf-a54f-4533be408412	(None, 2)
95	5	100a517b-364c-42cf-a54f-4533be408412	((6, 7), 1)
95	6	100a517b-364c-42cf-a54f-4533be408412	(None, 1)
95	7	100a517b-364c-42cf-a54f-4533be408412	(None, 2)
95	8	100a517b-364c-42cf-a54f-4533be408412	(None, 3)
95	9	100a517b-364c-42cf-a54f-4533be408412	(None, 1)
96	0	100a517b-364c-42cf-a54f-4533be408412	(None, 1)
96	1	100a517b-364c-42cf-a54f-4533be408412	(None, 2)
96	2	100a517b-364c-42cf-a54f-4533be408412	(None, 1)
96	3	100a517b-364c-42cf-a54f-4533be408412	(None, 1)
96	4	100a517b-364c-42cf-a54f-4533be408412	(None, 2)
96	5	100a517b-364c-42cf-a54f-4533be408412	(None, 1)
96	6	100a517b-364c-42cf-a54f-4533be408412	(None, 1)
96	7	100a517b-364c-42cf-a54f-4533be408412	(None, 2)
96	8	100a517b-364c-42cf-a54f-4533be408412	(None, 3)
96	9	100a517b-364c-42cf-a54f-4533be408412	(None, 1)
1	0	0f501bec-ec75-4d2a-b7c2-5fdd6e7aad27	(None, 2)
1	1	0f501bec-ec75-4d2a-b7c2-5fdd6e7aad27	(None, 0)
1	2	0f501bec-ec75-4d2a-b7c2-5fdd6e7aad27	(None, 0)
1	3	0f501bec-ec75-4d2a-b7c2-5fdd6e7aad27	(None, 2)
1	4	0f501bec-ec75-4d2a-b7c2-5fdd6e7aad27	(None, 2)
1	5	0f501bec-ec75-4d2a-b7c2-5fdd6e7aad27	(None, 0)
1	6	0f501bec-ec75-4d2a-b7c2-5fdd6e7aad27	(None, 2)
1	7	0f501bec-ec75-4d2a-b7c2-5fdd6e7aad27	(None, 0)
1	8	0f501bec-ec75-4d2a-b7c2-5fdd6e7aad27	(None, 2)
1	9	0f501bec-ec75-4d2a-b7c2-5fdd6e7aad27	(None, 2)
2	0	0f501bec-ec75-4d2a-b7c2-5fdd6e7aad27	(None, 2)
2	1	0f501bec-ec75-4d2a-b7c2-5fdd6e7aad27	(None, 0)
2	2	0f501bec-ec75-4d2a-b7c2-5fdd6e7aad27	(None, 0)
2	3	0f501bec-ec75-4d2a-b7c2-5fdd6e7aad27	((23, 14), 2)
2	4	0f501bec-ec75-4d2a-b7c2-5fdd6e7aad27	((23, 16), 2)
2	5	0f501bec-ec75-4d2a-b7c2-5fdd6e7aad27	(None, 0)
2	6	0f501bec-ec75-4d2a-b7c2-5fdd6e7aad27	(None, 2)
2	7	0f501bec-ec75-4d2a-b7c2-5fdd6e7aad27	(None, 0)
2	8	0f501bec-ec75-4d2a-b7c2-5fdd6e7aad27	(None, 2)
2	9	0f501bec-ec75-4d2a-b7c2-5fdd6e7aad27	(None, 2)
3	0	0f501bec-ec75-4d2a-b7c2-5fdd6e7aad27	((23, 16), 2)
3	1	0f501bec-ec75-4d2a-b7c2-5fdd6e7aad27	(None, 0)
3	2	0f501bec-ec75-4d2a-b7c2-5fdd6e7aad27	(None, 0)
3	3	0f501bec-ec75-4d2a-b7c2-5fdd6e7aad27	((24, 14), 2)
3	4	0f501bec-ec75-4d2a-b7c2-5fdd6e7aad27	((24, 16), 2)
3	5	0f501bec-ec75-4d2a-b7c2-5fdd6e7aad27	((5, 14), 0)
3	6	0f501bec-ec75-4d2a-b7c2-5fdd6e7aad27	(None, 2)
3	7	0f501bec-ec75-4d2a-b7c2-5fdd6e7aad27	(None, 0)
3	8	0f501bec-ec75-4d2a-b7c2-5fdd6e7aad27	(None, 2)
3	9	0f501bec-ec75-4d2a-b7c2-5fdd6e7aad27	(None, 2)
4	0	0f501bec-ec75-4d2a-b7c2-5fdd6e7aad27	((24, 16), 2)
4	1	0f501bec-ec75-4d2a-b7c2-5fdd6e7aad27	(None, 0)
4	2	0f501bec-ec75-4d2a-b7c2-5fdd6e7aad27	(None, 0)
4	3	0f501bec-ec75-4d2a-b7c2-5fdd6e7aad27	((24, 15), 1)
4	4	0f501bec-ec75-4d2a-b7c2-5fdd6e7aad27	((25, 16), 2)
4	5	0f501bec-ec75-4d2a-b7c2-5fdd6e7aad27	((4, 14), 0)
4	6	0f501bec-ec75-4d2a-b7c2-5fdd6e7aad27	((23, 16), 2)
4	7	0f501bec-ec75-4d2a-b7c2-5fdd6e7aad27	(None, 0)
4	8	0f501bec-ec75-4d2a-b7c2-5fdd6e7aad27	(None, 2)
4	9	0f501bec-ec75-4d2a-b7c2-5fdd6e7aad27	(None, 2)
5	0	0f501bec-ec75-4d2a-b7c2-5fdd6e7aad27	((25, 16), 2)
5	1	0f501bec-ec75-4d2a-b7c2-5fdd6e7aad27	(None, 0)
5	2	0f501bec-ec75-4d2a-b7c2-5fdd6e7aad27	(None, 0)
5	3	0f501bec-ec75-4d2a-b7c2-5fdd6e7aad27	((25, 15), 2)
5	4	0f501bec-ec75-4d2a-b7c2-5fdd6e7aad27	((26, 16), 2)
5	5	0f501bec-ec75-4d2a-b7c2-5fdd6e7aad27	((3, 14), 0)
5	6	0f501bec-ec75-4d2a-b7c2-5fdd6e7aad27	((24, 16), 2)
5	7	0f501bec-ec75-4d2a-b7c2-5fdd6e7aad27	(None, 0)
5	8	0f501bec-ec75-4d2a-b7c2-5fdd6e7aad27	(None, 2)
5	9	0f501bec-ec75-4d2a-b7c2-5fdd6e7aad27	(None, 2)
6	0	0f501bec-ec75-4d2a-b7c2-5fdd6e7aad27	((26, 16), 2)
6	1	0f501bec-ec75-4d2a-b7c2-5fdd6e7aad27	((5, 14), 0)
6	2	0f501bec-ec75-4d2a-b7c2-5fdd6e7aad27	(None, 0)
6	3	0f501bec-ec75-4d2a-b7c2-5fdd6e7aad27	((25, 16), 1)
6	4	0f501bec-ec75-4d2a-b7c2-5fdd6e7aad27	((27, 16), 2)
6	5	0f501bec-ec75-4d2a-b7c2-5fdd6e7aad27	((2, 14), 0)
6	6	0f501bec-ec75-4d2a-b7c2-5fdd6e7aad27	((24, 16), 2)
6	7	0f501bec-ec75-4d2a-b7c2-5fdd6e7aad27	(None, 0)
6	8	0f501bec-ec75-4d2a-b7c2-5fdd6e7aad27	(None, 2)
6	9	0f501bec-ec75-4d2a-b7c2-5fdd6e7aad27	(None, 2)
7	0	0f501bec-ec75-4d2a-b7c2-5fdd6e7aad27	((27, 16), 2)
7	1	0f501bec-ec75-4d2a-b7c2-5fdd6e7aad27	((4, 14), 0)
7	2	0f501bec-ec75-4d2a-b7c2-5fdd6e7aad27	((5, 14), 0)
7	3	0f501bec-ec75-4d2a-b7c2-5fdd6e7aad27	((26, 16), 2)
7	4	0f501bec-ec75-4d2a-b7c2-5fdd6e7aad27	((28, 16), 2)
7	5	0f501bec-ec75-4d2a-b7c2-5fdd6e7aad27	((1, 14), 0)
7	6	0f501bec-ec75-4d2a-b7c2-5fdd6e7aad27	((25, 16), 2)
7	7	0f501bec-ec75-4d2a-b7c2-5fdd6e7aad27	(None, 0)
7	8	0f501bec-ec75-4d2a-b7c2-5fdd6e7aad27	((23, 16), 2)
7	9	0f501bec-ec75-4d2a-b7c2-5fdd6e7aad27	(None, 2)
8	0	0f501bec-ec75-4d2a-b7c2-5fdd6e7aad27	((28, 16), 2)
8	1	0f501bec-ec75-4d2a-b7c2-5fdd6e7aad27	((3, 14), 0)
8	2	0f501bec-ec75-4d2a-b7c2-5fdd6e7aad27	((4, 14), 0)
8	3	0f501bec-ec75-4d2a-b7c2-5fdd6e7aad27	((27, 16), 2)
8	4	0f501bec-ec75-4d2a-b7c2-5fdd6e7aad27	((28, 17), 1)
8	5	0f501bec-ec75-4d2a-b7c2-5fdd6e7aad27	((0, 14), 0)
8	6	0f501bec-ec75-4d2a-b7c2-5fdd6e7aad27	((26, 16), 2)
8	7	0f501bec-ec75-4d2a-b7c2-5fdd6e7aad27	((5, 14), 0)
8	8	0f501bec-ec75-4d2a-b7c2-5fdd6e7aad27	((24, 16), 2)
8	9	0f501bec-ec75-4d2a-b7c2-5fdd6e7aad27	(None, 2)
9	0	0f501bec-ec75-4d2a-b7c2-5fdd6e7aad27	((28, 17), 1)
9	1	0f501bec-ec75-4d2a-b7c2-5fdd6e7aad27	((2, 14), 0)
9	2	0f501bec-ec75-4d2a-b7c2-5fdd6e7aad27	((3, 14), 0)
9	3	0f501bec-ec75-4d2a-b7c2-5fdd6e7aad27	((28, 16), 2)
9	4	0f501bec-ec75-4d2a-b7c2-5fdd6e7aad27	((28, 18), 1)
9	5	0f501bec-ec75-4d2a-b7c2-5fdd6e7aad27	((0, 15), 1)
9	6	0f501bec-ec75-4d2a-b7c2-5fdd6e7aad27	((27, 16), 2)
9	7	0f501bec-ec75-4d2a-b7c2-5fdd6e7aad27	((4, 14), 0)
9	8	0f501bec-ec75-4d2a-b7c2-5fdd6e7aad27	((25, 16), 2)
9	9	0f501bec-ec75-4d2a-b7c2-5fdd6e7aad27	(None, 2)
10	0	0f501bec-ec75-4d2a-b7c2-5fdd6e7aad27	((28, 18), 1)
10	1	0f501bec-ec75-4d2a-b7c2-5fdd6e7aad27	((1, 14), 0)
10	2	0f501bec-ec75-4d2a-b7c2-5fdd6e7aad27	((2, 14), 0)
10	3	0f501bec-ec75-4d2a-b7c2-5fdd6e7aad27	((28, 17), 1)
10	4	0f501bec-ec75-4d2a-b7c2-5fdd6e7aad27	((28, 19), 1)
10	5	0f501bec-ec75-4d2a-b7c2-5fdd6e7aad27	((0, 16), 1)
10	6	0f501bec-ec75-4d2a-b7c2-5fdd6e7aad27	((28, 16), 2)
10	7	0f501bec-ec75-4d2a-b7c2-5fdd6e7aad27	((3, 14), 0)
10	8	0f501bec-ec75-4d2a-b7c2-5fdd6e7aad27	((26, 16), 2)
10	9	0f501bec-ec75-4d2a-b7c2-5fdd6e7aad27	(None, 2)
11	0	0f501bec-ec75-4d2a-b7c2-5fdd6e7aad27	((28, 19), 1)
11	1	0f501bec-ec75-4d2a-b7c2-5fdd6e7aad27	((0, 14), 0)
11	2	0f501bec-ec75-4d2a-b7c2-5fdd6e7aad27	((1, 14), 0)
11	3	0f501bec-ec75-4d2a-b7c2-5fdd6e7aad27	((28, 18), 1)
11	4	0f501bec-ec75-4d2a-b7c2-5fdd6e7aad27	((28, 20), 1)
11	5	0f501bec-ec75-4d2a-b7c2-5fdd6e7aad27	((0, 17), 1)
11	6	0f501bec-ec75-4d2a-b7c2-5fdd6e7aad27	((28, 17), 1)
11	7	0f501bec-ec75-4d2a-b7c2-5fdd6e7aad27	((2, 14), 0)
11	8	0f501bec-ec75-4d2a-b7c2-5fdd6e7aad27	((27, 16), 2)
11	9	0f501bec-ec75-4d2a-b7c2-5fdd6e7aad27	(None, 2)
12	0	0f501bec-ec75-4d2a-b7c2-5fdd6e7aad27	((28, 20), 1)
12	1	0f501bec-ec75-4d2a-b7c2-5fdd6e7aad27	((0, 15), 1)
12	2	0f501bec-ec75-4d2a-b7c2-5fdd6e7aad27	((0, 14), 0)
12	3	0f501bec-ec75-4d2a-b7c2-5fdd6e7aad27	((28, 19), 1)
12	4	0f501bec-ec75-4d2a-b7c2-5fdd6e7aad27	((27, 20), 0)
12	5	0f501bec-ec75-4d2a-b7c2-5fdd6e7aad27	((0, 18), 1)
12	6	0f501bec-ec75-4d2a-b7c2-5fdd6e7aad27	((28, 18), 1)
12	7	0f501bec-ec75-4d2a-b7c2-5fdd6e7aad27	((1, 14), 0)
12	8	0f501bec-ec75-4d2a-b7c2-5fdd6e7aad27	((28, 16), 2)
12	9	0f501bec-ec75-4d2a-b7c2-5fdd6e7aad27	(None, 2)
13	0	0f501bec-ec75-4d2a-b7c2-5fdd6e7aad27	((27, 20), 0)
13	1	0f501bec-ec75-4d2a-b7c2-5fdd6e7aad27	((0, 16), 1)
13	2	0f501bec-ec75-4d2a-b7c2-5fdd6e7aad27	((0, 15), 1)
13	3	0f501bec-ec75-4d2a-b7c2-5fdd6e7aad27	((28, 20), 1)
13	4	0f501bec-ec75-4d2a-b7c2-5fdd6e7aad27	((26, 20), 0)
13	5	0f501bec-ec75-4d2a-b7c2-5fdd6e7aad27	((0, 19), 1)
13	6	0f501bec-ec75-4d2a-b7c2-5fdd6e7aad27	((28, 19), 1)
13	7	0f501bec-ec75-4d2a-b7c2-5fdd6e7aad27	((0, 14), 0)
13	8	0f501bec-ec75-4d2a-b7c2-5fdd6e7aad27	((28, 17), 1)
13	9	0f501bec-ec75-4d2a-b7c2-5fdd6e7aad27	(None, 2)
14	0	0f501bec-ec75-4d2a-b7c2-5fdd6e7aad27	((26, 20), 0)
14	1	0f501bec-ec75-4d2a-b7c2-5fdd6e7aad27	((0, 17), 1)
14	2	0f501bec-ec75-4d2a-b7c2-5fdd6e7aad27	((0, 16), 1)
14	3	0f501bec-ec75-4d2a-b7c2-5fdd6e7aad27	((27, 20), 0)
14	4	0f501bec-ec75-4d2a-b7c2-5fdd6e7aad27	((25, 20), 0)
14	5	0f501bec-ec75-4d2a-b7c2-5fdd6e7aad27	((1, 19), 2)
14	6	0f501bec-ec75-4d2a-b7c2-5fdd6e7aad27	((28, 20), 1)
14	7	0f501bec-ec75-4d2a-b7c2-5fdd6e7aad27	((0, 15), 1)
14	8	0f501bec-ec75-4d2a-b7c2-5fdd6e7aad27	((28, 18), 1)
14	9	0f501bec-ec75-4d2a-b7c2-5fdd6e7aad27	((5, 14), 2)
15	0	0f501bec-ec75-4d2a-b7c2-5fdd6e7aad27	((25, 20), 0)
15	1	0f501bec-ec75-4d2a-b7c2-5fdd6e7aad27	((0, 18), 1)
15	2	0f501bec-ec75-4d2a-b7c2-5fdd6e7aad27	((0, 17), 1)
15	3	0f501bec-ec75-4d2a-b7c2-5fdd6e7aad27	((26, 20), 0)
15	4	0f501bec-ec75-4d2a-b7c2-5fdd6e7aad27	((24, 20), 0)
15	5	0f501bec-ec75-4d2a-b7c2-5fdd6e7aad27	((2, 19), 2)
15	6	0f501bec-ec75-4d2a-b7c2-5fdd6e7aad27	((27, 20), 0)
15	7	0f501bec-ec75-4d2a-b7c2-5fdd6e7aad27	((0, 16), 1)
15	8	0f501bec-ec75-4d2a-b7c2-5fdd6e7aad27	((28, 19), 1)
15	9	0f501bec-ec75-4d2a-b7c2-5fdd6e7aad27	((6, 14), 2)
16	0	0f501bec-ec75-4d2a-b7c2-5fdd6e7aad27	((24, 20), 0)
16	1	0f501bec-ec75-4d2a-b7c2-5fdd6e7aad27	((0, 19), 1)
16	2	0f501bec-ec75-4d2a-b7c2-5fdd6e7aad27	((0, 18), 1)
16	3	0f501bec-ec75-4d2a-b7c2-5fdd6e7aad27	((25, 20), 0)
16	4	0f501bec-ec75-4d2a-b7c2-5fdd6e7aad27	((23, 20), 0)
16	5	0f501bec-ec75-4d2a-b7c2-5fdd6e7aad27	((3, 19), 2)
16	6	0f501bec-ec75-4d2a-b7c2-5fdd6e7aad27	((26, 20), 0)
16	7	0f501bec-ec75-4d2a-b7c2-5fdd6e7aad27	((0, 17), 1)
16	8	0f501bec-ec75-4d2a-b7c2-5fdd6e7aad27	((28, 20), 1)
16	9	0f501bec-ec75-4d2a-b7c2-5fdd6e7aad27	((7, 14), 2)
17	0	0f501bec-ec75-4d2a-b7c2-5fdd6e7aad27	((23, 20), 0)
17	1	0f501bec-ec75-4d2a-b7c2-5fdd6e7aad27	((1, 19), 2)
17	2	0f501bec-ec75-4d2a-b7c2-5fdd6e7aad27	((0, 19), 1)
17	3	0f501bec-ec75-4d2a-b7c2-5fdd6e7aad27	((24, 20), 0)
17	4	0f501bec-ec75-4d2a-b7c2-5fdd6e7aad27	((22, 20), 0)
17	5	0f501bec-ec75-4d2a-b7c2-5fdd6e7aad27	((4, 19), 2)
17	6	0f501bec-ec75-4d2a-b7c2-5fdd6e7aad27	((25, 20), 0)
17	7	0f501bec-ec75-4d2a-b7c2-5fdd6e7aad27	((0, 18), 1)
17	8	0f501bec-ec75-4d2a-b7c2-5fdd6e7aad27	((27, 20), 0)
17	9	0f501bec-ec75-4d2a-b7c2-5fdd6e7aad27	((8, 14), 2)
18	0	0f501bec-ec75-4d2a-b7c2-5fdd6e7aad27	((22, 20), 0)
18	1	0f501bec-ec75-4d2a-b7c2-5fdd6e7aad27	((2, 19), 2)
18	2	0f501bec-ec75-4d2a-b7c2-5fdd6e7aad27	((1, 19), 2)
18	3	0f501bec-ec75-4d2a-b7c2-5fdd6e7aad27	((23, 20), 0)
18	4	0f501bec-ec75-4d2a-b7c2-5fdd6e7aad27	((21, 20), 0)
18	5	0f501bec-ec75-4d2a-b7c2-5fdd6e7aad27	((5, 19), 2)
18	6	0f501bec-ec75-4d2a-b7c2-5fdd6e7aad27	((24, 20), 0)
18	7	0f501bec-ec75-4d2a-b7c2-5fdd6e7aad27	((0, 19), 1)
18	8	0f501bec-ec75-4d2a-b7c2-5fdd6e7aad27	((26, 20), 0)
18	9	0f501bec-ec75-4d2a-b7c2-5fdd6e7aad27	((9, 14), 2)
19	0	0f501bec-ec75-4d2a-b7c2-5fdd6e7aad27	((21, 20), 0)
19	1	0f501bec-ec75-4d2a-b7c2-5fdd6e7aad27	((3, 19), 2)
19	2	0f501bec-ec75-4d2a-b7c2-5fdd6e7aad27	((2, 19), 2)
19	3	0f501bec-ec75-4d2a-b7c2-5fdd6e7aad27	((22, 20), 0)
19	4	0f501bec-ec75-4d2a-b7c2-5fdd6e7aad27	((20, 20), 0)
19	5	0f501bec-ec75-4d2a-b7c2-5fdd6e7aad27	((6, 19), 2)
19	6	0f501bec-ec75-4d2a-b7c2-5fdd6e7aad27	((23, 20), 0)
19	7	0f501bec-ec75-4d2a-b7c2-5fdd6e7aad27	((1, 19), 2)
19	8	0f501bec-ec75-4d2a-b7c2-5fdd6e7aad27	((25, 20), 0)
19	9	0f501bec-ec75-4d2a-b7c2-5fdd6e7aad27	((10, 14), 2)
20	0	0f501bec-ec75-4d2a-b7c2-5fdd6e7aad27	((20, 20), 0)
20	1	0f501bec-ec75-4d2a-b7c2-5fdd6e7aad27	((4, 19), 2)
20	2	0f501bec-ec75-4d2a-b7c2-5fdd6e7aad27	((3, 19), 2)
20	3	0f501bec-ec75-4d2a-b7c2-5fdd6e7aad27	((21, 20), 0)
20	4	0f501bec-ec75-4d2a-b7c2-5fdd6e7aad27	((19, 20), 0)
20	5	0f501bec-ec75-4d2a-b7c2-5fdd6e7aad27	((7, 19), 2)
20	6	0f501bec-ec75-4d2a-b7c2-5fdd6e7aad27	((22, 20), 0)
20	7	0f501bec-ec75-4d2a-b7c2-5fdd6e7aad27	((2, 19), 2)
20	8	0f501bec-ec75-4d2a-b7c2-5fdd6e7aad27	((24, 20), 0)
20	9	0f501bec-ec75-4d2a-b7c2-5fdd6e7aad27	((11, 14), 2)
21	0	0f501bec-ec75-4d2a-b7c2-5fdd6e7aad27	((19, 20), 0)
21	1	0f501bec-ec75-4d2a-b7c2-5fdd6e7aad27	((5, 19), 2)
21	2	0f501bec-ec75-4d2a-b7c2-5fdd6e7aad27	((4, 19), 2)
21	3	0f501bec-ec75-4d2a-b7c2-5fdd6e7aad27	((20, 20), 0)
21	4	0f501bec-ec75-4d2a-b7c2-5fdd6e7aad27	((18, 20), 0)
21	5	0f501bec-ec75-4d2a-b7c2-5fdd6e7aad27	((8, 19), 2)
21	6	0f501bec-ec75-4d2a-b7c2-5fdd6e7aad27	((21, 20), 0)
21	7	0f501bec-ec75-4d2a-b7c2-5fdd6e7aad27	((3, 19), 2)
21	8	0f501bec-ec75-4d2a-b7c2-5fdd6e7aad27	((23, 20), 0)
21	9	0f501bec-ec75-4d2a-b7c2-5fdd6e7aad27	((12, 14), 2)
22	0	0f501bec-ec75-4d2a-b7c2-5fdd6e7aad27	((18, 20), 0)
22	1	0f501bec-ec75-4d2a-b7c2-5fdd6e7aad27	((6, 19), 2)
22	2	0f501bec-ec75-4d2a-b7c2-5fdd6e7aad27	((5, 19), 2)
22	3	0f501bec-ec75-4d2a-b7c2-5fdd6e7aad27	((19, 20), 0)
22	4	0f501bec-ec75-4d2a-b7c2-5fdd6e7aad27	((18, 19), 3)
22	5	0f501bec-ec75-4d2a-b7c2-5fdd6e7aad27	((9, 19), 2)
22	6	0f501bec-ec75-4d2a-b7c2-5fdd6e7aad27	((20, 20), 0)
22	7	0f501bec-ec75-4d2a-b7c2-5fdd6e7aad27	((4, 19), 2)
22	8	0f501bec-ec75-4d2a-b7c2-5fdd6e7aad27	((22, 20), 0)
22	9	0f501bec-ec75-4d2a-b7c2-5fdd6e7aad27	((13, 14), 2)
23	0	0f501bec-ec75-4d2a-b7c2-5fdd6e7aad27	((18, 19), 3)
23	1	0f501bec-ec75-4d2a-b7c2-5fdd6e7aad27	((7, 19), 2)
23	2	0f501bec-ec75-4d2a-b7c2-5fdd6e7aad27	((6, 19), 2)
23	3	0f501bec-ec75-4d2a-b7c2-5fdd6e7aad27	((18, 20), 0)
23	4	0f501bec-ec75-4d2a-b7c2-5fdd6e7aad27	((18, 18), 3)
23	5	0f501bec-ec75-4d2a-b7c2-5fdd6e7aad27	((10, 19), 2)
23	6	0f501bec-ec75-4d2a-b7c2-5fdd6e7aad27	((19, 20), 0)
23	7	0f501bec-ec75-4d2a-b7c2-5fdd6e7aad27	((5, 19), 2)
23	8	0f501bec-ec75-4d2a-b7c2-5fdd6e7aad27	((21, 20), 0)
23	9	0f501bec-ec75-4d2a-b7c2-5fdd6e7aad27	((14, 14), 2)
24	0	0f501bec-ec75-4d2a-b7c2-5fdd6e7aad27	((18, 18), 3)
24	1	0f501bec-ec75-4d2a-b7c2-5fdd6e7aad27	((8, 19), 2)
24	2	0f501bec-ec75-4d2a-b7c2-5fdd6e7aad27	((7, 19), 2)
24	3	0f501bec-ec75-4d2a-b7c2-5fdd6e7aad27	((18, 19), 3)
24	4	0f501bec-ec75-4d2a-b7c2-5fdd6e7aad27	((18, 17), 3)
24	5	0f501bec-ec75-4d2a-b7c2-5fdd6e7aad27	((11, 19), 2)
24	6	0f501bec-ec75-4d2a-b7c2-5fdd6e7aad27	((18, 20), 0)
24	7	0f501bec-ec75-4d2a-b7c2-5fdd6e7aad27	((6, 19), 2)
24	8	0f501bec-ec75-4d2a-b7c2-5fdd6e7aad27	((20, 20), 0)
24	9	0f501bec-ec75-4d2a-b7c2-5fdd6e7aad27	((15, 14), 2)
25	0	0f501bec-ec75-4d2a-b7c2-5fdd6e7aad27	((18, 17), 3)
25	1	0f501bec-ec75-4d2a-b7c2-5fdd6e7aad27	((9, 19), 2)
25	2	0f501bec-ec75-4d2a-b7c2-5fdd6e7aad27	((8, 19), 2)
25	3	0f501bec-ec75-4d2a-b7c2-5fdd6e7aad27	((18, 18), 3)
25	4	0f501bec-ec75-4d2a-b7c2-5fdd6e7aad27	((17, 17), 0)
25	5	0f501bec-ec75-4d2a-b7c2-5fdd6e7aad27	((11, 18), 3)
25	6	0f501bec-ec75-4d2a-b7c2-5fdd6e7aad27	((18, 19), 3)
25	7	0f501bec-ec75-4d2a-b7c2-5fdd6e7aad27	((7, 19), 2)
25	8	0f501bec-ec75-4d2a-b7c2-5fdd6e7aad27	((19, 20), 0)
25	9	0f501bec-ec75-4d2a-b7c2-5fdd6e7aad27	((16, 14), 2)
26	0	0f501bec-ec75-4d2a-b7c2-5fdd6e7aad27	((17, 17), 0)
26	1	0f501bec-ec75-4d2a-b7c2-5fdd6e7aad27	((10, 19), 2)
26	2	0f501bec-ec75-4d2a-b7c2-5fdd6e7aad27	((9, 19), 2)
26	3	0f501bec-ec75-4d2a-b7c2-5fdd6e7aad27	((18, 17), 3)
26	4	0f501bec-ec75-4d2a-b7c2-5fdd6e7aad27	((16, 17), 0)
26	5	0f501bec-ec75-4d2a-b7c2-5fdd6e7aad27	((11, 17), 3)
26	6	0f501bec-ec75-4d2a-b7c2-5fdd6e7aad27	((18, 18), 3)
26	7	0f501bec-ec75-4d2a-b7c2-5fdd6e7aad27	((8, 19), 2)
26	8	0f501bec-ec75-4d2a-b7c2-5fdd6e7aad27	((18, 20), 0)
26	9	0f501bec-ec75-4d2a-b7c2-5fdd6e7aad27	((17, 14), 2)
27	0	0f501bec-ec75-4d2a-b7c2-5fdd6e7aad27	((16, 17), 0)
27	1	0f501bec-ec75-4d2a-b7c2-5fdd6e7aad27	((11, 19), 2)
27	2	0f501bec-ec75-4d2a-b7c2-5fdd6e7aad27	((10, 19), 2)
27	3	0f501bec-ec75-4d2a-b7c2-5fdd6e7aad27	((17, 17), 0)
27	4	0f501bec-ec75-4d2a-b7c2-5fdd6e7aad27	((15, 17), 0)
27	5	0f501bec-ec75-4d2a-b7c2-5fdd6e7aad27	((11, 16), 3)
27	6	0f501bec-ec75-4d2a-b7c2-5fdd6e7aad27	((18, 17), 3)
27	7	0f501bec-ec75-4d2a-b7c2-5fdd6e7aad27	((9, 19), 2)
27	8	0f501bec-ec75-4d2a-b7c2-5fdd6e7aad27	((18, 19), 3)
27	9	0f501bec-ec75-4d2a-b7c2-5fdd6e7aad27	((18, 14), 2)
28	0	0f501bec-ec75-4d2a-b7c2-5fdd6e7aad27	((15, 17), 0)
28	1	0f501bec-ec75-4d2a-b7c2-5fdd6e7aad27	((11, 18), 3)
28	2	0f501bec-ec75-4d2a-b7c2-5fdd6e7aad27	((11, 19), 2)
28	3	0f501bec-ec75-4d2a-b7c2-5fdd6e7aad27	((16, 17), 0)
28	4	0f501bec-ec75-4d2a-b7c2-5fdd6e7aad27	((14, 17), 0)
28	5	0f501bec-ec75-4d2a-b7c2-5fdd6e7aad27	((12, 16), 2)
28	6	0f501bec-ec75-4d2a-b7c2-5fdd6e7aad27	((17, 17), 0)
28	7	0f501bec-ec75-4d2a-b7c2-5fdd6e7aad27	((10, 19), 2)
28	8	0f501bec-ec75-4d2a-b7c2-5fdd6e7aad27	((18, 18), 3)
28	9	0f501bec-ec75-4d2a-b7c2-5fdd6e7aad27	((18, 15), 1)
29	0	0f501bec-ec75-4d2a-b7c2-5fdd6e7aad27	((14, 17), 0)
29	1	0f501bec-ec75-4d2a-b7c2-5fdd6e7aad27	((11, 17), 3)
29	2	0f501bec-ec75-4d2a-b7c2-5fdd6e7aad27	((11, 18), 3)
29	3	0f501bec-ec75-4d2a-b7c2-5fdd6e7aad27	((15, 17), 0)
29	4	0f501bec-ec75-4d2a-b7c2-5fdd6e7aad27	((13, 17), 0)
29	5	0f501bec-ec75-4d2a-b7c2-5fdd6e7aad27	((13, 16), 2)
29	6	0f501bec-ec75-4d2a-b7c2-5fdd6e7aad27	((16, 17), 0)
29	7	0f501bec-ec75-4d2a-b7c2-5fdd6e7aad27	((11, 19), 2)
29	8	0f501bec-ec75-4d2a-b7c2-5fdd6e7aad27	((18, 17), 3)
29	9	0f501bec-ec75-4d2a-b7c2-5fdd6e7aad27	((18, 16), 1)
30	0	0f501bec-ec75-4d2a-b7c2-5fdd6e7aad27	((13, 17), 0)
30	1	0f501bec-ec75-4d2a-b7c2-5fdd6e7aad27	((11, 16), 3)
30	2	0f501bec-ec75-4d2a-b7c2-5fdd6e7aad27	((11, 17), 3)
30	3	0f501bec-ec75-4d2a-b7c2-5fdd6e7aad27	((14, 17), 0)
30	4	0f501bec-ec75-4d2a-b7c2-5fdd6e7aad27	((12, 17), 0)
30	5	0f501bec-ec75-4d2a-b7c2-5fdd6e7aad27	((14, 16), 2)
30	6	0f501bec-ec75-4d2a-b7c2-5fdd6e7aad27	((15, 17), 0)
30	7	0f501bec-ec75-4d2a-b7c2-5fdd6e7aad27	((11, 18), 3)
30	8	0f501bec-ec75-4d2a-b7c2-5fdd6e7aad27	((17, 17), 0)
30	9	0f501bec-ec75-4d2a-b7c2-5fdd6e7aad27	((19, 16), 2)
31	0	0f501bec-ec75-4d2a-b7c2-5fdd6e7aad27	((13, 17), 0)
31	1	0f501bec-ec75-4d2a-b7c2-5fdd6e7aad27	((12, 16), 2)
31	2	0f501bec-ec75-4d2a-b7c2-5fdd6e7aad27	((11, 16), 3)
31	3	0f501bec-ec75-4d2a-b7c2-5fdd6e7aad27	((14, 17), 0)
31	4	0f501bec-ec75-4d2a-b7c2-5fdd6e7aad27	((12, 17), 0)
31	5	0f501bec-ec75-4d2a-b7c2-5fdd6e7aad27	((15, 16), 2)
31	6	0f501bec-ec75-4d2a-b7c2-5fdd6e7aad27	((15, 17), 0)
31	7	0f501bec-ec75-4d2a-b7c2-5fdd6e7aad27	((11, 17), 3)
31	8	0f501bec-ec75-4d2a-b7c2-5fdd6e7aad27	((16, 17), 0)
31	9	0f501bec-ec75-4d2a-b7c2-5fdd6e7aad27	((20, 16), 2)
32	0	0f501bec-ec75-4d2a-b7c2-5fdd6e7aad27	((13, 17), 0)
32	1	0f501bec-ec75-4d2a-b7c2-5fdd6e7aad27	((13, 16), 2)
32	2	0f501bec-ec75-4d2a-b7c2-5fdd6e7aad27	((12, 16), 2)
32	3	0f501bec-ec75-4d2a-b7c2-5fdd6e7aad27	((14, 17), 0)
32	4	0f501bec-ec75-4d2a-b7c2-5fdd6e7aad27	((12, 17), 0)
32	5	0f501bec-ec75-4d2a-b7c2-5fdd6e7aad27	((16, 16), 2)
32	6	0f501bec-ec75-4d2a-b7c2-5fdd6e7aad27	((15, 17), 0)
32	7	0f501bec-ec75-4d2a-b7c2-5fdd6e7aad27	((11, 16), 3)
32	8	0f501bec-ec75-4d2a-b7c2-5fdd6e7aad27	((16, 17), 0)
32	9	0f501bec-ec75-4d2a-b7c2-5fdd6e7aad27	((21, 16), 2)
33	0	0f501bec-ec75-4d2a-b7c2-5fdd6e7aad27	((12, 17), 0)
33	1	0f501bec-ec75-4d2a-b7c2-5fdd6e7aad27	((14, 16), 2)
33	2	0f501bec-ec75-4d2a-b7c2-5fdd6e7aad27	((13, 16), 2)
33	3	0f501bec-ec75-4d2a-b7c2-5fdd6e7aad27	((13, 17), 0)
33	4	0f501bec-ec75-4d2a-b7c2-5fdd6e7aad27	((12, 16), 3)
33	5	0f501bec-ec75-4d2a-b7c2-5fdd6e7aad27	((17, 16), 2)
33	6	0f501bec-ec75-4d2a-b7c2-5fdd6e7aad27	((14, 17), 0)
33	7	0f501bec-ec75-4d2a-b7c2-5fdd6e7aad27	((11, 16), 3)
33	8	0f501bec-ec75-4d2a-b7c2-5fdd6e7aad27	((15, 17), 0)
33	9	0f501bec-ec75-4d2a-b7c2-5fdd6e7aad27	((21, 15), 3)
34	0	0f501bec-ec75-4d2a-b7c2-5fdd6e7aad27	((12, 16), 3)
34	1	0f501bec-ec75-4d2a-b7c2-5fdd6e7aad27	((15, 16), 2)
34	2	0f501bec-ec75-4d2a-b7c2-5fdd6e7aad27	((14, 16), 2)
34	3	0f501bec-ec75-4d2a-b7c2-5fdd6e7aad27	((12, 17), 0)
34	4	0f501bec-ec75-4d2a-b7c2-5fdd6e7aad27	((12, 15), 3)
34	5	0f501bec-ec75-4d2a-b7c2-5fdd6e7aad27	((18, 16), 2)
34	6	0f501bec-ec75-4d2a-b7c2-5fdd6e7aad27	((13, 17), 0)
34	7	0f501bec-ec75-4d2a-b7c2-5fdd6e7aad27	((11, 16), 3)
34	8	0f501bec-ec75-4d2a-b7c2-5fdd6e7aad27	((14, 17), 0)
34	9	0f501bec-ec75-4d2a-b7c2-5fdd6e7aad27	((22, 15), 2)
35	0	0f501bec-ec75-4d2a-b7c2-5fdd6e7aad27	((12, 15), 3)
35	1	0f501bec-ec75-4d2a-b7c2-5fdd6e7aad27	((16, 16), 2)
35	2	0f501bec-ec75-4d2a-b7c2-5fdd6e7aad27	((15, 16), 2)
35	3	0f501bec-ec75-4d2a-b7c2-5fdd6e7aad27	((12, 16), 3)
35	4	0f501bec-ec75-4d2a-b7c2-5fdd6e7aad27	((11, 15), 0)
35	5	0f501bec-ec75-4d2a-b7c2-5fdd6e7aad27	((18, 15), 3)
35	6	0f501bec-ec75-4d2a-b7c2-5fdd6e7aad27	((12, 17), 0)
35	7	0f501bec-ec75-4d2a-b7c2-5fdd6e7aad27	((11, 16), 3)
35	8	0f501bec-ec75-4d2a-b7c2-5fdd6e7aad27	((13, 17), 0)
35	9	0f501bec-ec75-4d2a-b7c2-5fdd6e7aad27	(None, 2)
36	0	0f501bec-ec75-4d2a-b7c2-5fdd6e7aad27	((11, 15), 0)
36	1	0f501bec-ec75-4d2a-b7c2-5fdd6e7aad27	((17, 16), 2)
36	2	0f501bec-ec75-4d2a-b7c2-5fdd6e7aad27	((16, 16), 2)
36	3	0f501bec-ec75-4d2a-b7c2-5fdd6e7aad27	((12, 15), 3)
36	4	0f501bec-ec75-4d2a-b7c2-5fdd6e7aad27	((10, 15), 0)
36	5	0f501bec-ec75-4d2a-b7c2-5fdd6e7aad27	((19, 15), 2)
36	6	0f501bec-ec75-4d2a-b7c2-5fdd6e7aad27	((12, 16), 3)
36	7	0f501bec-ec75-4d2a-b7c2-5fdd6e7aad27	((11, 16), 3)
36	8	0f501bec-ec75-4d2a-b7c2-5fdd6e7aad27	((12, 17), 0)
36	9	0f501bec-ec75-4d2a-b7c2-5fdd6e7aad27	(None, 2)
37	0	0f501bec-ec75-4d2a-b7c2-5fdd6e7aad27	((10, 15), 0)
37	1	0f501bec-ec75-4d2a-b7c2-5fdd6e7aad27	((18, 16), 2)
37	2	0f501bec-ec75-4d2a-b7c2-5fdd6e7aad27	((17, 16), 2)
37	3	0f501bec-ec75-4d2a-b7c2-5fdd6e7aad27	((11, 15), 0)
37	4	0f501bec-ec75-4d2a-b7c2-5fdd6e7aad27	((9, 15), 0)
37	5	0f501bec-ec75-4d2a-b7c2-5fdd6e7aad27	((20, 15), 2)
37	6	0f501bec-ec75-4d2a-b7c2-5fdd6e7aad27	((12, 15), 3)
37	7	0f501bec-ec75-4d2a-b7c2-5fdd6e7aad27	((12, 16), 2)
37	8	0f501bec-ec75-4d2a-b7c2-5fdd6e7aad27	((12, 17), 0)
37	9	0f501bec-ec75-4d2a-b7c2-5fdd6e7aad27	(None, 2)
38	0	0f501bec-ec75-4d2a-b7c2-5fdd6e7aad27	((9, 15), 0)
38	1	0f501bec-ec75-4d2a-b7c2-5fdd6e7aad27	((18, 15), 3)
38	2	0f501bec-ec75-4d2a-b7c2-5fdd6e7aad27	((18, 16), 2)
38	3	0f501bec-ec75-4d2a-b7c2-5fdd6e7aad27	((10, 15), 0)
38	4	0f501bec-ec75-4d2a-b7c2-5fdd6e7aad27	((8, 15), 0)
38	5	0f501bec-ec75-4d2a-b7c2-5fdd6e7aad27	((20, 16), 1)
38	6	0f501bec-ec75-4d2a-b7c2-5fdd6e7aad27	((11, 15), 0)
38	7	0f501bec-ec75-4d2a-b7c2-5fdd6e7aad27	((13, 16), 2)
38	8	0f501bec-ec75-4d2a-b7c2-5fdd6e7aad27	((12, 16), 3)
38	9	0f501bec-ec75-4d2a-b7c2-5fdd6e7aad27	(None, 2)
39	0	0f501bec-ec75-4d2a-b7c2-5fdd6e7aad27	((8, 15), 0)
39	1	0f501bec-ec75-4d2a-b7c2-5fdd6e7aad27	((19, 15), 2)
39	2	0f501bec-ec75-4d2a-b7c2-5fdd6e7aad27	((18, 15), 3)
39	3	0f501bec-ec75-4d2a-b7c2-5fdd6e7aad27	((9, 15), 0)
39	4	0f501bec-ec75-4d2a-b7c2-5fdd6e7aad27	((7, 15), 0)
39	5	0f501bec-ec75-4d2a-b7c2-5fdd6e7aad27	((21, 16), 2)
39	6	0f501bec-ec75-4d2a-b7c2-5fdd6e7aad27	((10, 15), 0)
39	7	0f501bec-ec75-4d2a-b7c2-5fdd6e7aad27	((14, 16), 2)
39	8	0f501bec-ec75-4d2a-b7c2-5fdd6e7aad27	((12, 15), 3)
39	9	0f501bec-ec75-4d2a-b7c2-5fdd6e7aad27	(None, 2)
40	0	0f501bec-ec75-4d2a-b7c2-5fdd6e7aad27	((7, 15), 0)
40	1	0f501bec-ec75-4d2a-b7c2-5fdd6e7aad27	((20, 15), 2)
40	2	0f501bec-ec75-4d2a-b7c2-5fdd6e7aad27	((19, 15), 2)
40	3	0f501bec-ec75-4d2a-b7c2-5fdd6e7aad27	((8, 15), 0)
40	4	0f501bec-ec75-4d2a-b7c2-5fdd6e7aad27	((6, 15), 0)
40	5	0f501bec-ec75-4d2a-b7c2-5fdd6e7aad27	((22, 16), 2)
40	6	0f501bec-ec75-4d2a-b7c2-5fdd6e7aad27	((9, 15), 0)
40	7	0f501bec-ec75-4d2a-b7c2-5fdd6e7aad27	((15, 16), 2)
40	8	0f501bec-ec75-4d2a-b7c2-5fdd6e7aad27	((11, 15), 0)
40	9	0f501bec-ec75-4d2a-b7c2-5fdd6e7aad27	(None, 2)
41	0	0f501bec-ec75-4d2a-b7c2-5fdd6e7aad27	((6, 15), 0)
41	1	0f501bec-ec75-4d2a-b7c2-5fdd6e7aad27	((21, 15), 2)
41	2	0f501bec-ec75-4d2a-b7c2-5fdd6e7aad27	((20, 15), 2)
41	3	0f501bec-ec75-4d2a-b7c2-5fdd6e7aad27	((7, 15), 0)
41	4	0f501bec-ec75-4d2a-b7c2-5fdd6e7aad27	(None, 0)
41	5	0f501bec-ec75-4d2a-b7c2-5fdd6e7aad27	((22, 17), 1)
41	6	0f501bec-ec75-4d2a-b7c2-5fdd6e7aad27	((8, 15), 0)
41	7	0f501bec-ec75-4d2a-b7c2-5fdd6e7aad27	((16, 16), 2)
41	8	0f501bec-ec75-4d2a-b7c2-5fdd6e7aad27	((10, 15), 0)
41	9	0f501bec-ec75-4d2a-b7c2-5fdd6e7aad27	(None, 2)
42	0	0f501bec-ec75-4d2a-b7c2-5fdd6e7aad27	(None, 0)
42	1	0f501bec-ec75-4d2a-b7c2-5fdd6e7aad27	((22, 15), 2)
42	2	0f501bec-ec75-4d2a-b7c2-5fdd6e7aad27	((21, 15), 2)
42	3	0f501bec-ec75-4d2a-b7c2-5fdd6e7aad27	((6, 15), 0)
42	4	0f501bec-ec75-4d2a-b7c2-5fdd6e7aad27	(None, 0)
42	5	0f501bec-ec75-4d2a-b7c2-5fdd6e7aad27	(None, 2)
42	6	0f501bec-ec75-4d2a-b7c2-5fdd6e7aad27	((7, 15), 0)
42	7	0f501bec-ec75-4d2a-b7c2-5fdd6e7aad27	((17, 16), 2)
42	8	0f501bec-ec75-4d2a-b7c2-5fdd6e7aad27	((9, 15), 0)
42	9	0f501bec-ec75-4d2a-b7c2-5fdd6e7aad27	(None, 2)
43	0	0f501bec-ec75-4d2a-b7c2-5fdd6e7aad27	(None, 0)
43	1	0f501bec-ec75-4d2a-b7c2-5fdd6e7aad27	(None, 2)
43	2	0f501bec-ec75-4d2a-b7c2-5fdd6e7aad27	((22, 15), 2)
43	3	0f501bec-ec75-4d2a-b7c2-5fdd6e7aad27	(None, 0)
43	4	0f501bec-ec75-4d2a-b7c2-5fdd6e7aad27	(None, 0)
43	5	0f501bec-ec75-4d2a-b7c2-5fdd6e7aad27	(None, 2)
43	6	0f501bec-ec75-4d2a-b7c2-5fdd6e7aad27	((6, 15), 0)
43	7	0f501bec-ec75-4d2a-b7c2-5fdd6e7aad27	((18, 16), 2)
43	8	0f501bec-ec75-4d2a-b7c2-5fdd6e7aad27	((8, 15), 0)
43	9	0f501bec-ec75-4d2a-b7c2-5fdd6e7aad27	(None, 2)
44	0	0f501bec-ec75-4d2a-b7c2-5fdd6e7aad27	(None, 0)
44	1	0f501bec-ec75-4d2a-b7c2-5fdd6e7aad27	(None, 2)
44	2	0f501bec-ec75-4d2a-b7c2-5fdd6e7aad27	(None, 2)
44	3	0f501bec-ec75-4d2a-b7c2-5fdd6e7aad27	(None, 0)
44	4	0f501bec-ec75-4d2a-b7c2-5fdd6e7aad27	(None, 0)
44	5	0f501bec-ec75-4d2a-b7c2-5fdd6e7aad27	(None, 2)
44	6	0f501bec-ec75-4d2a-b7c2-5fdd6e7aad27	(None, 0)
44	7	0f501bec-ec75-4d2a-b7c2-5fdd6e7aad27	((18, 15), 3)
44	8	0f501bec-ec75-4d2a-b7c2-5fdd6e7aad27	((7, 15), 0)
44	9	0f501bec-ec75-4d2a-b7c2-5fdd6e7aad27	(None, 2)
45	0	0f501bec-ec75-4d2a-b7c2-5fdd6e7aad27	(None, 0)
45	1	0f501bec-ec75-4d2a-b7c2-5fdd6e7aad27	(None, 2)
45	2	0f501bec-ec75-4d2a-b7c2-5fdd6e7aad27	(None, 2)
45	3	0f501bec-ec75-4d2a-b7c2-5fdd6e7aad27	(None, 0)
45	4	0f501bec-ec75-4d2a-b7c2-5fdd6e7aad27	(None, 0)
45	5	0f501bec-ec75-4d2a-b7c2-5fdd6e7aad27	(None, 2)
45	6	0f501bec-ec75-4d2a-b7c2-5fdd6e7aad27	(None, 0)
45	7	0f501bec-ec75-4d2a-b7c2-5fdd6e7aad27	((19, 15), 2)
45	8	0f501bec-ec75-4d2a-b7c2-5fdd6e7aad27	((6, 15), 0)
45	9	0f501bec-ec75-4d2a-b7c2-5fdd6e7aad27	(None, 2)
46	0	0f501bec-ec75-4d2a-b7c2-5fdd6e7aad27	(None, 0)
46	1	0f501bec-ec75-4d2a-b7c2-5fdd6e7aad27	(None, 2)
46	2	0f501bec-ec75-4d2a-b7c2-5fdd6e7aad27	(None, 2)
46	3	0f501bec-ec75-4d2a-b7c2-5fdd6e7aad27	(None, 0)
46	4	0f501bec-ec75-4d2a-b7c2-5fdd6e7aad27	(None, 0)
46	5	0f501bec-ec75-4d2a-b7c2-5fdd6e7aad27	(None, 2)
46	6	0f501bec-ec75-4d2a-b7c2-5fdd6e7aad27	(None, 0)
46	7	0f501bec-ec75-4d2a-b7c2-5fdd6e7aad27	((20, 15), 2)
46	8	0f501bec-ec75-4d2a-b7c2-5fdd6e7aad27	(None, 0)
46	9	0f501bec-ec75-4d2a-b7c2-5fdd6e7aad27	(None, 2)
47	0	0f501bec-ec75-4d2a-b7c2-5fdd6e7aad27	(None, 0)
47	1	0f501bec-ec75-4d2a-b7c2-5fdd6e7aad27	(None, 2)
47	2	0f501bec-ec75-4d2a-b7c2-5fdd6e7aad27	(None, 2)
47	3	0f501bec-ec75-4d2a-b7c2-5fdd6e7aad27	(None, 0)
47	4	0f501bec-ec75-4d2a-b7c2-5fdd6e7aad27	(None, 0)
47	5	0f501bec-ec75-4d2a-b7c2-5fdd6e7aad27	(None, 2)
47	6	0f501bec-ec75-4d2a-b7c2-5fdd6e7aad27	(None, 0)
47	7	0f501bec-ec75-4d2a-b7c2-5fdd6e7aad27	((21, 15), 2)
47	8	0f501bec-ec75-4d2a-b7c2-5fdd6e7aad27	(None, 0)
47	9	0f501bec-ec75-4d2a-b7c2-5fdd6e7aad27	(None, 2)
48	0	0f501bec-ec75-4d2a-b7c2-5fdd6e7aad27	(None, 0)
48	1	0f501bec-ec75-4d2a-b7c2-5fdd6e7aad27	(None, 2)
48	2	0f501bec-ec75-4d2a-b7c2-5fdd6e7aad27	(None, 2)
48	3	0f501bec-ec75-4d2a-b7c2-5fdd6e7aad27	(None, 0)
48	4	0f501bec-ec75-4d2a-b7c2-5fdd6e7aad27	(None, 0)
48	5	0f501bec-ec75-4d2a-b7c2-5fdd6e7aad27	(None, 2)
48	6	0f501bec-ec75-4d2a-b7c2-5fdd6e7aad27	(None, 0)
48	7	0f501bec-ec75-4d2a-b7c2-5fdd6e7aad27	((22, 15), 2)
48	8	0f501bec-ec75-4d2a-b7c2-5fdd6e7aad27	(None, 0)
48	9	0f501bec-ec75-4d2a-b7c2-5fdd6e7aad27	(None, 2)
49	0	0f501bec-ec75-4d2a-b7c2-5fdd6e7aad27	(None, 0)
49	1	0f501bec-ec75-4d2a-b7c2-5fdd6e7aad27	(None, 2)
49	2	0f501bec-ec75-4d2a-b7c2-5fdd6e7aad27	(None, 2)
49	3	0f501bec-ec75-4d2a-b7c2-5fdd6e7aad27	(None, 0)
49	4	0f501bec-ec75-4d2a-b7c2-5fdd6e7aad27	(None, 0)
49	5	0f501bec-ec75-4d2a-b7c2-5fdd6e7aad27	(None, 2)
49	6	0f501bec-ec75-4d2a-b7c2-5fdd6e7aad27	(None, 0)
49	7	0f501bec-ec75-4d2a-b7c2-5fdd6e7aad27	(None, 2)
49	8	0f501bec-ec75-4d2a-b7c2-5fdd6e7aad27	(None, 0)
49	9	0f501bec-ec75-4d2a-b7c2-5fdd6e7aad27	(None, 2)
1	0	df78ad59-d541-41b5-8028-e11f8528c296	(None, 1)
1	1	df78ad59-d541-41b5-8028-e11f8528c296	(None, 2)
1	2	df78ad59-d541-41b5-8028-e11f8528c296	(None, 0)
1	3	df78ad59-d541-41b5-8028-e11f8528c296	(None, 1)
1	4	df78ad59-d541-41b5-8028-e11f8528c296	(None, 3)
1	5	df78ad59-d541-41b5-8028-e11f8528c296	(None, 2)
1	6	df78ad59-d541-41b5-8028-e11f8528c296	(None, 0)
1	7	df78ad59-d541-41b5-8028-e11f8528c296	(None, 2)
1	8	df78ad59-d541-41b5-8028-e11f8528c296	(None, 1)
1	9	df78ad59-d541-41b5-8028-e11f8528c296	(None, 0)
2	0	df78ad59-d541-41b5-8028-e11f8528c296	(None, 1)
2	1	df78ad59-d541-41b5-8028-e11f8528c296	(None, 2)
2	2	df78ad59-d541-41b5-8028-e11f8528c296	(None, 0)
2	3	df78ad59-d541-41b5-8028-e11f8528c296	(None, 1)
2	4	df78ad59-d541-41b5-8028-e11f8528c296	(None, 3)
2	5	df78ad59-d541-41b5-8028-e11f8528c296	(None, 2)
2	6	df78ad59-d541-41b5-8028-e11f8528c296	(None, 0)
2	7	df78ad59-d541-41b5-8028-e11f8528c296	(None, 2)
2	8	df78ad59-d541-41b5-8028-e11f8528c296	(None, 1)
2	9	df78ad59-d541-41b5-8028-e11f8528c296	(None, 0)
3	0	df78ad59-d541-41b5-8028-e11f8528c296	(None, 1)
3	1	df78ad59-d541-41b5-8028-e11f8528c296	(None, 2)
3	2	df78ad59-d541-41b5-8028-e11f8528c296	(None, 0)
3	3	df78ad59-d541-41b5-8028-e11f8528c296	(None, 1)
3	4	df78ad59-d541-41b5-8028-e11f8528c296	(None, 3)
3	5	df78ad59-d541-41b5-8028-e11f8528c296	(None, 2)
3	6	df78ad59-d541-41b5-8028-e11f8528c296	(None, 0)
3	7	df78ad59-d541-41b5-8028-e11f8528c296	(None, 2)
3	8	df78ad59-d541-41b5-8028-e11f8528c296	(None, 1)
3	9	df78ad59-d541-41b5-8028-e11f8528c296	(None, 0)
4	0	df78ad59-d541-41b5-8028-e11f8528c296	((11, 22), 1)
4	1	df78ad59-d541-41b5-8028-e11f8528c296	((19, 5), 2)
4	2	df78ad59-d541-41b5-8028-e11f8528c296	(None, 0)
4	3	df78ad59-d541-41b5-8028-e11f8528c296	(None, 1)
4	4	df78ad59-d541-41b5-8028-e11f8528c296	(None, 3)
4	5	df78ad59-d541-41b5-8028-e11f8528c296	(None, 2)
4	6	df78ad59-d541-41b5-8028-e11f8528c296	(None, 0)
4	7	df78ad59-d541-41b5-8028-e11f8528c296	(None, 2)
4	8	df78ad59-d541-41b5-8028-e11f8528c296	(None, 1)
4	9	df78ad59-d541-41b5-8028-e11f8528c296	(None, 0)
5	0	df78ad59-d541-41b5-8028-e11f8528c296	((11, 23), 1)
5	1	df78ad59-d541-41b5-8028-e11f8528c296	((20, 5), 2)
5	2	df78ad59-d541-41b5-8028-e11f8528c296	((19, 5), 0)
5	3	df78ad59-d541-41b5-8028-e11f8528c296	((11, 22), 1)
5	4	df78ad59-d541-41b5-8028-e11f8528c296	(None, 3)
5	5	df78ad59-d541-41b5-8028-e11f8528c296	(None, 2)
5	6	df78ad59-d541-41b5-8028-e11f8528c296	(None, 0)
5	7	df78ad59-d541-41b5-8028-e11f8528c296	(None, 2)
5	8	df78ad59-d541-41b5-8028-e11f8528c296	(None, 1)
5	9	df78ad59-d541-41b5-8028-e11f8528c296	(None, 0)
6	0	df78ad59-d541-41b5-8028-e11f8528c296	((11, 24), 1)
6	1	df78ad59-d541-41b5-8028-e11f8528c296	((20, 6), 1)
6	2	df78ad59-d541-41b5-8028-e11f8528c296	((18, 5), 0)
6	3	df78ad59-d541-41b5-8028-e11f8528c296	((11, 23), 1)
6	4	df78ad59-d541-41b5-8028-e11f8528c296	(None, 3)
6	5	df78ad59-d541-41b5-8028-e11f8528c296	(None, 2)
6	6	df78ad59-d541-41b5-8028-e11f8528c296	(None, 0)
6	7	df78ad59-d541-41b5-8028-e11f8528c296	(None, 2)
6	8	df78ad59-d541-41b5-8028-e11f8528c296	((9, 22), 1)
6	9	df78ad59-d541-41b5-8028-e11f8528c296	(None, 0)
7	0	df78ad59-d541-41b5-8028-e11f8528c296	((11, 25), 1)
7	1	df78ad59-d541-41b5-8028-e11f8528c296	((21, 6), 2)
7	2	df78ad59-d541-41b5-8028-e11f8528c296	((18, 6), 1)
7	3	df78ad59-d541-41b5-8028-e11f8528c296	((11, 24), 1)
7	4	df78ad59-d541-41b5-8028-e11f8528c296	(None, 3)
7	5	df78ad59-d541-41b5-8028-e11f8528c296	(None, 2)
7	6	df78ad59-d541-41b5-8028-e11f8528c296	(None, 0)
7	7	df78ad59-d541-41b5-8028-e11f8528c296	(None, 2)
7	8	df78ad59-d541-41b5-8028-e11f8528c296	((9, 23), 1)
7	9	df78ad59-d541-41b5-8028-e11f8528c296	(None, 0)
8	0	df78ad59-d541-41b5-8028-e11f8528c296	((11, 26), 1)
8	1	df78ad59-d541-41b5-8028-e11f8528c296	((22, 6), 2)
8	2	df78ad59-d541-41b5-8028-e11f8528c296	((17, 6), 0)
8	3	df78ad59-d541-41b5-8028-e11f8528c296	((11, 25), 1)
8	4	df78ad59-d541-41b5-8028-e11f8528c296	(None, 3)
8	5	df78ad59-d541-41b5-8028-e11f8528c296	(None, 2)
8	6	df78ad59-d541-41b5-8028-e11f8528c296	(None, 0)
8	7	df78ad59-d541-41b5-8028-e11f8528c296	(None, 2)
8	8	df78ad59-d541-41b5-8028-e11f8528c296	((10, 23), 2)
8	9	df78ad59-d541-41b5-8028-e11f8528c296	(None, 0)
9	0	df78ad59-d541-41b5-8028-e11f8528c296	((11, 27), 1)
9	1	df78ad59-d541-41b5-8028-e11f8528c296	((23, 6), 2)
9	2	df78ad59-d541-41b5-8028-e11f8528c296	((17, 7), 1)
9	3	df78ad59-d541-41b5-8028-e11f8528c296	((11, 26), 1)
9	4	df78ad59-d541-41b5-8028-e11f8528c296	(None, 3)
9	5	df78ad59-d541-41b5-8028-e11f8528c296	(None, 2)
9	6	df78ad59-d541-41b5-8028-e11f8528c296	(None, 0)
9	7	df78ad59-d541-41b5-8028-e11f8528c296	(None, 2)
9	8	df78ad59-d541-41b5-8028-e11f8528c296	((10, 24), 1)
9	9	df78ad59-d541-41b5-8028-e11f8528c296	(None, 0)
10	0	df78ad59-d541-41b5-8028-e11f8528c296	((12, 27), 2)
10	1	df78ad59-d541-41b5-8028-e11f8528c296	((24, 6), 2)
10	2	df78ad59-d541-41b5-8028-e11f8528c296	((16, 7), 0)
10	3	df78ad59-d541-41b5-8028-e11f8528c296	((11, 27), 1)
10	4	df78ad59-d541-41b5-8028-e11f8528c296	(None, 3)
10	5	df78ad59-d541-41b5-8028-e11f8528c296	(None, 2)
10	6	df78ad59-d541-41b5-8028-e11f8528c296	(None, 0)
10	7	df78ad59-d541-41b5-8028-e11f8528c296	((6, 8), 2)
10	8	df78ad59-d541-41b5-8028-e11f8528c296	((10, 25), 1)
10	9	df78ad59-d541-41b5-8028-e11f8528c296	(None, 0)
11	0	df78ad59-d541-41b5-8028-e11f8528c296	((13, 27), 2)
11	1	df78ad59-d541-41b5-8028-e11f8528c296	((24, 7), 1)
11	2	df78ad59-d541-41b5-8028-e11f8528c296	((15, 7), 0)
11	3	df78ad59-d541-41b5-8028-e11f8528c296	((12, 27), 2)
11	4	df78ad59-d541-41b5-8028-e11f8528c296	(None, 3)
11	5	df78ad59-d541-41b5-8028-e11f8528c296	(None, 2)
11	6	df78ad59-d541-41b5-8028-e11f8528c296	(None, 0)
11	7	df78ad59-d541-41b5-8028-e11f8528c296	((7, 8), 2)
11	8	df78ad59-d541-41b5-8028-e11f8528c296	((10, 26), 1)
11	9	df78ad59-d541-41b5-8028-e11f8528c296	(None, 0)
12	0	df78ad59-d541-41b5-8028-e11f8528c296	((14, 27), 2)
12	1	df78ad59-d541-41b5-8028-e11f8528c296	((24, 8), 1)
12	2	df78ad59-d541-41b5-8028-e11f8528c296	((14, 7), 0)
12	3	df78ad59-d541-41b5-8028-e11f8528c296	((13, 27), 2)
12	4	df78ad59-d541-41b5-8028-e11f8528c296	(None, 3)
12	5	df78ad59-d541-41b5-8028-e11f8528c296	(None, 2)
12	6	df78ad59-d541-41b5-8028-e11f8528c296	(None, 0)
12	7	df78ad59-d541-41b5-8028-e11f8528c296	((7, 9), 1)
12	8	df78ad59-d541-41b5-8028-e11f8528c296	((10, 27), 1)
12	9	df78ad59-d541-41b5-8028-e11f8528c296	(None, 0)
13	0	df78ad59-d541-41b5-8028-e11f8528c296	((15, 27), 2)
13	1	df78ad59-d541-41b5-8028-e11f8528c296	((24, 9), 1)
13	2	df78ad59-d541-41b5-8028-e11f8528c296	((13, 7), 0)
13	3	df78ad59-d541-41b5-8028-e11f8528c296	((14, 27), 2)
13	4	df78ad59-d541-41b5-8028-e11f8528c296	(None, 3)
13	5	df78ad59-d541-41b5-8028-e11f8528c296	((19, 7), 2)
13	6	df78ad59-d541-41b5-8028-e11f8528c296	(None, 0)
13	7	df78ad59-d541-41b5-8028-e11f8528c296	((8, 9), 2)
13	8	df78ad59-d541-41b5-8028-e11f8528c296	((11, 27), 2)
13	9	df78ad59-d541-41b5-8028-e11f8528c296	(None, 0)
14	0	df78ad59-d541-41b5-8028-e11f8528c296	((15, 26), 3)
14	1	df78ad59-d541-41b5-8028-e11f8528c296	((24, 10), 1)
14	2	df78ad59-d541-41b5-8028-e11f8528c296	((12, 7), 0)
14	3	df78ad59-d541-41b5-8028-e11f8528c296	((15, 27), 2)
14	4	df78ad59-d541-41b5-8028-e11f8528c296	(None, 3)
14	5	df78ad59-d541-41b5-8028-e11f8528c296	((20, 7), 2)
14	6	df78ad59-d541-41b5-8028-e11f8528c296	(None, 0)
14	7	df78ad59-d541-41b5-8028-e11f8528c296	((9, 9), 2)
14	8	df78ad59-d541-41b5-8028-e11f8528c296	((12, 27), 2)
14	9	df78ad59-d541-41b5-8028-e11f8528c296	(None, 0)
15	0	df78ad59-d541-41b5-8028-e11f8528c296	((15, 25), 3)
15	1	df78ad59-d541-41b5-8028-e11f8528c296	((24, 11), 1)
15	2	df78ad59-d541-41b5-8028-e11f8528c296	((11, 7), 0)
15	3	df78ad59-d541-41b5-8028-e11f8528c296	((15, 26), 3)
15	4	df78ad59-d541-41b5-8028-e11f8528c296	(None, 3)
15	5	df78ad59-d541-41b5-8028-e11f8528c296	((21, 7), 2)
15	6	df78ad59-d541-41b5-8028-e11f8528c296	(None, 0)
15	7	df78ad59-d541-41b5-8028-e11f8528c296	((10, 9), 2)
15	8	df78ad59-d541-41b5-8028-e11f8528c296	((13, 27), 2)
15	9	df78ad59-d541-41b5-8028-e11f8528c296	(None, 0)
16	0	df78ad59-d541-41b5-8028-e11f8528c296	((15, 24), 3)
16	1	df78ad59-d541-41b5-8028-e11f8528c296	((24, 12), 1)
16	2	df78ad59-d541-41b5-8028-e11f8528c296	((11, 8), 1)
16	3	df78ad59-d541-41b5-8028-e11f8528c296	((15, 25), 3)
16	4	df78ad59-d541-41b5-8028-e11f8528c296	(None, 3)
16	5	df78ad59-d541-41b5-8028-e11f8528c296	((22, 7), 2)
16	6	df78ad59-d541-41b5-8028-e11f8528c296	(None, 0)
16	7	df78ad59-d541-41b5-8028-e11f8528c296	((11, 9), 2)
16	8	df78ad59-d541-41b5-8028-e11f8528c296	((14, 27), 2)
16	9	df78ad59-d541-41b5-8028-e11f8528c296	((19, 7), 0)
17	0	df78ad59-d541-41b5-8028-e11f8528c296	((15, 23), 3)
17	1	df78ad59-d541-41b5-8028-e11f8528c296	((24, 13), 1)
17	2	df78ad59-d541-41b5-8028-e11f8528c296	((11, 9), 1)
17	3	df78ad59-d541-41b5-8028-e11f8528c296	((15, 24), 3)
17	4	df78ad59-d541-41b5-8028-e11f8528c296	((9, 22), 3)
17	5	df78ad59-d541-41b5-8028-e11f8528c296	((23, 7), 2)
17	6	df78ad59-d541-41b5-8028-e11f8528c296	(None, 0)
17	7	df78ad59-d541-41b5-8028-e11f8528c296	((12, 9), 2)
17	8	df78ad59-d541-41b5-8028-e11f8528c296	((15, 27), 2)
17	9	df78ad59-d541-41b5-8028-e11f8528c296	((18, 7), 0)
18	0	df78ad59-d541-41b5-8028-e11f8528c296	((15, 22), 3)
18	1	df78ad59-d541-41b5-8028-e11f8528c296	((24, 14), 1)
18	2	df78ad59-d541-41b5-8028-e11f8528c296	((11, 10), 1)
18	3	df78ad59-d541-41b5-8028-e11f8528c296	((15, 23), 3)
18	4	df78ad59-d541-41b5-8028-e11f8528c296	((9, 21), 3)
18	5	df78ad59-d541-41b5-8028-e11f8528c296	((24, 7), 2)
18	6	df78ad59-d541-41b5-8028-e11f8528c296	(None, 0)
18	7	df78ad59-d541-41b5-8028-e11f8528c296	((13, 9), 2)
18	8	df78ad59-d541-41b5-8028-e11f8528c296	((15, 26), 3)
18	9	df78ad59-d541-41b5-8028-e11f8528c296	((17, 7), 0)
19	0	df78ad59-d541-41b5-8028-e11f8528c296	((15, 21), 3)
19	1	df78ad59-d541-41b5-8028-e11f8528c296	((24, 15), 1)
19	2	df78ad59-d541-41b5-8028-e11f8528c296	((11, 11), 1)
19	3	df78ad59-d541-41b5-8028-e11f8528c296	((15, 22), 3)
19	4	df78ad59-d541-41b5-8028-e11f8528c296	((10, 21), 2)
19	5	df78ad59-d541-41b5-8028-e11f8528c296	((24, 8), 1)
19	6	df78ad59-d541-41b5-8028-e11f8528c296	(None, 0)
19	7	df78ad59-d541-41b5-8028-e11f8528c296	((14, 9), 2)
19	8	df78ad59-d541-41b5-8028-e11f8528c296	((15, 25), 3)
19	9	df78ad59-d541-41b5-8028-e11f8528c296	((16, 7), 0)
20	0	df78ad59-d541-41b5-8028-e11f8528c296	((15, 20), 3)
20	1	df78ad59-d541-41b5-8028-e11f8528c296	((24, 16), 1)
20	2	df78ad59-d541-41b5-8028-e11f8528c296	((11, 12), 1)
20	3	df78ad59-d541-41b5-8028-e11f8528c296	((15, 21), 3)
20	4	df78ad59-d541-41b5-8028-e11f8528c296	((10, 20), 3)
20	5	df78ad59-d541-41b5-8028-e11f8528c296	((24, 9), 1)
20	6	df78ad59-d541-41b5-8028-e11f8528c296	(None, 0)
20	7	df78ad59-d541-41b5-8028-e11f8528c296	((14, 8), 3)
20	8	df78ad59-d541-41b5-8028-e11f8528c296	((15, 24), 3)
20	9	df78ad59-d541-41b5-8028-e11f8528c296	((15, 7), 0)
21	0	df78ad59-d541-41b5-8028-e11f8528c296	((15, 19), 3)
21	1	df78ad59-d541-41b5-8028-e11f8528c296	((24, 17), 1)
21	2	df78ad59-d541-41b5-8028-e11f8528c296	((11, 13), 1)
21	3	df78ad59-d541-41b5-8028-e11f8528c296	((15, 20), 3)
21	4	df78ad59-d541-41b5-8028-e11f8528c296	((10, 19), 3)
21	5	df78ad59-d541-41b5-8028-e11f8528c296	((24, 10), 1)
21	6	df78ad59-d541-41b5-8028-e11f8528c296	(None, 0)
21	7	df78ad59-d541-41b5-8028-e11f8528c296	((14, 7), 3)
21	8	df78ad59-d541-41b5-8028-e11f8528c296	((15, 23), 3)
21	9	df78ad59-d541-41b5-8028-e11f8528c296	((15, 7), 0)
22	0	df78ad59-d541-41b5-8028-e11f8528c296	((15, 18), 3)
22	1	df78ad59-d541-41b5-8028-e11f8528c296	((23, 17), 0)
22	2	df78ad59-d541-41b5-8028-e11f8528c296	((11, 14), 1)
22	3	df78ad59-d541-41b5-8028-e11f8528c296	((15, 19), 3)
22	4	df78ad59-d541-41b5-8028-e11f8528c296	((10, 18), 3)
22	5	df78ad59-d541-41b5-8028-e11f8528c296	((24, 11), 1)
22	6	df78ad59-d541-41b5-8028-e11f8528c296	(None, 0)
22	7	df78ad59-d541-41b5-8028-e11f8528c296	((14, 6), 3)
22	8	df78ad59-d541-41b5-8028-e11f8528c296	((15, 22), 3)
22	9	df78ad59-d541-41b5-8028-e11f8528c296	((14, 7), 0)
23	0	df78ad59-d541-41b5-8028-e11f8528c296	((15, 17), 3)
23	1	df78ad59-d541-41b5-8028-e11f8528c296	((22, 17), 0)
23	2	df78ad59-d541-41b5-8028-e11f8528c296	((11, 15), 1)
23	3	df78ad59-d541-41b5-8028-e11f8528c296	((15, 18), 3)
23	4	df78ad59-d541-41b5-8028-e11f8528c296	((10, 17), 3)
23	5	df78ad59-d541-41b5-8028-e11f8528c296	((24, 12), 1)
23	6	df78ad59-d541-41b5-8028-e11f8528c296	(None, 0)
23	7	df78ad59-d541-41b5-8028-e11f8528c296	((15, 6), 2)
23	8	df78ad59-d541-41b5-8028-e11f8528c296	((15, 21), 3)
23	9	df78ad59-d541-41b5-8028-e11f8528c296	((13, 7), 0)
24	0	df78ad59-d541-41b5-8028-e11f8528c296	((15, 16), 3)
24	1	df78ad59-d541-41b5-8028-e11f8528c296	((21, 17), 0)
24	2	df78ad59-d541-41b5-8028-e11f8528c296	((11, 16), 1)
24	3	df78ad59-d541-41b5-8028-e11f8528c296	((15, 17), 3)
24	4	df78ad59-d541-41b5-8028-e11f8528c296	((10, 16), 3)
24	5	df78ad59-d541-41b5-8028-e11f8528c296	((24, 13), 1)
24	6	df78ad59-d541-41b5-8028-e11f8528c296	(None, 0)
24	7	df78ad59-d541-41b5-8028-e11f8528c296	((16, 6), 2)
24	8	df78ad59-d541-41b5-8028-e11f8528c296	((15, 20), 3)
24	9	df78ad59-d541-41b5-8028-e11f8528c296	((12, 7), 0)
25	0	df78ad59-d541-41b5-8028-e11f8528c296	((15, 15), 3)
25	1	df78ad59-d541-41b5-8028-e11f8528c296	((20, 17), 0)
25	2	df78ad59-d541-41b5-8028-e11f8528c296	((11, 17), 1)
25	3	df78ad59-d541-41b5-8028-e11f8528c296	((15, 16), 3)
25	4	df78ad59-d541-41b5-8028-e11f8528c296	((10, 15), 3)
25	5	df78ad59-d541-41b5-8028-e11f8528c296	((24, 14), 1)
25	6	df78ad59-d541-41b5-8028-e11f8528c296	(None, 0)
25	7	df78ad59-d541-41b5-8028-e11f8528c296	((17, 6), 2)
25	8	df78ad59-d541-41b5-8028-e11f8528c296	((15, 19), 3)
25	9	df78ad59-d541-41b5-8028-e11f8528c296	((11, 7), 0)
26	0	df78ad59-d541-41b5-8028-e11f8528c296	((15, 14), 3)
26	1	df78ad59-d541-41b5-8028-e11f8528c296	((19, 17), 0)
26	2	df78ad59-d541-41b5-8028-e11f8528c296	((11, 18), 1)
26	3	df78ad59-d541-41b5-8028-e11f8528c296	((15, 15), 3)
26	4	df78ad59-d541-41b5-8028-e11f8528c296	((10, 14), 3)
26	5	df78ad59-d541-41b5-8028-e11f8528c296	((24, 15), 1)
26	6	df78ad59-d541-41b5-8028-e11f8528c296	(None, 0)
26	7	df78ad59-d541-41b5-8028-e11f8528c296	((18, 6), 2)
26	8	df78ad59-d541-41b5-8028-e11f8528c296	((15, 18), 3)
26	9	df78ad59-d541-41b5-8028-e11f8528c296	((11, 8), 1)
27	0	df78ad59-d541-41b5-8028-e11f8528c296	((15, 13), 3)
27	1	df78ad59-d541-41b5-8028-e11f8528c296	((18, 17), 0)
27	2	df78ad59-d541-41b5-8028-e11f8528c296	((11, 19), 1)
27	3	df78ad59-d541-41b5-8028-e11f8528c296	((15, 14), 3)
27	4	df78ad59-d541-41b5-8028-e11f8528c296	((11, 14), 2)
27	5	df78ad59-d541-41b5-8028-e11f8528c296	((24, 16), 1)
27	6	df78ad59-d541-41b5-8028-e11f8528c296	(None, 0)
27	7	df78ad59-d541-41b5-8028-e11f8528c296	(None, 2)
27	8	df78ad59-d541-41b5-8028-e11f8528c296	((15, 17), 3)
27	9	df78ad59-d541-41b5-8028-e11f8528c296	((11, 9), 1)
28	0	df78ad59-d541-41b5-8028-e11f8528c296	((15, 12), 3)
28	1	df78ad59-d541-41b5-8028-e11f8528c296	((17, 17), 0)
28	2	df78ad59-d541-41b5-8028-e11f8528c296	((11, 20), 1)
28	3	df78ad59-d541-41b5-8028-e11f8528c296	((15, 13), 3)
28	4	df78ad59-d541-41b5-8028-e11f8528c296	((11, 13), 3)
28	5	df78ad59-d541-41b5-8028-e11f8528c296	((24, 17), 1)
28	6	df78ad59-d541-41b5-8028-e11f8528c296	(None, 0)
28	7	df78ad59-d541-41b5-8028-e11f8528c296	(None, 2)
28	8	df78ad59-d541-41b5-8028-e11f8528c296	((15, 16), 3)
28	9	df78ad59-d541-41b5-8028-e11f8528c296	((11, 10), 1)
29	0	df78ad59-d541-41b5-8028-e11f8528c296	((15, 11), 3)
29	1	df78ad59-d541-41b5-8028-e11f8528c296	((16, 17), 0)
29	2	df78ad59-d541-41b5-8028-e11f8528c296	((11, 21), 1)
29	3	df78ad59-d541-41b5-8028-e11f8528c296	((15, 12), 3)
29	4	df78ad59-d541-41b5-8028-e11f8528c296	((11, 12), 3)
29	5	df78ad59-d541-41b5-8028-e11f8528c296	((23, 17), 0)
29	6	df78ad59-d541-41b5-8028-e11f8528c296	((19, 7), 0)
29	7	df78ad59-d541-41b5-8028-e11f8528c296	(None, 2)
29	8	df78ad59-d541-41b5-8028-e11f8528c296	((15, 15), 3)
29	9	df78ad59-d541-41b5-8028-e11f8528c296	((11, 11), 1)
30	0	df78ad59-d541-41b5-8028-e11f8528c296	((14, 11), 0)
30	1	df78ad59-d541-41b5-8028-e11f8528c296	((15, 17), 0)
30	2	df78ad59-d541-41b5-8028-e11f8528c296	((12, 21), 2)
30	3	df78ad59-d541-41b5-8028-e11f8528c296	((15, 11), 3)
30	4	df78ad59-d541-41b5-8028-e11f8528c296	((11, 11), 3)
30	5	df78ad59-d541-41b5-8028-e11f8528c296	((22, 17), 0)
30	6	df78ad59-d541-41b5-8028-e11f8528c296	((18, 7), 0)
30	7	df78ad59-d541-41b5-8028-e11f8528c296	(None, 2)
30	8	df78ad59-d541-41b5-8028-e11f8528c296	((15, 14), 3)
30	9	df78ad59-d541-41b5-8028-e11f8528c296	((12, 11), 2)
31	0	df78ad59-d541-41b5-8028-e11f8528c296	((14, 10), 3)
31	1	df78ad59-d541-41b5-8028-e11f8528c296	((14, 17), 0)
31	2	df78ad59-d541-41b5-8028-e11f8528c296	(None, 1)
31	3	df78ad59-d541-41b5-8028-e11f8528c296	((14, 11), 0)
31	4	df78ad59-d541-41b5-8028-e11f8528c296	((11, 10), 3)
31	5	df78ad59-d541-41b5-8028-e11f8528c296	((21, 17), 0)
31	6	df78ad59-d541-41b5-8028-e11f8528c296	((17, 7), 0)
31	7	df78ad59-d541-41b5-8028-e11f8528c296	(None, 2)
31	8	df78ad59-d541-41b5-8028-e11f8528c296	((15, 13), 3)
31	9	df78ad59-d541-41b5-8028-e11f8528c296	((13, 11), 2)
32	0	df78ad59-d541-41b5-8028-e11f8528c296	((13, 10), 0)
32	1	df78ad59-d541-41b5-8028-e11f8528c296	((13, 17), 0)
32	2	df78ad59-d541-41b5-8028-e11f8528c296	(None, 1)
32	3	df78ad59-d541-41b5-8028-e11f8528c296	((14, 10), 3)
32	4	df78ad59-d541-41b5-8028-e11f8528c296	((11, 9), 3)
32	5	df78ad59-d541-41b5-8028-e11f8528c296	((20, 17), 0)
32	6	df78ad59-d541-41b5-8028-e11f8528c296	((16, 7), 0)
32	7	df78ad59-d541-41b5-8028-e11f8528c296	(None, 2)
32	8	df78ad59-d541-41b5-8028-e11f8528c296	((15, 12), 3)
32	9	df78ad59-d541-41b5-8028-e11f8528c296	((13, 12), 1)
33	0	df78ad59-d541-41b5-8028-e11f8528c296	((12, 10), 0)
33	1	df78ad59-d541-41b5-8028-e11f8528c296	((12, 17), 0)
33	2	df78ad59-d541-41b5-8028-e11f8528c296	(None, 1)
33	3	df78ad59-d541-41b5-8028-e11f8528c296	((13, 10), 0)
33	4	df78ad59-d541-41b5-8028-e11f8528c296	((11, 8), 3)
33	5	df78ad59-d541-41b5-8028-e11f8528c296	((19, 17), 0)
33	6	df78ad59-d541-41b5-8028-e11f8528c296	((16, 6), 3)
33	7	df78ad59-d541-41b5-8028-e11f8528c296	(None, 2)
33	8	df78ad59-d541-41b5-8028-e11f8528c296	((15, 11), 3)
33	9	df78ad59-d541-41b5-8028-e11f8528c296	((14, 12), 2)
34	0	df78ad59-d541-41b5-8028-e11f8528c296	((11, 10), 0)
34	1	df78ad59-d541-41b5-8028-e11f8528c296	((11, 17), 0)
34	2	df78ad59-d541-41b5-8028-e11f8528c296	(None, 1)
34	3	df78ad59-d541-41b5-8028-e11f8528c296	((12, 10), 0)
34	4	df78ad59-d541-41b5-8028-e11f8528c296	((11, 7), 3)
34	5	df78ad59-d541-41b5-8028-e11f8528c296	((18, 17), 0)
34	6	df78ad59-d541-41b5-8028-e11f8528c296	((15, 6), 0)
34	7	df78ad59-d541-41b5-8028-e11f8528c296	(None, 2)
34	8	df78ad59-d541-41b5-8028-e11f8528c296	((14, 11), 0)
34	9	df78ad59-d541-41b5-8028-e11f8528c296	((14, 13), 1)
35	0	df78ad59-d541-41b5-8028-e11f8528c296	((11, 9), 3)
35	1	df78ad59-d541-41b5-8028-e11f8528c296	((11, 18), 1)
35	2	df78ad59-d541-41b5-8028-e11f8528c296	(None, 1)
35	3	df78ad59-d541-41b5-8028-e11f8528c296	((11, 10), 0)
35	4	df78ad59-d541-41b5-8028-e11f8528c296	((12, 7), 2)
35	5	df78ad59-d541-41b5-8028-e11f8528c296	((17, 17), 0)
35	6	df78ad59-d541-41b5-8028-e11f8528c296	((14, 6), 0)
35	7	df78ad59-d541-41b5-8028-e11f8528c296	(None, 2)
35	8	df78ad59-d541-41b5-8028-e11f8528c296	((14, 10), 3)
35	9	df78ad59-d541-41b5-8028-e11f8528c296	((14, 14), 1)
36	0	df78ad59-d541-41b5-8028-e11f8528c296	((11, 8), 3)
36	1	df78ad59-d541-41b5-8028-e11f8528c296	((11, 19), 1)
36	2	df78ad59-d541-41b5-8028-e11f8528c296	(None, 1)
36	3	df78ad59-d541-41b5-8028-e11f8528c296	((11, 9), 3)
36	4	df78ad59-d541-41b5-8028-e11f8528c296	((13, 7), 2)
36	5	df78ad59-d541-41b5-8028-e11f8528c296	((16, 17), 0)
36	6	df78ad59-d541-41b5-8028-e11f8528c296	((14, 7), 1)
36	7	df78ad59-d541-41b5-8028-e11f8528c296	(None, 2)
36	8	df78ad59-d541-41b5-8028-e11f8528c296	((13, 10), 0)
36	9	df78ad59-d541-41b5-8028-e11f8528c296	((14, 15), 1)
37	0	df78ad59-d541-41b5-8028-e11f8528c296	((11, 7), 3)
37	1	df78ad59-d541-41b5-8028-e11f8528c296	((11, 20), 1)
37	2	df78ad59-d541-41b5-8028-e11f8528c296	(None, 1)
37	3	df78ad59-d541-41b5-8028-e11f8528c296	((11, 8), 3)
37	4	df78ad59-d541-41b5-8028-e11f8528c296	((14, 7), 2)
37	5	df78ad59-d541-41b5-8028-e11f8528c296	((15, 17), 0)
37	6	df78ad59-d541-41b5-8028-e11f8528c296	((14, 8), 1)
37	7	df78ad59-d541-41b5-8028-e11f8528c296	(None, 2)
37	8	df78ad59-d541-41b5-8028-e11f8528c296	((12, 10), 0)
37	9	df78ad59-d541-41b5-8028-e11f8528c296	((15, 15), 2)
38	0	df78ad59-d541-41b5-8028-e11f8528c296	((12, 7), 2)
38	1	df78ad59-d541-41b5-8028-e11f8528c296	((11, 21), 1)
38	2	df78ad59-d541-41b5-8028-e11f8528c296	(None, 1)
38	3	df78ad59-d541-41b5-8028-e11f8528c296	((11, 7), 3)
38	4	df78ad59-d541-41b5-8028-e11f8528c296	((15, 7), 2)
38	5	df78ad59-d541-41b5-8028-e11f8528c296	((14, 17), 0)
38	6	df78ad59-d541-41b5-8028-e11f8528c296	((14, 9), 1)
38	7	df78ad59-d541-41b5-8028-e11f8528c296	(None, 2)
38	8	df78ad59-d541-41b5-8028-e11f8528c296	((11, 10), 0)
38	9	df78ad59-d541-41b5-8028-e11f8528c296	((15, 16), 1)
39	0	df78ad59-d541-41b5-8028-e11f8528c296	((13, 7), 2)
39	1	df78ad59-d541-41b5-8028-e11f8528c296	((12, 21), 2)
39	2	df78ad59-d541-41b5-8028-e11f8528c296	(None, 1)
39	3	df78ad59-d541-41b5-8028-e11f8528c296	((12, 7), 2)
39	4	df78ad59-d541-41b5-8028-e11f8528c296	((16, 7), 2)
39	5	df78ad59-d541-41b5-8028-e11f8528c296	((13, 17), 0)
39	6	df78ad59-d541-41b5-8028-e11f8528c296	((13, 9), 0)
39	7	df78ad59-d541-41b5-8028-e11f8528c296	(None, 2)
39	8	df78ad59-d541-41b5-8028-e11f8528c296	((11, 9), 3)
39	9	df78ad59-d541-41b5-8028-e11f8528c296	((15, 17), 1)
40	0	df78ad59-d541-41b5-8028-e11f8528c296	((14, 7), 2)
40	1	df78ad59-d541-41b5-8028-e11f8528c296	(None, 1)
40	2	df78ad59-d541-41b5-8028-e11f8528c296	(None, 1)
40	3	df78ad59-d541-41b5-8028-e11f8528c296	((13, 7), 2)
40	4	df78ad59-d541-41b5-8028-e11f8528c296	((17, 7), 2)
40	5	df78ad59-d541-41b5-8028-e11f8528c296	((12, 17), 0)
40	6	df78ad59-d541-41b5-8028-e11f8528c296	((12, 9), 0)
40	7	df78ad59-d541-41b5-8028-e11f8528c296	(None, 2)
40	8	df78ad59-d541-41b5-8028-e11f8528c296	((11, 8), 3)
40	9	df78ad59-d541-41b5-8028-e11f8528c296	((15, 18), 1)
41	0	df78ad59-d541-41b5-8028-e11f8528c296	((15, 7), 2)
41	1	df78ad59-d541-41b5-8028-e11f8528c296	(None, 1)
41	2	df78ad59-d541-41b5-8028-e11f8528c296	(None, 1)
41	3	df78ad59-d541-41b5-8028-e11f8528c296	((14, 7), 2)
41	4	df78ad59-d541-41b5-8028-e11f8528c296	((17, 6), 3)
41	5	df78ad59-d541-41b5-8028-e11f8528c296	((11, 17), 0)
41	6	df78ad59-d541-41b5-8028-e11f8528c296	((11, 9), 0)
41	7	df78ad59-d541-41b5-8028-e11f8528c296	(None, 2)
41	8	df78ad59-d541-41b5-8028-e11f8528c296	((11, 7), 3)
41	9	df78ad59-d541-41b5-8028-e11f8528c296	((15, 19), 1)
42	0	df78ad59-d541-41b5-8028-e11f8528c296	((16, 7), 2)
42	1	df78ad59-d541-41b5-8028-e11f8528c296	(None, 1)
42	2	df78ad59-d541-41b5-8028-e11f8528c296	(None, 1)
42	3	df78ad59-d541-41b5-8028-e11f8528c296	((15, 7), 2)
42	4	df78ad59-d541-41b5-8028-e11f8528c296	((18, 6), 2)
42	5	df78ad59-d541-41b5-8028-e11f8528c296	((11, 18), 1)
42	6	df78ad59-d541-41b5-8028-e11f8528c296	((10, 9), 0)
42	7	df78ad59-d541-41b5-8028-e11f8528c296	(None, 2)
42	8	df78ad59-d541-41b5-8028-e11f8528c296	((12, 7), 2)
42	9	df78ad59-d541-41b5-8028-e11f8528c296	((15, 20), 1)
43	0	df78ad59-d541-41b5-8028-e11f8528c296	((17, 7), 2)
43	1	df78ad59-d541-41b5-8028-e11f8528c296	(None, 1)
43	2	df78ad59-d541-41b5-8028-e11f8528c296	(None, 1)
43	3	df78ad59-d541-41b5-8028-e11f8528c296	((16, 7), 2)
43	4	df78ad59-d541-41b5-8028-e11f8528c296	(None, 2)
43	5	df78ad59-d541-41b5-8028-e11f8528c296	((11, 19), 1)
43	6	df78ad59-d541-41b5-8028-e11f8528c296	((9, 9), 0)
43	7	df78ad59-d541-41b5-8028-e11f8528c296	(None, 2)
43	8	df78ad59-d541-41b5-8028-e11f8528c296	((13, 7), 2)
43	9	df78ad59-d541-41b5-8028-e11f8528c296	((15, 21), 1)
44	0	df78ad59-d541-41b5-8028-e11f8528c296	((17, 6), 3)
44	1	df78ad59-d541-41b5-8028-e11f8528c296	(None, 1)
44	2	df78ad59-d541-41b5-8028-e11f8528c296	(None, 1)
44	3	df78ad59-d541-41b5-8028-e11f8528c296	((17, 7), 2)
44	4	df78ad59-d541-41b5-8028-e11f8528c296	(None, 2)
44	5	df78ad59-d541-41b5-8028-e11f8528c296	((11, 20), 1)
44	6	df78ad59-d541-41b5-8028-e11f8528c296	((8, 9), 0)
44	7	df78ad59-d541-41b5-8028-e11f8528c296	(None, 2)
44	8	df78ad59-d541-41b5-8028-e11f8528c296	((14, 7), 2)
44	9	df78ad59-d541-41b5-8028-e11f8528c296	((15, 22), 1)
45	0	df78ad59-d541-41b5-8028-e11f8528c296	((18, 6), 2)
45	1	df78ad59-d541-41b5-8028-e11f8528c296	(None, 1)
45	2	df78ad59-d541-41b5-8028-e11f8528c296	(None, 1)
45	3	df78ad59-d541-41b5-8028-e11f8528c296	((17, 6), 3)
45	4	df78ad59-d541-41b5-8028-e11f8528c296	(None, 2)
45	5	df78ad59-d541-41b5-8028-e11f8528c296	((11, 21), 1)
45	6	df78ad59-d541-41b5-8028-e11f8528c296	((7, 9), 0)
45	7	df78ad59-d541-41b5-8028-e11f8528c296	(None, 2)
45	8	df78ad59-d541-41b5-8028-e11f8528c296	((15, 7), 2)
45	9	df78ad59-d541-41b5-8028-e11f8528c296	((15, 23), 1)
46	0	df78ad59-d541-41b5-8028-e11f8528c296	(None, 2)
46	1	df78ad59-d541-41b5-8028-e11f8528c296	(None, 1)
46	2	df78ad59-d541-41b5-8028-e11f8528c296	(None, 1)
46	3	df78ad59-d541-41b5-8028-e11f8528c296	((18, 6), 2)
46	4	df78ad59-d541-41b5-8028-e11f8528c296	(None, 2)
46	5	df78ad59-d541-41b5-8028-e11f8528c296	((12, 21), 2)
46	6	df78ad59-d541-41b5-8028-e11f8528c296	(None, 0)
46	7	df78ad59-d541-41b5-8028-e11f8528c296	(None, 2)
46	8	df78ad59-d541-41b5-8028-e11f8528c296	((16, 7), 2)
46	9	df78ad59-d541-41b5-8028-e11f8528c296	((15, 24), 1)
47	0	df78ad59-d541-41b5-8028-e11f8528c296	(None, 2)
47	1	df78ad59-d541-41b5-8028-e11f8528c296	(None, 1)
47	2	df78ad59-d541-41b5-8028-e11f8528c296	(None, 1)
47	3	df78ad59-d541-41b5-8028-e11f8528c296	(None, 2)
47	4	df78ad59-d541-41b5-8028-e11f8528c296	(None, 2)
47	5	df78ad59-d541-41b5-8028-e11f8528c296	(None, 1)
47	6	df78ad59-d541-41b5-8028-e11f8528c296	(None, 0)
47	7	df78ad59-d541-41b5-8028-e11f8528c296	(None, 2)
47	8	df78ad59-d541-41b5-8028-e11f8528c296	((17, 7), 2)
47	9	df78ad59-d541-41b5-8028-e11f8528c296	((15, 25), 1)
48	0	df78ad59-d541-41b5-8028-e11f8528c296	(None, 2)
48	1	df78ad59-d541-41b5-8028-e11f8528c296	(None, 1)
48	2	df78ad59-d541-41b5-8028-e11f8528c296	(None, 1)
48	3	df78ad59-d541-41b5-8028-e11f8528c296	(None, 2)
48	4	df78ad59-d541-41b5-8028-e11f8528c296	(None, 2)
48	5	df78ad59-d541-41b5-8028-e11f8528c296	(None, 1)
48	6	df78ad59-d541-41b5-8028-e11f8528c296	(None, 0)
48	7	df78ad59-d541-41b5-8028-e11f8528c296	(None, 2)
48	8	df78ad59-d541-41b5-8028-e11f8528c296	((17, 6), 3)
48	9	df78ad59-d541-41b5-8028-e11f8528c296	((15, 26), 1)
49	0	df78ad59-d541-41b5-8028-e11f8528c296	(None, 2)
49	1	df78ad59-d541-41b5-8028-e11f8528c296	(None, 1)
49	2	df78ad59-d541-41b5-8028-e11f8528c296	(None, 1)
49	3	df78ad59-d541-41b5-8028-e11f8528c296	(None, 2)
49	4	df78ad59-d541-41b5-8028-e11f8528c296	(None, 2)
49	5	df78ad59-d541-41b5-8028-e11f8528c296	(None, 1)
49	6	df78ad59-d541-41b5-8028-e11f8528c296	(None, 0)
49	7	df78ad59-d541-41b5-8028-e11f8528c296	(None, 2)
49	8	df78ad59-d541-41b5-8028-e11f8528c296	((18, 6), 2)
49	9	df78ad59-d541-41b5-8028-e11f8528c296	((15, 27), 1)
50	0	df78ad59-d541-41b5-8028-e11f8528c296	(None, 2)
50	1	df78ad59-d541-41b5-8028-e11f8528c296	(None, 1)
50	2	df78ad59-d541-41b5-8028-e11f8528c296	(None, 1)
50	3	df78ad59-d541-41b5-8028-e11f8528c296	(None, 2)
50	4	df78ad59-d541-41b5-8028-e11f8528c296	(None, 2)
50	5	df78ad59-d541-41b5-8028-e11f8528c296	(None, 1)
50	6	df78ad59-d541-41b5-8028-e11f8528c296	(None, 0)
50	7	df78ad59-d541-41b5-8028-e11f8528c296	(None, 2)
50	8	df78ad59-d541-41b5-8028-e11f8528c296	(None, 2)
50	9	df78ad59-d541-41b5-8028-e11f8528c296	((14, 27), 0)
51	0	df78ad59-d541-41b5-8028-e11f8528c296	(None, 2)
51	1	df78ad59-d541-41b5-8028-e11f8528c296	(None, 1)
51	2	df78ad59-d541-41b5-8028-e11f8528c296	(None, 1)
51	3	df78ad59-d541-41b5-8028-e11f8528c296	(None, 2)
51	4	df78ad59-d541-41b5-8028-e11f8528c296	(None, 2)
51	5	df78ad59-d541-41b5-8028-e11f8528c296	(None, 1)
51	6	df78ad59-d541-41b5-8028-e11f8528c296	(None, 0)
51	7	df78ad59-d541-41b5-8028-e11f8528c296	(None, 2)
51	8	df78ad59-d541-41b5-8028-e11f8528c296	(None, 2)
51	9	df78ad59-d541-41b5-8028-e11f8528c296	((13, 27), 0)
52	0	df78ad59-d541-41b5-8028-e11f8528c296	(None, 2)
52	1	df78ad59-d541-41b5-8028-e11f8528c296	(None, 1)
52	2	df78ad59-d541-41b5-8028-e11f8528c296	(None, 1)
52	3	df78ad59-d541-41b5-8028-e11f8528c296	(None, 2)
52	4	df78ad59-d541-41b5-8028-e11f8528c296	(None, 2)
52	5	df78ad59-d541-41b5-8028-e11f8528c296	(None, 1)
52	6	df78ad59-d541-41b5-8028-e11f8528c296	(None, 0)
52	7	df78ad59-d541-41b5-8028-e11f8528c296	(None, 2)
52	8	df78ad59-d541-41b5-8028-e11f8528c296	(None, 2)
52	9	df78ad59-d541-41b5-8028-e11f8528c296	((12, 27), 0)
53	0	df78ad59-d541-41b5-8028-e11f8528c296	(None, 2)
53	1	df78ad59-d541-41b5-8028-e11f8528c296	(None, 1)
53	2	df78ad59-d541-41b5-8028-e11f8528c296	(None, 1)
53	3	df78ad59-d541-41b5-8028-e11f8528c296	(None, 2)
53	4	df78ad59-d541-41b5-8028-e11f8528c296	(None, 2)
53	5	df78ad59-d541-41b5-8028-e11f8528c296	(None, 1)
53	6	df78ad59-d541-41b5-8028-e11f8528c296	(None, 0)
53	7	df78ad59-d541-41b5-8028-e11f8528c296	(None, 2)
53	8	df78ad59-d541-41b5-8028-e11f8528c296	(None, 2)
53	9	df78ad59-d541-41b5-8028-e11f8528c296	((11, 27), 0)
54	0	df78ad59-d541-41b5-8028-e11f8528c296	(None, 2)
54	1	df78ad59-d541-41b5-8028-e11f8528c296	(None, 1)
54	2	df78ad59-d541-41b5-8028-e11f8528c296	(None, 1)
54	3	df78ad59-d541-41b5-8028-e11f8528c296	(None, 2)
54	4	df78ad59-d541-41b5-8028-e11f8528c296	(None, 2)
54	5	df78ad59-d541-41b5-8028-e11f8528c296	(None, 1)
54	6	df78ad59-d541-41b5-8028-e11f8528c296	(None, 0)
54	7	df78ad59-d541-41b5-8028-e11f8528c296	(None, 2)
54	8	df78ad59-d541-41b5-8028-e11f8528c296	(None, 2)
54	9	df78ad59-d541-41b5-8028-e11f8528c296	((11, 26), 3)
55	0	df78ad59-d541-41b5-8028-e11f8528c296	(None, 2)
55	1	df78ad59-d541-41b5-8028-e11f8528c296	(None, 1)
55	2	df78ad59-d541-41b5-8028-e11f8528c296	(None, 1)
55	3	df78ad59-d541-41b5-8028-e11f8528c296	(None, 2)
55	4	df78ad59-d541-41b5-8028-e11f8528c296	(None, 2)
55	5	df78ad59-d541-41b5-8028-e11f8528c296	(None, 1)
55	6	df78ad59-d541-41b5-8028-e11f8528c296	(None, 0)
55	7	df78ad59-d541-41b5-8028-e11f8528c296	(None, 2)
55	8	df78ad59-d541-41b5-8028-e11f8528c296	(None, 2)
55	9	df78ad59-d541-41b5-8028-e11f8528c296	((11, 25), 3)
56	0	df78ad59-d541-41b5-8028-e11f8528c296	(None, 2)
56	1	df78ad59-d541-41b5-8028-e11f8528c296	(None, 1)
56	2	df78ad59-d541-41b5-8028-e11f8528c296	(None, 1)
56	3	df78ad59-d541-41b5-8028-e11f8528c296	(None, 2)
56	4	df78ad59-d541-41b5-8028-e11f8528c296	(None, 2)
56	5	df78ad59-d541-41b5-8028-e11f8528c296	(None, 1)
56	6	df78ad59-d541-41b5-8028-e11f8528c296	(None, 0)
56	7	df78ad59-d541-41b5-8028-e11f8528c296	(None, 2)
56	8	df78ad59-d541-41b5-8028-e11f8528c296	(None, 2)
56	9	df78ad59-d541-41b5-8028-e11f8528c296	((11, 24), 3)
57	0	df78ad59-d541-41b5-8028-e11f8528c296	(None, 2)
57	1	df78ad59-d541-41b5-8028-e11f8528c296	(None, 1)
57	2	df78ad59-d541-41b5-8028-e11f8528c296	(None, 1)
57	3	df78ad59-d541-41b5-8028-e11f8528c296	(None, 2)
57	4	df78ad59-d541-41b5-8028-e11f8528c296	(None, 2)
57	5	df78ad59-d541-41b5-8028-e11f8528c296	(None, 1)
57	6	df78ad59-d541-41b5-8028-e11f8528c296	(None, 0)
57	7	df78ad59-d541-41b5-8028-e11f8528c296	(None, 2)
57	8	df78ad59-d541-41b5-8028-e11f8528c296	(None, 2)
57	9	df78ad59-d541-41b5-8028-e11f8528c296	((11, 23), 3)
58	0	df78ad59-d541-41b5-8028-e11f8528c296	(None, 2)
58	1	df78ad59-d541-41b5-8028-e11f8528c296	(None, 1)
58	2	df78ad59-d541-41b5-8028-e11f8528c296	(None, 1)
58	3	df78ad59-d541-41b5-8028-e11f8528c296	(None, 2)
58	4	df78ad59-d541-41b5-8028-e11f8528c296	(None, 2)
58	5	df78ad59-d541-41b5-8028-e11f8528c296	(None, 1)
58	6	df78ad59-d541-41b5-8028-e11f8528c296	(None, 0)
58	7	df78ad59-d541-41b5-8028-e11f8528c296	(None, 2)
58	8	df78ad59-d541-41b5-8028-e11f8528c296	(None, 2)
58	9	df78ad59-d541-41b5-8028-e11f8528c296	((12, 23), 2)
59	0	df78ad59-d541-41b5-8028-e11f8528c296	(None, 2)
59	1	df78ad59-d541-41b5-8028-e11f8528c296	(None, 1)
59	2	df78ad59-d541-41b5-8028-e11f8528c296	(None, 1)
59	3	df78ad59-d541-41b5-8028-e11f8528c296	(None, 2)
59	4	df78ad59-d541-41b5-8028-e11f8528c296	(None, 2)
59	5	df78ad59-d541-41b5-8028-e11f8528c296	(None, 1)
59	6	df78ad59-d541-41b5-8028-e11f8528c296	(None, 0)
59	7	df78ad59-d541-41b5-8028-e11f8528c296	(None, 2)
59	8	df78ad59-d541-41b5-8028-e11f8528c296	(None, 2)
59	9	df78ad59-d541-41b5-8028-e11f8528c296	(None, 3)
1	0	c6181b5d-ce94-4c42-87ff-cd86f32854e0	(None, 2)
1	1	c6181b5d-ce94-4c42-87ff-cd86f32854e0	(None, 3)
1	2	c6181b5d-ce94-4c42-87ff-cd86f32854e0	(None, 3)
1	3	c6181b5d-ce94-4c42-87ff-cd86f32854e0	(None, 2)
1	4	c6181b5d-ce94-4c42-87ff-cd86f32854e0	(None, 3)
1	5	c6181b5d-ce94-4c42-87ff-cd86f32854e0	(None, 3)
1	6	c6181b5d-ce94-4c42-87ff-cd86f32854e0	(None, 0)
1	7	c6181b5d-ce94-4c42-87ff-cd86f32854e0	(None, 3)
1	8	c6181b5d-ce94-4c42-87ff-cd86f32854e0	(None, 3)
1	9	c6181b5d-ce94-4c42-87ff-cd86f32854e0	(None, 2)
2	0	c6181b5d-ce94-4c42-87ff-cd86f32854e0	(None, 2)
2	1	c6181b5d-ce94-4c42-87ff-cd86f32854e0	(None, 3)
2	2	c6181b5d-ce94-4c42-87ff-cd86f32854e0	(None, 3)
2	3	c6181b5d-ce94-4c42-87ff-cd86f32854e0	(None, 2)
2	4	c6181b5d-ce94-4c42-87ff-cd86f32854e0	(None, 3)
2	5	c6181b5d-ce94-4c42-87ff-cd86f32854e0	(None, 3)
2	6	c6181b5d-ce94-4c42-87ff-cd86f32854e0	(None, 0)
2	7	c6181b5d-ce94-4c42-87ff-cd86f32854e0	(None, 3)
2	8	c6181b5d-ce94-4c42-87ff-cd86f32854e0	((23, 19), 3)
2	9	c6181b5d-ce94-4c42-87ff-cd86f32854e0	(None, 2)
3	0	c6181b5d-ce94-4c42-87ff-cd86f32854e0	(None, 2)
3	1	c6181b5d-ce94-4c42-87ff-cd86f32854e0	(None, 3)
3	2	c6181b5d-ce94-4c42-87ff-cd86f32854e0	(None, 3)
3	3	c6181b5d-ce94-4c42-87ff-cd86f32854e0	(None, 2)
3	4	c6181b5d-ce94-4c42-87ff-cd86f32854e0	(None, 3)
3	5	c6181b5d-ce94-4c42-87ff-cd86f32854e0	(None, 3)
3	6	c6181b5d-ce94-4c42-87ff-cd86f32854e0	(None, 0)
3	7	c6181b5d-ce94-4c42-87ff-cd86f32854e0	(None, 3)
3	8	c6181b5d-ce94-4c42-87ff-cd86f32854e0	((23, 18), 3)
3	9	c6181b5d-ce94-4c42-87ff-cd86f32854e0	(None, 2)
4	0	c6181b5d-ce94-4c42-87ff-cd86f32854e0	(None, 2)
4	1	c6181b5d-ce94-4c42-87ff-cd86f32854e0	(None, 3)
4	2	c6181b5d-ce94-4c42-87ff-cd86f32854e0	(None, 3)
4	3	c6181b5d-ce94-4c42-87ff-cd86f32854e0	(None, 2)
4	4	c6181b5d-ce94-4c42-87ff-cd86f32854e0	(None, 3)
4	5	c6181b5d-ce94-4c42-87ff-cd86f32854e0	((22, 8), 3)
4	6	c6181b5d-ce94-4c42-87ff-cd86f32854e0	(None, 0)
4	7	c6181b5d-ce94-4c42-87ff-cd86f32854e0	(None, 3)
4	8	c6181b5d-ce94-4c42-87ff-cd86f32854e0	((23, 17), 3)
4	9	c6181b5d-ce94-4c42-87ff-cd86f32854e0	(None, 2)
5	0	c6181b5d-ce94-4c42-87ff-cd86f32854e0	(None, 2)
5	1	c6181b5d-ce94-4c42-87ff-cd86f32854e0	(None, 3)
5	2	c6181b5d-ce94-4c42-87ff-cd86f32854e0	(None, 3)
5	3	c6181b5d-ce94-4c42-87ff-cd86f32854e0	(None, 2)
5	4	c6181b5d-ce94-4c42-87ff-cd86f32854e0	(None, 3)
5	5	c6181b5d-ce94-4c42-87ff-cd86f32854e0	((22, 7), 3)
5	6	c6181b5d-ce94-4c42-87ff-cd86f32854e0	(None, 0)
5	7	c6181b5d-ce94-4c42-87ff-cd86f32854e0	(None, 3)
5	8	c6181b5d-ce94-4c42-87ff-cd86f32854e0	((23, 16), 3)
5	9	c6181b5d-ce94-4c42-87ff-cd86f32854e0	(None, 2)
6	0	c6181b5d-ce94-4c42-87ff-cd86f32854e0	(None, 2)
6	1	c6181b5d-ce94-4c42-87ff-cd86f32854e0	(None, 3)
6	2	c6181b5d-ce94-4c42-87ff-cd86f32854e0	(None, 3)
6	3	c6181b5d-ce94-4c42-87ff-cd86f32854e0	(None, 2)
6	4	c6181b5d-ce94-4c42-87ff-cd86f32854e0	(None, 3)
6	5	c6181b5d-ce94-4c42-87ff-cd86f32854e0	((23, 7), 2)
6	6	c6181b5d-ce94-4c42-87ff-cd86f32854e0	(None, 0)
6	7	c6181b5d-ce94-4c42-87ff-cd86f32854e0	(None, 3)
6	8	c6181b5d-ce94-4c42-87ff-cd86f32854e0	((23, 15), 3)
6	9	c6181b5d-ce94-4c42-87ff-cd86f32854e0	(None, 2)
7	0	c6181b5d-ce94-4c42-87ff-cd86f32854e0	(None, 2)
7	1	c6181b5d-ce94-4c42-87ff-cd86f32854e0	(None, 3)
7	2	c6181b5d-ce94-4c42-87ff-cd86f32854e0	(None, 3)
7	3	c6181b5d-ce94-4c42-87ff-cd86f32854e0	(None, 2)
7	4	c6181b5d-ce94-4c42-87ff-cd86f32854e0	(None, 3)
7	5	c6181b5d-ce94-4c42-87ff-cd86f32854e0	((23, 6), 3)
7	6	c6181b5d-ce94-4c42-87ff-cd86f32854e0	(None, 0)
7	7	c6181b5d-ce94-4c42-87ff-cd86f32854e0	(None, 3)
7	8	c6181b5d-ce94-4c42-87ff-cd86f32854e0	((23, 14), 3)
7	9	c6181b5d-ce94-4c42-87ff-cd86f32854e0	(None, 2)
8	0	c6181b5d-ce94-4c42-87ff-cd86f32854e0	(None, 2)
8	1	c6181b5d-ce94-4c42-87ff-cd86f32854e0	(None, 3)
8	2	c6181b5d-ce94-4c42-87ff-cd86f32854e0	(None, 3)
8	3	c6181b5d-ce94-4c42-87ff-cd86f32854e0	(None, 2)
8	4	c6181b5d-ce94-4c42-87ff-cd86f32854e0	(None, 3)
8	5	c6181b5d-ce94-4c42-87ff-cd86f32854e0	((23, 5), 3)
8	6	c6181b5d-ce94-4c42-87ff-cd86f32854e0	(None, 0)
8	7	c6181b5d-ce94-4c42-87ff-cd86f32854e0	(None, 3)
8	8	c6181b5d-ce94-4c42-87ff-cd86f32854e0	((23, 13), 3)
8	9	c6181b5d-ce94-4c42-87ff-cd86f32854e0	(None, 2)
9	0	c6181b5d-ce94-4c42-87ff-cd86f32854e0	((11, 12), 2)
9	1	c6181b5d-ce94-4c42-87ff-cd86f32854e0	(None, 3)
9	2	c6181b5d-ce94-4c42-87ff-cd86f32854e0	(None, 3)
9	3	c6181b5d-ce94-4c42-87ff-cd86f32854e0	(None, 2)
9	4	c6181b5d-ce94-4c42-87ff-cd86f32854e0	(None, 3)
9	5	c6181b5d-ce94-4c42-87ff-cd86f32854e0	((23, 4), 3)
9	6	c6181b5d-ce94-4c42-87ff-cd86f32854e0	(None, 0)
9	7	c6181b5d-ce94-4c42-87ff-cd86f32854e0	(None, 3)
9	8	c6181b5d-ce94-4c42-87ff-cd86f32854e0	((22, 13), 0)
9	9	c6181b5d-ce94-4c42-87ff-cd86f32854e0	(None, 2)
10	0	c6181b5d-ce94-4c42-87ff-cd86f32854e0	((12, 12), 2)
10	1	c6181b5d-ce94-4c42-87ff-cd86f32854e0	(None, 3)
10	2	c6181b5d-ce94-4c42-87ff-cd86f32854e0	(None, 3)
10	3	c6181b5d-ce94-4c42-87ff-cd86f32854e0	(None, 2)
10	4	c6181b5d-ce94-4c42-87ff-cd86f32854e0	(None, 3)
10	5	c6181b5d-ce94-4c42-87ff-cd86f32854e0	((23, 3), 3)
10	6	c6181b5d-ce94-4c42-87ff-cd86f32854e0	(None, 0)
10	7	c6181b5d-ce94-4c42-87ff-cd86f32854e0	(None, 3)
10	8	c6181b5d-ce94-4c42-87ff-cd86f32854e0	((21, 13), 0)
10	9	c6181b5d-ce94-4c42-87ff-cd86f32854e0	(None, 2)
11	0	c6181b5d-ce94-4c42-87ff-cd86f32854e0	((13, 12), 2)
11	1	c6181b5d-ce94-4c42-87ff-cd86f32854e0	(None, 3)
11	2	c6181b5d-ce94-4c42-87ff-cd86f32854e0	(None, 3)
11	3	c6181b5d-ce94-4c42-87ff-cd86f32854e0	(None, 2)
11	4	c6181b5d-ce94-4c42-87ff-cd86f32854e0	(None, 3)
11	5	c6181b5d-ce94-4c42-87ff-cd86f32854e0	((22, 3), 0)
11	6	c6181b5d-ce94-4c42-87ff-cd86f32854e0	(None, 0)
11	7	c6181b5d-ce94-4c42-87ff-cd86f32854e0	(None, 3)
11	8	c6181b5d-ce94-4c42-87ff-cd86f32854e0	((20, 13), 0)
11	9	c6181b5d-ce94-4c42-87ff-cd86f32854e0	(None, 2)
12	0	c6181b5d-ce94-4c42-87ff-cd86f32854e0	((14, 12), 2)
12	1	c6181b5d-ce94-4c42-87ff-cd86f32854e0	(None, 3)
12	2	c6181b5d-ce94-4c42-87ff-cd86f32854e0	(None, 3)
12	3	c6181b5d-ce94-4c42-87ff-cd86f32854e0	(None, 2)
12	4	c6181b5d-ce94-4c42-87ff-cd86f32854e0	(None, 3)
12	5	c6181b5d-ce94-4c42-87ff-cd86f32854e0	((21, 3), 0)
12	6	c6181b5d-ce94-4c42-87ff-cd86f32854e0	(None, 0)
12	7	c6181b5d-ce94-4c42-87ff-cd86f32854e0	(None, 3)
12	8	c6181b5d-ce94-4c42-87ff-cd86f32854e0	((19, 13), 0)
12	9	c6181b5d-ce94-4c42-87ff-cd86f32854e0	(None, 2)
13	0	c6181b5d-ce94-4c42-87ff-cd86f32854e0	((15, 12), 2)
13	1	c6181b5d-ce94-4c42-87ff-cd86f32854e0	(None, 3)
13	2	c6181b5d-ce94-4c42-87ff-cd86f32854e0	(None, 3)
13	3	c6181b5d-ce94-4c42-87ff-cd86f32854e0	(None, 2)
13	4	c6181b5d-ce94-4c42-87ff-cd86f32854e0	(None, 3)
13	5	c6181b5d-ce94-4c42-87ff-cd86f32854e0	((20, 3), 0)
13	6	c6181b5d-ce94-4c42-87ff-cd86f32854e0	(None, 0)
13	7	c6181b5d-ce94-4c42-87ff-cd86f32854e0	(None, 3)
13	8	c6181b5d-ce94-4c42-87ff-cd86f32854e0	((18, 13), 0)
13	9	c6181b5d-ce94-4c42-87ff-cd86f32854e0	(None, 2)
14	0	c6181b5d-ce94-4c42-87ff-cd86f32854e0	((16, 12), 2)
14	1	c6181b5d-ce94-4c42-87ff-cd86f32854e0	(None, 3)
14	2	c6181b5d-ce94-4c42-87ff-cd86f32854e0	(None, 3)
14	3	c6181b5d-ce94-4c42-87ff-cd86f32854e0	(None, 2)
14	4	c6181b5d-ce94-4c42-87ff-cd86f32854e0	(None, 3)
14	5	c6181b5d-ce94-4c42-87ff-cd86f32854e0	((19, 3), 0)
14	6	c6181b5d-ce94-4c42-87ff-cd86f32854e0	(None, 0)
14	7	c6181b5d-ce94-4c42-87ff-cd86f32854e0	(None, 3)
14	8	c6181b5d-ce94-4c42-87ff-cd86f32854e0	((18, 12), 3)
14	9	c6181b5d-ce94-4c42-87ff-cd86f32854e0	(None, 2)
15	0	c6181b5d-ce94-4c42-87ff-cd86f32854e0	((17, 12), 2)
15	1	c6181b5d-ce94-4c42-87ff-cd86f32854e0	(None, 3)
15	2	c6181b5d-ce94-4c42-87ff-cd86f32854e0	(None, 3)
15	3	c6181b5d-ce94-4c42-87ff-cd86f32854e0	(None, 2)
15	4	c6181b5d-ce94-4c42-87ff-cd86f32854e0	(None, 3)
15	5	c6181b5d-ce94-4c42-87ff-cd86f32854e0	((18, 3), 0)
15	6	c6181b5d-ce94-4c42-87ff-cd86f32854e0	(None, 0)
15	7	c6181b5d-ce94-4c42-87ff-cd86f32854e0	(None, 3)
15	8	c6181b5d-ce94-4c42-87ff-cd86f32854e0	((18, 12), 3)
15	9	c6181b5d-ce94-4c42-87ff-cd86f32854e0	(None, 2)
16	0	c6181b5d-ce94-4c42-87ff-cd86f32854e0	((17, 13), 1)
16	1	c6181b5d-ce94-4c42-87ff-cd86f32854e0	(None, 3)
16	2	c6181b5d-ce94-4c42-87ff-cd86f32854e0	(None, 3)
16	3	c6181b5d-ce94-4c42-87ff-cd86f32854e0	(None, 2)
16	4	c6181b5d-ce94-4c42-87ff-cd86f32854e0	(None, 3)
16	5	c6181b5d-ce94-4c42-87ff-cd86f32854e0	((18, 4), 1)
16	6	c6181b5d-ce94-4c42-87ff-cd86f32854e0	(None, 0)
16	7	c6181b5d-ce94-4c42-87ff-cd86f32854e0	(None, 3)
16	8	c6181b5d-ce94-4c42-87ff-cd86f32854e0	((17, 12), 0)
16	9	c6181b5d-ce94-4c42-87ff-cd86f32854e0	(None, 2)
17	0	c6181b5d-ce94-4c42-87ff-cd86f32854e0	((17, 14), 1)
17	1	c6181b5d-ce94-4c42-87ff-cd86f32854e0	(None, 3)
17	2	c6181b5d-ce94-4c42-87ff-cd86f32854e0	(None, 3)
17	3	c6181b5d-ce94-4c42-87ff-cd86f32854e0	(None, 2)
17	4	c6181b5d-ce94-4c42-87ff-cd86f32854e0	(None, 3)
17	5	c6181b5d-ce94-4c42-87ff-cd86f32854e0	((18, 5), 1)
17	6	c6181b5d-ce94-4c42-87ff-cd86f32854e0	(None, 0)
17	7	c6181b5d-ce94-4c42-87ff-cd86f32854e0	(None, 3)
17	8	c6181b5d-ce94-4c42-87ff-cd86f32854e0	((16, 12), 0)
17	9	c6181b5d-ce94-4c42-87ff-cd86f32854e0	(None, 2)
18	0	c6181b5d-ce94-4c42-87ff-cd86f32854e0	((17, 15), 1)
18	1	c6181b5d-ce94-4c42-87ff-cd86f32854e0	(None, 3)
18	2	c6181b5d-ce94-4c42-87ff-cd86f32854e0	(None, 3)
18	3	c6181b5d-ce94-4c42-87ff-cd86f32854e0	(None, 2)
18	4	c6181b5d-ce94-4c42-87ff-cd86f32854e0	(None, 3)
18	5	c6181b5d-ce94-4c42-87ff-cd86f32854e0	((18, 6), 1)
18	6	c6181b5d-ce94-4c42-87ff-cd86f32854e0	((11, 12), 0)
18	7	c6181b5d-ce94-4c42-87ff-cd86f32854e0	(None, 3)
18	8	c6181b5d-ce94-4c42-87ff-cd86f32854e0	((15, 12), 0)
18	9	c6181b5d-ce94-4c42-87ff-cd86f32854e0	(None, 2)
19	0	c6181b5d-ce94-4c42-87ff-cd86f32854e0	((17, 16), 1)
19	1	c6181b5d-ce94-4c42-87ff-cd86f32854e0	(None, 3)
19	2	c6181b5d-ce94-4c42-87ff-cd86f32854e0	(None, 3)
19	3	c6181b5d-ce94-4c42-87ff-cd86f32854e0	((11, 12), 2)
19	4	c6181b5d-ce94-4c42-87ff-cd86f32854e0	(None, 3)
19	5	c6181b5d-ce94-4c42-87ff-cd86f32854e0	((18, 7), 1)
19	6	c6181b5d-ce94-4c42-87ff-cd86f32854e0	((10, 12), 0)
19	7	c6181b5d-ce94-4c42-87ff-cd86f32854e0	(None, 3)
19	8	c6181b5d-ce94-4c42-87ff-cd86f32854e0	((14, 12), 0)
19	9	c6181b5d-ce94-4c42-87ff-cd86f32854e0	(None, 2)
20	0	c6181b5d-ce94-4c42-87ff-cd86f32854e0	((17, 17), 1)
20	1	c6181b5d-ce94-4c42-87ff-cd86f32854e0	(None, 3)
20	2	c6181b5d-ce94-4c42-87ff-cd86f32854e0	(None, 3)
20	3	c6181b5d-ce94-4c42-87ff-cd86f32854e0	((12, 12), 2)
20	4	c6181b5d-ce94-4c42-87ff-cd86f32854e0	((23, 19), 3)
20	5	c6181b5d-ce94-4c42-87ff-cd86f32854e0	((18, 8), 1)
20	6	c6181b5d-ce94-4c42-87ff-cd86f32854e0	((9, 12), 0)
20	7	c6181b5d-ce94-4c42-87ff-cd86f32854e0	(None, 3)
20	8	c6181b5d-ce94-4c42-87ff-cd86f32854e0	((14, 13), 1)
20	9	c6181b5d-ce94-4c42-87ff-cd86f32854e0	((11, 12), 2)
21	0	c6181b5d-ce94-4c42-87ff-cd86f32854e0	((17, 18), 1)
21	1	c6181b5d-ce94-4c42-87ff-cd86f32854e0	(None, 3)
21	2	c6181b5d-ce94-4c42-87ff-cd86f32854e0	(None, 3)
21	3	c6181b5d-ce94-4c42-87ff-cd86f32854e0	((13, 12), 2)
21	4	c6181b5d-ce94-4c42-87ff-cd86f32854e0	((23, 18), 3)
21	5	c6181b5d-ce94-4c42-87ff-cd86f32854e0	((18, 9), 1)
21	6	c6181b5d-ce94-4c42-87ff-cd86f32854e0	((8, 12), 0)
21	7	c6181b5d-ce94-4c42-87ff-cd86f32854e0	(None, 3)
21	8	c6181b5d-ce94-4c42-87ff-cd86f32854e0	((13, 13), 0)
21	9	c6181b5d-ce94-4c42-87ff-cd86f32854e0	((12, 12), 2)
22	0	c6181b5d-ce94-4c42-87ff-cd86f32854e0	((17, 19), 1)
22	1	c6181b5d-ce94-4c42-87ff-cd86f32854e0	(None, 3)
22	2	c6181b5d-ce94-4c42-87ff-cd86f32854e0	(None, 3)
22	3	c6181b5d-ce94-4c42-87ff-cd86f32854e0	((14, 12), 2)
22	4	c6181b5d-ce94-4c42-87ff-cd86f32854e0	((23, 17), 3)
22	5	c6181b5d-ce94-4c42-87ff-cd86f32854e0	((18, 10), 1)
22	6	c6181b5d-ce94-4c42-87ff-cd86f32854e0	((7, 12), 0)
22	7	c6181b5d-ce94-4c42-87ff-cd86f32854e0	(None, 3)
22	8	c6181b5d-ce94-4c42-87ff-cd86f32854e0	((12, 13), 0)
22	9	c6181b5d-ce94-4c42-87ff-cd86f32854e0	((13, 12), 2)
23	0	c6181b5d-ce94-4c42-87ff-cd86f32854e0	((17, 20), 1)
23	1	c6181b5d-ce94-4c42-87ff-cd86f32854e0	(None, 3)
23	2	c6181b5d-ce94-4c42-87ff-cd86f32854e0	(None, 3)
23	3	c6181b5d-ce94-4c42-87ff-cd86f32854e0	((15, 12), 2)
23	4	c6181b5d-ce94-4c42-87ff-cd86f32854e0	((23, 16), 3)
23	5	c6181b5d-ce94-4c42-87ff-cd86f32854e0	((18, 11), 1)
23	6	c6181b5d-ce94-4c42-87ff-cd86f32854e0	((6, 12), 0)
23	7	c6181b5d-ce94-4c42-87ff-cd86f32854e0	(None, 3)
23	8	c6181b5d-ce94-4c42-87ff-cd86f32854e0	(None, 0)
23	9	c6181b5d-ce94-4c42-87ff-cd86f32854e0	((13, 13), 1)
24	0	c6181b5d-ce94-4c42-87ff-cd86f32854e0	((17, 21), 1)
24	1	c6181b5d-ce94-4c42-87ff-cd86f32854e0	(None, 3)
24	2	c6181b5d-ce94-4c42-87ff-cd86f32854e0	(None, 3)
24	3	c6181b5d-ce94-4c42-87ff-cd86f32854e0	((16, 12), 2)
24	4	c6181b5d-ce94-4c42-87ff-cd86f32854e0	((23, 15), 3)
24	5	c6181b5d-ce94-4c42-87ff-cd86f32854e0	((17, 11), 0)
24	6	c6181b5d-ce94-4c42-87ff-cd86f32854e0	((6, 13), 1)
24	7	c6181b5d-ce94-4c42-87ff-cd86f32854e0	(None, 3)
24	8	c6181b5d-ce94-4c42-87ff-cd86f32854e0	(None, 0)
24	9	c6181b5d-ce94-4c42-87ff-cd86f32854e0	((14, 13), 2)
25	0	c6181b5d-ce94-4c42-87ff-cd86f32854e0	((17, 22), 1)
25	1	c6181b5d-ce94-4c42-87ff-cd86f32854e0	(None, 3)
25	2	c6181b5d-ce94-4c42-87ff-cd86f32854e0	(None, 3)
25	3	c6181b5d-ce94-4c42-87ff-cd86f32854e0	((17, 12), 2)
25	4	c6181b5d-ce94-4c42-87ff-cd86f32854e0	((23, 14), 3)
25	5	c6181b5d-ce94-4c42-87ff-cd86f32854e0	((16, 11), 0)
25	6	c6181b5d-ce94-4c42-87ff-cd86f32854e0	((6, 14), 1)
25	7	c6181b5d-ce94-4c42-87ff-cd86f32854e0	(None, 3)
25	8	c6181b5d-ce94-4c42-87ff-cd86f32854e0	(None, 0)
25	9	c6181b5d-ce94-4c42-87ff-cd86f32854e0	((14, 12), 3)
26	0	c6181b5d-ce94-4c42-87ff-cd86f32854e0	((17, 23), 1)
26	1	c6181b5d-ce94-4c42-87ff-cd86f32854e0	(None, 3)
26	2	c6181b5d-ce94-4c42-87ff-cd86f32854e0	(None, 3)
26	3	c6181b5d-ce94-4c42-87ff-cd86f32854e0	((18, 12), 2)
26	4	c6181b5d-ce94-4c42-87ff-cd86f32854e0	((23, 13), 3)
26	5	c6181b5d-ce94-4c42-87ff-cd86f32854e0	((16, 11), 0)
26	6	c6181b5d-ce94-4c42-87ff-cd86f32854e0	((6, 15), 1)
26	7	c6181b5d-ce94-4c42-87ff-cd86f32854e0	(None, 3)
26	8	c6181b5d-ce94-4c42-87ff-cd86f32854e0	(None, 0)
26	9	c6181b5d-ce94-4c42-87ff-cd86f32854e0	((15, 12), 2)
27	0	c6181b5d-ce94-4c42-87ff-cd86f32854e0	((17, 24), 1)
27	1	c6181b5d-ce94-4c42-87ff-cd86f32854e0	(None, 3)
27	2	c6181b5d-ce94-4c42-87ff-cd86f32854e0	(None, 3)
27	3	c6181b5d-ce94-4c42-87ff-cd86f32854e0	((18, 13), 1)
27	4	c6181b5d-ce94-4c42-87ff-cd86f32854e0	((23, 12), 3)
27	5	c6181b5d-ce94-4c42-87ff-cd86f32854e0	((16, 11), 0)
27	6	c6181b5d-ce94-4c42-87ff-cd86f32854e0	((6, 16), 1)
27	7	c6181b5d-ce94-4c42-87ff-cd86f32854e0	((23, 19), 3)
27	8	c6181b5d-ce94-4c42-87ff-cd86f32854e0	(None, 0)
27	9	c6181b5d-ce94-4c42-87ff-cd86f32854e0	((16, 12), 2)
28	0	c6181b5d-ce94-4c42-87ff-cd86f32854e0	((18, 24), 2)
28	1	c6181b5d-ce94-4c42-87ff-cd86f32854e0	(None, 3)
28	2	c6181b5d-ce94-4c42-87ff-cd86f32854e0	(None, 3)
28	3	c6181b5d-ce94-4c42-87ff-cd86f32854e0	((19, 13), 2)
28	4	c6181b5d-ce94-4c42-87ff-cd86f32854e0	((23, 11), 3)
28	5	c6181b5d-ce94-4c42-87ff-cd86f32854e0	((16, 12), 1)
28	6	c6181b5d-ce94-4c42-87ff-cd86f32854e0	((6, 17), 1)
28	7	c6181b5d-ce94-4c42-87ff-cd86f32854e0	((23, 18), 3)
28	8	c6181b5d-ce94-4c42-87ff-cd86f32854e0	(None, 0)
28	9	c6181b5d-ce94-4c42-87ff-cd86f32854e0	((17, 12), 2)
29	0	c6181b5d-ce94-4c42-87ff-cd86f32854e0	((19, 24), 2)
29	1	c6181b5d-ce94-4c42-87ff-cd86f32854e0	(None, 3)
29	2	c6181b5d-ce94-4c42-87ff-cd86f32854e0	(None, 3)
29	3	c6181b5d-ce94-4c42-87ff-cd86f32854e0	((20, 13), 2)
29	4	c6181b5d-ce94-4c42-87ff-cd86f32854e0	((23, 10), 3)
29	5	c6181b5d-ce94-4c42-87ff-cd86f32854e0	((15, 12), 0)
29	6	c6181b5d-ce94-4c42-87ff-cd86f32854e0	((7, 17), 2)
29	7	c6181b5d-ce94-4c42-87ff-cd86f32854e0	((23, 17), 3)
29	8	c6181b5d-ce94-4c42-87ff-cd86f32854e0	(None, 0)
29	9	c6181b5d-ce94-4c42-87ff-cd86f32854e0	((18, 12), 2)
30	0	c6181b5d-ce94-4c42-87ff-cd86f32854e0	((20, 24), 2)
30	1	c6181b5d-ce94-4c42-87ff-cd86f32854e0	(None, 3)
30	2	c6181b5d-ce94-4c42-87ff-cd86f32854e0	(None, 3)
30	3	c6181b5d-ce94-4c42-87ff-cd86f32854e0	((21, 13), 2)
30	4	c6181b5d-ce94-4c42-87ff-cd86f32854e0	((23, 9), 3)
30	5	c6181b5d-ce94-4c42-87ff-cd86f32854e0	((14, 12), 0)
30	6	c6181b5d-ce94-4c42-87ff-cd86f32854e0	((8, 17), 2)
30	7	c6181b5d-ce94-4c42-87ff-cd86f32854e0	((23, 16), 3)
30	8	c6181b5d-ce94-4c42-87ff-cd86f32854e0	(None, 0)
30	9	c6181b5d-ce94-4c42-87ff-cd86f32854e0	((18, 13), 1)
31	0	c6181b5d-ce94-4c42-87ff-cd86f32854e0	((21, 24), 2)
31	1	c6181b5d-ce94-4c42-87ff-cd86f32854e0	(None, 3)
31	2	c6181b5d-ce94-4c42-87ff-cd86f32854e0	(None, 3)
31	3	c6181b5d-ce94-4c42-87ff-cd86f32854e0	((22, 13), 2)
31	4	c6181b5d-ce94-4c42-87ff-cd86f32854e0	(None, 3)
31	5	c6181b5d-ce94-4c42-87ff-cd86f32854e0	((13, 12), 0)
31	6	c6181b5d-ce94-4c42-87ff-cd86f32854e0	((9, 17), 2)
31	7	c6181b5d-ce94-4c42-87ff-cd86f32854e0	((23, 15), 3)
31	8	c6181b5d-ce94-4c42-87ff-cd86f32854e0	(None, 0)
31	9	c6181b5d-ce94-4c42-87ff-cd86f32854e0	((19, 13), 2)
32	0	c6181b5d-ce94-4c42-87ff-cd86f32854e0	((22, 24), 2)
32	1	c6181b5d-ce94-4c42-87ff-cd86f32854e0	(None, 3)
32	2	c6181b5d-ce94-4c42-87ff-cd86f32854e0	(None, 3)
32	3	c6181b5d-ce94-4c42-87ff-cd86f32854e0	((23, 13), 2)
32	4	c6181b5d-ce94-4c42-87ff-cd86f32854e0	(None, 3)
32	5	c6181b5d-ce94-4c42-87ff-cd86f32854e0	((12, 12), 0)
32	6	c6181b5d-ce94-4c42-87ff-cd86f32854e0	((10, 17), 2)
32	7	c6181b5d-ce94-4c42-87ff-cd86f32854e0	((23, 14), 3)
32	8	c6181b5d-ce94-4c42-87ff-cd86f32854e0	(None, 0)
32	9	c6181b5d-ce94-4c42-87ff-cd86f32854e0	((20, 13), 2)
33	0	c6181b5d-ce94-4c42-87ff-cd86f32854e0	((23, 24), 2)
33	1	c6181b5d-ce94-4c42-87ff-cd86f32854e0	(None, 3)
33	2	c6181b5d-ce94-4c42-87ff-cd86f32854e0	(None, 3)
33	3	c6181b5d-ce94-4c42-87ff-cd86f32854e0	((24, 13), 2)
33	4	c6181b5d-ce94-4c42-87ff-cd86f32854e0	(None, 3)
33	5	c6181b5d-ce94-4c42-87ff-cd86f32854e0	((11, 12), 0)
33	6	c6181b5d-ce94-4c42-87ff-cd86f32854e0	((11, 17), 2)
33	7	c6181b5d-ce94-4c42-87ff-cd86f32854e0	((23, 13), 3)
33	8	c6181b5d-ce94-4c42-87ff-cd86f32854e0	(None, 0)
33	9	c6181b5d-ce94-4c42-87ff-cd86f32854e0	((21, 13), 2)
34	0	c6181b5d-ce94-4c42-87ff-cd86f32854e0	((23, 23), 3)
34	1	c6181b5d-ce94-4c42-87ff-cd86f32854e0	(None, 3)
34	2	c6181b5d-ce94-4c42-87ff-cd86f32854e0	(None, 3)
34	3	c6181b5d-ce94-4c42-87ff-cd86f32854e0	((24, 14), 1)
34	4	c6181b5d-ce94-4c42-87ff-cd86f32854e0	(None, 3)
34	5	c6181b5d-ce94-4c42-87ff-cd86f32854e0	((10, 12), 0)
34	6	c6181b5d-ce94-4c42-87ff-cd86f32854e0	((12, 17), 2)
34	7	c6181b5d-ce94-4c42-87ff-cd86f32854e0	((23, 12), 3)
34	8	c6181b5d-ce94-4c42-87ff-cd86f32854e0	(None, 0)
34	9	c6181b5d-ce94-4c42-87ff-cd86f32854e0	((22, 13), 2)
35	0	c6181b5d-ce94-4c42-87ff-cd86f32854e0	((23, 22), 3)
35	1	c6181b5d-ce94-4c42-87ff-cd86f32854e0	(None, 3)
35	2	c6181b5d-ce94-4c42-87ff-cd86f32854e0	(None, 3)
35	3	c6181b5d-ce94-4c42-87ff-cd86f32854e0	((24, 15), 1)
35	4	c6181b5d-ce94-4c42-87ff-cd86f32854e0	(None, 3)
35	5	c6181b5d-ce94-4c42-87ff-cd86f32854e0	((9, 12), 0)
35	6	c6181b5d-ce94-4c42-87ff-cd86f32854e0	((13, 17), 2)
35	7	c6181b5d-ce94-4c42-87ff-cd86f32854e0	((23, 11), 3)
35	8	c6181b5d-ce94-4c42-87ff-cd86f32854e0	(None, 0)
35	9	c6181b5d-ce94-4c42-87ff-cd86f32854e0	((23, 13), 2)
36	0	c6181b5d-ce94-4c42-87ff-cd86f32854e0	((23, 21), 3)
36	1	c6181b5d-ce94-4c42-87ff-cd86f32854e0	((24, 8), 3)
36	2	c6181b5d-ce94-4c42-87ff-cd86f32854e0	(None, 3)
36	3	c6181b5d-ce94-4c42-87ff-cd86f32854e0	((24, 16), 1)
36	4	c6181b5d-ce94-4c42-87ff-cd86f32854e0	(None, 3)
36	5	c6181b5d-ce94-4c42-87ff-cd86f32854e0	((8, 12), 0)
36	6	c6181b5d-ce94-4c42-87ff-cd86f32854e0	((14, 17), 2)
36	7	c6181b5d-ce94-4c42-87ff-cd86f32854e0	((23, 10), 3)
36	8	c6181b5d-ce94-4c42-87ff-cd86f32854e0	(None, 0)
36	9	c6181b5d-ce94-4c42-87ff-cd86f32854e0	((24, 13), 2)
37	0	c6181b5d-ce94-4c42-87ff-cd86f32854e0	((23, 20), 3)
37	1	c6181b5d-ce94-4c42-87ff-cd86f32854e0	((24, 7), 3)
37	2	c6181b5d-ce94-4c42-87ff-cd86f32854e0	(None, 3)
37	3	c6181b5d-ce94-4c42-87ff-cd86f32854e0	((24, 17), 1)
37	4	c6181b5d-ce94-4c42-87ff-cd86f32854e0	(None, 3)
37	5	c6181b5d-ce94-4c42-87ff-cd86f32854e0	((7, 12), 0)
37	6	c6181b5d-ce94-4c42-87ff-cd86f32854e0	((15, 17), 2)
37	7	c6181b5d-ce94-4c42-87ff-cd86f32854e0	((23, 9), 3)
37	8	c6181b5d-ce94-4c42-87ff-cd86f32854e0	(None, 0)
37	9	c6181b5d-ce94-4c42-87ff-cd86f32854e0	((24, 14), 1)
38	0	c6181b5d-ce94-4c42-87ff-cd86f32854e0	((23, 19), 3)
38	1	c6181b5d-ce94-4c42-87ff-cd86f32854e0	((24, 6), 3)
38	2	c6181b5d-ce94-4c42-87ff-cd86f32854e0	(None, 3)
38	3	c6181b5d-ce94-4c42-87ff-cd86f32854e0	((24, 18), 1)
38	4	c6181b5d-ce94-4c42-87ff-cd86f32854e0	(None, 3)
38	5	c6181b5d-ce94-4c42-87ff-cd86f32854e0	((6, 12), 0)
38	6	c6181b5d-ce94-4c42-87ff-cd86f32854e0	((16, 17), 2)
38	7	c6181b5d-ce94-4c42-87ff-cd86f32854e0	((23, 8), 3)
38	8	c6181b5d-ce94-4c42-87ff-cd86f32854e0	(None, 0)
38	9	c6181b5d-ce94-4c42-87ff-cd86f32854e0	((24, 15), 1)
39	0	c6181b5d-ce94-4c42-87ff-cd86f32854e0	((23, 18), 3)
39	1	c6181b5d-ce94-4c42-87ff-cd86f32854e0	((24, 5), 3)
39	2	c6181b5d-ce94-4c42-87ff-cd86f32854e0	(None, 3)
39	3	c6181b5d-ce94-4c42-87ff-cd86f32854e0	(None, 1)
39	4	c6181b5d-ce94-4c42-87ff-cd86f32854e0	(None, 3)
39	5	c6181b5d-ce94-4c42-87ff-cd86f32854e0	((6, 13), 1)
39	6	c6181b5d-ce94-4c42-87ff-cd86f32854e0	((16, 16), 3)
39	7	c6181b5d-ce94-4c42-87ff-cd86f32854e0	((23, 7), 3)
39	8	c6181b5d-ce94-4c42-87ff-cd86f32854e0	(None, 0)
39	9	c6181b5d-ce94-4c42-87ff-cd86f32854e0	((24, 16), 1)
40	0	c6181b5d-ce94-4c42-87ff-cd86f32854e0	((23, 17), 3)
40	1	c6181b5d-ce94-4c42-87ff-cd86f32854e0	((23, 5), 0)
40	2	c6181b5d-ce94-4c42-87ff-cd86f32854e0	(None, 3)
40	3	c6181b5d-ce94-4c42-87ff-cd86f32854e0	(None, 1)
40	4	c6181b5d-ce94-4c42-87ff-cd86f32854e0	(None, 3)
40	5	c6181b5d-ce94-4c42-87ff-cd86f32854e0	((6, 14), 1)
40	6	c6181b5d-ce94-4c42-87ff-cd86f32854e0	((16, 15), 3)
40	7	c6181b5d-ce94-4c42-87ff-cd86f32854e0	((23, 6), 3)
40	8	c6181b5d-ce94-4c42-87ff-cd86f32854e0	(None, 0)
40	9	c6181b5d-ce94-4c42-87ff-cd86f32854e0	((24, 17), 1)
41	0	c6181b5d-ce94-4c42-87ff-cd86f32854e0	((24, 17), 2)
41	1	c6181b5d-ce94-4c42-87ff-cd86f32854e0	((23, 4), 3)
41	2	c6181b5d-ce94-4c42-87ff-cd86f32854e0	(None, 3)
41	3	c6181b5d-ce94-4c42-87ff-cd86f32854e0	(None, 1)
41	4	c6181b5d-ce94-4c42-87ff-cd86f32854e0	(None, 3)
41	5	c6181b5d-ce94-4c42-87ff-cd86f32854e0	((6, 15), 1)
41	6	c6181b5d-ce94-4c42-87ff-cd86f32854e0	((16, 14), 3)
41	7	c6181b5d-ce94-4c42-87ff-cd86f32854e0	((23, 5), 3)
41	8	c6181b5d-ce94-4c42-87ff-cd86f32854e0	(None, 0)
41	9	c6181b5d-ce94-4c42-87ff-cd86f32854e0	((24, 18), 1)
42	0	c6181b5d-ce94-4c42-87ff-cd86f32854e0	((24, 16), 3)
42	1	c6181b5d-ce94-4c42-87ff-cd86f32854e0	((23, 3), 3)
42	2	c6181b5d-ce94-4c42-87ff-cd86f32854e0	(None, 3)
42	3	c6181b5d-ce94-4c42-87ff-cd86f32854e0	(None, 1)
42	4	c6181b5d-ce94-4c42-87ff-cd86f32854e0	(None, 3)
42	5	c6181b5d-ce94-4c42-87ff-cd86f32854e0	((6, 16), 1)
42	6	c6181b5d-ce94-4c42-87ff-cd86f32854e0	((16, 13), 3)
42	7	c6181b5d-ce94-4c42-87ff-cd86f32854e0	((23, 4), 3)
42	8	c6181b5d-ce94-4c42-87ff-cd86f32854e0	(None, 0)
42	9	c6181b5d-ce94-4c42-87ff-cd86f32854e0	(None, 1)
43	0	c6181b5d-ce94-4c42-87ff-cd86f32854e0	((23, 16), 0)
43	1	c6181b5d-ce94-4c42-87ff-cd86f32854e0	((22, 3), 0)
43	2	c6181b5d-ce94-4c42-87ff-cd86f32854e0	((23, 19), 3)
43	3	c6181b5d-ce94-4c42-87ff-cd86f32854e0	(None, 1)
43	4	c6181b5d-ce94-4c42-87ff-cd86f32854e0	(None, 3)
43	5	c6181b5d-ce94-4c42-87ff-cd86f32854e0	((6, 17), 1)
43	6	c6181b5d-ce94-4c42-87ff-cd86f32854e0	((17, 13), 2)
43	7	c6181b5d-ce94-4c42-87ff-cd86f32854e0	((23, 3), 3)
43	8	c6181b5d-ce94-4c42-87ff-cd86f32854e0	(None, 0)
43	9	c6181b5d-ce94-4c42-87ff-cd86f32854e0	(None, 1)
44	0	c6181b5d-ce94-4c42-87ff-cd86f32854e0	((23, 15), 3)
44	1	c6181b5d-ce94-4c42-87ff-cd86f32854e0	((21, 3), 0)
44	2	c6181b5d-ce94-4c42-87ff-cd86f32854e0	((23, 18), 3)
44	3	c6181b5d-ce94-4c42-87ff-cd86f32854e0	(None, 1)
44	4	c6181b5d-ce94-4c42-87ff-cd86f32854e0	(None, 3)
44	5	c6181b5d-ce94-4c42-87ff-cd86f32854e0	((7, 17), 2)
44	6	c6181b5d-ce94-4c42-87ff-cd86f32854e0	((18, 13), 2)
44	7	c6181b5d-ce94-4c42-87ff-cd86f32854e0	((22, 3), 0)
44	8	c6181b5d-ce94-4c42-87ff-cd86f32854e0	(None, 0)
44	9	c6181b5d-ce94-4c42-87ff-cd86f32854e0	(None, 1)
45	0	c6181b5d-ce94-4c42-87ff-cd86f32854e0	((23, 14), 3)
45	1	c6181b5d-ce94-4c42-87ff-cd86f32854e0	((20, 3), 0)
45	2	c6181b5d-ce94-4c42-87ff-cd86f32854e0	((23, 17), 3)
45	3	c6181b5d-ce94-4c42-87ff-cd86f32854e0	(None, 1)
45	4	c6181b5d-ce94-4c42-87ff-cd86f32854e0	(None, 3)
45	5	c6181b5d-ce94-4c42-87ff-cd86f32854e0	((8, 17), 2)
45	6	c6181b5d-ce94-4c42-87ff-cd86f32854e0	((19, 13), 2)
45	7	c6181b5d-ce94-4c42-87ff-cd86f32854e0	((21, 3), 0)
45	8	c6181b5d-ce94-4c42-87ff-cd86f32854e0	(None, 0)
45	9	c6181b5d-ce94-4c42-87ff-cd86f32854e0	(None, 1)
46	0	c6181b5d-ce94-4c42-87ff-cd86f32854e0	((23, 13), 3)
46	1	c6181b5d-ce94-4c42-87ff-cd86f32854e0	((19, 3), 0)
46	2	c6181b5d-ce94-4c42-87ff-cd86f32854e0	((23, 16), 3)
46	3	c6181b5d-ce94-4c42-87ff-cd86f32854e0	(None, 1)
46	4	c6181b5d-ce94-4c42-87ff-cd86f32854e0	(None, 3)
46	5	c6181b5d-ce94-4c42-87ff-cd86f32854e0	((9, 17), 2)
46	6	c6181b5d-ce94-4c42-87ff-cd86f32854e0	((20, 13), 2)
46	7	c6181b5d-ce94-4c42-87ff-cd86f32854e0	((20, 3), 0)
46	8	c6181b5d-ce94-4c42-87ff-cd86f32854e0	(None, 0)
46	9	c6181b5d-ce94-4c42-87ff-cd86f32854e0	(None, 1)
47	0	c6181b5d-ce94-4c42-87ff-cd86f32854e0	((23, 12), 3)
47	1	c6181b5d-ce94-4c42-87ff-cd86f32854e0	((18, 3), 0)
47	2	c6181b5d-ce94-4c42-87ff-cd86f32854e0	((23, 15), 3)
47	3	c6181b5d-ce94-4c42-87ff-cd86f32854e0	(None, 1)
47	4	c6181b5d-ce94-4c42-87ff-cd86f32854e0	(None, 3)
47	5	c6181b5d-ce94-4c42-87ff-cd86f32854e0	((10, 17), 2)
47	6	c6181b5d-ce94-4c42-87ff-cd86f32854e0	((21, 13), 2)
47	7	c6181b5d-ce94-4c42-87ff-cd86f32854e0	((19, 3), 0)
47	8	c6181b5d-ce94-4c42-87ff-cd86f32854e0	(None, 0)
47	9	c6181b5d-ce94-4c42-87ff-cd86f32854e0	(None, 1)
48	0	c6181b5d-ce94-4c42-87ff-cd86f32854e0	((23, 11), 3)
48	1	c6181b5d-ce94-4c42-87ff-cd86f32854e0	((18, 4), 1)
48	2	c6181b5d-ce94-4c42-87ff-cd86f32854e0	((23, 14), 3)
48	3	c6181b5d-ce94-4c42-87ff-cd86f32854e0	(None, 1)
48	4	c6181b5d-ce94-4c42-87ff-cd86f32854e0	(None, 3)
48	5	c6181b5d-ce94-4c42-87ff-cd86f32854e0	((11, 17), 2)
48	6	c6181b5d-ce94-4c42-87ff-cd86f32854e0	((22, 13), 2)
48	7	c6181b5d-ce94-4c42-87ff-cd86f32854e0	((18, 3), 0)
48	8	c6181b5d-ce94-4c42-87ff-cd86f32854e0	(None, 0)
48	9	c6181b5d-ce94-4c42-87ff-cd86f32854e0	(None, 1)
49	0	c6181b5d-ce94-4c42-87ff-cd86f32854e0	((23, 10), 3)
49	1	c6181b5d-ce94-4c42-87ff-cd86f32854e0	((18, 5), 1)
49	2	c6181b5d-ce94-4c42-87ff-cd86f32854e0	((23, 13), 3)
49	3	c6181b5d-ce94-4c42-87ff-cd86f32854e0	(None, 1)
49	4	c6181b5d-ce94-4c42-87ff-cd86f32854e0	(None, 3)
49	5	c6181b5d-ce94-4c42-87ff-cd86f32854e0	((12, 17), 2)
49	6	c6181b5d-ce94-4c42-87ff-cd86f32854e0	((22, 13), 2)
49	7	c6181b5d-ce94-4c42-87ff-cd86f32854e0	((18, 4), 1)
49	8	c6181b5d-ce94-4c42-87ff-cd86f32854e0	(None, 0)
49	9	c6181b5d-ce94-4c42-87ff-cd86f32854e0	(None, 1)
50	0	c6181b5d-ce94-4c42-87ff-cd86f32854e0	((23, 9), 3)
50	1	c6181b5d-ce94-4c42-87ff-cd86f32854e0	((18, 6), 1)
50	2	c6181b5d-ce94-4c42-87ff-cd86f32854e0	((23, 12), 3)
50	3	c6181b5d-ce94-4c42-87ff-cd86f32854e0	(None, 1)
50	4	c6181b5d-ce94-4c42-87ff-cd86f32854e0	(None, 3)
50	5	c6181b5d-ce94-4c42-87ff-cd86f32854e0	((13, 17), 2)
50	6	c6181b5d-ce94-4c42-87ff-cd86f32854e0	((23, 13), 2)
50	7	c6181b5d-ce94-4c42-87ff-cd86f32854e0	((18, 5), 1)
50	8	c6181b5d-ce94-4c42-87ff-cd86f32854e0	(None, 0)
50	9	c6181b5d-ce94-4c42-87ff-cd86f32854e0	(None, 1)
51	0	c6181b5d-ce94-4c42-87ff-cd86f32854e0	(None, 3)
51	1	c6181b5d-ce94-4c42-87ff-cd86f32854e0	((18, 7), 1)
51	2	c6181b5d-ce94-4c42-87ff-cd86f32854e0	((23, 11), 3)
51	3	c6181b5d-ce94-4c42-87ff-cd86f32854e0	(None, 1)
51	4	c6181b5d-ce94-4c42-87ff-cd86f32854e0	(None, 3)
51	5	c6181b5d-ce94-4c42-87ff-cd86f32854e0	((14, 17), 2)
51	6	c6181b5d-ce94-4c42-87ff-cd86f32854e0	((24, 13), 2)
51	7	c6181b5d-ce94-4c42-87ff-cd86f32854e0	((18, 6), 1)
51	8	c6181b5d-ce94-4c42-87ff-cd86f32854e0	(None, 0)
51	9	c6181b5d-ce94-4c42-87ff-cd86f32854e0	(None, 1)
52	0	c6181b5d-ce94-4c42-87ff-cd86f32854e0	(None, 3)
52	1	c6181b5d-ce94-4c42-87ff-cd86f32854e0	((18, 8), 1)
52	2	c6181b5d-ce94-4c42-87ff-cd86f32854e0	((23, 10), 3)
52	3	c6181b5d-ce94-4c42-87ff-cd86f32854e0	(None, 1)
52	4	c6181b5d-ce94-4c42-87ff-cd86f32854e0	(None, 3)
52	5	c6181b5d-ce94-4c42-87ff-cd86f32854e0	((15, 17), 2)
52	6	c6181b5d-ce94-4c42-87ff-cd86f32854e0	((24, 14), 1)
52	7	c6181b5d-ce94-4c42-87ff-cd86f32854e0	((18, 7), 1)
52	8	c6181b5d-ce94-4c42-87ff-cd86f32854e0	(None, 0)
52	9	c6181b5d-ce94-4c42-87ff-cd86f32854e0	(None, 1)
53	0	c6181b5d-ce94-4c42-87ff-cd86f32854e0	(None, 3)
53	1	c6181b5d-ce94-4c42-87ff-cd86f32854e0	((18, 9), 1)
53	2	c6181b5d-ce94-4c42-87ff-cd86f32854e0	((23, 9), 3)
53	3	c6181b5d-ce94-4c42-87ff-cd86f32854e0	(None, 1)
53	4	c6181b5d-ce94-4c42-87ff-cd86f32854e0	(None, 3)
53	5	c6181b5d-ce94-4c42-87ff-cd86f32854e0	((16, 17), 2)
53	6	c6181b5d-ce94-4c42-87ff-cd86f32854e0	((24, 15), 1)
53	7	c6181b5d-ce94-4c42-87ff-cd86f32854e0	((18, 8), 1)
53	8	c6181b5d-ce94-4c42-87ff-cd86f32854e0	(None, 0)
53	9	c6181b5d-ce94-4c42-87ff-cd86f32854e0	(None, 1)
54	0	c6181b5d-ce94-4c42-87ff-cd86f32854e0	(None, 3)
54	1	c6181b5d-ce94-4c42-87ff-cd86f32854e0	((18, 10), 1)
54	2	c6181b5d-ce94-4c42-87ff-cd86f32854e0	((23, 8), 3)
54	3	c6181b5d-ce94-4c42-87ff-cd86f32854e0	(None, 1)
54	4	c6181b5d-ce94-4c42-87ff-cd86f32854e0	(None, 3)
54	5	c6181b5d-ce94-4c42-87ff-cd86f32854e0	((16, 16), 3)
54	6	c6181b5d-ce94-4c42-87ff-cd86f32854e0	((24, 16), 1)
54	7	c6181b5d-ce94-4c42-87ff-cd86f32854e0	((18, 9), 1)
54	8	c6181b5d-ce94-4c42-87ff-cd86f32854e0	(None, 0)
54	9	c6181b5d-ce94-4c42-87ff-cd86f32854e0	(None, 1)
55	0	c6181b5d-ce94-4c42-87ff-cd86f32854e0	(None, 3)
55	1	c6181b5d-ce94-4c42-87ff-cd86f32854e0	((18, 11), 1)
55	2	c6181b5d-ce94-4c42-87ff-cd86f32854e0	((23, 7), 3)
55	3	c6181b5d-ce94-4c42-87ff-cd86f32854e0	(None, 1)
55	4	c6181b5d-ce94-4c42-87ff-cd86f32854e0	(None, 3)
55	5	c6181b5d-ce94-4c42-87ff-cd86f32854e0	((16, 15), 3)
55	6	c6181b5d-ce94-4c42-87ff-cd86f32854e0	((24, 17), 1)
55	7	c6181b5d-ce94-4c42-87ff-cd86f32854e0	((18, 10), 1)
55	8	c6181b5d-ce94-4c42-87ff-cd86f32854e0	(None, 0)
55	9	c6181b5d-ce94-4c42-87ff-cd86f32854e0	(None, 1)
56	0	c6181b5d-ce94-4c42-87ff-cd86f32854e0	(None, 3)
56	1	c6181b5d-ce94-4c42-87ff-cd86f32854e0	((17, 11), 0)
56	2	c6181b5d-ce94-4c42-87ff-cd86f32854e0	((23, 6), 3)
56	3	c6181b5d-ce94-4c42-87ff-cd86f32854e0	(None, 1)
56	4	c6181b5d-ce94-4c42-87ff-cd86f32854e0	(None, 3)
56	5	c6181b5d-ce94-4c42-87ff-cd86f32854e0	((16, 14), 3)
56	6	c6181b5d-ce94-4c42-87ff-cd86f32854e0	((24, 18), 1)
56	7	c6181b5d-ce94-4c42-87ff-cd86f32854e0	((18, 11), 1)
56	8	c6181b5d-ce94-4c42-87ff-cd86f32854e0	(None, 0)
56	9	c6181b5d-ce94-4c42-87ff-cd86f32854e0	(None, 1)
57	0	c6181b5d-ce94-4c42-87ff-cd86f32854e0	(None, 3)
57	1	c6181b5d-ce94-4c42-87ff-cd86f32854e0	((16, 11), 0)
57	2	c6181b5d-ce94-4c42-87ff-cd86f32854e0	((23, 5), 3)
57	3	c6181b5d-ce94-4c42-87ff-cd86f32854e0	(None, 1)
57	4	c6181b5d-ce94-4c42-87ff-cd86f32854e0	(None, 3)
57	5	c6181b5d-ce94-4c42-87ff-cd86f32854e0	((16, 13), 3)
57	6	c6181b5d-ce94-4c42-87ff-cd86f32854e0	(None, 1)
57	7	c6181b5d-ce94-4c42-87ff-cd86f32854e0	((17, 11), 0)
57	8	c6181b5d-ce94-4c42-87ff-cd86f32854e0	(None, 0)
57	9	c6181b5d-ce94-4c42-87ff-cd86f32854e0	(None, 1)
58	0	c6181b5d-ce94-4c42-87ff-cd86f32854e0	(None, 3)
58	1	c6181b5d-ce94-4c42-87ff-cd86f32854e0	((16, 12), 1)
58	2	c6181b5d-ce94-4c42-87ff-cd86f32854e0	((23, 4), 3)
58	3	c6181b5d-ce94-4c42-87ff-cd86f32854e0	(None, 1)
58	4	c6181b5d-ce94-4c42-87ff-cd86f32854e0	(None, 3)
58	5	c6181b5d-ce94-4c42-87ff-cd86f32854e0	((17, 13), 2)
58	6	c6181b5d-ce94-4c42-87ff-cd86f32854e0	(None, 1)
58	7	c6181b5d-ce94-4c42-87ff-cd86f32854e0	((16, 11), 0)
58	8	c6181b5d-ce94-4c42-87ff-cd86f32854e0	(None, 0)
58	9	c6181b5d-ce94-4c42-87ff-cd86f32854e0	(None, 1)
59	0	c6181b5d-ce94-4c42-87ff-cd86f32854e0	(None, 3)
59	1	c6181b5d-ce94-4c42-87ff-cd86f32854e0	((15, 12), 0)
59	2	c6181b5d-ce94-4c42-87ff-cd86f32854e0	((23, 3), 3)
59	3	c6181b5d-ce94-4c42-87ff-cd86f32854e0	(None, 1)
59	4	c6181b5d-ce94-4c42-87ff-cd86f32854e0	(None, 3)
59	5	c6181b5d-ce94-4c42-87ff-cd86f32854e0	((18, 13), 2)
59	6	c6181b5d-ce94-4c42-87ff-cd86f32854e0	(None, 1)
59	7	c6181b5d-ce94-4c42-87ff-cd86f32854e0	((16, 12), 1)
59	8	c6181b5d-ce94-4c42-87ff-cd86f32854e0	(None, 0)
59	9	c6181b5d-ce94-4c42-87ff-cd86f32854e0	(None, 1)
60	0	c6181b5d-ce94-4c42-87ff-cd86f32854e0	(None, 3)
60	1	c6181b5d-ce94-4c42-87ff-cd86f32854e0	((14, 12), 0)
60	2	c6181b5d-ce94-4c42-87ff-cd86f32854e0	((22, 3), 0)
60	3	c6181b5d-ce94-4c42-87ff-cd86f32854e0	(None, 1)
60	4	c6181b5d-ce94-4c42-87ff-cd86f32854e0	(None, 3)
60	5	c6181b5d-ce94-4c42-87ff-cd86f32854e0	((19, 13), 2)
60	6	c6181b5d-ce94-4c42-87ff-cd86f32854e0	(None, 1)
60	7	c6181b5d-ce94-4c42-87ff-cd86f32854e0	((15, 12), 0)
60	8	c6181b5d-ce94-4c42-87ff-cd86f32854e0	(None, 0)
60	9	c6181b5d-ce94-4c42-87ff-cd86f32854e0	(None, 1)
61	0	c6181b5d-ce94-4c42-87ff-cd86f32854e0	(None, 3)
61	1	c6181b5d-ce94-4c42-87ff-cd86f32854e0	((14, 13), 1)
61	2	c6181b5d-ce94-4c42-87ff-cd86f32854e0	((21, 3), 0)
61	3	c6181b5d-ce94-4c42-87ff-cd86f32854e0	(None, 1)
61	4	c6181b5d-ce94-4c42-87ff-cd86f32854e0	(None, 3)
61	5	c6181b5d-ce94-4c42-87ff-cd86f32854e0	((20, 13), 2)
61	6	c6181b5d-ce94-4c42-87ff-cd86f32854e0	(None, 1)
61	7	c6181b5d-ce94-4c42-87ff-cd86f32854e0	((14, 12), 0)
61	8	c6181b5d-ce94-4c42-87ff-cd86f32854e0	(None, 0)
61	9	c6181b5d-ce94-4c42-87ff-cd86f32854e0	(None, 1)
62	0	c6181b5d-ce94-4c42-87ff-cd86f32854e0	(None, 3)
62	1	c6181b5d-ce94-4c42-87ff-cd86f32854e0	((13, 13), 0)
62	2	c6181b5d-ce94-4c42-87ff-cd86f32854e0	((20, 3), 0)
62	3	c6181b5d-ce94-4c42-87ff-cd86f32854e0	(None, 1)
62	4	c6181b5d-ce94-4c42-87ff-cd86f32854e0	(None, 3)
62	5	c6181b5d-ce94-4c42-87ff-cd86f32854e0	((21, 13), 2)
62	6	c6181b5d-ce94-4c42-87ff-cd86f32854e0	(None, 1)
62	7	c6181b5d-ce94-4c42-87ff-cd86f32854e0	((14, 13), 1)
62	8	c6181b5d-ce94-4c42-87ff-cd86f32854e0	(None, 0)
62	9	c6181b5d-ce94-4c42-87ff-cd86f32854e0	(None, 1)
63	0	c6181b5d-ce94-4c42-87ff-cd86f32854e0	(None, 3)
63	1	c6181b5d-ce94-4c42-87ff-cd86f32854e0	((12, 13), 0)
63	2	c6181b5d-ce94-4c42-87ff-cd86f32854e0	((19, 3), 0)
63	3	c6181b5d-ce94-4c42-87ff-cd86f32854e0	(None, 1)
63	4	c6181b5d-ce94-4c42-87ff-cd86f32854e0	(None, 3)
63	5	c6181b5d-ce94-4c42-87ff-cd86f32854e0	((22, 13), 2)
63	6	c6181b5d-ce94-4c42-87ff-cd86f32854e0	(None, 1)
63	7	c6181b5d-ce94-4c42-87ff-cd86f32854e0	((13, 13), 0)
63	8	c6181b5d-ce94-4c42-87ff-cd86f32854e0	(None, 0)
63	9	c6181b5d-ce94-4c42-87ff-cd86f32854e0	(None, 1)
64	0	c6181b5d-ce94-4c42-87ff-cd86f32854e0	(None, 3)
64	1	c6181b5d-ce94-4c42-87ff-cd86f32854e0	(None, 0)
64	2	c6181b5d-ce94-4c42-87ff-cd86f32854e0	((18, 3), 0)
64	3	c6181b5d-ce94-4c42-87ff-cd86f32854e0	(None, 1)
64	4	c6181b5d-ce94-4c42-87ff-cd86f32854e0	(None, 3)
64	5	c6181b5d-ce94-4c42-87ff-cd86f32854e0	((23, 13), 2)
64	6	c6181b5d-ce94-4c42-87ff-cd86f32854e0	(None, 1)
64	7	c6181b5d-ce94-4c42-87ff-cd86f32854e0	((12, 13), 0)
64	8	c6181b5d-ce94-4c42-87ff-cd86f32854e0	(None, 0)
64	9	c6181b5d-ce94-4c42-87ff-cd86f32854e0	(None, 1)
65	0	c6181b5d-ce94-4c42-87ff-cd86f32854e0	(None, 3)
65	1	c6181b5d-ce94-4c42-87ff-cd86f32854e0	(None, 0)
65	2	c6181b5d-ce94-4c42-87ff-cd86f32854e0	((18, 4), 1)
65	3	c6181b5d-ce94-4c42-87ff-cd86f32854e0	(None, 1)
65	4	c6181b5d-ce94-4c42-87ff-cd86f32854e0	(None, 3)
65	5	c6181b5d-ce94-4c42-87ff-cd86f32854e0	((24, 13), 2)
65	6	c6181b5d-ce94-4c42-87ff-cd86f32854e0	(None, 1)
65	7	c6181b5d-ce94-4c42-87ff-cd86f32854e0	(None, 0)
65	8	c6181b5d-ce94-4c42-87ff-cd86f32854e0	(None, 0)
65	9	c6181b5d-ce94-4c42-87ff-cd86f32854e0	(None, 1)
66	0	c6181b5d-ce94-4c42-87ff-cd86f32854e0	(None, 3)
66	1	c6181b5d-ce94-4c42-87ff-cd86f32854e0	(None, 0)
66	2	c6181b5d-ce94-4c42-87ff-cd86f32854e0	((18, 5), 1)
66	3	c6181b5d-ce94-4c42-87ff-cd86f32854e0	(None, 1)
66	4	c6181b5d-ce94-4c42-87ff-cd86f32854e0	(None, 3)
66	5	c6181b5d-ce94-4c42-87ff-cd86f32854e0	((24, 14), 1)
66	6	c6181b5d-ce94-4c42-87ff-cd86f32854e0	(None, 1)
66	7	c6181b5d-ce94-4c42-87ff-cd86f32854e0	(None, 0)
66	8	c6181b5d-ce94-4c42-87ff-cd86f32854e0	(None, 0)
66	9	c6181b5d-ce94-4c42-87ff-cd86f32854e0	(None, 1)
67	0	c6181b5d-ce94-4c42-87ff-cd86f32854e0	(None, 3)
67	1	c6181b5d-ce94-4c42-87ff-cd86f32854e0	(None, 0)
67	2	c6181b5d-ce94-4c42-87ff-cd86f32854e0	((18, 6), 1)
67	3	c6181b5d-ce94-4c42-87ff-cd86f32854e0	(None, 1)
67	4	c6181b5d-ce94-4c42-87ff-cd86f32854e0	(None, 3)
67	5	c6181b5d-ce94-4c42-87ff-cd86f32854e0	((24, 15), 1)
67	6	c6181b5d-ce94-4c42-87ff-cd86f32854e0	(None, 1)
67	7	c6181b5d-ce94-4c42-87ff-cd86f32854e0	(None, 0)
67	8	c6181b5d-ce94-4c42-87ff-cd86f32854e0	(None, 0)
67	9	c6181b5d-ce94-4c42-87ff-cd86f32854e0	(None, 1)
68	0	c6181b5d-ce94-4c42-87ff-cd86f32854e0	(None, 3)
68	1	c6181b5d-ce94-4c42-87ff-cd86f32854e0	(None, 0)
68	2	c6181b5d-ce94-4c42-87ff-cd86f32854e0	((18, 7), 1)
68	3	c6181b5d-ce94-4c42-87ff-cd86f32854e0	(None, 1)
68	4	c6181b5d-ce94-4c42-87ff-cd86f32854e0	(None, 3)
68	5	c6181b5d-ce94-4c42-87ff-cd86f32854e0	((24, 16), 1)
68	6	c6181b5d-ce94-4c42-87ff-cd86f32854e0	(None, 1)
68	7	c6181b5d-ce94-4c42-87ff-cd86f32854e0	(None, 0)
68	8	c6181b5d-ce94-4c42-87ff-cd86f32854e0	(None, 0)
68	9	c6181b5d-ce94-4c42-87ff-cd86f32854e0	(None, 1)
69	0	c6181b5d-ce94-4c42-87ff-cd86f32854e0	(None, 3)
69	1	c6181b5d-ce94-4c42-87ff-cd86f32854e0	(None, 0)
69	2	c6181b5d-ce94-4c42-87ff-cd86f32854e0	((18, 8), 1)
69	3	c6181b5d-ce94-4c42-87ff-cd86f32854e0	(None, 1)
69	4	c6181b5d-ce94-4c42-87ff-cd86f32854e0	(None, 3)
69	5	c6181b5d-ce94-4c42-87ff-cd86f32854e0	((24, 17), 1)
69	6	c6181b5d-ce94-4c42-87ff-cd86f32854e0	(None, 1)
69	7	c6181b5d-ce94-4c42-87ff-cd86f32854e0	(None, 0)
69	8	c6181b5d-ce94-4c42-87ff-cd86f32854e0	(None, 0)
69	9	c6181b5d-ce94-4c42-87ff-cd86f32854e0	(None, 1)
70	0	c6181b5d-ce94-4c42-87ff-cd86f32854e0	(None, 3)
70	1	c6181b5d-ce94-4c42-87ff-cd86f32854e0	(None, 0)
70	2	c6181b5d-ce94-4c42-87ff-cd86f32854e0	((18, 9), 1)
70	3	c6181b5d-ce94-4c42-87ff-cd86f32854e0	(None, 1)
70	4	c6181b5d-ce94-4c42-87ff-cd86f32854e0	(None, 3)
70	5	c6181b5d-ce94-4c42-87ff-cd86f32854e0	((24, 18), 1)
70	6	c6181b5d-ce94-4c42-87ff-cd86f32854e0	(None, 1)
70	7	c6181b5d-ce94-4c42-87ff-cd86f32854e0	(None, 0)
70	8	c6181b5d-ce94-4c42-87ff-cd86f32854e0	(None, 0)
70	9	c6181b5d-ce94-4c42-87ff-cd86f32854e0	(None, 1)
71	0	c6181b5d-ce94-4c42-87ff-cd86f32854e0	(None, 3)
71	1	c6181b5d-ce94-4c42-87ff-cd86f32854e0	(None, 0)
71	2	c6181b5d-ce94-4c42-87ff-cd86f32854e0	((18, 10), 1)
71	3	c6181b5d-ce94-4c42-87ff-cd86f32854e0	(None, 1)
71	4	c6181b5d-ce94-4c42-87ff-cd86f32854e0	(None, 3)
71	5	c6181b5d-ce94-4c42-87ff-cd86f32854e0	(None, 1)
71	6	c6181b5d-ce94-4c42-87ff-cd86f32854e0	(None, 1)
71	7	c6181b5d-ce94-4c42-87ff-cd86f32854e0	(None, 0)
71	8	c6181b5d-ce94-4c42-87ff-cd86f32854e0	(None, 0)
71	9	c6181b5d-ce94-4c42-87ff-cd86f32854e0	(None, 1)
72	0	c6181b5d-ce94-4c42-87ff-cd86f32854e0	(None, 3)
72	1	c6181b5d-ce94-4c42-87ff-cd86f32854e0	(None, 0)
72	2	c6181b5d-ce94-4c42-87ff-cd86f32854e0	((18, 11), 1)
72	3	c6181b5d-ce94-4c42-87ff-cd86f32854e0	(None, 1)
72	4	c6181b5d-ce94-4c42-87ff-cd86f32854e0	(None, 3)
72	5	c6181b5d-ce94-4c42-87ff-cd86f32854e0	(None, 1)
72	6	c6181b5d-ce94-4c42-87ff-cd86f32854e0	(None, 1)
72	7	c6181b5d-ce94-4c42-87ff-cd86f32854e0	(None, 0)
72	8	c6181b5d-ce94-4c42-87ff-cd86f32854e0	(None, 0)
72	9	c6181b5d-ce94-4c42-87ff-cd86f32854e0	(None, 1)
73	0	c6181b5d-ce94-4c42-87ff-cd86f32854e0	(None, 3)
73	1	c6181b5d-ce94-4c42-87ff-cd86f32854e0	(None, 0)
73	2	c6181b5d-ce94-4c42-87ff-cd86f32854e0	((17, 11), 0)
73	3	c6181b5d-ce94-4c42-87ff-cd86f32854e0	(None, 1)
73	4	c6181b5d-ce94-4c42-87ff-cd86f32854e0	(None, 3)
73	5	c6181b5d-ce94-4c42-87ff-cd86f32854e0	(None, 1)
73	6	c6181b5d-ce94-4c42-87ff-cd86f32854e0	(None, 1)
73	7	c6181b5d-ce94-4c42-87ff-cd86f32854e0	(None, 0)
73	8	c6181b5d-ce94-4c42-87ff-cd86f32854e0	(None, 0)
73	9	c6181b5d-ce94-4c42-87ff-cd86f32854e0	(None, 1)
74	0	c6181b5d-ce94-4c42-87ff-cd86f32854e0	(None, 3)
74	1	c6181b5d-ce94-4c42-87ff-cd86f32854e0	(None, 0)
74	2	c6181b5d-ce94-4c42-87ff-cd86f32854e0	((16, 11), 0)
74	3	c6181b5d-ce94-4c42-87ff-cd86f32854e0	(None, 1)
74	4	c6181b5d-ce94-4c42-87ff-cd86f32854e0	(None, 3)
74	5	c6181b5d-ce94-4c42-87ff-cd86f32854e0	(None, 1)
74	6	c6181b5d-ce94-4c42-87ff-cd86f32854e0	(None, 1)
74	7	c6181b5d-ce94-4c42-87ff-cd86f32854e0	(None, 0)
74	8	c6181b5d-ce94-4c42-87ff-cd86f32854e0	(None, 0)
74	9	c6181b5d-ce94-4c42-87ff-cd86f32854e0	(None, 1)
75	0	c6181b5d-ce94-4c42-87ff-cd86f32854e0	(None, 3)
75	1	c6181b5d-ce94-4c42-87ff-cd86f32854e0	(None, 0)
75	2	c6181b5d-ce94-4c42-87ff-cd86f32854e0	((16, 12), 1)
75	3	c6181b5d-ce94-4c42-87ff-cd86f32854e0	(None, 1)
75	4	c6181b5d-ce94-4c42-87ff-cd86f32854e0	(None, 3)
75	5	c6181b5d-ce94-4c42-87ff-cd86f32854e0	(None, 1)
75	6	c6181b5d-ce94-4c42-87ff-cd86f32854e0	(None, 1)
75	7	c6181b5d-ce94-4c42-87ff-cd86f32854e0	(None, 0)
75	8	c6181b5d-ce94-4c42-87ff-cd86f32854e0	(None, 0)
75	9	c6181b5d-ce94-4c42-87ff-cd86f32854e0	(None, 1)
76	0	c6181b5d-ce94-4c42-87ff-cd86f32854e0	(None, 3)
76	1	c6181b5d-ce94-4c42-87ff-cd86f32854e0	(None, 0)
76	2	c6181b5d-ce94-4c42-87ff-cd86f32854e0	((15, 12), 0)
76	3	c6181b5d-ce94-4c42-87ff-cd86f32854e0	(None, 1)
76	4	c6181b5d-ce94-4c42-87ff-cd86f32854e0	(None, 3)
76	5	c6181b5d-ce94-4c42-87ff-cd86f32854e0	(None, 1)
76	6	c6181b5d-ce94-4c42-87ff-cd86f32854e0	(None, 1)
76	7	c6181b5d-ce94-4c42-87ff-cd86f32854e0	(None, 0)
76	8	c6181b5d-ce94-4c42-87ff-cd86f32854e0	(None, 0)
76	9	c6181b5d-ce94-4c42-87ff-cd86f32854e0	(None, 1)
77	0	c6181b5d-ce94-4c42-87ff-cd86f32854e0	(None, 3)
77	1	c6181b5d-ce94-4c42-87ff-cd86f32854e0	(None, 0)
77	2	c6181b5d-ce94-4c42-87ff-cd86f32854e0	((14, 12), 0)
77	3	c6181b5d-ce94-4c42-87ff-cd86f32854e0	(None, 1)
77	4	c6181b5d-ce94-4c42-87ff-cd86f32854e0	(None, 3)
77	5	c6181b5d-ce94-4c42-87ff-cd86f32854e0	(None, 1)
77	6	c6181b5d-ce94-4c42-87ff-cd86f32854e0	(None, 1)
77	7	c6181b5d-ce94-4c42-87ff-cd86f32854e0	(None, 0)
77	8	c6181b5d-ce94-4c42-87ff-cd86f32854e0	(None, 0)
77	9	c6181b5d-ce94-4c42-87ff-cd86f32854e0	(None, 1)
78	0	c6181b5d-ce94-4c42-87ff-cd86f32854e0	(None, 3)
78	1	c6181b5d-ce94-4c42-87ff-cd86f32854e0	(None, 0)
78	2	c6181b5d-ce94-4c42-87ff-cd86f32854e0	((14, 13), 1)
78	3	c6181b5d-ce94-4c42-87ff-cd86f32854e0	(None, 1)
78	4	c6181b5d-ce94-4c42-87ff-cd86f32854e0	(None, 3)
78	5	c6181b5d-ce94-4c42-87ff-cd86f32854e0	(None, 1)
78	6	c6181b5d-ce94-4c42-87ff-cd86f32854e0	(None, 1)
78	7	c6181b5d-ce94-4c42-87ff-cd86f32854e0	(None, 0)
78	8	c6181b5d-ce94-4c42-87ff-cd86f32854e0	(None, 0)
78	9	c6181b5d-ce94-4c42-87ff-cd86f32854e0	(None, 1)
79	0	c6181b5d-ce94-4c42-87ff-cd86f32854e0	(None, 3)
79	1	c6181b5d-ce94-4c42-87ff-cd86f32854e0	(None, 0)
79	2	c6181b5d-ce94-4c42-87ff-cd86f32854e0	((13, 13), 0)
79	3	c6181b5d-ce94-4c42-87ff-cd86f32854e0	(None, 1)
79	4	c6181b5d-ce94-4c42-87ff-cd86f32854e0	(None, 3)
79	5	c6181b5d-ce94-4c42-87ff-cd86f32854e0	(None, 1)
79	6	c6181b5d-ce94-4c42-87ff-cd86f32854e0	(None, 1)
79	7	c6181b5d-ce94-4c42-87ff-cd86f32854e0	(None, 0)
79	8	c6181b5d-ce94-4c42-87ff-cd86f32854e0	(None, 0)
79	9	c6181b5d-ce94-4c42-87ff-cd86f32854e0	(None, 1)
80	0	c6181b5d-ce94-4c42-87ff-cd86f32854e0	(None, 3)
80	1	c6181b5d-ce94-4c42-87ff-cd86f32854e0	(None, 0)
80	2	c6181b5d-ce94-4c42-87ff-cd86f32854e0	((12, 13), 0)
80	3	c6181b5d-ce94-4c42-87ff-cd86f32854e0	(None, 1)
80	4	c6181b5d-ce94-4c42-87ff-cd86f32854e0	(None, 3)
80	5	c6181b5d-ce94-4c42-87ff-cd86f32854e0	(None, 1)
80	6	c6181b5d-ce94-4c42-87ff-cd86f32854e0	(None, 1)
80	7	c6181b5d-ce94-4c42-87ff-cd86f32854e0	(None, 0)
80	8	c6181b5d-ce94-4c42-87ff-cd86f32854e0	(None, 0)
80	9	c6181b5d-ce94-4c42-87ff-cd86f32854e0	(None, 1)
81	0	c6181b5d-ce94-4c42-87ff-cd86f32854e0	(None, 3)
81	1	c6181b5d-ce94-4c42-87ff-cd86f32854e0	(None, 0)
81	2	c6181b5d-ce94-4c42-87ff-cd86f32854e0	(None, 0)
81	3	c6181b5d-ce94-4c42-87ff-cd86f32854e0	(None, 1)
81	4	c6181b5d-ce94-4c42-87ff-cd86f32854e0	(None, 3)
81	5	c6181b5d-ce94-4c42-87ff-cd86f32854e0	(None, 1)
81	6	c6181b5d-ce94-4c42-87ff-cd86f32854e0	(None, 1)
81	7	c6181b5d-ce94-4c42-87ff-cd86f32854e0	(None, 0)
81	8	c6181b5d-ce94-4c42-87ff-cd86f32854e0	(None, 0)
81	9	c6181b5d-ce94-4c42-87ff-cd86f32854e0	(None, 1)
1	0	bab6984f-34ef-4f58-9af8-4d156b5f9ae4	(None, 0)
1	1	bab6984f-34ef-4f58-9af8-4d156b5f9ae4	(None, 3)
1	2	bab6984f-34ef-4f58-9af8-4d156b5f9ae4	(None, 0)
1	3	bab6984f-34ef-4f58-9af8-4d156b5f9ae4	(None, 1)
1	4	bab6984f-34ef-4f58-9af8-4d156b5f9ae4	(None, 1)
1	5	bab6984f-34ef-4f58-9af8-4d156b5f9ae4	(None, 0)
1	6	bab6984f-34ef-4f58-9af8-4d156b5f9ae4	(None, 3)
1	7	bab6984f-34ef-4f58-9af8-4d156b5f9ae4	(None, 0)
1	8	bab6984f-34ef-4f58-9af8-4d156b5f9ae4	(None, 3)
1	9	bab6984f-34ef-4f58-9af8-4d156b5f9ae4	(None, 2)
2	0	bab6984f-34ef-4f58-9af8-4d156b5f9ae4	(None, 0)
2	1	bab6984f-34ef-4f58-9af8-4d156b5f9ae4	(None, 3)
2	2	bab6984f-34ef-4f58-9af8-4d156b5f9ae4	(None, 0)
2	3	bab6984f-34ef-4f58-9af8-4d156b5f9ae4	((9, 24), 1)
2	4	bab6984f-34ef-4f58-9af8-4d156b5f9ae4	(None, 1)
2	5	bab6984f-34ef-4f58-9af8-4d156b5f9ae4	(None, 0)
2	6	bab6984f-34ef-4f58-9af8-4d156b5f9ae4	(None, 3)
2	7	bab6984f-34ef-4f58-9af8-4d156b5f9ae4	(None, 0)
2	8	bab6984f-34ef-4f58-9af8-4d156b5f9ae4	(None, 3)
2	9	bab6984f-34ef-4f58-9af8-4d156b5f9ae4	(None, 2)
3	0	bab6984f-34ef-4f58-9af8-4d156b5f9ae4	(None, 0)
3	1	bab6984f-34ef-4f58-9af8-4d156b5f9ae4	(None, 3)
3	2	bab6984f-34ef-4f58-9af8-4d156b5f9ae4	(None, 0)
3	3	bab6984f-34ef-4f58-9af8-4d156b5f9ae4	((9, 25), 1)
3	4	bab6984f-34ef-4f58-9af8-4d156b5f9ae4	(None, 1)
3	5	bab6984f-34ef-4f58-9af8-4d156b5f9ae4	(None, 0)
3	6	bab6984f-34ef-4f58-9af8-4d156b5f9ae4	(None, 3)
3	7	bab6984f-34ef-4f58-9af8-4d156b5f9ae4	(None, 0)
3	8	bab6984f-34ef-4f58-9af8-4d156b5f9ae4	(None, 3)
3	9	bab6984f-34ef-4f58-9af8-4d156b5f9ae4	(None, 2)
4	0	bab6984f-34ef-4f58-9af8-4d156b5f9ae4	(None, 0)
4	1	bab6984f-34ef-4f58-9af8-4d156b5f9ae4	(None, 3)
4	2	bab6984f-34ef-4f58-9af8-4d156b5f9ae4	(None, 0)
4	3	bab6984f-34ef-4f58-9af8-4d156b5f9ae4	((9, 26), 1)
4	4	bab6984f-34ef-4f58-9af8-4d156b5f9ae4	(None, 1)
4	5	bab6984f-34ef-4f58-9af8-4d156b5f9ae4	(None, 0)
4	6	bab6984f-34ef-4f58-9af8-4d156b5f9ae4	(None, 3)
4	7	bab6984f-34ef-4f58-9af8-4d156b5f9ae4	(None, 0)
4	8	bab6984f-34ef-4f58-9af8-4d156b5f9ae4	(None, 3)
4	9	bab6984f-34ef-4f58-9af8-4d156b5f9ae4	(None, 2)
5	0	bab6984f-34ef-4f58-9af8-4d156b5f9ae4	(None, 0)
5	1	bab6984f-34ef-4f58-9af8-4d156b5f9ae4	(None, 3)
5	2	bab6984f-34ef-4f58-9af8-4d156b5f9ae4	((22, 4), 0)
5	3	bab6984f-34ef-4f58-9af8-4d156b5f9ae4	((9, 27), 1)
5	4	bab6984f-34ef-4f58-9af8-4d156b5f9ae4	(None, 1)
5	5	bab6984f-34ef-4f58-9af8-4d156b5f9ae4	(None, 0)
5	6	bab6984f-34ef-4f58-9af8-4d156b5f9ae4	(None, 3)
5	7	bab6984f-34ef-4f58-9af8-4d156b5f9ae4	(None, 0)
5	8	bab6984f-34ef-4f58-9af8-4d156b5f9ae4	((7, 24), 3)
5	9	bab6984f-34ef-4f58-9af8-4d156b5f9ae4	(None, 2)
6	0	bab6984f-34ef-4f58-9af8-4d156b5f9ae4	(None, 0)
6	1	bab6984f-34ef-4f58-9af8-4d156b5f9ae4	(None, 3)
6	2	bab6984f-34ef-4f58-9af8-4d156b5f9ae4	((21, 4), 0)
6	3	bab6984f-34ef-4f58-9af8-4d156b5f9ae4	((8, 27), 0)
6	4	bab6984f-34ef-4f58-9af8-4d156b5f9ae4	(None, 1)
6	5	bab6984f-34ef-4f58-9af8-4d156b5f9ae4	(None, 0)
6	6	bab6984f-34ef-4f58-9af8-4d156b5f9ae4	(None, 3)
6	7	bab6984f-34ef-4f58-9af8-4d156b5f9ae4	(None, 0)
6	8	bab6984f-34ef-4f58-9af8-4d156b5f9ae4	((7, 23), 3)
6	9	bab6984f-34ef-4f58-9af8-4d156b5f9ae4	((11, 5), 2)
7	0	bab6984f-34ef-4f58-9af8-4d156b5f9ae4	(None, 0)
7	1	bab6984f-34ef-4f58-9af8-4d156b5f9ae4	(None, 3)
7	2	bab6984f-34ef-4f58-9af8-4d156b5f9ae4	((21, 5), 1)
7	3	bab6984f-34ef-4f58-9af8-4d156b5f9ae4	((8, 28), 1)
7	4	bab6984f-34ef-4f58-9af8-4d156b5f9ae4	((7, 24), 1)
7	5	bab6984f-34ef-4f58-9af8-4d156b5f9ae4	(None, 0)
7	6	bab6984f-34ef-4f58-9af8-4d156b5f9ae4	(None, 3)
7	7	bab6984f-34ef-4f58-9af8-4d156b5f9ae4	(None, 0)
7	8	bab6984f-34ef-4f58-9af8-4d156b5f9ae4	((8, 23), 2)
7	9	bab6984f-34ef-4f58-9af8-4d156b5f9ae4	((12, 5), 2)
8	0	bab6984f-34ef-4f58-9af8-4d156b5f9ae4	(None, 0)
8	1	bab6984f-34ef-4f58-9af8-4d156b5f9ae4	((9, 24), 3)
8	2	bab6984f-34ef-4f58-9af8-4d156b5f9ae4	((20, 5), 0)
8	3	bab6984f-34ef-4f58-9af8-4d156b5f9ae4	((8, 29), 1)
8	4	bab6984f-34ef-4f58-9af8-4d156b5f9ae4	((7, 25), 1)
8	5	bab6984f-34ef-4f58-9af8-4d156b5f9ae4	(None, 0)
8	6	bab6984f-34ef-4f58-9af8-4d156b5f9ae4	(None, 3)
8	7	bab6984f-34ef-4f58-9af8-4d156b5f9ae4	(None, 0)
8	8	bab6984f-34ef-4f58-9af8-4d156b5f9ae4	((8, 22), 3)
8	9	bab6984f-34ef-4f58-9af8-4d156b5f9ae4	((13, 5), 2)
9	0	bab6984f-34ef-4f58-9af8-4d156b5f9ae4	(None, 0)
9	1	bab6984f-34ef-4f58-9af8-4d156b5f9ae4	((9, 23), 3)
9	2	bab6984f-34ef-4f58-9af8-4d156b5f9ae4	((20, 6), 1)
9	3	bab6984f-34ef-4f58-9af8-4d156b5f9ae4	((7, 29), 0)
9	4	bab6984f-34ef-4f58-9af8-4d156b5f9ae4	((8, 25), 2)
9	5	bab6984f-34ef-4f58-9af8-4d156b5f9ae4	(None, 0)
9	6	bab6984f-34ef-4f58-9af8-4d156b5f9ae4	(None, 3)
9	7	bab6984f-34ef-4f58-9af8-4d156b5f9ae4	(None, 0)
9	8	bab6984f-34ef-4f58-9af8-4d156b5f9ae4	((8, 21), 3)
9	9	bab6984f-34ef-4f58-9af8-4d156b5f9ae4	((14, 5), 2)
10	0	bab6984f-34ef-4f58-9af8-4d156b5f9ae4	(None, 0)
10	1	bab6984f-34ef-4f58-9af8-4d156b5f9ae4	((9, 22), 3)
10	2	bab6984f-34ef-4f58-9af8-4d156b5f9ae4	((19, 6), 0)
10	3	bab6984f-34ef-4f58-9af8-4d156b5f9ae4	((6, 29), 0)
10	4	bab6984f-34ef-4f58-9af8-4d156b5f9ae4	((8, 26), 1)
10	5	bab6984f-34ef-4f58-9af8-4d156b5f9ae4	(None, 0)
10	6	bab6984f-34ef-4f58-9af8-4d156b5f9ae4	(None, 3)
10	7	bab6984f-34ef-4f58-9af8-4d156b5f9ae4	(None, 0)
10	8	bab6984f-34ef-4f58-9af8-4d156b5f9ae4	((8, 20), 3)
10	9	bab6984f-34ef-4f58-9af8-4d156b5f9ae4	((15, 5), 2)
11	0	bab6984f-34ef-4f58-9af8-4d156b5f9ae4	(None, 0)
11	1	bab6984f-34ef-4f58-9af8-4d156b5f9ae4	((9, 21), 3)
11	2	bab6984f-34ef-4f58-9af8-4d156b5f9ae4	((18, 6), 0)
11	3	bab6984f-34ef-4f58-9af8-4d156b5f9ae4	((5, 29), 0)
11	4	bab6984f-34ef-4f58-9af8-4d156b5f9ae4	((8, 27), 1)
11	5	bab6984f-34ef-4f58-9af8-4d156b5f9ae4	(None, 0)
11	6	bab6984f-34ef-4f58-9af8-4d156b5f9ae4	(None, 3)
11	7	bab6984f-34ef-4f58-9af8-4d156b5f9ae4	(None, 0)
11	8	bab6984f-34ef-4f58-9af8-4d156b5f9ae4	((8, 19), 3)
11	9	bab6984f-34ef-4f58-9af8-4d156b5f9ae4	((16, 5), 2)
12	0	bab6984f-34ef-4f58-9af8-4d156b5f9ae4	(None, 0)
12	1	bab6984f-34ef-4f58-9af8-4d156b5f9ae4	((9, 20), 3)
12	2	bab6984f-34ef-4f58-9af8-4d156b5f9ae4	((17, 6), 0)
12	3	bab6984f-34ef-4f58-9af8-4d156b5f9ae4	((4, 29), 0)
12	4	bab6984f-34ef-4f58-9af8-4d156b5f9ae4	((8, 28), 1)
12	5	bab6984f-34ef-4f58-9af8-4d156b5f9ae4	(None, 0)
12	6	bab6984f-34ef-4f58-9af8-4d156b5f9ae4	(None, 3)
12	7	bab6984f-34ef-4f58-9af8-4d156b5f9ae4	(None, 0)
12	8	bab6984f-34ef-4f58-9af8-4d156b5f9ae4	((8, 18), 3)
12	9	bab6984f-34ef-4f58-9af8-4d156b5f9ae4	((17, 5), 2)
13	0	bab6984f-34ef-4f58-9af8-4d156b5f9ae4	(None, 0)
13	1	bab6984f-34ef-4f58-9af8-4d156b5f9ae4	((9, 19), 3)
13	2	bab6984f-34ef-4f58-9af8-4d156b5f9ae4	((16, 6), 0)
13	3	bab6984f-34ef-4f58-9af8-4d156b5f9ae4	((3, 29), 0)
13	4	bab6984f-34ef-4f58-9af8-4d156b5f9ae4	((8, 29), 1)
13	5	bab6984f-34ef-4f58-9af8-4d156b5f9ae4	(None, 0)
13	6	bab6984f-34ef-4f58-9af8-4d156b5f9ae4	(None, 3)
13	7	bab6984f-34ef-4f58-9af8-4d156b5f9ae4	(None, 0)
13	8	bab6984f-34ef-4f58-9af8-4d156b5f9ae4	((8, 17), 3)
13	9	bab6984f-34ef-4f58-9af8-4d156b5f9ae4	((18, 5), 2)
14	0	bab6984f-34ef-4f58-9af8-4d156b5f9ae4	(None, 0)
14	1	bab6984f-34ef-4f58-9af8-4d156b5f9ae4	((10, 19), 2)
14	2	bab6984f-34ef-4f58-9af8-4d156b5f9ae4	((16, 5), 3)
14	3	bab6984f-34ef-4f58-9af8-4d156b5f9ae4	((3, 28), 3)
14	4	bab6984f-34ef-4f58-9af8-4d156b5f9ae4	((7, 29), 0)
14	5	bab6984f-34ef-4f58-9af8-4d156b5f9ae4	(None, 0)
14	6	bab6984f-34ef-4f58-9af8-4d156b5f9ae4	(None, 3)
14	7	bab6984f-34ef-4f58-9af8-4d156b5f9ae4	(None, 0)
14	8	bab6984f-34ef-4f58-9af8-4d156b5f9ae4	((8, 16), 3)
14	9	bab6984f-34ef-4f58-9af8-4d156b5f9ae4	((19, 5), 2)
15	0	bab6984f-34ef-4f58-9af8-4d156b5f9ae4	(None, 0)
15	1	bab6984f-34ef-4f58-9af8-4d156b5f9ae4	((11, 19), 2)
15	2	bab6984f-34ef-4f58-9af8-4d156b5f9ae4	((15, 5), 0)
15	3	bab6984f-34ef-4f58-9af8-4d156b5f9ae4	((3, 27), 3)
15	4	bab6984f-34ef-4f58-9af8-4d156b5f9ae4	((6, 29), 0)
15	5	bab6984f-34ef-4f58-9af8-4d156b5f9ae4	(None, 0)
15	6	bab6984f-34ef-4f58-9af8-4d156b5f9ae4	(None, 3)
15	7	bab6984f-34ef-4f58-9af8-4d156b5f9ae4	(None, 0)
15	8	bab6984f-34ef-4f58-9af8-4d156b5f9ae4	((8, 15), 3)
15	9	bab6984f-34ef-4f58-9af8-4d156b5f9ae4	((20, 5), 2)
16	0	bab6984f-34ef-4f58-9af8-4d156b5f9ae4	((22, 6), 0)
16	1	bab6984f-34ef-4f58-9af8-4d156b5f9ae4	((12, 19), 2)
16	2	bab6984f-34ef-4f58-9af8-4d156b5f9ae4	((14, 5), 0)
16	3	bab6984f-34ef-4f58-9af8-4d156b5f9ae4	((3, 26), 3)
16	4	bab6984f-34ef-4f58-9af8-4d156b5f9ae4	((5, 29), 0)
16	5	bab6984f-34ef-4f58-9af8-4d156b5f9ae4	(None, 0)
16	6	bab6984f-34ef-4f58-9af8-4d156b5f9ae4	(None, 3)
16	7	bab6984f-34ef-4f58-9af8-4d156b5f9ae4	(None, 0)
16	8	bab6984f-34ef-4f58-9af8-4d156b5f9ae4	((8, 14), 3)
16	9	bab6984f-34ef-4f58-9af8-4d156b5f9ae4	((21, 5), 2)
17	0	bab6984f-34ef-4f58-9af8-4d156b5f9ae4	((21, 6), 0)
17	1	bab6984f-34ef-4f58-9af8-4d156b5f9ae4	((13, 19), 2)
17	2	bab6984f-34ef-4f58-9af8-4d156b5f9ae4	((13, 5), 0)
17	3	bab6984f-34ef-4f58-9af8-4d156b5f9ae4	((3, 25), 3)
17	4	bab6984f-34ef-4f58-9af8-4d156b5f9ae4	((4, 29), 0)
17	5	bab6984f-34ef-4f58-9af8-4d156b5f9ae4	(None, 0)
17	6	bab6984f-34ef-4f58-9af8-4d156b5f9ae4	(None, 3)
17	7	bab6984f-34ef-4f58-9af8-4d156b5f9ae4	(None, 0)
17	8	bab6984f-34ef-4f58-9af8-4d156b5f9ae4	((8, 13), 3)
17	9	bab6984f-34ef-4f58-9af8-4d156b5f9ae4	((22, 5), 2)
18	0	bab6984f-34ef-4f58-9af8-4d156b5f9ae4	((20, 6), 0)
18	1	bab6984f-34ef-4f58-9af8-4d156b5f9ae4	((14, 19), 2)
18	2	bab6984f-34ef-4f58-9af8-4d156b5f9ae4	((12, 5), 0)
18	3	bab6984f-34ef-4f58-9af8-4d156b5f9ae4	((3, 24), 3)
18	4	bab6984f-34ef-4f58-9af8-4d156b5f9ae4	((3, 29), 0)
18	5	bab6984f-34ef-4f58-9af8-4d156b5f9ae4	(None, 0)
18	6	bab6984f-34ef-4f58-9af8-4d156b5f9ae4	(None, 3)
18	7	bab6984f-34ef-4f58-9af8-4d156b5f9ae4	(None, 0)
18	8	bab6984f-34ef-4f58-9af8-4d156b5f9ae4	((8, 12), 3)
18	9	bab6984f-34ef-4f58-9af8-4d156b5f9ae4	((23, 5), 2)
19	0	bab6984f-34ef-4f58-9af8-4d156b5f9ae4	((19, 6), 0)
19	1	bab6984f-34ef-4f58-9af8-4d156b5f9ae4	((15, 19), 2)
19	2	bab6984f-34ef-4f58-9af8-4d156b5f9ae4	((11, 5), 0)
19	3	bab6984f-34ef-4f58-9af8-4d156b5f9ae4	((3, 23), 3)
19	4	bab6984f-34ef-4f58-9af8-4d156b5f9ae4	((3, 28), 3)
19	5	bab6984f-34ef-4f58-9af8-4d156b5f9ae4	(None, 0)
19	6	bab6984f-34ef-4f58-9af8-4d156b5f9ae4	(None, 3)
19	7	bab6984f-34ef-4f58-9af8-4d156b5f9ae4	(None, 0)
19	8	bab6984f-34ef-4f58-9af8-4d156b5f9ae4	((8, 11), 3)
19	9	bab6984f-34ef-4f58-9af8-4d156b5f9ae4	((24, 5), 2)
20	0	bab6984f-34ef-4f58-9af8-4d156b5f9ae4	((18, 6), 0)
20	1	bab6984f-34ef-4f58-9af8-4d156b5f9ae4	((16, 19), 2)
20	2	bab6984f-34ef-4f58-9af8-4d156b5f9ae4	((10, 5), 0)
20	3	bab6984f-34ef-4f58-9af8-4d156b5f9ae4	((3, 22), 3)
20	4	bab6984f-34ef-4f58-9af8-4d156b5f9ae4	((3, 27), 3)
20	5	bab6984f-34ef-4f58-9af8-4d156b5f9ae4	((11, 5), 0)
20	6	bab6984f-34ef-4f58-9af8-4d156b5f9ae4	(None, 3)
20	7	bab6984f-34ef-4f58-9af8-4d156b5f9ae4	(None, 0)
20	8	bab6984f-34ef-4f58-9af8-4d156b5f9ae4	((8, 10), 3)
20	9	bab6984f-34ef-4f58-9af8-4d156b5f9ae4	((25, 5), 2)
21	0	bab6984f-34ef-4f58-9af8-4d156b5f9ae4	((17, 6), 0)
21	1	bab6984f-34ef-4f58-9af8-4d156b5f9ae4	((17, 19), 2)
21	2	bab6984f-34ef-4f58-9af8-4d156b5f9ae4	((9, 5), 0)
21	3	bab6984f-34ef-4f58-9af8-4d156b5f9ae4	((3, 21), 3)
21	4	bab6984f-34ef-4f58-9af8-4d156b5f9ae4	((3, 26), 3)
21	5	bab6984f-34ef-4f58-9af8-4d156b5f9ae4	((10, 5), 0)
21	6	bab6984f-34ef-4f58-9af8-4d156b5f9ae4	(None, 3)
21	7	bab6984f-34ef-4f58-9af8-4d156b5f9ae4	(None, 0)
21	8	bab6984f-34ef-4f58-9af8-4d156b5f9ae4	((7, 10), 0)
21	9	bab6984f-34ef-4f58-9af8-4d156b5f9ae4	((26, 5), 2)
22	0	bab6984f-34ef-4f58-9af8-4d156b5f9ae4	((16, 6), 0)
22	1	bab6984f-34ef-4f58-9af8-4d156b5f9ae4	((18, 19), 2)
22	2	bab6984f-34ef-4f58-9af8-4d156b5f9ae4	((8, 5), 0)
22	3	bab6984f-34ef-4f58-9af8-4d156b5f9ae4	((3, 20), 3)
22	4	bab6984f-34ef-4f58-9af8-4d156b5f9ae4	((3, 25), 3)
22	5	bab6984f-34ef-4f58-9af8-4d156b5f9ae4	((9, 5), 0)
22	6	bab6984f-34ef-4f58-9af8-4d156b5f9ae4	(None, 3)
22	7	bab6984f-34ef-4f58-9af8-4d156b5f9ae4	(None, 0)
22	8	bab6984f-34ef-4f58-9af8-4d156b5f9ae4	((7, 10), 0)
22	9	bab6984f-34ef-4f58-9af8-4d156b5f9ae4	((27, 5), 2)
23	0	bab6984f-34ef-4f58-9af8-4d156b5f9ae4	((16, 5), 3)
23	1	bab6984f-34ef-4f58-9af8-4d156b5f9ae4	((19, 19), 2)
23	2	bab6984f-34ef-4f58-9af8-4d156b5f9ae4	((7, 5), 0)
23	3	bab6984f-34ef-4f58-9af8-4d156b5f9ae4	((3, 19), 3)
23	4	bab6984f-34ef-4f58-9af8-4d156b5f9ae4	((3, 24), 3)
23	5	bab6984f-34ef-4f58-9af8-4d156b5f9ae4	((8, 5), 0)
23	6	bab6984f-34ef-4f58-9af8-4d156b5f9ae4	(None, 3)
23	7	bab6984f-34ef-4f58-9af8-4d156b5f9ae4	(None, 0)
23	8	bab6984f-34ef-4f58-9af8-4d156b5f9ae4	((7, 10), 0)
23	9	bab6984f-34ef-4f58-9af8-4d156b5f9ae4	((27, 6), 1)
24	0	bab6984f-34ef-4f58-9af8-4d156b5f9ae4	((15, 5), 0)
24	1	bab6984f-34ef-4f58-9af8-4d156b5f9ae4	((20, 19), 2)
24	2	bab6984f-34ef-4f58-9af8-4d156b5f9ae4	((6, 5), 0)
24	3	bab6984f-34ef-4f58-9af8-4d156b5f9ae4	((3, 18), 3)
24	4	bab6984f-34ef-4f58-9af8-4d156b5f9ae4	((3, 23), 3)
24	5	bab6984f-34ef-4f58-9af8-4d156b5f9ae4	((7, 5), 0)
24	6	bab6984f-34ef-4f58-9af8-4d156b5f9ae4	(None, 3)
24	7	bab6984f-34ef-4f58-9af8-4d156b5f9ae4	(None, 0)
24	8	bab6984f-34ef-4f58-9af8-4d156b5f9ae4	((7, 10), 0)
24	9	bab6984f-34ef-4f58-9af8-4d156b5f9ae4	((27, 7), 1)
25	0	bab6984f-34ef-4f58-9af8-4d156b5f9ae4	((14, 5), 0)
25	1	bab6984f-34ef-4f58-9af8-4d156b5f9ae4	((21, 19), 2)
25	2	bab6984f-34ef-4f58-9af8-4d156b5f9ae4	((5, 5), 0)
25	3	bab6984f-34ef-4f58-9af8-4d156b5f9ae4	((3, 17), 3)
25	4	bab6984f-34ef-4f58-9af8-4d156b5f9ae4	((3, 22), 3)
25	5	bab6984f-34ef-4f58-9af8-4d156b5f9ae4	((6, 5), 0)
25	6	bab6984f-34ef-4f58-9af8-4d156b5f9ae4	(None, 3)
25	7	bab6984f-34ef-4f58-9af8-4d156b5f9ae4	((11, 5), 0)
25	8	bab6984f-34ef-4f58-9af8-4d156b5f9ae4	((7, 10), 0)
25	9	bab6984f-34ef-4f58-9af8-4d156b5f9ae4	((27, 8), 1)
26	0	bab6984f-34ef-4f58-9af8-4d156b5f9ae4	((13, 5), 0)
26	1	bab6984f-34ef-4f58-9af8-4d156b5f9ae4	((22, 19), 2)
26	2	bab6984f-34ef-4f58-9af8-4d156b5f9ae4	((5, 6), 1)
26	3	bab6984f-34ef-4f58-9af8-4d156b5f9ae4	((3, 16), 3)
26	4	bab6984f-34ef-4f58-9af8-4d156b5f9ae4	((3, 21), 3)
26	5	bab6984f-34ef-4f58-9af8-4d156b5f9ae4	((5, 5), 0)
26	6	bab6984f-34ef-4f58-9af8-4d156b5f9ae4	(None, 3)
26	7	bab6984f-34ef-4f58-9af8-4d156b5f9ae4	((10, 5), 0)
26	8	bab6984f-34ef-4f58-9af8-4d156b5f9ae4	((7, 10), 0)
26	9	bab6984f-34ef-4f58-9af8-4d156b5f9ae4	((27, 9), 1)
27	0	bab6984f-34ef-4f58-9af8-4d156b5f9ae4	((12, 5), 0)
27	1	bab6984f-34ef-4f58-9af8-4d156b5f9ae4	((23, 19), 2)
27	2	bab6984f-34ef-4f58-9af8-4d156b5f9ae4	((4, 6), 0)
27	3	bab6984f-34ef-4f58-9af8-4d156b5f9ae4	((3, 15), 3)
27	4	bab6984f-34ef-4f58-9af8-4d156b5f9ae4	((3, 20), 3)
27	5	bab6984f-34ef-4f58-9af8-4d156b5f9ae4	((5, 6), 1)
27	6	bab6984f-34ef-4f58-9af8-4d156b5f9ae4	(None, 3)
27	7	bab6984f-34ef-4f58-9af8-4d156b5f9ae4	((9, 5), 0)
27	8	bab6984f-34ef-4f58-9af8-4d156b5f9ae4	((6, 10), 0)
27	9	bab6984f-34ef-4f58-9af8-4d156b5f9ae4	((27, 10), 1)
28	0	bab6984f-34ef-4f58-9af8-4d156b5f9ae4	((11, 5), 0)
28	1	bab6984f-34ef-4f58-9af8-4d156b5f9ae4	((24, 19), 2)
28	2	bab6984f-34ef-4f58-9af8-4d156b5f9ae4	((4, 7), 1)
28	3	bab6984f-34ef-4f58-9af8-4d156b5f9ae4	((3, 14), 3)
28	4	bab6984f-34ef-4f58-9af8-4d156b5f9ae4	((3, 19), 3)
28	5	bab6984f-34ef-4f58-9af8-4d156b5f9ae4	((4, 6), 0)
28	6	bab6984f-34ef-4f58-9af8-4d156b5f9ae4	(None, 3)
28	7	bab6984f-34ef-4f58-9af8-4d156b5f9ae4	((8, 5), 0)
28	8	bab6984f-34ef-4f58-9af8-4d156b5f9ae4	((6, 9), 3)
28	9	bab6984f-34ef-4f58-9af8-4d156b5f9ae4	((26, 10), 0)
29	0	bab6984f-34ef-4f58-9af8-4d156b5f9ae4	((10, 5), 0)
29	1	bab6984f-34ef-4f58-9af8-4d156b5f9ae4	((25, 19), 2)
29	2	bab6984f-34ef-4f58-9af8-4d156b5f9ae4	((4, 8), 1)
29	3	bab6984f-34ef-4f58-9af8-4d156b5f9ae4	((3, 13), 3)
29	4	bab6984f-34ef-4f58-9af8-4d156b5f9ae4	((3, 18), 3)
29	5	bab6984f-34ef-4f58-9af8-4d156b5f9ae4	((4, 7), 1)
29	6	bab6984f-34ef-4f58-9af8-4d156b5f9ae4	(None, 3)
29	7	bab6984f-34ef-4f58-9af8-4d156b5f9ae4	((7, 5), 0)
29	8	bab6984f-34ef-4f58-9af8-4d156b5f9ae4	((6, 8), 3)
29	9	bab6984f-34ef-4f58-9af8-4d156b5f9ae4	((26, 11), 1)
30	0	bab6984f-34ef-4f58-9af8-4d156b5f9ae4	((9, 5), 0)
30	1	bab6984f-34ef-4f58-9af8-4d156b5f9ae4	((26, 19), 2)
30	2	bab6984f-34ef-4f58-9af8-4d156b5f9ae4	((4, 9), 1)
30	3	bab6984f-34ef-4f58-9af8-4d156b5f9ae4	((3, 12), 3)
30	4	bab6984f-34ef-4f58-9af8-4d156b5f9ae4	((3, 17), 3)
30	5	bab6984f-34ef-4f58-9af8-4d156b5f9ae4	((4, 8), 1)
30	6	bab6984f-34ef-4f58-9af8-4d156b5f9ae4	(None, 3)
30	7	bab6984f-34ef-4f58-9af8-4d156b5f9ae4	((6, 5), 0)
30	8	bab6984f-34ef-4f58-9af8-4d156b5f9ae4	((6, 7), 3)
30	9	bab6984f-34ef-4f58-9af8-4d156b5f9ae4	((26, 12), 1)
31	0	bab6984f-34ef-4f58-9af8-4d156b5f9ae4	((8, 5), 0)
31	1	bab6984f-34ef-4f58-9af8-4d156b5f9ae4	((27, 19), 2)
31	2	bab6984f-34ef-4f58-9af8-4d156b5f9ae4	((4, 10), 1)
31	3	bab6984f-34ef-4f58-9af8-4d156b5f9ae4	((3, 11), 3)
31	4	bab6984f-34ef-4f58-9af8-4d156b5f9ae4	((3, 16), 3)
31	5	bab6984f-34ef-4f58-9af8-4d156b5f9ae4	((4, 9), 1)
31	6	bab6984f-34ef-4f58-9af8-4d156b5f9ae4	(None, 3)
31	7	bab6984f-34ef-4f58-9af8-4d156b5f9ae4	((5, 5), 0)
31	8	bab6984f-34ef-4f58-9af8-4d156b5f9ae4	((6, 6), 3)
31	9	bab6984f-34ef-4f58-9af8-4d156b5f9ae4	((26, 13), 1)
32	0	bab6984f-34ef-4f58-9af8-4d156b5f9ae4	((7, 5), 0)
32	1	bab6984f-34ef-4f58-9af8-4d156b5f9ae4	((27, 18), 3)
32	2	bab6984f-34ef-4f58-9af8-4d156b5f9ae4	((4, 11), 1)
32	3	bab6984f-34ef-4f58-9af8-4d156b5f9ae4	((3, 10), 3)
32	4	bab6984f-34ef-4f58-9af8-4d156b5f9ae4	((3, 15), 3)
32	5	bab6984f-34ef-4f58-9af8-4d156b5f9ae4	((4, 10), 1)
32	6	bab6984f-34ef-4f58-9af8-4d156b5f9ae4	(None, 3)
32	7	bab6984f-34ef-4f58-9af8-4d156b5f9ae4	((5, 6), 1)
32	8	bab6984f-34ef-4f58-9af8-4d156b5f9ae4	((6, 6), 3)
32	9	bab6984f-34ef-4f58-9af8-4d156b5f9ae4	((26, 14), 1)
33	0	bab6984f-34ef-4f58-9af8-4d156b5f9ae4	((6, 5), 0)
33	1	bab6984f-34ef-4f58-9af8-4d156b5f9ae4	((27, 17), 3)
33	2	bab6984f-34ef-4f58-9af8-4d156b5f9ae4	((4, 12), 1)
33	3	bab6984f-34ef-4f58-9af8-4d156b5f9ae4	((3, 9), 3)
33	4	bab6984f-34ef-4f58-9af8-4d156b5f9ae4	((3, 14), 3)
33	5	bab6984f-34ef-4f58-9af8-4d156b5f9ae4	((4, 11), 1)
33	6	bab6984f-34ef-4f58-9af8-4d156b5f9ae4	(None, 3)
33	7	bab6984f-34ef-4f58-9af8-4d156b5f9ae4	((4, 6), 0)
33	8	bab6984f-34ef-4f58-9af8-4d156b5f9ae4	((6, 6), 3)
33	9	bab6984f-34ef-4f58-9af8-4d156b5f9ae4	((26, 15), 1)
34	0	bab6984f-34ef-4f58-9af8-4d156b5f9ae4	((5, 5), 0)
34	1	bab6984f-34ef-4f58-9af8-4d156b5f9ae4	((27, 16), 3)
34	2	bab6984f-34ef-4f58-9af8-4d156b5f9ae4	((4, 13), 1)
34	3	bab6984f-34ef-4f58-9af8-4d156b5f9ae4	((3, 8), 3)
34	4	bab6984f-34ef-4f58-9af8-4d156b5f9ae4	((3, 13), 3)
34	5	bab6984f-34ef-4f58-9af8-4d156b5f9ae4	((4, 12), 1)
34	6	bab6984f-34ef-4f58-9af8-4d156b5f9ae4	(None, 3)
34	7	bab6984f-34ef-4f58-9af8-4d156b5f9ae4	((4, 7), 1)
34	8	bab6984f-34ef-4f58-9af8-4d156b5f9ae4	((6, 5), 3)
34	9	bab6984f-34ef-4f58-9af8-4d156b5f9ae4	((26, 16), 1)
35	0	bab6984f-34ef-4f58-9af8-4d156b5f9ae4	((5, 6), 1)
35	1	bab6984f-34ef-4f58-9af8-4d156b5f9ae4	((27, 15), 3)
35	2	bab6984f-34ef-4f58-9af8-4d156b5f9ae4	((4, 14), 1)
35	3	bab6984f-34ef-4f58-9af8-4d156b5f9ae4	((3, 7), 3)
35	4	bab6984f-34ef-4f58-9af8-4d156b5f9ae4	((3, 12), 3)
35	5	bab6984f-34ef-4f58-9af8-4d156b5f9ae4	((4, 13), 1)
35	6	bab6984f-34ef-4f58-9af8-4d156b5f9ae4	((7, 24), 3)
35	7	bab6984f-34ef-4f58-9af8-4d156b5f9ae4	((4, 8), 1)
35	8	bab6984f-34ef-4f58-9af8-4d156b5f9ae4	((7, 5), 2)
35	9	bab6984f-34ef-4f58-9af8-4d156b5f9ae4	((26, 17), 1)
36	0	bab6984f-34ef-4f58-9af8-4d156b5f9ae4	((4, 6), 0)
36	1	bab6984f-34ef-4f58-9af8-4d156b5f9ae4	((27, 14), 3)
36	2	bab6984f-34ef-4f58-9af8-4d156b5f9ae4	((4, 15), 1)
36	3	bab6984f-34ef-4f58-9af8-4d156b5f9ae4	((3, 6), 3)
36	4	bab6984f-34ef-4f58-9af8-4d156b5f9ae4	((3, 11), 3)
36	5	bab6984f-34ef-4f58-9af8-4d156b5f9ae4	((4, 14), 1)
36	6	bab6984f-34ef-4f58-9af8-4d156b5f9ae4	((7, 23), 3)
36	7	bab6984f-34ef-4f58-9af8-4d156b5f9ae4	((4, 9), 1)
36	8	bab6984f-34ef-4f58-9af8-4d156b5f9ae4	((8, 5), 2)
36	9	bab6984f-34ef-4f58-9af8-4d156b5f9ae4	((26, 18), 1)
37	0	bab6984f-34ef-4f58-9af8-4d156b5f9ae4	((4, 7), 1)
37	1	bab6984f-34ef-4f58-9af8-4d156b5f9ae4	((27, 13), 3)
37	2	bab6984f-34ef-4f58-9af8-4d156b5f9ae4	((4, 16), 1)
37	3	bab6984f-34ef-4f58-9af8-4d156b5f9ae4	((3, 5), 3)
37	4	bab6984f-34ef-4f58-9af8-4d156b5f9ae4	((3, 10), 3)
37	5	bab6984f-34ef-4f58-9af8-4d156b5f9ae4	((4, 15), 1)
37	6	bab6984f-34ef-4f58-9af8-4d156b5f9ae4	((8, 23), 2)
37	7	bab6984f-34ef-4f58-9af8-4d156b5f9ae4	((4, 10), 1)
37	8	bab6984f-34ef-4f58-9af8-4d156b5f9ae4	((8, 6), 1)
37	9	bab6984f-34ef-4f58-9af8-4d156b5f9ae4	((25, 18), 0)
38	0	bab6984f-34ef-4f58-9af8-4d156b5f9ae4	((4, 8), 1)
38	1	bab6984f-34ef-4f58-9af8-4d156b5f9ae4	((27, 12), 3)
38	2	bab6984f-34ef-4f58-9af8-4d156b5f9ae4	((4, 17), 1)
38	3	bab6984f-34ef-4f58-9af8-4d156b5f9ae4	((4, 5), 2)
38	4	bab6984f-34ef-4f58-9af8-4d156b5f9ae4	((3, 9), 3)
38	5	bab6984f-34ef-4f58-9af8-4d156b5f9ae4	((4, 16), 1)
38	6	bab6984f-34ef-4f58-9af8-4d156b5f9ae4	((8, 22), 3)
38	7	bab6984f-34ef-4f58-9af8-4d156b5f9ae4	((4, 11), 1)
38	8	bab6984f-34ef-4f58-9af8-4d156b5f9ae4	((9, 6), 2)
38	9	bab6984f-34ef-4f58-9af8-4d156b5f9ae4	((24, 18), 0)
39	0	bab6984f-34ef-4f58-9af8-4d156b5f9ae4	((4, 9), 1)
39	1	bab6984f-34ef-4f58-9af8-4d156b5f9ae4	((27, 11), 3)
39	2	bab6984f-34ef-4f58-9af8-4d156b5f9ae4	((4, 18), 1)
39	3	bab6984f-34ef-4f58-9af8-4d156b5f9ae4	((5, 5), 2)
39	4	bab6984f-34ef-4f58-9af8-4d156b5f9ae4	((3, 8), 3)
39	5	bab6984f-34ef-4f58-9af8-4d156b5f9ae4	((4, 17), 1)
39	6	bab6984f-34ef-4f58-9af8-4d156b5f9ae4	((8, 21), 3)
39	7	bab6984f-34ef-4f58-9af8-4d156b5f9ae4	((4, 12), 1)
39	8	bab6984f-34ef-4f58-9af8-4d156b5f9ae4	((10, 6), 2)
39	9	bab6984f-34ef-4f58-9af8-4d156b5f9ae4	((23, 18), 0)
40	0	bab6984f-34ef-4f58-9af8-4d156b5f9ae4	((4, 10), 1)
40	1	bab6984f-34ef-4f58-9af8-4d156b5f9ae4	((27, 10), 3)
40	2	bab6984f-34ef-4f58-9af8-4d156b5f9ae4	((4, 19), 1)
40	3	bab6984f-34ef-4f58-9af8-4d156b5f9ae4	((6, 5), 2)
40	4	bab6984f-34ef-4f58-9af8-4d156b5f9ae4	((3, 7), 3)
40	5	bab6984f-34ef-4f58-9af8-4d156b5f9ae4	((4, 18), 1)
40	6	bab6984f-34ef-4f58-9af8-4d156b5f9ae4	((8, 20), 3)
40	7	bab6984f-34ef-4f58-9af8-4d156b5f9ae4	((4, 13), 1)
40	8	bab6984f-34ef-4f58-9af8-4d156b5f9ae4	(None, 2)
40	9	bab6984f-34ef-4f58-9af8-4d156b5f9ae4	((22, 18), 0)
41	0	bab6984f-34ef-4f58-9af8-4d156b5f9ae4	((4, 11), 1)
41	1	bab6984f-34ef-4f58-9af8-4d156b5f9ae4	((27, 9), 3)
41	2	bab6984f-34ef-4f58-9af8-4d156b5f9ae4	((3, 19), 0)
41	3	bab6984f-34ef-4f58-9af8-4d156b5f9ae4	((7, 5), 2)
41	4	bab6984f-34ef-4f58-9af8-4d156b5f9ae4	((3, 6), 3)
41	5	bab6984f-34ef-4f58-9af8-4d156b5f9ae4	((4, 19), 1)
41	6	bab6984f-34ef-4f58-9af8-4d156b5f9ae4	((8, 19), 3)
41	7	bab6984f-34ef-4f58-9af8-4d156b5f9ae4	((4, 14), 1)
41	8	bab6984f-34ef-4f58-9af8-4d156b5f9ae4	(None, 2)
41	9	bab6984f-34ef-4f58-9af8-4d156b5f9ae4	((21, 18), 0)
42	0	bab6984f-34ef-4f58-9af8-4d156b5f9ae4	((4, 12), 1)
42	1	bab6984f-34ef-4f58-9af8-4d156b5f9ae4	((27, 8), 3)
42	2	bab6984f-34ef-4f58-9af8-4d156b5f9ae4	((3, 20), 1)
42	3	bab6984f-34ef-4f58-9af8-4d156b5f9ae4	((8, 5), 2)
42	4	bab6984f-34ef-4f58-9af8-4d156b5f9ae4	((3, 5), 3)
42	5	bab6984f-34ef-4f58-9af8-4d156b5f9ae4	((3, 19), 0)
42	6	bab6984f-34ef-4f58-9af8-4d156b5f9ae4	((8, 18), 3)
42	7	bab6984f-34ef-4f58-9af8-4d156b5f9ae4	((4, 15), 1)
42	8	bab6984f-34ef-4f58-9af8-4d156b5f9ae4	(None, 2)
42	9	bab6984f-34ef-4f58-9af8-4d156b5f9ae4	((20, 18), 0)
43	0	bab6984f-34ef-4f58-9af8-4d156b5f9ae4	((4, 13), 1)
43	1	bab6984f-34ef-4f58-9af8-4d156b5f9ae4	((27, 7), 3)
43	2	bab6984f-34ef-4f58-9af8-4d156b5f9ae4	((3, 21), 1)
43	3	bab6984f-34ef-4f58-9af8-4d156b5f9ae4	((9, 5), 2)
43	4	bab6984f-34ef-4f58-9af8-4d156b5f9ae4	((4, 5), 2)
43	5	bab6984f-34ef-4f58-9af8-4d156b5f9ae4	((3, 20), 1)
43	6	bab6984f-34ef-4f58-9af8-4d156b5f9ae4	((8, 17), 3)
43	7	bab6984f-34ef-4f58-9af8-4d156b5f9ae4	((4, 16), 1)
43	8	bab6984f-34ef-4f58-9af8-4d156b5f9ae4	(None, 2)
43	9	bab6984f-34ef-4f58-9af8-4d156b5f9ae4	((19, 18), 0)
44	0	bab6984f-34ef-4f58-9af8-4d156b5f9ae4	((4, 14), 1)
44	1	bab6984f-34ef-4f58-9af8-4d156b5f9ae4	((27, 6), 3)
44	2	bab6984f-34ef-4f58-9af8-4d156b5f9ae4	((3, 22), 1)
44	3	bab6984f-34ef-4f58-9af8-4d156b5f9ae4	((10, 5), 2)
44	4	bab6984f-34ef-4f58-9af8-4d156b5f9ae4	((5, 5), 2)
44	5	bab6984f-34ef-4f58-9af8-4d156b5f9ae4	((3, 21), 1)
44	6	bab6984f-34ef-4f58-9af8-4d156b5f9ae4	((8, 16), 3)
44	7	bab6984f-34ef-4f58-9af8-4d156b5f9ae4	((4, 17), 1)
44	8	bab6984f-34ef-4f58-9af8-4d156b5f9ae4	(None, 2)
44	9	bab6984f-34ef-4f58-9af8-4d156b5f9ae4	((18, 18), 0)
45	0	bab6984f-34ef-4f58-9af8-4d156b5f9ae4	((4, 15), 1)
45	1	bab6984f-34ef-4f58-9af8-4d156b5f9ae4	((27, 5), 3)
45	2	bab6984f-34ef-4f58-9af8-4d156b5f9ae4	((3, 23), 1)
45	3	bab6984f-34ef-4f58-9af8-4d156b5f9ae4	((11, 5), 2)
45	4	bab6984f-34ef-4f58-9af8-4d156b5f9ae4	((6, 5), 2)
45	5	bab6984f-34ef-4f58-9af8-4d156b5f9ae4	((3, 22), 1)
45	6	bab6984f-34ef-4f58-9af8-4d156b5f9ae4	((8, 15), 3)
45	7	bab6984f-34ef-4f58-9af8-4d156b5f9ae4	((4, 18), 1)
45	8	bab6984f-34ef-4f58-9af8-4d156b5f9ae4	(None, 2)
45	9	bab6984f-34ef-4f58-9af8-4d156b5f9ae4	((17, 18), 0)
46	0	bab6984f-34ef-4f58-9af8-4d156b5f9ae4	((4, 16), 1)
46	1	bab6984f-34ef-4f58-9af8-4d156b5f9ae4	((26, 5), 0)
46	2	bab6984f-34ef-4f58-9af8-4d156b5f9ae4	((3, 24), 1)
46	3	bab6984f-34ef-4f58-9af8-4d156b5f9ae4	((12, 5), 2)
46	4	bab6984f-34ef-4f58-9af8-4d156b5f9ae4	((7, 5), 2)
46	5	bab6984f-34ef-4f58-9af8-4d156b5f9ae4	((3, 23), 1)
46	6	bab6984f-34ef-4f58-9af8-4d156b5f9ae4	((8, 14), 3)
46	7	bab6984f-34ef-4f58-9af8-4d156b5f9ae4	((4, 19), 1)
46	8	bab6984f-34ef-4f58-9af8-4d156b5f9ae4	(None, 2)
46	9	bab6984f-34ef-4f58-9af8-4d156b5f9ae4	((16, 18), 0)
47	0	bab6984f-34ef-4f58-9af8-4d156b5f9ae4	((4, 17), 1)
47	1	bab6984f-34ef-4f58-9af8-4d156b5f9ae4	((25, 5), 0)
47	2	bab6984f-34ef-4f58-9af8-4d156b5f9ae4	((3, 25), 1)
47	3	bab6984f-34ef-4f58-9af8-4d156b5f9ae4	((13, 5), 2)
47	4	bab6984f-34ef-4f58-9af8-4d156b5f9ae4	((8, 5), 2)
47	5	bab6984f-34ef-4f58-9af8-4d156b5f9ae4	((3, 24), 1)
47	6	bab6984f-34ef-4f58-9af8-4d156b5f9ae4	((8, 13), 3)
47	7	bab6984f-34ef-4f58-9af8-4d156b5f9ae4	((3, 19), 0)
47	8	bab6984f-34ef-4f58-9af8-4d156b5f9ae4	(None, 2)
47	9	bab6984f-34ef-4f58-9af8-4d156b5f9ae4	((15, 18), 0)
48	0	bab6984f-34ef-4f58-9af8-4d156b5f9ae4	((4, 18), 1)
48	1	bab6984f-34ef-4f58-9af8-4d156b5f9ae4	((24, 5), 0)
48	2	bab6984f-34ef-4f58-9af8-4d156b5f9ae4	((3, 26), 1)
48	3	bab6984f-34ef-4f58-9af8-4d156b5f9ae4	((14, 5), 2)
48	4	bab6984f-34ef-4f58-9af8-4d156b5f9ae4	((8, 6), 1)
48	5	bab6984f-34ef-4f58-9af8-4d156b5f9ae4	((3, 25), 1)
48	6	bab6984f-34ef-4f58-9af8-4d156b5f9ae4	((8, 12), 3)
48	7	bab6984f-34ef-4f58-9af8-4d156b5f9ae4	((3, 20), 1)
48	8	bab6984f-34ef-4f58-9af8-4d156b5f9ae4	(None, 2)
48	9	bab6984f-34ef-4f58-9af8-4d156b5f9ae4	((14, 18), 0)
49	0	bab6984f-34ef-4f58-9af8-4d156b5f9ae4	((4, 19), 1)
49	1	bab6984f-34ef-4f58-9af8-4d156b5f9ae4	((23, 5), 0)
49	2	bab6984f-34ef-4f58-9af8-4d156b5f9ae4	((3, 27), 1)
49	3	bab6984f-34ef-4f58-9af8-4d156b5f9ae4	((15, 5), 2)
49	4	bab6984f-34ef-4f58-9af8-4d156b5f9ae4	((9, 6), 2)
49	5	bab6984f-34ef-4f58-9af8-4d156b5f9ae4	((3, 26), 1)
49	6	bab6984f-34ef-4f58-9af8-4d156b5f9ae4	((8, 11), 3)
49	7	bab6984f-34ef-4f58-9af8-4d156b5f9ae4	((3, 21), 1)
49	8	bab6984f-34ef-4f58-9af8-4d156b5f9ae4	(None, 2)
49	9	bab6984f-34ef-4f58-9af8-4d156b5f9ae4	((13, 18), 0)
50	0	bab6984f-34ef-4f58-9af8-4d156b5f9ae4	((3, 19), 0)
50	1	bab6984f-34ef-4f58-9af8-4d156b5f9ae4	(None, 0)
50	2	bab6984f-34ef-4f58-9af8-4d156b5f9ae4	((3, 28), 1)
50	3	bab6984f-34ef-4f58-9af8-4d156b5f9ae4	((16, 5), 2)
50	4	bab6984f-34ef-4f58-9af8-4d156b5f9ae4	((10, 6), 2)
50	5	bab6984f-34ef-4f58-9af8-4d156b5f9ae4	((3, 27), 1)
50	6	bab6984f-34ef-4f58-9af8-4d156b5f9ae4	((8, 10), 3)
50	7	bab6984f-34ef-4f58-9af8-4d156b5f9ae4	((3, 22), 1)
50	8	bab6984f-34ef-4f58-9af8-4d156b5f9ae4	(None, 2)
50	9	bab6984f-34ef-4f58-9af8-4d156b5f9ae4	((12, 18), 0)
51	0	bab6984f-34ef-4f58-9af8-4d156b5f9ae4	((3, 20), 1)
51	1	bab6984f-34ef-4f58-9af8-4d156b5f9ae4	(None, 0)
51	2	bab6984f-34ef-4f58-9af8-4d156b5f9ae4	((3, 29), 1)
51	3	bab6984f-34ef-4f58-9af8-4d156b5f9ae4	((17, 5), 2)
51	4	bab6984f-34ef-4f58-9af8-4d156b5f9ae4	(None, 2)
51	5	bab6984f-34ef-4f58-9af8-4d156b5f9ae4	((3, 28), 1)
51	6	bab6984f-34ef-4f58-9af8-4d156b5f9ae4	((7, 10), 0)
51	7	bab6984f-34ef-4f58-9af8-4d156b5f9ae4	((3, 23), 1)
51	8	bab6984f-34ef-4f58-9af8-4d156b5f9ae4	(None, 2)
51	9	bab6984f-34ef-4f58-9af8-4d156b5f9ae4	((11, 18), 0)
52	0	bab6984f-34ef-4f58-9af8-4d156b5f9ae4	((3, 21), 1)
52	1	bab6984f-34ef-4f58-9af8-4d156b5f9ae4	(None, 0)
52	2	bab6984f-34ef-4f58-9af8-4d156b5f9ae4	((4, 29), 2)
52	3	bab6984f-34ef-4f58-9af8-4d156b5f9ae4	((18, 5), 2)
52	4	bab6984f-34ef-4f58-9af8-4d156b5f9ae4	(None, 2)
52	5	bab6984f-34ef-4f58-9af8-4d156b5f9ae4	((3, 29), 1)
52	6	bab6984f-34ef-4f58-9af8-4d156b5f9ae4	((6, 10), 0)
52	7	bab6984f-34ef-4f58-9af8-4d156b5f9ae4	((3, 24), 1)
52	8	bab6984f-34ef-4f58-9af8-4d156b5f9ae4	(None, 2)
52	9	bab6984f-34ef-4f58-9af8-4d156b5f9ae4	((10, 18), 0)
53	0	bab6984f-34ef-4f58-9af8-4d156b5f9ae4	((3, 22), 1)
53	1	bab6984f-34ef-4f58-9af8-4d156b5f9ae4	(None, 0)
53	2	bab6984f-34ef-4f58-9af8-4d156b5f9ae4	((5, 29), 2)
53	3	bab6984f-34ef-4f58-9af8-4d156b5f9ae4	((19, 5), 2)
53	4	bab6984f-34ef-4f58-9af8-4d156b5f9ae4	(None, 2)
53	5	bab6984f-34ef-4f58-9af8-4d156b5f9ae4	((4, 29), 2)
53	6	bab6984f-34ef-4f58-9af8-4d156b5f9ae4	((6, 9), 3)
53	7	bab6984f-34ef-4f58-9af8-4d156b5f9ae4	((3, 25), 1)
53	8	bab6984f-34ef-4f58-9af8-4d156b5f9ae4	(None, 2)
53	9	bab6984f-34ef-4f58-9af8-4d156b5f9ae4	((9, 18), 0)
54	0	bab6984f-34ef-4f58-9af8-4d156b5f9ae4	((3, 23), 1)
54	1	bab6984f-34ef-4f58-9af8-4d156b5f9ae4	(None, 0)
54	2	bab6984f-34ef-4f58-9af8-4d156b5f9ae4	((6, 29), 2)
54	3	bab6984f-34ef-4f58-9af8-4d156b5f9ae4	((20, 5), 2)
54	4	bab6984f-34ef-4f58-9af8-4d156b5f9ae4	(None, 2)
54	5	bab6984f-34ef-4f58-9af8-4d156b5f9ae4	((5, 29), 2)
54	6	bab6984f-34ef-4f58-9af8-4d156b5f9ae4	((6, 8), 3)
54	7	bab6984f-34ef-4f58-9af8-4d156b5f9ae4	((3, 26), 1)
54	8	bab6984f-34ef-4f58-9af8-4d156b5f9ae4	(None, 2)
54	9	bab6984f-34ef-4f58-9af8-4d156b5f9ae4	((9, 19), 1)
55	0	bab6984f-34ef-4f58-9af8-4d156b5f9ae4	((3, 24), 1)
55	1	bab6984f-34ef-4f58-9af8-4d156b5f9ae4	(None, 0)
55	2	bab6984f-34ef-4f58-9af8-4d156b5f9ae4	((7, 29), 2)
55	3	bab6984f-34ef-4f58-9af8-4d156b5f9ae4	((21, 5), 2)
55	4	bab6984f-34ef-4f58-9af8-4d156b5f9ae4	(None, 2)
55	5	bab6984f-34ef-4f58-9af8-4d156b5f9ae4	((6, 29), 2)
55	6	bab6984f-34ef-4f58-9af8-4d156b5f9ae4	((6, 7), 3)
55	7	bab6984f-34ef-4f58-9af8-4d156b5f9ae4	((3, 27), 1)
55	8	bab6984f-34ef-4f58-9af8-4d156b5f9ae4	(None, 2)
55	9	bab6984f-34ef-4f58-9af8-4d156b5f9ae4	((9, 20), 1)
56	0	bab6984f-34ef-4f58-9af8-4d156b5f9ae4	((3, 25), 1)
56	1	bab6984f-34ef-4f58-9af8-4d156b5f9ae4	(None, 0)
56	2	bab6984f-34ef-4f58-9af8-4d156b5f9ae4	((8, 29), 2)
56	3	bab6984f-34ef-4f58-9af8-4d156b5f9ae4	(None, 2)
56	4	bab6984f-34ef-4f58-9af8-4d156b5f9ae4	(None, 2)
56	5	bab6984f-34ef-4f58-9af8-4d156b5f9ae4	((7, 29), 2)
56	6	bab6984f-34ef-4f58-9af8-4d156b5f9ae4	((6, 6), 3)
56	7	bab6984f-34ef-4f58-9af8-4d156b5f9ae4	((3, 28), 1)
56	8	bab6984f-34ef-4f58-9af8-4d156b5f9ae4	(None, 2)
56	9	bab6984f-34ef-4f58-9af8-4d156b5f9ae4	((9, 21), 1)
57	0	bab6984f-34ef-4f58-9af8-4d156b5f9ae4	((3, 26), 1)
57	1	bab6984f-34ef-4f58-9af8-4d156b5f9ae4	(None, 0)
57	2	bab6984f-34ef-4f58-9af8-4d156b5f9ae4	((9, 29), 2)
57	3	bab6984f-34ef-4f58-9af8-4d156b5f9ae4	(None, 2)
57	4	bab6984f-34ef-4f58-9af8-4d156b5f9ae4	(None, 2)
57	5	bab6984f-34ef-4f58-9af8-4d156b5f9ae4	((8, 29), 2)
57	6	bab6984f-34ef-4f58-9af8-4d156b5f9ae4	((6, 5), 3)
57	7	bab6984f-34ef-4f58-9af8-4d156b5f9ae4	((3, 29), 1)
57	8	bab6984f-34ef-4f58-9af8-4d156b5f9ae4	(None, 2)
57	9	bab6984f-34ef-4f58-9af8-4d156b5f9ae4	((9, 22), 1)
58	0	bab6984f-34ef-4f58-9af8-4d156b5f9ae4	((3, 27), 1)
58	1	bab6984f-34ef-4f58-9af8-4d156b5f9ae4	(None, 0)
58	2	bab6984f-34ef-4f58-9af8-4d156b5f9ae4	((9, 28), 3)
58	3	bab6984f-34ef-4f58-9af8-4d156b5f9ae4	(None, 2)
58	4	bab6984f-34ef-4f58-9af8-4d156b5f9ae4	(None, 2)
58	5	bab6984f-34ef-4f58-9af8-4d156b5f9ae4	((9, 29), 2)
58	6	bab6984f-34ef-4f58-9af8-4d156b5f9ae4	((7, 5), 2)
58	7	bab6984f-34ef-4f58-9af8-4d156b5f9ae4	((4, 29), 2)
58	8	bab6984f-34ef-4f58-9af8-4d156b5f9ae4	(None, 2)
58	9	bab6984f-34ef-4f58-9af8-4d156b5f9ae4	((9, 23), 1)
59	0	bab6984f-34ef-4f58-9af8-4d156b5f9ae4	((3, 28), 1)
59	1	bab6984f-34ef-4f58-9af8-4d156b5f9ae4	(None, 0)
59	2	bab6984f-34ef-4f58-9af8-4d156b5f9ae4	((9, 27), 3)
59	3	bab6984f-34ef-4f58-9af8-4d156b5f9ae4	(None, 2)
59	4	bab6984f-34ef-4f58-9af8-4d156b5f9ae4	(None, 2)
59	5	bab6984f-34ef-4f58-9af8-4d156b5f9ae4	((9, 28), 3)
59	6	bab6984f-34ef-4f58-9af8-4d156b5f9ae4	((8, 5), 2)
59	7	bab6984f-34ef-4f58-9af8-4d156b5f9ae4	((5, 29), 2)
59	8	bab6984f-34ef-4f58-9af8-4d156b5f9ae4	(None, 2)
59	9	bab6984f-34ef-4f58-9af8-4d156b5f9ae4	((10, 23), 2)
60	0	bab6984f-34ef-4f58-9af8-4d156b5f9ae4	((3, 29), 1)
60	1	bab6984f-34ef-4f58-9af8-4d156b5f9ae4	(None, 0)
60	2	bab6984f-34ef-4f58-9af8-4d156b5f9ae4	((9, 26), 3)
60	3	bab6984f-34ef-4f58-9af8-4d156b5f9ae4	(None, 2)
60	4	bab6984f-34ef-4f58-9af8-4d156b5f9ae4	(None, 2)
60	5	bab6984f-34ef-4f58-9af8-4d156b5f9ae4	((9, 27), 3)
60	6	bab6984f-34ef-4f58-9af8-4d156b5f9ae4	((8, 6), 1)
60	7	bab6984f-34ef-4f58-9af8-4d156b5f9ae4	((6, 29), 2)
60	8	bab6984f-34ef-4f58-9af8-4d156b5f9ae4	(None, 2)
60	9	bab6984f-34ef-4f58-9af8-4d156b5f9ae4	(None, 1)
61	0	bab6984f-34ef-4f58-9af8-4d156b5f9ae4	((4, 29), 2)
61	1	bab6984f-34ef-4f58-9af8-4d156b5f9ae4	(None, 0)
61	2	bab6984f-34ef-4f58-9af8-4d156b5f9ae4	((9, 25), 3)
61	3	bab6984f-34ef-4f58-9af8-4d156b5f9ae4	(None, 2)
61	4	bab6984f-34ef-4f58-9af8-4d156b5f9ae4	(None, 2)
61	5	bab6984f-34ef-4f58-9af8-4d156b5f9ae4	((9, 26), 3)
61	6	bab6984f-34ef-4f58-9af8-4d156b5f9ae4	((9, 6), 2)
61	7	bab6984f-34ef-4f58-9af8-4d156b5f9ae4	((7, 29), 2)
61	8	bab6984f-34ef-4f58-9af8-4d156b5f9ae4	(None, 2)
61	9	bab6984f-34ef-4f58-9af8-4d156b5f9ae4	(None, 1)
62	0	bab6984f-34ef-4f58-9af8-4d156b5f9ae4	((5, 29), 2)
62	1	bab6984f-34ef-4f58-9af8-4d156b5f9ae4	(None, 0)
62	2	bab6984f-34ef-4f58-9af8-4d156b5f9ae4	((10, 25), 2)
62	3	bab6984f-34ef-4f58-9af8-4d156b5f9ae4	(None, 2)
62	4	bab6984f-34ef-4f58-9af8-4d156b5f9ae4	(None, 2)
62	5	bab6984f-34ef-4f58-9af8-4d156b5f9ae4	((9, 25), 3)
62	6	bab6984f-34ef-4f58-9af8-4d156b5f9ae4	((10, 6), 2)
62	7	bab6984f-34ef-4f58-9af8-4d156b5f9ae4	((8, 29), 2)
62	8	bab6984f-34ef-4f58-9af8-4d156b5f9ae4	(None, 2)
62	9	bab6984f-34ef-4f58-9af8-4d156b5f9ae4	(None, 1)
63	0	bab6984f-34ef-4f58-9af8-4d156b5f9ae4	((6, 29), 2)
63	1	bab6984f-34ef-4f58-9af8-4d156b5f9ae4	(None, 0)
63	2	bab6984f-34ef-4f58-9af8-4d156b5f9ae4	(None, 3)
63	3	bab6984f-34ef-4f58-9af8-4d156b5f9ae4	(None, 2)
63	4	bab6984f-34ef-4f58-9af8-4d156b5f9ae4	(None, 2)
63	5	bab6984f-34ef-4f58-9af8-4d156b5f9ae4	((10, 25), 2)
63	6	bab6984f-34ef-4f58-9af8-4d156b5f9ae4	(None, 2)
63	7	bab6984f-34ef-4f58-9af8-4d156b5f9ae4	((8, 28), 3)
63	8	bab6984f-34ef-4f58-9af8-4d156b5f9ae4	(None, 2)
63	9	bab6984f-34ef-4f58-9af8-4d156b5f9ae4	(None, 1)
64	0	bab6984f-34ef-4f58-9af8-4d156b5f9ae4	((7, 29), 2)
64	1	bab6984f-34ef-4f58-9af8-4d156b5f9ae4	(None, 0)
64	2	bab6984f-34ef-4f58-9af8-4d156b5f9ae4	(None, 3)
64	3	bab6984f-34ef-4f58-9af8-4d156b5f9ae4	(None, 2)
64	4	bab6984f-34ef-4f58-9af8-4d156b5f9ae4	(None, 2)
64	5	bab6984f-34ef-4f58-9af8-4d156b5f9ae4	(None, 3)
64	6	bab6984f-34ef-4f58-9af8-4d156b5f9ae4	(None, 2)
64	7	bab6984f-34ef-4f58-9af8-4d156b5f9ae4	((8, 27), 3)
64	8	bab6984f-34ef-4f58-9af8-4d156b5f9ae4	(None, 2)
64	9	bab6984f-34ef-4f58-9af8-4d156b5f9ae4	(None, 1)
65	0	bab6984f-34ef-4f58-9af8-4d156b5f9ae4	((8, 29), 2)
65	1	bab6984f-34ef-4f58-9af8-4d156b5f9ae4	(None, 0)
65	2	bab6984f-34ef-4f58-9af8-4d156b5f9ae4	(None, 3)
65	3	bab6984f-34ef-4f58-9af8-4d156b5f9ae4	(None, 2)
65	4	bab6984f-34ef-4f58-9af8-4d156b5f9ae4	(None, 2)
65	5	bab6984f-34ef-4f58-9af8-4d156b5f9ae4	(None, 3)
65	6	bab6984f-34ef-4f58-9af8-4d156b5f9ae4	(None, 2)
65	7	bab6984f-34ef-4f58-9af8-4d156b5f9ae4	((8, 26), 3)
65	8	bab6984f-34ef-4f58-9af8-4d156b5f9ae4	(None, 2)
65	9	bab6984f-34ef-4f58-9af8-4d156b5f9ae4	(None, 1)
66	0	bab6984f-34ef-4f58-9af8-4d156b5f9ae4	((9, 29), 2)
66	1	bab6984f-34ef-4f58-9af8-4d156b5f9ae4	(None, 0)
66	2	bab6984f-34ef-4f58-9af8-4d156b5f9ae4	(None, 3)
66	3	bab6984f-34ef-4f58-9af8-4d156b5f9ae4	(None, 2)
66	4	bab6984f-34ef-4f58-9af8-4d156b5f9ae4	(None, 2)
66	5	bab6984f-34ef-4f58-9af8-4d156b5f9ae4	(None, 3)
66	6	bab6984f-34ef-4f58-9af8-4d156b5f9ae4	(None, 2)
66	7	bab6984f-34ef-4f58-9af8-4d156b5f9ae4	((8, 25), 3)
66	8	bab6984f-34ef-4f58-9af8-4d156b5f9ae4	(None, 2)
66	9	bab6984f-34ef-4f58-9af8-4d156b5f9ae4	(None, 1)
67	0	bab6984f-34ef-4f58-9af8-4d156b5f9ae4	((9, 28), 3)
67	1	bab6984f-34ef-4f58-9af8-4d156b5f9ae4	(None, 0)
67	2	bab6984f-34ef-4f58-9af8-4d156b5f9ae4	(None, 3)
67	3	bab6984f-34ef-4f58-9af8-4d156b5f9ae4	(None, 2)
67	4	bab6984f-34ef-4f58-9af8-4d156b5f9ae4	(None, 2)
67	5	bab6984f-34ef-4f58-9af8-4d156b5f9ae4	(None, 3)
67	6	bab6984f-34ef-4f58-9af8-4d156b5f9ae4	(None, 2)
67	7	bab6984f-34ef-4f58-9af8-4d156b5f9ae4	(None, 3)
67	8	bab6984f-34ef-4f58-9af8-4d156b5f9ae4	(None, 2)
67	9	bab6984f-34ef-4f58-9af8-4d156b5f9ae4	(None, 1)
68	0	bab6984f-34ef-4f58-9af8-4d156b5f9ae4	((9, 27), 3)
68	1	bab6984f-34ef-4f58-9af8-4d156b5f9ae4	(None, 0)
68	2	bab6984f-34ef-4f58-9af8-4d156b5f9ae4	(None, 3)
68	3	bab6984f-34ef-4f58-9af8-4d156b5f9ae4	(None, 2)
68	4	bab6984f-34ef-4f58-9af8-4d156b5f9ae4	(None, 2)
68	5	bab6984f-34ef-4f58-9af8-4d156b5f9ae4	(None, 3)
68	6	bab6984f-34ef-4f58-9af8-4d156b5f9ae4	(None, 2)
68	7	bab6984f-34ef-4f58-9af8-4d156b5f9ae4	(None, 3)
68	8	bab6984f-34ef-4f58-9af8-4d156b5f9ae4	(None, 2)
68	9	bab6984f-34ef-4f58-9af8-4d156b5f9ae4	(None, 1)
69	0	bab6984f-34ef-4f58-9af8-4d156b5f9ae4	((9, 26), 3)
69	1	bab6984f-34ef-4f58-9af8-4d156b5f9ae4	(None, 0)
69	2	bab6984f-34ef-4f58-9af8-4d156b5f9ae4	(None, 3)
69	3	bab6984f-34ef-4f58-9af8-4d156b5f9ae4	(None, 2)
69	4	bab6984f-34ef-4f58-9af8-4d156b5f9ae4	(None, 2)
69	5	bab6984f-34ef-4f58-9af8-4d156b5f9ae4	(None, 3)
69	6	bab6984f-34ef-4f58-9af8-4d156b5f9ae4	(None, 2)
69	7	bab6984f-34ef-4f58-9af8-4d156b5f9ae4	(None, 3)
69	8	bab6984f-34ef-4f58-9af8-4d156b5f9ae4	(None, 2)
69	9	bab6984f-34ef-4f58-9af8-4d156b5f9ae4	(None, 1)
70	0	bab6984f-34ef-4f58-9af8-4d156b5f9ae4	((9, 25), 3)
70	1	bab6984f-34ef-4f58-9af8-4d156b5f9ae4	(None, 0)
70	2	bab6984f-34ef-4f58-9af8-4d156b5f9ae4	(None, 3)
70	3	bab6984f-34ef-4f58-9af8-4d156b5f9ae4	(None, 2)
70	4	bab6984f-34ef-4f58-9af8-4d156b5f9ae4	(None, 2)
70	5	bab6984f-34ef-4f58-9af8-4d156b5f9ae4	(None, 3)
70	6	bab6984f-34ef-4f58-9af8-4d156b5f9ae4	(None, 2)
70	7	bab6984f-34ef-4f58-9af8-4d156b5f9ae4	(None, 3)
70	8	bab6984f-34ef-4f58-9af8-4d156b5f9ae4	(None, 2)
70	9	bab6984f-34ef-4f58-9af8-4d156b5f9ae4	(None, 1)
71	0	bab6984f-34ef-4f58-9af8-4d156b5f9ae4	((10, 25), 2)
71	1	bab6984f-34ef-4f58-9af8-4d156b5f9ae4	(None, 0)
71	2	bab6984f-34ef-4f58-9af8-4d156b5f9ae4	(None, 3)
71	3	bab6984f-34ef-4f58-9af8-4d156b5f9ae4	(None, 2)
71	4	bab6984f-34ef-4f58-9af8-4d156b5f9ae4	(None, 2)
71	5	bab6984f-34ef-4f58-9af8-4d156b5f9ae4	(None, 3)
71	6	bab6984f-34ef-4f58-9af8-4d156b5f9ae4	(None, 2)
71	7	bab6984f-34ef-4f58-9af8-4d156b5f9ae4	(None, 3)
71	8	bab6984f-34ef-4f58-9af8-4d156b5f9ae4	(None, 2)
71	9	bab6984f-34ef-4f58-9af8-4d156b5f9ae4	(None, 1)
72	0	bab6984f-34ef-4f58-9af8-4d156b5f9ae4	(None, 3)
72	1	bab6984f-34ef-4f58-9af8-4d156b5f9ae4	(None, 0)
72	2	bab6984f-34ef-4f58-9af8-4d156b5f9ae4	(None, 3)
72	3	bab6984f-34ef-4f58-9af8-4d156b5f9ae4	(None, 2)
72	4	bab6984f-34ef-4f58-9af8-4d156b5f9ae4	(None, 2)
72	5	bab6984f-34ef-4f58-9af8-4d156b5f9ae4	(None, 3)
72	6	bab6984f-34ef-4f58-9af8-4d156b5f9ae4	(None, 2)
72	7	bab6984f-34ef-4f58-9af8-4d156b5f9ae4	(None, 3)
72	8	bab6984f-34ef-4f58-9af8-4d156b5f9ae4	(None, 2)
72	9	bab6984f-34ef-4f58-9af8-4d156b5f9ae4	(None, 1)
1	0	bbf48024-2c39-4923-b285-227ecac6a679	(None, 3)
1	1	bbf48024-2c39-4923-b285-227ecac6a679	(None, 0)
1	2	bbf48024-2c39-4923-b285-227ecac6a679	(None, 3)
1	3	bbf48024-2c39-4923-b285-227ecac6a679	(None, 0)
1	4	bbf48024-2c39-4923-b285-227ecac6a679	(None, 3)
1	5	bbf48024-2c39-4923-b285-227ecac6a679	(None, 3)
1	6	bbf48024-2c39-4923-b285-227ecac6a679	(None, 0)
1	7	bbf48024-2c39-4923-b285-227ecac6a679	(None, 3)
1	8	bbf48024-2c39-4923-b285-227ecac6a679	(None, 1)
1	9	bbf48024-2c39-4923-b285-227ecac6a679	(None, 0)
2	0	bbf48024-2c39-4923-b285-227ecac6a679	((24, 21), 3)
2	1	bbf48024-2c39-4923-b285-227ecac6a679	(None, 0)
2	2	bbf48024-2c39-4923-b285-227ecac6a679	(None, 3)
2	3	bbf48024-2c39-4923-b285-227ecac6a679	(None, 0)
2	4	bbf48024-2c39-4923-b285-227ecac6a679	(None, 3)
2	5	bbf48024-2c39-4923-b285-227ecac6a679	(None, 3)
2	6	bbf48024-2c39-4923-b285-227ecac6a679	(None, 0)
2	7	bbf48024-2c39-4923-b285-227ecac6a679	(None, 3)
2	8	bbf48024-2c39-4923-b285-227ecac6a679	(None, 1)
2	9	bbf48024-2c39-4923-b285-227ecac6a679	(None, 0)
3	0	bbf48024-2c39-4923-b285-227ecac6a679	((24, 20), 3)
3	1	bbf48024-2c39-4923-b285-227ecac6a679	(None, 0)
3	2	bbf48024-2c39-4923-b285-227ecac6a679	(None, 3)
3	3	bbf48024-2c39-4923-b285-227ecac6a679	(None, 0)
3	4	bbf48024-2c39-4923-b285-227ecac6a679	(None, 3)
3	5	bbf48024-2c39-4923-b285-227ecac6a679	(None, 3)
3	6	bbf48024-2c39-4923-b285-227ecac6a679	(None, 0)
3	7	bbf48024-2c39-4923-b285-227ecac6a679	(None, 3)
3	8	bbf48024-2c39-4923-b285-227ecac6a679	(None, 1)
3	9	bbf48024-2c39-4923-b285-227ecac6a679	(None, 0)
4	0	bbf48024-2c39-4923-b285-227ecac6a679	((24, 19), 3)
4	1	bbf48024-2c39-4923-b285-227ecac6a679	((6, 21), 0)
4	2	bbf48024-2c39-4923-b285-227ecac6a679	(None, 3)
4	3	bbf48024-2c39-4923-b285-227ecac6a679	(None, 0)
4	4	bbf48024-2c39-4923-b285-227ecac6a679	(None, 3)
4	5	bbf48024-2c39-4923-b285-227ecac6a679	(None, 3)
4	6	bbf48024-2c39-4923-b285-227ecac6a679	(None, 0)
4	7	bbf48024-2c39-4923-b285-227ecac6a679	(None, 3)
4	8	bbf48024-2c39-4923-b285-227ecac6a679	(None, 1)
4	9	bbf48024-2c39-4923-b285-227ecac6a679	(None, 0)
5	0	bbf48024-2c39-4923-b285-227ecac6a679	((24, 18), 3)
5	1	bbf48024-2c39-4923-b285-227ecac6a679	((5, 21), 0)
5	2	bbf48024-2c39-4923-b285-227ecac6a679	(None, 3)
5	3	bbf48024-2c39-4923-b285-227ecac6a679	(None, 0)
5	4	bbf48024-2c39-4923-b285-227ecac6a679	(None, 3)
5	5	bbf48024-2c39-4923-b285-227ecac6a679	(None, 3)
5	6	bbf48024-2c39-4923-b285-227ecac6a679	(None, 0)
5	7	bbf48024-2c39-4923-b285-227ecac6a679	(None, 3)
5	8	bbf48024-2c39-4923-b285-227ecac6a679	(None, 1)
5	9	bbf48024-2c39-4923-b285-227ecac6a679	((6, 21), 0)
6	0	bbf48024-2c39-4923-b285-227ecac6a679	((24, 17), 3)
6	1	bbf48024-2c39-4923-b285-227ecac6a679	((5, 22), 1)
6	2	bbf48024-2c39-4923-b285-227ecac6a679	(None, 3)
6	3	bbf48024-2c39-4923-b285-227ecac6a679	(None, 0)
6	4	bbf48024-2c39-4923-b285-227ecac6a679	(None, 3)
6	5	bbf48024-2c39-4923-b285-227ecac6a679	(None, 3)
6	6	bbf48024-2c39-4923-b285-227ecac6a679	(None, 0)
6	7	bbf48024-2c39-4923-b285-227ecac6a679	(None, 3)
6	8	bbf48024-2c39-4923-b285-227ecac6a679	(None, 1)
6	9	bbf48024-2c39-4923-b285-227ecac6a679	((5, 21), 0)
7	0	bbf48024-2c39-4923-b285-227ecac6a679	((24, 16), 3)
7	1	bbf48024-2c39-4923-b285-227ecac6a679	((4, 22), 0)
7	2	bbf48024-2c39-4923-b285-227ecac6a679	((17, 10), 3)
7	3	bbf48024-2c39-4923-b285-227ecac6a679	(None, 0)
7	4	bbf48024-2c39-4923-b285-227ecac6a679	(None, 3)
7	5	bbf48024-2c39-4923-b285-227ecac6a679	(None, 3)
7	6	bbf48024-2c39-4923-b285-227ecac6a679	(None, 0)
7	7	bbf48024-2c39-4923-b285-227ecac6a679	(None, 3)
7	8	bbf48024-2c39-4923-b285-227ecac6a679	(None, 1)
7	9	bbf48024-2c39-4923-b285-227ecac6a679	((5, 22), 1)
8	0	bbf48024-2c39-4923-b285-227ecac6a679	((24, 15), 3)
8	1	bbf48024-2c39-4923-b285-227ecac6a679	((3, 22), 0)
8	2	bbf48024-2c39-4923-b285-227ecac6a679	((17, 9), 3)
8	3	bbf48024-2c39-4923-b285-227ecac6a679	(None, 0)
8	4	bbf48024-2c39-4923-b285-227ecac6a679	(None, 3)
8	5	bbf48024-2c39-4923-b285-227ecac6a679	(None, 3)
8	6	bbf48024-2c39-4923-b285-227ecac6a679	(None, 0)
8	7	bbf48024-2c39-4923-b285-227ecac6a679	(None, 3)
8	8	bbf48024-2c39-4923-b285-227ecac6a679	(None, 1)
8	9	bbf48024-2c39-4923-b285-227ecac6a679	((4, 22), 0)
9	0	bbf48024-2c39-4923-b285-227ecac6a679	((24, 14), 3)
9	1	bbf48024-2c39-4923-b285-227ecac6a679	((2, 22), 0)
9	2	bbf48024-2c39-4923-b285-227ecac6a679	((17, 8), 3)
9	3	bbf48024-2c39-4923-b285-227ecac6a679	(None, 0)
9	4	bbf48024-2c39-4923-b285-227ecac6a679	(None, 3)
9	5	bbf48024-2c39-4923-b285-227ecac6a679	(None, 3)
9	6	bbf48024-2c39-4923-b285-227ecac6a679	((6, 21), 0)
9	7	bbf48024-2c39-4923-b285-227ecac6a679	(None, 3)
9	8	bbf48024-2c39-4923-b285-227ecac6a679	(None, 1)
9	9	bbf48024-2c39-4923-b285-227ecac6a679	((3, 22), 0)
10	0	bbf48024-2c39-4923-b285-227ecac6a679	((24, 13), 3)
10	1	bbf48024-2c39-4923-b285-227ecac6a679	((1, 22), 0)
10	2	bbf48024-2c39-4923-b285-227ecac6a679	((17, 7), 3)
10	3	bbf48024-2c39-4923-b285-227ecac6a679	(None, 0)
10	4	bbf48024-2c39-4923-b285-227ecac6a679	(None, 3)
10	5	bbf48024-2c39-4923-b285-227ecac6a679	(None, 3)
10	6	bbf48024-2c39-4923-b285-227ecac6a679	((5, 21), 0)
10	7	bbf48024-2c39-4923-b285-227ecac6a679	(None, 3)
10	8	bbf48024-2c39-4923-b285-227ecac6a679	(None, 1)
10	9	bbf48024-2c39-4923-b285-227ecac6a679	((2, 22), 0)
11	0	bbf48024-2c39-4923-b285-227ecac6a679	((23, 13), 0)
11	1	bbf48024-2c39-4923-b285-227ecac6a679	((1, 21), 3)
11	2	bbf48024-2c39-4923-b285-227ecac6a679	((17, 6), 3)
11	3	bbf48024-2c39-4923-b285-227ecac6a679	(None, 0)
11	4	bbf48024-2c39-4923-b285-227ecac6a679	(None, 3)
11	5	bbf48024-2c39-4923-b285-227ecac6a679	(None, 3)
11	6	bbf48024-2c39-4923-b285-227ecac6a679	((5, 22), 1)
11	7	bbf48024-2c39-4923-b285-227ecac6a679	(None, 3)
11	8	bbf48024-2c39-4923-b285-227ecac6a679	(None, 1)
11	9	bbf48024-2c39-4923-b285-227ecac6a679	((1, 22), 0)
12	0	bbf48024-2c39-4923-b285-227ecac6a679	((22, 13), 0)
12	1	bbf48024-2c39-4923-b285-227ecac6a679	((1, 20), 3)
12	2	bbf48024-2c39-4923-b285-227ecac6a679	((17, 5), 3)
12	3	bbf48024-2c39-4923-b285-227ecac6a679	(None, 0)
12	4	bbf48024-2c39-4923-b285-227ecac6a679	(None, 3)
12	5	bbf48024-2c39-4923-b285-227ecac6a679	(None, 3)
12	6	bbf48024-2c39-4923-b285-227ecac6a679	((4, 22), 0)
12	7	bbf48024-2c39-4923-b285-227ecac6a679	(None, 3)
12	8	bbf48024-2c39-4923-b285-227ecac6a679	(None, 1)
12	9	bbf48024-2c39-4923-b285-227ecac6a679	((1, 21), 3)
13	0	bbf48024-2c39-4923-b285-227ecac6a679	((22, 12), 3)
13	1	bbf48024-2c39-4923-b285-227ecac6a679	((1, 19), 3)
13	2	bbf48024-2c39-4923-b285-227ecac6a679	((18, 5), 2)
13	3	bbf48024-2c39-4923-b285-227ecac6a679	(None, 0)
13	4	bbf48024-2c39-4923-b285-227ecac6a679	(None, 3)
13	5	bbf48024-2c39-4923-b285-227ecac6a679	(None, 3)
13	6	bbf48024-2c39-4923-b285-227ecac6a679	((3, 22), 0)
13	7	bbf48024-2c39-4923-b285-227ecac6a679	(None, 3)
13	8	bbf48024-2c39-4923-b285-227ecac6a679	(None, 1)
13	9	bbf48024-2c39-4923-b285-227ecac6a679	((1, 20), 3)
14	0	bbf48024-2c39-4923-b285-227ecac6a679	((22, 11), 3)
14	1	bbf48024-2c39-4923-b285-227ecac6a679	((1, 18), 3)
14	2	bbf48024-2c39-4923-b285-227ecac6a679	((19, 5), 2)
14	3	bbf48024-2c39-4923-b285-227ecac6a679	(None, 0)
14	4	bbf48024-2c39-4923-b285-227ecac6a679	(None, 3)
14	5	bbf48024-2c39-4923-b285-227ecac6a679	(None, 3)
14	6	bbf48024-2c39-4923-b285-227ecac6a679	((2, 22), 0)
14	7	bbf48024-2c39-4923-b285-227ecac6a679	(None, 3)
14	8	bbf48024-2c39-4923-b285-227ecac6a679	(None, 1)
14	9	bbf48024-2c39-4923-b285-227ecac6a679	((1, 19), 3)
15	0	bbf48024-2c39-4923-b285-227ecac6a679	((22, 10), 3)
15	1	bbf48024-2c39-4923-b285-227ecac6a679	((1, 17), 3)
15	2	bbf48024-2c39-4923-b285-227ecac6a679	((20, 5), 2)
15	3	bbf48024-2c39-4923-b285-227ecac6a679	(None, 0)
15	4	bbf48024-2c39-4923-b285-227ecac6a679	(None, 3)
15	5	bbf48024-2c39-4923-b285-227ecac6a679	(None, 3)
15	6	bbf48024-2c39-4923-b285-227ecac6a679	((1, 22), 0)
15	7	bbf48024-2c39-4923-b285-227ecac6a679	((17, 10), 3)
15	8	bbf48024-2c39-4923-b285-227ecac6a679	(None, 1)
15	9	bbf48024-2c39-4923-b285-227ecac6a679	((1, 18), 3)
16	0	bbf48024-2c39-4923-b285-227ecac6a679	((22, 9), 3)
16	1	bbf48024-2c39-4923-b285-227ecac6a679	((1, 16), 3)
16	2	bbf48024-2c39-4923-b285-227ecac6a679	((21, 5), 2)
16	3	bbf48024-2c39-4923-b285-227ecac6a679	(None, 0)
16	4	bbf48024-2c39-4923-b285-227ecac6a679	((15, 10), 3)
16	5	bbf48024-2c39-4923-b285-227ecac6a679	(None, 3)
16	6	bbf48024-2c39-4923-b285-227ecac6a679	((1, 21), 3)
16	7	bbf48024-2c39-4923-b285-227ecac6a679	((17, 9), 3)
16	8	bbf48024-2c39-4923-b285-227ecac6a679	(None, 1)
16	9	bbf48024-2c39-4923-b285-227ecac6a679	((1, 17), 3)
17	0	bbf48024-2c39-4923-b285-227ecac6a679	((22, 8), 3)
17	1	bbf48024-2c39-4923-b285-227ecac6a679	((1, 15), 3)
17	2	bbf48024-2c39-4923-b285-227ecac6a679	((21, 6), 1)
17	3	bbf48024-2c39-4923-b285-227ecac6a679	(None, 0)
17	4	bbf48024-2c39-4923-b285-227ecac6a679	((15, 9), 3)
17	5	bbf48024-2c39-4923-b285-227ecac6a679	(None, 3)
17	6	bbf48024-2c39-4923-b285-227ecac6a679	((1, 20), 3)
17	7	bbf48024-2c39-4923-b285-227ecac6a679	((17, 8), 3)
17	8	bbf48024-2c39-4923-b285-227ecac6a679	(None, 1)
17	9	bbf48024-2c39-4923-b285-227ecac6a679	((1, 16), 3)
18	0	bbf48024-2c39-4923-b285-227ecac6a679	((22, 7), 3)
18	1	bbf48024-2c39-4923-b285-227ecac6a679	((2, 15), 2)
18	2	bbf48024-2c39-4923-b285-227ecac6a679	((21, 7), 1)
18	3	bbf48024-2c39-4923-b285-227ecac6a679	(None, 0)
18	4	bbf48024-2c39-4923-b285-227ecac6a679	((16, 9), 2)
18	5	bbf48024-2c39-4923-b285-227ecac6a679	(None, 3)
18	6	bbf48024-2c39-4923-b285-227ecac6a679	((1, 19), 3)
18	7	bbf48024-2c39-4923-b285-227ecac6a679	((17, 7), 3)
18	8	bbf48024-2c39-4923-b285-227ecac6a679	(None, 1)
18	9	bbf48024-2c39-4923-b285-227ecac6a679	((1, 15), 3)
19	0	bbf48024-2c39-4923-b285-227ecac6a679	((22, 6), 3)
19	1	bbf48024-2c39-4923-b285-227ecac6a679	((3, 15), 2)
19	2	bbf48024-2c39-4923-b285-227ecac6a679	((21, 8), 1)
19	3	bbf48024-2c39-4923-b285-227ecac6a679	(None, 0)
19	4	bbf48024-2c39-4923-b285-227ecac6a679	((16, 8), 3)
19	5	bbf48024-2c39-4923-b285-227ecac6a679	(None, 3)
19	6	bbf48024-2c39-4923-b285-227ecac6a679	((1, 18), 3)
19	7	bbf48024-2c39-4923-b285-227ecac6a679	((17, 6), 3)
19	8	bbf48024-2c39-4923-b285-227ecac6a679	(None, 1)
19	9	bbf48024-2c39-4923-b285-227ecac6a679	((2, 15), 2)
20	0	bbf48024-2c39-4923-b285-227ecac6a679	((22, 5), 3)
20	1	bbf48024-2c39-4923-b285-227ecac6a679	((4, 15), 2)
20	2	bbf48024-2c39-4923-b285-227ecac6a679	((21, 9), 1)
20	3	bbf48024-2c39-4923-b285-227ecac6a679	((6, 23), 0)
20	4	bbf48024-2c39-4923-b285-227ecac6a679	((16, 7), 3)
20	5	bbf48024-2c39-4923-b285-227ecac6a679	(None, 3)
20	6	bbf48024-2c39-4923-b285-227ecac6a679	((1, 17), 3)
20	7	bbf48024-2c39-4923-b285-227ecac6a679	((17, 5), 3)
20	8	bbf48024-2c39-4923-b285-227ecac6a679	(None, 1)
20	9	bbf48024-2c39-4923-b285-227ecac6a679	((3, 15), 2)
21	0	bbf48024-2c39-4923-b285-227ecac6a679	((22, 5), 3)
21	1	bbf48024-2c39-4923-b285-227ecac6a679	((5, 15), 2)
21	2	bbf48024-2c39-4923-b285-227ecac6a679	((21, 10), 1)
21	3	bbf48024-2c39-4923-b285-227ecac6a679	((5, 23), 0)
21	4	bbf48024-2c39-4923-b285-227ecac6a679	((16, 6), 3)
21	5	bbf48024-2c39-4923-b285-227ecac6a679	(None, 3)
21	6	bbf48024-2c39-4923-b285-227ecac6a679	((1, 16), 3)
21	7	bbf48024-2c39-4923-b285-227ecac6a679	((18, 5), 2)
21	8	bbf48024-2c39-4923-b285-227ecac6a679	(None, 1)
21	9	bbf48024-2c39-4923-b285-227ecac6a679	((4, 15), 2)
22	0	bbf48024-2c39-4923-b285-227ecac6a679	((22, 5), 3)
22	1	bbf48024-2c39-4923-b285-227ecac6a679	((6, 15), 2)
22	2	bbf48024-2c39-4923-b285-227ecac6a679	((21, 11), 1)
22	3	bbf48024-2c39-4923-b285-227ecac6a679	((4, 23), 0)
22	4	bbf48024-2c39-4923-b285-227ecac6a679	((16, 5), 3)
22	5	bbf48024-2c39-4923-b285-227ecac6a679	(None, 3)
22	6	bbf48024-2c39-4923-b285-227ecac6a679	((1, 15), 3)
22	7	bbf48024-2c39-4923-b285-227ecac6a679	((19, 5), 2)
22	8	bbf48024-2c39-4923-b285-227ecac6a679	(None, 1)
22	9	bbf48024-2c39-4923-b285-227ecac6a679	((5, 15), 2)
23	0	bbf48024-2c39-4923-b285-227ecac6a679	((22, 5), 3)
23	1	bbf48024-2c39-4923-b285-227ecac6a679	((7, 15), 2)
23	2	bbf48024-2c39-4923-b285-227ecac6a679	((21, 12), 1)
23	3	bbf48024-2c39-4923-b285-227ecac6a679	((3, 23), 0)
23	4	bbf48024-2c39-4923-b285-227ecac6a679	((17, 5), 2)
23	5	bbf48024-2c39-4923-b285-227ecac6a679	(None, 3)
23	6	bbf48024-2c39-4923-b285-227ecac6a679	((2, 15), 2)
23	7	bbf48024-2c39-4923-b285-227ecac6a679	((20, 5), 2)
23	8	bbf48024-2c39-4923-b285-227ecac6a679	(None, 1)
23	9	bbf48024-2c39-4923-b285-227ecac6a679	((6, 15), 2)
24	0	bbf48024-2c39-4923-b285-227ecac6a679	((22, 5), 3)
24	1	bbf48024-2c39-4923-b285-227ecac6a679	((8, 15), 2)
24	2	bbf48024-2c39-4923-b285-227ecac6a679	((21, 13), 1)
24	3	bbf48024-2c39-4923-b285-227ecac6a679	((3, 22), 3)
24	4	bbf48024-2c39-4923-b285-227ecac6a679	((18, 5), 2)
24	5	bbf48024-2c39-4923-b285-227ecac6a679	(None, 3)
24	6	bbf48024-2c39-4923-b285-227ecac6a679	((3, 15), 2)
24	7	bbf48024-2c39-4923-b285-227ecac6a679	((21, 5), 2)
24	8	bbf48024-2c39-4923-b285-227ecac6a679	(None, 1)
24	9	bbf48024-2c39-4923-b285-227ecac6a679	((7, 15), 2)
25	0	bbf48024-2c39-4923-b285-227ecac6a679	((22, 5), 3)
25	1	bbf48024-2c39-4923-b285-227ecac6a679	((9, 15), 2)
25	2	bbf48024-2c39-4923-b285-227ecac6a679	((21, 14), 1)
25	3	bbf48024-2c39-4923-b285-227ecac6a679	((2, 22), 0)
25	4	bbf48024-2c39-4923-b285-227ecac6a679	((19, 5), 2)
25	5	bbf48024-2c39-4923-b285-227ecac6a679	(None, 3)
25	6	bbf48024-2c39-4923-b285-227ecac6a679	((4, 15), 2)
25	7	bbf48024-2c39-4923-b285-227ecac6a679	((21, 6), 1)
25	8	bbf48024-2c39-4923-b285-227ecac6a679	((24, 21), 1)
25	9	bbf48024-2c39-4923-b285-227ecac6a679	((8, 15), 2)
26	0	bbf48024-2c39-4923-b285-227ecac6a679	((22, 5), 3)
26	1	bbf48024-2c39-4923-b285-227ecac6a679	((10, 15), 2)
26	2	bbf48024-2c39-4923-b285-227ecac6a679	((22, 14), 2)
26	3	bbf48024-2c39-4923-b285-227ecac6a679	((1, 22), 0)
26	4	bbf48024-2c39-4923-b285-227ecac6a679	((20, 5), 2)
26	5	bbf48024-2c39-4923-b285-227ecac6a679	(None, 3)
26	6	bbf48024-2c39-4923-b285-227ecac6a679	((5, 15), 2)
26	7	bbf48024-2c39-4923-b285-227ecac6a679	((21, 7), 1)
26	8	bbf48024-2c39-4923-b285-227ecac6a679	((24, 22), 1)
26	9	bbf48024-2c39-4923-b285-227ecac6a679	((9, 15), 2)
27	0	bbf48024-2c39-4923-b285-227ecac6a679	((22, 5), 3)
27	1	bbf48024-2c39-4923-b285-227ecac6a679	((11, 15), 2)
27	2	bbf48024-2c39-4923-b285-227ecac6a679	((23, 14), 2)
27	3	bbf48024-2c39-4923-b285-227ecac6a679	((1, 21), 3)
27	4	bbf48024-2c39-4923-b285-227ecac6a679	((21, 5), 2)
27	5	bbf48024-2c39-4923-b285-227ecac6a679	(None, 3)
27	6	bbf48024-2c39-4923-b285-227ecac6a679	((6, 15), 2)
27	7	bbf48024-2c39-4923-b285-227ecac6a679	((21, 8), 1)
27	8	bbf48024-2c39-4923-b285-227ecac6a679	((24, 23), 1)
27	9	bbf48024-2c39-4923-b285-227ecac6a679	((10, 15), 2)
28	0	bbf48024-2c39-4923-b285-227ecac6a679	((21, 5), 0)
28	1	bbf48024-2c39-4923-b285-227ecac6a679	((12, 15), 2)
28	2	bbf48024-2c39-4923-b285-227ecac6a679	((24, 14), 2)
28	3	bbf48024-2c39-4923-b285-227ecac6a679	((1, 20), 3)
28	4	bbf48024-2c39-4923-b285-227ecac6a679	((21, 6), 1)
28	5	bbf48024-2c39-4923-b285-227ecac6a679	(None, 3)
28	6	bbf48024-2c39-4923-b285-227ecac6a679	((7, 15), 2)
28	7	bbf48024-2c39-4923-b285-227ecac6a679	((21, 9), 1)
28	8	bbf48024-2c39-4923-b285-227ecac6a679	((24, 24), 1)
28	9	bbf48024-2c39-4923-b285-227ecac6a679	((11, 15), 2)
29	0	bbf48024-2c39-4923-b285-227ecac6a679	((20, 5), 0)
29	1	bbf48024-2c39-4923-b285-227ecac6a679	((13, 15), 2)
29	2	bbf48024-2c39-4923-b285-227ecac6a679	((24, 15), 1)
29	3	bbf48024-2c39-4923-b285-227ecac6a679	((1, 19), 3)
29	4	bbf48024-2c39-4923-b285-227ecac6a679	((21, 7), 1)
29	5	bbf48024-2c39-4923-b285-227ecac6a679	(None, 3)
29	6	bbf48024-2c39-4923-b285-227ecac6a679	((8, 15), 2)
29	7	bbf48024-2c39-4923-b285-227ecac6a679	((21, 10), 1)
29	8	bbf48024-2c39-4923-b285-227ecac6a679	((24, 25), 1)
29	9	bbf48024-2c39-4923-b285-227ecac6a679	((12, 15), 2)
30	0	bbf48024-2c39-4923-b285-227ecac6a679	((19, 5), 0)
30	1	bbf48024-2c39-4923-b285-227ecac6a679	((14, 15), 2)
30	2	bbf48024-2c39-4923-b285-227ecac6a679	((24, 16), 1)
30	3	bbf48024-2c39-4923-b285-227ecac6a679	((1, 18), 3)
30	4	bbf48024-2c39-4923-b285-227ecac6a679	((21, 8), 1)
30	5	bbf48024-2c39-4923-b285-227ecac6a679	(None, 3)
30	6	bbf48024-2c39-4923-b285-227ecac6a679	((9, 15), 2)
30	7	bbf48024-2c39-4923-b285-227ecac6a679	((21, 11), 1)
30	8	bbf48024-2c39-4923-b285-227ecac6a679	((24, 26), 1)
30	9	bbf48024-2c39-4923-b285-227ecac6a679	((13, 15), 2)
31	0	bbf48024-2c39-4923-b285-227ecac6a679	((18, 5), 0)
31	1	bbf48024-2c39-4923-b285-227ecac6a679	((15, 15), 2)
31	2	bbf48024-2c39-4923-b285-227ecac6a679	((24, 17), 1)
31	3	bbf48024-2c39-4923-b285-227ecac6a679	((1, 17), 3)
31	4	bbf48024-2c39-4923-b285-227ecac6a679	((21, 9), 1)
31	5	bbf48024-2c39-4923-b285-227ecac6a679	(None, 3)
31	6	bbf48024-2c39-4923-b285-227ecac6a679	((10, 15), 2)
31	7	bbf48024-2c39-4923-b285-227ecac6a679	((21, 12), 1)
31	8	bbf48024-2c39-4923-b285-227ecac6a679	((23, 26), 0)
31	9	bbf48024-2c39-4923-b285-227ecac6a679	((14, 15), 2)
32	0	bbf48024-2c39-4923-b285-227ecac6a679	((17, 5), 0)
32	1	bbf48024-2c39-4923-b285-227ecac6a679	((16, 15), 2)
32	2	bbf48024-2c39-4923-b285-227ecac6a679	((24, 18), 1)
32	3	bbf48024-2c39-4923-b285-227ecac6a679	((1, 16), 3)
32	4	bbf48024-2c39-4923-b285-227ecac6a679	((21, 10), 1)
32	5	bbf48024-2c39-4923-b285-227ecac6a679	(None, 3)
32	6	bbf48024-2c39-4923-b285-227ecac6a679	((11, 15), 2)
32	7	bbf48024-2c39-4923-b285-227ecac6a679	((21, 13), 1)
32	8	bbf48024-2c39-4923-b285-227ecac6a679	((22, 26), 0)
32	9	bbf48024-2c39-4923-b285-227ecac6a679	((15, 15), 2)
33	0	bbf48024-2c39-4923-b285-227ecac6a679	((16, 5), 0)
33	1	bbf48024-2c39-4923-b285-227ecac6a679	((16, 14), 3)
33	2	bbf48024-2c39-4923-b285-227ecac6a679	((24, 19), 1)
33	3	bbf48024-2c39-4923-b285-227ecac6a679	((1, 15), 3)
33	4	bbf48024-2c39-4923-b285-227ecac6a679	((21, 11), 1)
33	5	bbf48024-2c39-4923-b285-227ecac6a679	(None, 3)
33	6	bbf48024-2c39-4923-b285-227ecac6a679	((12, 15), 2)
33	7	bbf48024-2c39-4923-b285-227ecac6a679	((21, 14), 1)
33	8	bbf48024-2c39-4923-b285-227ecac6a679	((21, 26), 0)
33	9	bbf48024-2c39-4923-b285-227ecac6a679	((16, 15), 2)
34	0	bbf48024-2c39-4923-b285-227ecac6a679	((16, 6), 1)
34	1	bbf48024-2c39-4923-b285-227ecac6a679	((16, 13), 3)
34	2	bbf48024-2c39-4923-b285-227ecac6a679	((24, 20), 1)
34	3	bbf48024-2c39-4923-b285-227ecac6a679	((2, 15), 2)
34	4	bbf48024-2c39-4923-b285-227ecac6a679	((21, 12), 1)
34	5	bbf48024-2c39-4923-b285-227ecac6a679	(None, 3)
34	6	bbf48024-2c39-4923-b285-227ecac6a679	((13, 15), 2)
34	7	bbf48024-2c39-4923-b285-227ecac6a679	((22, 14), 2)
34	8	bbf48024-2c39-4923-b285-227ecac6a679	((20, 26), 0)
34	9	bbf48024-2c39-4923-b285-227ecac6a679	((16, 14), 3)
35	0	bbf48024-2c39-4923-b285-227ecac6a679	((16, 7), 1)
35	1	bbf48024-2c39-4923-b285-227ecac6a679	((16, 12), 3)
35	2	bbf48024-2c39-4923-b285-227ecac6a679	((24, 21), 1)
35	3	bbf48024-2c39-4923-b285-227ecac6a679	((3, 15), 2)
35	4	bbf48024-2c39-4923-b285-227ecac6a679	((21, 13), 1)
35	5	bbf48024-2c39-4923-b285-227ecac6a679	(None, 3)
35	6	bbf48024-2c39-4923-b285-227ecac6a679	((14, 15), 2)
35	7	bbf48024-2c39-4923-b285-227ecac6a679	((23, 14), 2)
35	8	bbf48024-2c39-4923-b285-227ecac6a679	((19, 26), 0)
35	9	bbf48024-2c39-4923-b285-227ecac6a679	((16, 13), 3)
36	0	bbf48024-2c39-4923-b285-227ecac6a679	((16, 8), 1)
36	1	bbf48024-2c39-4923-b285-227ecac6a679	((16, 11), 3)
36	2	bbf48024-2c39-4923-b285-227ecac6a679	((24, 22), 1)
36	3	bbf48024-2c39-4923-b285-227ecac6a679	((4, 15), 2)
36	4	bbf48024-2c39-4923-b285-227ecac6a679	((21, 14), 1)
36	5	bbf48024-2c39-4923-b285-227ecac6a679	((24, 21), 3)
36	6	bbf48024-2c39-4923-b285-227ecac6a679	((15, 15), 2)
36	7	bbf48024-2c39-4923-b285-227ecac6a679	((24, 14), 2)
36	8	bbf48024-2c39-4923-b285-227ecac6a679	((18, 26), 0)
36	9	bbf48024-2c39-4923-b285-227ecac6a679	((16, 12), 3)
37	0	bbf48024-2c39-4923-b285-227ecac6a679	((16, 9), 1)
37	1	bbf48024-2c39-4923-b285-227ecac6a679	((16, 10), 3)
37	2	bbf48024-2c39-4923-b285-227ecac6a679	((24, 23), 1)
37	3	bbf48024-2c39-4923-b285-227ecac6a679	((5, 15), 2)
37	4	bbf48024-2c39-4923-b285-227ecac6a679	((22, 14), 2)
37	5	bbf48024-2c39-4923-b285-227ecac6a679	((24, 20), 3)
37	6	bbf48024-2c39-4923-b285-227ecac6a679	((16, 15), 2)
37	7	bbf48024-2c39-4923-b285-227ecac6a679	((24, 15), 1)
37	8	bbf48024-2c39-4923-b285-227ecac6a679	((18, 25), 3)
37	9	bbf48024-2c39-4923-b285-227ecac6a679	((16, 11), 3)
38	0	bbf48024-2c39-4923-b285-227ecac6a679	((16, 9), 1)
38	1	bbf48024-2c39-4923-b285-227ecac6a679	((16, 10), 3)
38	2	bbf48024-2c39-4923-b285-227ecac6a679	((24, 24), 1)
38	3	bbf48024-2c39-4923-b285-227ecac6a679	((6, 15), 2)
38	4	bbf48024-2c39-4923-b285-227ecac6a679	((23, 14), 2)
38	5	bbf48024-2c39-4923-b285-227ecac6a679	((24, 19), 3)
38	6	bbf48024-2c39-4923-b285-227ecac6a679	((16, 14), 3)
38	7	bbf48024-2c39-4923-b285-227ecac6a679	((24, 16), 1)
38	8	bbf48024-2c39-4923-b285-227ecac6a679	((18, 24), 3)
38	9	bbf48024-2c39-4923-b285-227ecac6a679	((16, 11), 3)
39	0	bbf48024-2c39-4923-b285-227ecac6a679	((16, 9), 1)
39	1	bbf48024-2c39-4923-b285-227ecac6a679	((16, 10), 3)
39	2	bbf48024-2c39-4923-b285-227ecac6a679	((24, 25), 1)
39	3	bbf48024-2c39-4923-b285-227ecac6a679	((7, 15), 2)
39	4	bbf48024-2c39-4923-b285-227ecac6a679	((23, 14), 2)
39	5	bbf48024-2c39-4923-b285-227ecac6a679	((25, 19), 2)
39	6	bbf48024-2c39-4923-b285-227ecac6a679	((16, 13), 3)
39	7	bbf48024-2c39-4923-b285-227ecac6a679	((24, 17), 1)
39	8	bbf48024-2c39-4923-b285-227ecac6a679	((18, 23), 3)
39	9	bbf48024-2c39-4923-b285-227ecac6a679	((16, 11), 3)
40	0	bbf48024-2c39-4923-b285-227ecac6a679	((15, 9), 0)
40	1	bbf48024-2c39-4923-b285-227ecac6a679	((16, 9), 3)
40	2	bbf48024-2c39-4923-b285-227ecac6a679	((24, 26), 1)
40	3	bbf48024-2c39-4923-b285-227ecac6a679	((8, 15), 2)
40	4	bbf48024-2c39-4923-b285-227ecac6a679	((24, 14), 2)
40	5	bbf48024-2c39-4923-b285-227ecac6a679	((25, 18), 3)
40	6	bbf48024-2c39-4923-b285-227ecac6a679	((16, 12), 3)
40	7	bbf48024-2c39-4923-b285-227ecac6a679	((24, 18), 1)
40	8	bbf48024-2c39-4923-b285-227ecac6a679	((17, 23), 0)
40	9	bbf48024-2c39-4923-b285-227ecac6a679	((16, 10), 3)
41	0	bbf48024-2c39-4923-b285-227ecac6a679	((15, 10), 1)
41	1	bbf48024-2c39-4923-b285-227ecac6a679	((16, 8), 3)
41	2	bbf48024-2c39-4923-b285-227ecac6a679	((23, 26), 0)
41	3	bbf48024-2c39-4923-b285-227ecac6a679	((9, 15), 2)
41	4	bbf48024-2c39-4923-b285-227ecac6a679	((24, 15), 1)
41	5	bbf48024-2c39-4923-b285-227ecac6a679	((25, 17), 3)
41	6	bbf48024-2c39-4923-b285-227ecac6a679	((16, 11), 3)
41	7	bbf48024-2c39-4923-b285-227ecac6a679	((24, 19), 1)
41	8	bbf48024-2c39-4923-b285-227ecac6a679	((16, 23), 0)
41	9	bbf48024-2c39-4923-b285-227ecac6a679	((16, 9), 3)
42	0	bbf48024-2c39-4923-b285-227ecac6a679	((15, 11), 1)
42	1	bbf48024-2c39-4923-b285-227ecac6a679	((16, 7), 3)
42	2	bbf48024-2c39-4923-b285-227ecac6a679	((22, 26), 0)
42	3	bbf48024-2c39-4923-b285-227ecac6a679	((10, 15), 2)
42	4	bbf48024-2c39-4923-b285-227ecac6a679	((24, 16), 1)
42	5	bbf48024-2c39-4923-b285-227ecac6a679	((25, 16), 3)
42	6	bbf48024-2c39-4923-b285-227ecac6a679	(None, 3)
42	7	bbf48024-2c39-4923-b285-227ecac6a679	((24, 20), 1)
42	8	bbf48024-2c39-4923-b285-227ecac6a679	((15, 23), 0)
42	9	bbf48024-2c39-4923-b285-227ecac6a679	((16, 8), 3)
43	0	bbf48024-2c39-4923-b285-227ecac6a679	((16, 11), 2)
43	1	bbf48024-2c39-4923-b285-227ecac6a679	((16, 6), 3)
43	2	bbf48024-2c39-4923-b285-227ecac6a679	((21, 26), 0)
43	3	bbf48024-2c39-4923-b285-227ecac6a679	((11, 15), 2)
43	4	bbf48024-2c39-4923-b285-227ecac6a679	((24, 17), 1)
43	5	bbf48024-2c39-4923-b285-227ecac6a679	((25, 15), 3)
43	6	bbf48024-2c39-4923-b285-227ecac6a679	(None, 3)
43	7	bbf48024-2c39-4923-b285-227ecac6a679	((24, 21), 1)
43	8	bbf48024-2c39-4923-b285-227ecac6a679	((14, 23), 0)
43	9	bbf48024-2c39-4923-b285-227ecac6a679	((16, 7), 3)
44	0	bbf48024-2c39-4923-b285-227ecac6a679	((16, 12), 1)
44	1	bbf48024-2c39-4923-b285-227ecac6a679	((16, 5), 3)
44	2	bbf48024-2c39-4923-b285-227ecac6a679	((20, 26), 0)
44	3	bbf48024-2c39-4923-b285-227ecac6a679	((12, 15), 2)
44	4	bbf48024-2c39-4923-b285-227ecac6a679	((24, 18), 1)
44	5	bbf48024-2c39-4923-b285-227ecac6a679	((24, 15), 0)
44	6	bbf48024-2c39-4923-b285-227ecac6a679	(None, 3)
44	7	bbf48024-2c39-4923-b285-227ecac6a679	((24, 22), 1)
44	8	bbf48024-2c39-4923-b285-227ecac6a679	((13, 23), 0)
44	9	bbf48024-2c39-4923-b285-227ecac6a679	((16, 6), 3)
45	0	bbf48024-2c39-4923-b285-227ecac6a679	((16, 13), 1)
45	1	bbf48024-2c39-4923-b285-227ecac6a679	((17, 5), 2)
45	2	bbf48024-2c39-4923-b285-227ecac6a679	((19, 26), 0)
45	3	bbf48024-2c39-4923-b285-227ecac6a679	((13, 15), 2)
45	4	bbf48024-2c39-4923-b285-227ecac6a679	((25, 18), 2)
45	5	bbf48024-2c39-4923-b285-227ecac6a679	((23, 15), 0)
45	6	bbf48024-2c39-4923-b285-227ecac6a679	(None, 3)
45	7	bbf48024-2c39-4923-b285-227ecac6a679	((24, 23), 1)
45	8	bbf48024-2c39-4923-b285-227ecac6a679	((12, 23), 0)
45	9	bbf48024-2c39-4923-b285-227ecac6a679	((16, 5), 3)
46	0	bbf48024-2c39-4923-b285-227ecac6a679	((16, 14), 1)
46	1	bbf48024-2c39-4923-b285-227ecac6a679	((18, 5), 2)
46	2	bbf48024-2c39-4923-b285-227ecac6a679	((18, 26), 0)
46	3	bbf48024-2c39-4923-b285-227ecac6a679	((14, 15), 2)
46	4	bbf48024-2c39-4923-b285-227ecac6a679	((25, 19), 1)
46	5	bbf48024-2c39-4923-b285-227ecac6a679	((22, 15), 0)
46	6	bbf48024-2c39-4923-b285-227ecac6a679	(None, 3)
46	7	bbf48024-2c39-4923-b285-227ecac6a679	((24, 24), 1)
46	8	bbf48024-2c39-4923-b285-227ecac6a679	((11, 23), 0)
46	9	bbf48024-2c39-4923-b285-227ecac6a679	((17, 5), 2)
47	0	bbf48024-2c39-4923-b285-227ecac6a679	((16, 15), 1)
47	1	bbf48024-2c39-4923-b285-227ecac6a679	((19, 5), 2)
47	2	bbf48024-2c39-4923-b285-227ecac6a679	((18, 25), 3)
47	3	bbf48024-2c39-4923-b285-227ecac6a679	((15, 15), 2)
47	4	bbf48024-2c39-4923-b285-227ecac6a679	((25, 20), 1)
47	5	bbf48024-2c39-4923-b285-227ecac6a679	((21, 15), 0)
47	6	bbf48024-2c39-4923-b285-227ecac6a679	(None, 3)
47	7	bbf48024-2c39-4923-b285-227ecac6a679	((24, 25), 1)
47	8	bbf48024-2c39-4923-b285-227ecac6a679	((11, 22), 3)
47	9	bbf48024-2c39-4923-b285-227ecac6a679	((18, 5), 2)
48	0	bbf48024-2c39-4923-b285-227ecac6a679	((16, 16), 1)
48	1	bbf48024-2c39-4923-b285-227ecac6a679	((20, 5), 2)
48	2	bbf48024-2c39-4923-b285-227ecac6a679	((18, 24), 3)
48	3	bbf48024-2c39-4923-b285-227ecac6a679	((16, 15), 2)
48	4	bbf48024-2c39-4923-b285-227ecac6a679	(None, 1)
48	5	bbf48024-2c39-4923-b285-227ecac6a679	((20, 15), 0)
48	6	bbf48024-2c39-4923-b285-227ecac6a679	(None, 3)
48	7	bbf48024-2c39-4923-b285-227ecac6a679	((24, 26), 1)
48	8	bbf48024-2c39-4923-b285-227ecac6a679	((10, 22), 0)
48	9	bbf48024-2c39-4923-b285-227ecac6a679	((19, 5), 2)
49	0	bbf48024-2c39-4923-b285-227ecac6a679	((17, 16), 2)
49	1	bbf48024-2c39-4923-b285-227ecac6a679	((21, 5), 2)
49	2	bbf48024-2c39-4923-b285-227ecac6a679	((18, 23), 3)
49	3	bbf48024-2c39-4923-b285-227ecac6a679	((16, 14), 3)
49	4	bbf48024-2c39-4923-b285-227ecac6a679	(None, 1)
49	5	bbf48024-2c39-4923-b285-227ecac6a679	((19, 15), 0)
49	6	bbf48024-2c39-4923-b285-227ecac6a679	(None, 3)
49	7	bbf48024-2c39-4923-b285-227ecac6a679	((23, 26), 0)
49	8	bbf48024-2c39-4923-b285-227ecac6a679	((9, 22), 0)
49	9	bbf48024-2c39-4923-b285-227ecac6a679	((20, 5), 2)
50	0	bbf48024-2c39-4923-b285-227ecac6a679	((18, 16), 2)
50	1	bbf48024-2c39-4923-b285-227ecac6a679	((21, 6), 1)
50	2	bbf48024-2c39-4923-b285-227ecac6a679	((17, 23), 0)
50	3	bbf48024-2c39-4923-b285-227ecac6a679	((16, 13), 3)
50	4	bbf48024-2c39-4923-b285-227ecac6a679	(None, 1)
50	5	bbf48024-2c39-4923-b285-227ecac6a679	((18, 15), 0)
50	6	bbf48024-2c39-4923-b285-227ecac6a679	(None, 3)
50	7	bbf48024-2c39-4923-b285-227ecac6a679	((22, 26), 0)
50	8	bbf48024-2c39-4923-b285-227ecac6a679	((8, 22), 0)
50	9	bbf48024-2c39-4923-b285-227ecac6a679	((21, 5), 2)
51	0	bbf48024-2c39-4923-b285-227ecac6a679	((19, 16), 2)
51	1	bbf48024-2c39-4923-b285-227ecac6a679	((21, 7), 1)
51	2	bbf48024-2c39-4923-b285-227ecac6a679	((16, 23), 0)
51	3	bbf48024-2c39-4923-b285-227ecac6a679	((16, 12), 3)
51	4	bbf48024-2c39-4923-b285-227ecac6a679	(None, 1)
51	5	bbf48024-2c39-4923-b285-227ecac6a679	((17, 15), 0)
51	6	bbf48024-2c39-4923-b285-227ecac6a679	(None, 3)
51	7	bbf48024-2c39-4923-b285-227ecac6a679	((21, 26), 0)
51	8	bbf48024-2c39-4923-b285-227ecac6a679	((7, 22), 0)
51	9	bbf48024-2c39-4923-b285-227ecac6a679	((21, 6), 1)
52	0	bbf48024-2c39-4923-b285-227ecac6a679	((20, 16), 2)
52	1	bbf48024-2c39-4923-b285-227ecac6a679	((21, 8), 1)
52	2	bbf48024-2c39-4923-b285-227ecac6a679	((15, 23), 0)
52	3	bbf48024-2c39-4923-b285-227ecac6a679	((16, 11), 3)
52	4	bbf48024-2c39-4923-b285-227ecac6a679	(None, 1)
52	5	bbf48024-2c39-4923-b285-227ecac6a679	((17, 14), 3)
52	6	bbf48024-2c39-4923-b285-227ecac6a679	(None, 3)
52	7	bbf48024-2c39-4923-b285-227ecac6a679	((20, 26), 0)
52	8	bbf48024-2c39-4923-b285-227ecac6a679	(None, 0)
52	9	bbf48024-2c39-4923-b285-227ecac6a679	((21, 7), 1)
53	0	bbf48024-2c39-4923-b285-227ecac6a679	((21, 16), 2)
53	1	bbf48024-2c39-4923-b285-227ecac6a679	((21, 9), 1)
53	2	bbf48024-2c39-4923-b285-227ecac6a679	((14, 23), 0)
53	3	bbf48024-2c39-4923-b285-227ecac6a679	(None, 3)
53	4	bbf48024-2c39-4923-b285-227ecac6a679	(None, 1)
53	5	bbf48024-2c39-4923-b285-227ecac6a679	((17, 13), 3)
53	6	bbf48024-2c39-4923-b285-227ecac6a679	(None, 3)
53	7	bbf48024-2c39-4923-b285-227ecac6a679	((19, 26), 0)
53	8	bbf48024-2c39-4923-b285-227ecac6a679	(None, 0)
53	9	bbf48024-2c39-4923-b285-227ecac6a679	((21, 8), 1)
54	0	bbf48024-2c39-4923-b285-227ecac6a679	((22, 16), 2)
54	1	bbf48024-2c39-4923-b285-227ecac6a679	((21, 10), 1)
54	2	bbf48024-2c39-4923-b285-227ecac6a679	((13, 23), 0)
54	3	bbf48024-2c39-4923-b285-227ecac6a679	(None, 3)
54	4	bbf48024-2c39-4923-b285-227ecac6a679	(None, 1)
54	5	bbf48024-2c39-4923-b285-227ecac6a679	((17, 12), 3)
54	6	bbf48024-2c39-4923-b285-227ecac6a679	(None, 3)
54	7	bbf48024-2c39-4923-b285-227ecac6a679	((18, 26), 0)
54	8	bbf48024-2c39-4923-b285-227ecac6a679	(None, 0)
54	9	bbf48024-2c39-4923-b285-227ecac6a679	((21, 9), 1)
55	0	bbf48024-2c39-4923-b285-227ecac6a679	((23, 16), 2)
55	1	bbf48024-2c39-4923-b285-227ecac6a679	((21, 11), 1)
55	2	bbf48024-2c39-4923-b285-227ecac6a679	((12, 23), 0)
55	3	bbf48024-2c39-4923-b285-227ecac6a679	(None, 3)
55	4	bbf48024-2c39-4923-b285-227ecac6a679	(None, 1)
55	5	bbf48024-2c39-4923-b285-227ecac6a679	((17, 11), 3)
55	6	bbf48024-2c39-4923-b285-227ecac6a679	(None, 3)
55	7	bbf48024-2c39-4923-b285-227ecac6a679	((18, 25), 3)
55	8	bbf48024-2c39-4923-b285-227ecac6a679	(None, 0)
55	9	bbf48024-2c39-4923-b285-227ecac6a679	((21, 10), 1)
56	0	bbf48024-2c39-4923-b285-227ecac6a679	((24, 16), 2)
56	1	bbf48024-2c39-4923-b285-227ecac6a679	((21, 12), 1)
56	2	bbf48024-2c39-4923-b285-227ecac6a679	((11, 23), 0)
56	3	bbf48024-2c39-4923-b285-227ecac6a679	(None, 3)
56	4	bbf48024-2c39-4923-b285-227ecac6a679	(None, 1)
56	5	bbf48024-2c39-4923-b285-227ecac6a679	((18, 11), 2)
56	6	bbf48024-2c39-4923-b285-227ecac6a679	(None, 3)
56	7	bbf48024-2c39-4923-b285-227ecac6a679	((18, 24), 3)
56	8	bbf48024-2c39-4923-b285-227ecac6a679	(None, 0)
56	9	bbf48024-2c39-4923-b285-227ecac6a679	((21, 11), 1)
57	0	bbf48024-2c39-4923-b285-227ecac6a679	((24, 17), 1)
57	1	bbf48024-2c39-4923-b285-227ecac6a679	((21, 13), 1)
57	2	bbf48024-2c39-4923-b285-227ecac6a679	((11, 22), 3)
57	3	bbf48024-2c39-4923-b285-227ecac6a679	(None, 3)
57	4	bbf48024-2c39-4923-b285-227ecac6a679	(None, 1)
57	5	bbf48024-2c39-4923-b285-227ecac6a679	(None, 3)
57	6	bbf48024-2c39-4923-b285-227ecac6a679	(None, 3)
57	7	bbf48024-2c39-4923-b285-227ecac6a679	((18, 23), 3)
57	8	bbf48024-2c39-4923-b285-227ecac6a679	(None, 0)
57	9	bbf48024-2c39-4923-b285-227ecac6a679	((21, 12), 1)
58	0	bbf48024-2c39-4923-b285-227ecac6a679	((24, 18), 1)
58	1	bbf48024-2c39-4923-b285-227ecac6a679	((21, 14), 1)
58	2	bbf48024-2c39-4923-b285-227ecac6a679	((10, 22), 0)
58	3	bbf48024-2c39-4923-b285-227ecac6a679	(None, 3)
58	4	bbf48024-2c39-4923-b285-227ecac6a679	(None, 1)
58	5	bbf48024-2c39-4923-b285-227ecac6a679	(None, 3)
58	6	bbf48024-2c39-4923-b285-227ecac6a679	(None, 3)
58	7	bbf48024-2c39-4923-b285-227ecac6a679	((17, 23), 0)
58	8	bbf48024-2c39-4923-b285-227ecac6a679	(None, 0)
58	9	bbf48024-2c39-4923-b285-227ecac6a679	((21, 13), 1)
59	0	bbf48024-2c39-4923-b285-227ecac6a679	((24, 19), 1)
59	1	bbf48024-2c39-4923-b285-227ecac6a679	((22, 14), 2)
59	2	bbf48024-2c39-4923-b285-227ecac6a679	((9, 22), 0)
59	3	bbf48024-2c39-4923-b285-227ecac6a679	(None, 3)
59	4	bbf48024-2c39-4923-b285-227ecac6a679	(None, 1)
59	5	bbf48024-2c39-4923-b285-227ecac6a679	(None, 3)
59	6	bbf48024-2c39-4923-b285-227ecac6a679	(None, 3)
59	7	bbf48024-2c39-4923-b285-227ecac6a679	((16, 23), 0)
59	8	bbf48024-2c39-4923-b285-227ecac6a679	(None, 0)
59	9	bbf48024-2c39-4923-b285-227ecac6a679	((21, 14), 1)
60	0	bbf48024-2c39-4923-b285-227ecac6a679	((24, 20), 1)
60	1	bbf48024-2c39-4923-b285-227ecac6a679	((23, 14), 2)
60	2	bbf48024-2c39-4923-b285-227ecac6a679	((9, 23), 1)
60	3	bbf48024-2c39-4923-b285-227ecac6a679	(None, 3)
60	4	bbf48024-2c39-4923-b285-227ecac6a679	(None, 1)
60	5	bbf48024-2c39-4923-b285-227ecac6a679	(None, 3)
60	6	bbf48024-2c39-4923-b285-227ecac6a679	(None, 3)
60	7	bbf48024-2c39-4923-b285-227ecac6a679	((15, 23), 0)
60	8	bbf48024-2c39-4923-b285-227ecac6a679	(None, 0)
60	9	bbf48024-2c39-4923-b285-227ecac6a679	((22, 14), 2)
61	0	bbf48024-2c39-4923-b285-227ecac6a679	((24, 21), 1)
61	1	bbf48024-2c39-4923-b285-227ecac6a679	((24, 14), 2)
61	2	bbf48024-2c39-4923-b285-227ecac6a679	((8, 23), 0)
61	3	bbf48024-2c39-4923-b285-227ecac6a679	(None, 3)
61	4	bbf48024-2c39-4923-b285-227ecac6a679	(None, 1)
61	5	bbf48024-2c39-4923-b285-227ecac6a679	(None, 3)
61	6	bbf48024-2c39-4923-b285-227ecac6a679	(None, 3)
61	7	bbf48024-2c39-4923-b285-227ecac6a679	((14, 23), 0)
61	8	bbf48024-2c39-4923-b285-227ecac6a679	(None, 0)
61	9	bbf48024-2c39-4923-b285-227ecac6a679	((23, 14), 2)
62	0	bbf48024-2c39-4923-b285-227ecac6a679	((24, 22), 1)
62	1	bbf48024-2c39-4923-b285-227ecac6a679	((24, 15), 1)
62	2	bbf48024-2c39-4923-b285-227ecac6a679	((7, 23), 0)
62	3	bbf48024-2c39-4923-b285-227ecac6a679	(None, 3)
62	4	bbf48024-2c39-4923-b285-227ecac6a679	(None, 1)
62	5	bbf48024-2c39-4923-b285-227ecac6a679	(None, 3)
62	6	bbf48024-2c39-4923-b285-227ecac6a679	(None, 3)
62	7	bbf48024-2c39-4923-b285-227ecac6a679	((13, 23), 0)
62	8	bbf48024-2c39-4923-b285-227ecac6a679	(None, 0)
62	9	bbf48024-2c39-4923-b285-227ecac6a679	((24, 14), 2)
63	0	bbf48024-2c39-4923-b285-227ecac6a679	((24, 23), 1)
63	1	bbf48024-2c39-4923-b285-227ecac6a679	((24, 16), 1)
63	2	bbf48024-2c39-4923-b285-227ecac6a679	((7, 24), 1)
63	3	bbf48024-2c39-4923-b285-227ecac6a679	(None, 3)
63	4	bbf48024-2c39-4923-b285-227ecac6a679	(None, 1)
63	5	bbf48024-2c39-4923-b285-227ecac6a679	(None, 3)
63	6	bbf48024-2c39-4923-b285-227ecac6a679	(None, 3)
63	7	bbf48024-2c39-4923-b285-227ecac6a679	((12, 23), 0)
63	8	bbf48024-2c39-4923-b285-227ecac6a679	(None, 0)
63	9	bbf48024-2c39-4923-b285-227ecac6a679	((24, 15), 1)
64	0	bbf48024-2c39-4923-b285-227ecac6a679	((24, 24), 1)
64	1	bbf48024-2c39-4923-b285-227ecac6a679	((24, 17), 1)
64	2	bbf48024-2c39-4923-b285-227ecac6a679	(None, 0)
64	3	bbf48024-2c39-4923-b285-227ecac6a679	(None, 3)
64	4	bbf48024-2c39-4923-b285-227ecac6a679	(None, 1)
64	5	bbf48024-2c39-4923-b285-227ecac6a679	(None, 3)
64	6	bbf48024-2c39-4923-b285-227ecac6a679	(None, 3)
64	7	bbf48024-2c39-4923-b285-227ecac6a679	((11, 23), 0)
64	8	bbf48024-2c39-4923-b285-227ecac6a679	(None, 0)
64	9	bbf48024-2c39-4923-b285-227ecac6a679	((24, 16), 1)
65	0	bbf48024-2c39-4923-b285-227ecac6a679	((24, 25), 1)
65	1	bbf48024-2c39-4923-b285-227ecac6a679	((24, 18), 1)
65	2	bbf48024-2c39-4923-b285-227ecac6a679	(None, 0)
65	3	bbf48024-2c39-4923-b285-227ecac6a679	(None, 3)
65	4	bbf48024-2c39-4923-b285-227ecac6a679	(None, 1)
65	5	bbf48024-2c39-4923-b285-227ecac6a679	(None, 3)
65	6	bbf48024-2c39-4923-b285-227ecac6a679	(None, 3)
65	7	bbf48024-2c39-4923-b285-227ecac6a679	((11, 22), 3)
65	8	bbf48024-2c39-4923-b285-227ecac6a679	(None, 0)
65	9	bbf48024-2c39-4923-b285-227ecac6a679	((24, 17), 1)
66	0	bbf48024-2c39-4923-b285-227ecac6a679	((24, 26), 1)
66	1	bbf48024-2c39-4923-b285-227ecac6a679	((25, 18), 2)
66	2	bbf48024-2c39-4923-b285-227ecac6a679	(None, 0)
66	3	bbf48024-2c39-4923-b285-227ecac6a679	(None, 3)
66	4	bbf48024-2c39-4923-b285-227ecac6a679	(None, 1)
66	5	bbf48024-2c39-4923-b285-227ecac6a679	(None, 3)
66	6	bbf48024-2c39-4923-b285-227ecac6a679	(None, 3)
66	7	bbf48024-2c39-4923-b285-227ecac6a679	((10, 22), 0)
66	8	bbf48024-2c39-4923-b285-227ecac6a679	(None, 0)
66	9	bbf48024-2c39-4923-b285-227ecac6a679	((24, 18), 1)
67	0	bbf48024-2c39-4923-b285-227ecac6a679	((23, 26), 0)
67	1	bbf48024-2c39-4923-b285-227ecac6a679	((25, 19), 1)
67	2	bbf48024-2c39-4923-b285-227ecac6a679	(None, 0)
67	3	bbf48024-2c39-4923-b285-227ecac6a679	(None, 3)
67	4	bbf48024-2c39-4923-b285-227ecac6a679	(None, 1)
67	5	bbf48024-2c39-4923-b285-227ecac6a679	(None, 3)
67	6	bbf48024-2c39-4923-b285-227ecac6a679	(None, 3)
67	7	bbf48024-2c39-4923-b285-227ecac6a679	((9, 22), 0)
67	8	bbf48024-2c39-4923-b285-227ecac6a679	(None, 0)
67	9	bbf48024-2c39-4923-b285-227ecac6a679	((25, 18), 2)
68	0	bbf48024-2c39-4923-b285-227ecac6a679	((22, 26), 0)
68	1	bbf48024-2c39-4923-b285-227ecac6a679	((25, 20), 1)
68	2	bbf48024-2c39-4923-b285-227ecac6a679	(None, 0)
68	3	bbf48024-2c39-4923-b285-227ecac6a679	(None, 3)
68	4	bbf48024-2c39-4923-b285-227ecac6a679	(None, 1)
68	5	bbf48024-2c39-4923-b285-227ecac6a679	(None, 3)
68	6	bbf48024-2c39-4923-b285-227ecac6a679	(None, 3)
68	7	bbf48024-2c39-4923-b285-227ecac6a679	((8, 22), 0)
68	8	bbf48024-2c39-4923-b285-227ecac6a679	(None, 0)
68	9	bbf48024-2c39-4923-b285-227ecac6a679	((25, 19), 1)
69	0	bbf48024-2c39-4923-b285-227ecac6a679	((21, 26), 0)
69	1	bbf48024-2c39-4923-b285-227ecac6a679	(None, 1)
69	2	bbf48024-2c39-4923-b285-227ecac6a679	(None, 0)
69	3	bbf48024-2c39-4923-b285-227ecac6a679	(None, 3)
69	4	bbf48024-2c39-4923-b285-227ecac6a679	(None, 1)
69	5	bbf48024-2c39-4923-b285-227ecac6a679	(None, 3)
69	6	bbf48024-2c39-4923-b285-227ecac6a679	(None, 3)
69	7	bbf48024-2c39-4923-b285-227ecac6a679	((7, 22), 0)
69	8	bbf48024-2c39-4923-b285-227ecac6a679	(None, 0)
69	9	bbf48024-2c39-4923-b285-227ecac6a679	((25, 20), 1)
70	0	bbf48024-2c39-4923-b285-227ecac6a679	((20, 26), 0)
70	1	bbf48024-2c39-4923-b285-227ecac6a679	(None, 1)
70	2	bbf48024-2c39-4923-b285-227ecac6a679	(None, 0)
70	3	bbf48024-2c39-4923-b285-227ecac6a679	(None, 3)
70	4	bbf48024-2c39-4923-b285-227ecac6a679	(None, 1)
70	5	bbf48024-2c39-4923-b285-227ecac6a679	(None, 3)
70	6	bbf48024-2c39-4923-b285-227ecac6a679	(None, 3)
70	7	bbf48024-2c39-4923-b285-227ecac6a679	(None, 0)
70	8	bbf48024-2c39-4923-b285-227ecac6a679	(None, 0)
70	9	bbf48024-2c39-4923-b285-227ecac6a679	(None, 1)
71	0	bbf48024-2c39-4923-b285-227ecac6a679	((19, 26), 0)
71	1	bbf48024-2c39-4923-b285-227ecac6a679	(None, 1)
71	2	bbf48024-2c39-4923-b285-227ecac6a679	(None, 0)
71	3	bbf48024-2c39-4923-b285-227ecac6a679	(None, 3)
71	4	bbf48024-2c39-4923-b285-227ecac6a679	(None, 1)
71	5	bbf48024-2c39-4923-b285-227ecac6a679	(None, 3)
71	6	bbf48024-2c39-4923-b285-227ecac6a679	(None, 3)
71	7	bbf48024-2c39-4923-b285-227ecac6a679	(None, 0)
71	8	bbf48024-2c39-4923-b285-227ecac6a679	(None, 0)
71	9	bbf48024-2c39-4923-b285-227ecac6a679	(None, 1)
72	0	bbf48024-2c39-4923-b285-227ecac6a679	((18, 26), 0)
72	1	bbf48024-2c39-4923-b285-227ecac6a679	(None, 1)
72	2	bbf48024-2c39-4923-b285-227ecac6a679	(None, 0)
72	3	bbf48024-2c39-4923-b285-227ecac6a679	(None, 3)
72	4	bbf48024-2c39-4923-b285-227ecac6a679	(None, 1)
72	5	bbf48024-2c39-4923-b285-227ecac6a679	(None, 3)
72	6	bbf48024-2c39-4923-b285-227ecac6a679	(None, 3)
72	7	bbf48024-2c39-4923-b285-227ecac6a679	(None, 0)
72	8	bbf48024-2c39-4923-b285-227ecac6a679	(None, 0)
72	9	bbf48024-2c39-4923-b285-227ecac6a679	(None, 1)
73	0	bbf48024-2c39-4923-b285-227ecac6a679	((18, 25), 3)
73	1	bbf48024-2c39-4923-b285-227ecac6a679	(None, 1)
73	2	bbf48024-2c39-4923-b285-227ecac6a679	(None, 0)
73	3	bbf48024-2c39-4923-b285-227ecac6a679	(None, 3)
73	4	bbf48024-2c39-4923-b285-227ecac6a679	(None, 1)
73	5	bbf48024-2c39-4923-b285-227ecac6a679	(None, 3)
73	6	bbf48024-2c39-4923-b285-227ecac6a679	(None, 3)
73	7	bbf48024-2c39-4923-b285-227ecac6a679	(None, 0)
73	8	bbf48024-2c39-4923-b285-227ecac6a679	(None, 0)
73	9	bbf48024-2c39-4923-b285-227ecac6a679	(None, 1)
74	0	bbf48024-2c39-4923-b285-227ecac6a679	((18, 24), 3)
74	1	bbf48024-2c39-4923-b285-227ecac6a679	(None, 1)
74	2	bbf48024-2c39-4923-b285-227ecac6a679	(None, 0)
74	3	bbf48024-2c39-4923-b285-227ecac6a679	(None, 3)
74	4	bbf48024-2c39-4923-b285-227ecac6a679	(None, 1)
74	5	bbf48024-2c39-4923-b285-227ecac6a679	(None, 3)
74	6	bbf48024-2c39-4923-b285-227ecac6a679	(None, 3)
74	7	bbf48024-2c39-4923-b285-227ecac6a679	(None, 0)
74	8	bbf48024-2c39-4923-b285-227ecac6a679	(None, 0)
74	9	bbf48024-2c39-4923-b285-227ecac6a679	(None, 1)
75	0	bbf48024-2c39-4923-b285-227ecac6a679	((18, 23), 3)
75	1	bbf48024-2c39-4923-b285-227ecac6a679	(None, 1)
75	2	bbf48024-2c39-4923-b285-227ecac6a679	(None, 0)
75	3	bbf48024-2c39-4923-b285-227ecac6a679	(None, 3)
75	4	bbf48024-2c39-4923-b285-227ecac6a679	(None, 1)
75	5	bbf48024-2c39-4923-b285-227ecac6a679	(None, 3)
75	6	bbf48024-2c39-4923-b285-227ecac6a679	(None, 3)
75	7	bbf48024-2c39-4923-b285-227ecac6a679	(None, 0)
75	8	bbf48024-2c39-4923-b285-227ecac6a679	(None, 0)
75	9	bbf48024-2c39-4923-b285-227ecac6a679	(None, 1)
76	0	bbf48024-2c39-4923-b285-227ecac6a679	((17, 23), 0)
76	1	bbf48024-2c39-4923-b285-227ecac6a679	(None, 1)
76	2	bbf48024-2c39-4923-b285-227ecac6a679	(None, 0)
76	3	bbf48024-2c39-4923-b285-227ecac6a679	(None, 3)
76	4	bbf48024-2c39-4923-b285-227ecac6a679	(None, 1)
76	5	bbf48024-2c39-4923-b285-227ecac6a679	(None, 3)
76	6	bbf48024-2c39-4923-b285-227ecac6a679	(None, 3)
76	7	bbf48024-2c39-4923-b285-227ecac6a679	(None, 0)
76	8	bbf48024-2c39-4923-b285-227ecac6a679	(None, 0)
76	9	bbf48024-2c39-4923-b285-227ecac6a679	(None, 1)
77	0	bbf48024-2c39-4923-b285-227ecac6a679	((16, 23), 0)
77	1	bbf48024-2c39-4923-b285-227ecac6a679	(None, 1)
77	2	bbf48024-2c39-4923-b285-227ecac6a679	(None, 0)
77	3	bbf48024-2c39-4923-b285-227ecac6a679	(None, 3)
77	4	bbf48024-2c39-4923-b285-227ecac6a679	(None, 1)
77	5	bbf48024-2c39-4923-b285-227ecac6a679	(None, 3)
77	6	bbf48024-2c39-4923-b285-227ecac6a679	(None, 3)
77	7	bbf48024-2c39-4923-b285-227ecac6a679	(None, 0)
77	8	bbf48024-2c39-4923-b285-227ecac6a679	(None, 0)
77	9	bbf48024-2c39-4923-b285-227ecac6a679	(None, 1)
78	0	bbf48024-2c39-4923-b285-227ecac6a679	((15, 23), 0)
78	1	bbf48024-2c39-4923-b285-227ecac6a679	(None, 1)
78	2	bbf48024-2c39-4923-b285-227ecac6a679	(None, 0)
78	3	bbf48024-2c39-4923-b285-227ecac6a679	(None, 3)
78	4	bbf48024-2c39-4923-b285-227ecac6a679	(None, 1)
78	5	bbf48024-2c39-4923-b285-227ecac6a679	(None, 3)
78	6	bbf48024-2c39-4923-b285-227ecac6a679	(None, 3)
78	7	bbf48024-2c39-4923-b285-227ecac6a679	(None, 0)
78	8	bbf48024-2c39-4923-b285-227ecac6a679	(None, 0)
78	9	bbf48024-2c39-4923-b285-227ecac6a679	(None, 1)
79	0	bbf48024-2c39-4923-b285-227ecac6a679	((14, 23), 0)
79	1	bbf48024-2c39-4923-b285-227ecac6a679	(None, 1)
79	2	bbf48024-2c39-4923-b285-227ecac6a679	(None, 0)
79	3	bbf48024-2c39-4923-b285-227ecac6a679	(None, 3)
79	4	bbf48024-2c39-4923-b285-227ecac6a679	(None, 1)
79	5	bbf48024-2c39-4923-b285-227ecac6a679	(None, 3)
79	6	bbf48024-2c39-4923-b285-227ecac6a679	(None, 3)
79	7	bbf48024-2c39-4923-b285-227ecac6a679	(None, 0)
79	8	bbf48024-2c39-4923-b285-227ecac6a679	(None, 0)
79	9	bbf48024-2c39-4923-b285-227ecac6a679	(None, 1)
80	0	bbf48024-2c39-4923-b285-227ecac6a679	((13, 23), 0)
80	1	bbf48024-2c39-4923-b285-227ecac6a679	(None, 1)
80	2	bbf48024-2c39-4923-b285-227ecac6a679	(None, 0)
80	3	bbf48024-2c39-4923-b285-227ecac6a679	(None, 3)
80	4	bbf48024-2c39-4923-b285-227ecac6a679	(None, 1)
80	5	bbf48024-2c39-4923-b285-227ecac6a679	(None, 3)
80	6	bbf48024-2c39-4923-b285-227ecac6a679	(None, 3)
80	7	bbf48024-2c39-4923-b285-227ecac6a679	(None, 0)
80	8	bbf48024-2c39-4923-b285-227ecac6a679	(None, 0)
80	9	bbf48024-2c39-4923-b285-227ecac6a679	(None, 1)
81	0	bbf48024-2c39-4923-b285-227ecac6a679	((12, 23), 0)
81	1	bbf48024-2c39-4923-b285-227ecac6a679	(None, 1)
81	2	bbf48024-2c39-4923-b285-227ecac6a679	(None, 0)
81	3	bbf48024-2c39-4923-b285-227ecac6a679	(None, 3)
81	4	bbf48024-2c39-4923-b285-227ecac6a679	(None, 1)
81	5	bbf48024-2c39-4923-b285-227ecac6a679	(None, 3)
81	6	bbf48024-2c39-4923-b285-227ecac6a679	(None, 3)
81	7	bbf48024-2c39-4923-b285-227ecac6a679	(None, 0)
81	8	bbf48024-2c39-4923-b285-227ecac6a679	(None, 0)
81	9	bbf48024-2c39-4923-b285-227ecac6a679	(None, 1)
82	0	bbf48024-2c39-4923-b285-227ecac6a679	((11, 23), 0)
82	1	bbf48024-2c39-4923-b285-227ecac6a679	(None, 1)
82	2	bbf48024-2c39-4923-b285-227ecac6a679	(None, 0)
82	3	bbf48024-2c39-4923-b285-227ecac6a679	(None, 3)
82	4	bbf48024-2c39-4923-b285-227ecac6a679	(None, 1)
82	5	bbf48024-2c39-4923-b285-227ecac6a679	(None, 3)
82	6	bbf48024-2c39-4923-b285-227ecac6a679	(None, 3)
82	7	bbf48024-2c39-4923-b285-227ecac6a679	(None, 0)
82	8	bbf48024-2c39-4923-b285-227ecac6a679	(None, 0)
82	9	bbf48024-2c39-4923-b285-227ecac6a679	(None, 1)
83	0	bbf48024-2c39-4923-b285-227ecac6a679	((11, 22), 3)
83	1	bbf48024-2c39-4923-b285-227ecac6a679	(None, 1)
83	2	bbf48024-2c39-4923-b285-227ecac6a679	(None, 0)
83	3	bbf48024-2c39-4923-b285-227ecac6a679	(None, 3)
83	4	bbf48024-2c39-4923-b285-227ecac6a679	(None, 1)
83	5	bbf48024-2c39-4923-b285-227ecac6a679	(None, 3)
83	6	bbf48024-2c39-4923-b285-227ecac6a679	(None, 3)
83	7	bbf48024-2c39-4923-b285-227ecac6a679	(None, 0)
83	8	bbf48024-2c39-4923-b285-227ecac6a679	(None, 0)
83	9	bbf48024-2c39-4923-b285-227ecac6a679	(None, 1)
84	0	bbf48024-2c39-4923-b285-227ecac6a679	((10, 22), 0)
84	1	bbf48024-2c39-4923-b285-227ecac6a679	(None, 1)
84	2	bbf48024-2c39-4923-b285-227ecac6a679	(None, 0)
84	3	bbf48024-2c39-4923-b285-227ecac6a679	(None, 3)
84	4	bbf48024-2c39-4923-b285-227ecac6a679	(None, 1)
84	5	bbf48024-2c39-4923-b285-227ecac6a679	(None, 3)
84	6	bbf48024-2c39-4923-b285-227ecac6a679	(None, 3)
84	7	bbf48024-2c39-4923-b285-227ecac6a679	(None, 0)
84	8	bbf48024-2c39-4923-b285-227ecac6a679	(None, 0)
84	9	bbf48024-2c39-4923-b285-227ecac6a679	(None, 1)
85	0	bbf48024-2c39-4923-b285-227ecac6a679	((9, 22), 0)
85	1	bbf48024-2c39-4923-b285-227ecac6a679	(None, 1)
85	2	bbf48024-2c39-4923-b285-227ecac6a679	(None, 0)
85	3	bbf48024-2c39-4923-b285-227ecac6a679	(None, 3)
85	4	bbf48024-2c39-4923-b285-227ecac6a679	(None, 1)
85	5	bbf48024-2c39-4923-b285-227ecac6a679	(None, 3)
85	6	bbf48024-2c39-4923-b285-227ecac6a679	(None, 3)
85	7	bbf48024-2c39-4923-b285-227ecac6a679	(None, 0)
85	8	bbf48024-2c39-4923-b285-227ecac6a679	(None, 0)
85	9	bbf48024-2c39-4923-b285-227ecac6a679	(None, 1)
86	0	bbf48024-2c39-4923-b285-227ecac6a679	((8, 22), 0)
86	1	bbf48024-2c39-4923-b285-227ecac6a679	(None, 1)
86	2	bbf48024-2c39-4923-b285-227ecac6a679	(None, 0)
86	3	bbf48024-2c39-4923-b285-227ecac6a679	(None, 3)
86	4	bbf48024-2c39-4923-b285-227ecac6a679	(None, 1)
86	5	bbf48024-2c39-4923-b285-227ecac6a679	(None, 3)
86	6	bbf48024-2c39-4923-b285-227ecac6a679	(None, 3)
86	7	bbf48024-2c39-4923-b285-227ecac6a679	(None, 0)
86	8	bbf48024-2c39-4923-b285-227ecac6a679	(None, 0)
86	9	bbf48024-2c39-4923-b285-227ecac6a679	(None, 1)
87	0	bbf48024-2c39-4923-b285-227ecac6a679	((7, 22), 0)
87	1	bbf48024-2c39-4923-b285-227ecac6a679	(None, 1)
87	2	bbf48024-2c39-4923-b285-227ecac6a679	(None, 0)
87	3	bbf48024-2c39-4923-b285-227ecac6a679	(None, 3)
87	4	bbf48024-2c39-4923-b285-227ecac6a679	(None, 1)
87	5	bbf48024-2c39-4923-b285-227ecac6a679	(None, 3)
87	6	bbf48024-2c39-4923-b285-227ecac6a679	(None, 3)
87	7	bbf48024-2c39-4923-b285-227ecac6a679	(None, 0)
87	8	bbf48024-2c39-4923-b285-227ecac6a679	(None, 0)
87	9	bbf48024-2c39-4923-b285-227ecac6a679	(None, 1)
88	0	bbf48024-2c39-4923-b285-227ecac6a679	(None, 0)
88	1	bbf48024-2c39-4923-b285-227ecac6a679	(None, 1)
88	2	bbf48024-2c39-4923-b285-227ecac6a679	(None, 0)
88	3	bbf48024-2c39-4923-b285-227ecac6a679	(None, 3)
88	4	bbf48024-2c39-4923-b285-227ecac6a679	(None, 1)
88	5	bbf48024-2c39-4923-b285-227ecac6a679	(None, 3)
88	6	bbf48024-2c39-4923-b285-227ecac6a679	(None, 3)
88	7	bbf48024-2c39-4923-b285-227ecac6a679	(None, 0)
88	8	bbf48024-2c39-4923-b285-227ecac6a679	(None, 0)
88	9	bbf48024-2c39-4923-b285-227ecac6a679	(None, 1)
1	0	dad1d6d9-83c1-4fde-8073-b4c8fd87455d	(None, 3)
1	1	dad1d6d9-83c1-4fde-8073-b4c8fd87455d	(None, 0)
1	2	dad1d6d9-83c1-4fde-8073-b4c8fd87455d	(None, 3)
1	3	dad1d6d9-83c1-4fde-8073-b4c8fd87455d	(None, 2)
1	4	dad1d6d9-83c1-4fde-8073-b4c8fd87455d	(None, 0)
1	5	dad1d6d9-83c1-4fde-8073-b4c8fd87455d	(None, 3)
1	6	dad1d6d9-83c1-4fde-8073-b4c8fd87455d	(None, 3)
1	7	dad1d6d9-83c1-4fde-8073-b4c8fd87455d	(None, 2)
1	8	dad1d6d9-83c1-4fde-8073-b4c8fd87455d	(None, 0)
1	9	dad1d6d9-83c1-4fde-8073-b4c8fd87455d	(None, 3)
2	0	dad1d6d9-83c1-4fde-8073-b4c8fd87455d	(None, 3)
2	1	dad1d6d9-83c1-4fde-8073-b4c8fd87455d	((7, 14), 0)
2	2	dad1d6d9-83c1-4fde-8073-b4c8fd87455d	(None, 3)
2	3	dad1d6d9-83c1-4fde-8073-b4c8fd87455d	(None, 2)
2	4	dad1d6d9-83c1-4fde-8073-b4c8fd87455d	(None, 0)
2	5	dad1d6d9-83c1-4fde-8073-b4c8fd87455d	(None, 3)
2	6	dad1d6d9-83c1-4fde-8073-b4c8fd87455d	(None, 3)
2	7	dad1d6d9-83c1-4fde-8073-b4c8fd87455d	(None, 2)
2	8	dad1d6d9-83c1-4fde-8073-b4c8fd87455d	(None, 0)
2	9	dad1d6d9-83c1-4fde-8073-b4c8fd87455d	(None, 3)
3	0	dad1d6d9-83c1-4fde-8073-b4c8fd87455d	(None, 3)
3	1	dad1d6d9-83c1-4fde-8073-b4c8fd87455d	((6, 14), 0)
3	2	dad1d6d9-83c1-4fde-8073-b4c8fd87455d	(None, 3)
3	3	dad1d6d9-83c1-4fde-8073-b4c8fd87455d	((7, 14), 2)
3	4	dad1d6d9-83c1-4fde-8073-b4c8fd87455d	(None, 0)
3	5	dad1d6d9-83c1-4fde-8073-b4c8fd87455d	(None, 3)
3	6	dad1d6d9-83c1-4fde-8073-b4c8fd87455d	(None, 3)
3	7	dad1d6d9-83c1-4fde-8073-b4c8fd87455d	(None, 2)
3	8	dad1d6d9-83c1-4fde-8073-b4c8fd87455d	(None, 0)
3	9	dad1d6d9-83c1-4fde-8073-b4c8fd87455d	(None, 3)
4	0	dad1d6d9-83c1-4fde-8073-b4c8fd87455d	((21, 20), 3)
4	1	dad1d6d9-83c1-4fde-8073-b4c8fd87455d	((5, 14), 0)
4	2	dad1d6d9-83c1-4fde-8073-b4c8fd87455d	(None, 3)
4	3	dad1d6d9-83c1-4fde-8073-b4c8fd87455d	((8, 14), 2)
4	4	dad1d6d9-83c1-4fde-8073-b4c8fd87455d	((7, 14), 0)
4	5	dad1d6d9-83c1-4fde-8073-b4c8fd87455d	(None, 3)
4	6	dad1d6d9-83c1-4fde-8073-b4c8fd87455d	(None, 3)
4	7	dad1d6d9-83c1-4fde-8073-b4c8fd87455d	(None, 2)
4	8	dad1d6d9-83c1-4fde-8073-b4c8fd87455d	(None, 0)
4	9	dad1d6d9-83c1-4fde-8073-b4c8fd87455d	(None, 3)
5	0	dad1d6d9-83c1-4fde-8073-b4c8fd87455d	((21, 19), 3)
5	1	dad1d6d9-83c1-4fde-8073-b4c8fd87455d	((4, 14), 0)
5	2	dad1d6d9-83c1-4fde-8073-b4c8fd87455d	(None, 3)
5	3	dad1d6d9-83c1-4fde-8073-b4c8fd87455d	((9, 14), 2)
5	4	dad1d6d9-83c1-4fde-8073-b4c8fd87455d	((6, 14), 0)
5	5	dad1d6d9-83c1-4fde-8073-b4c8fd87455d	(None, 3)
5	6	dad1d6d9-83c1-4fde-8073-b4c8fd87455d	(None, 3)
5	7	dad1d6d9-83c1-4fde-8073-b4c8fd87455d	(None, 2)
5	8	dad1d6d9-83c1-4fde-8073-b4c8fd87455d	((7, 14), 0)
5	9	dad1d6d9-83c1-4fde-8073-b4c8fd87455d	(None, 3)
6	0	dad1d6d9-83c1-4fde-8073-b4c8fd87455d	((21, 18), 3)
6	1	dad1d6d9-83c1-4fde-8073-b4c8fd87455d	((3, 14), 0)
6	2	dad1d6d9-83c1-4fde-8073-b4c8fd87455d	(None, 3)
6	3	dad1d6d9-83c1-4fde-8073-b4c8fd87455d	((10, 14), 2)
6	4	dad1d6d9-83c1-4fde-8073-b4c8fd87455d	((5, 14), 0)
6	5	dad1d6d9-83c1-4fde-8073-b4c8fd87455d	(None, 3)
6	6	dad1d6d9-83c1-4fde-8073-b4c8fd87455d	(None, 3)
6	7	dad1d6d9-83c1-4fde-8073-b4c8fd87455d	(None, 2)
6	8	dad1d6d9-83c1-4fde-8073-b4c8fd87455d	((6, 14), 0)
6	9	dad1d6d9-83c1-4fde-8073-b4c8fd87455d	(None, 3)
7	0	dad1d6d9-83c1-4fde-8073-b4c8fd87455d	((21, 17), 3)
7	1	dad1d6d9-83c1-4fde-8073-b4c8fd87455d	((2, 14), 0)
7	2	dad1d6d9-83c1-4fde-8073-b4c8fd87455d	(None, 3)
7	3	dad1d6d9-83c1-4fde-8073-b4c8fd87455d	((11, 14), 2)
7	4	dad1d6d9-83c1-4fde-8073-b4c8fd87455d	((4, 14), 0)
7	5	dad1d6d9-83c1-4fde-8073-b4c8fd87455d	((21, 20), 3)
7	6	dad1d6d9-83c1-4fde-8073-b4c8fd87455d	(None, 3)
7	7	dad1d6d9-83c1-4fde-8073-b4c8fd87455d	(None, 2)
7	8	dad1d6d9-83c1-4fde-8073-b4c8fd87455d	((5, 14), 0)
7	9	dad1d6d9-83c1-4fde-8073-b4c8fd87455d	(None, 3)
8	0	dad1d6d9-83c1-4fde-8073-b4c8fd87455d	((20, 17), 0)
8	1	dad1d6d9-83c1-4fde-8073-b4c8fd87455d	((2, 15), 1)
8	2	dad1d6d9-83c1-4fde-8073-b4c8fd87455d	((19, 20), 3)
8	3	dad1d6d9-83c1-4fde-8073-b4c8fd87455d	((12, 14), 2)
8	4	dad1d6d9-83c1-4fde-8073-b4c8fd87455d	((3, 14), 0)
8	5	dad1d6d9-83c1-4fde-8073-b4c8fd87455d	((21, 19), 3)
8	6	dad1d6d9-83c1-4fde-8073-b4c8fd87455d	(None, 3)
8	7	dad1d6d9-83c1-4fde-8073-b4c8fd87455d	(None, 2)
8	8	dad1d6d9-83c1-4fde-8073-b4c8fd87455d	((4, 14), 0)
8	9	dad1d6d9-83c1-4fde-8073-b4c8fd87455d	(None, 3)
9	0	dad1d6d9-83c1-4fde-8073-b4c8fd87455d	((20, 16), 3)
9	1	dad1d6d9-83c1-4fde-8073-b4c8fd87455d	((2, 16), 1)
9	2	dad1d6d9-83c1-4fde-8073-b4c8fd87455d	((19, 19), 3)
9	3	dad1d6d9-83c1-4fde-8073-b4c8fd87455d	((13, 14), 2)
9	4	dad1d6d9-83c1-4fde-8073-b4c8fd87455d	((2, 14), 0)
9	5	dad1d6d9-83c1-4fde-8073-b4c8fd87455d	((21, 18), 3)
9	6	dad1d6d9-83c1-4fde-8073-b4c8fd87455d	(None, 3)
9	7	dad1d6d9-83c1-4fde-8073-b4c8fd87455d	(None, 2)
9	8	dad1d6d9-83c1-4fde-8073-b4c8fd87455d	((3, 14), 0)
9	9	dad1d6d9-83c1-4fde-8073-b4c8fd87455d	(None, 3)
10	0	dad1d6d9-83c1-4fde-8073-b4c8fd87455d	((20, 15), 3)
10	1	dad1d6d9-83c1-4fde-8073-b4c8fd87455d	((2, 17), 1)
10	2	dad1d6d9-83c1-4fde-8073-b4c8fd87455d	((20, 19), 2)
10	3	dad1d6d9-83c1-4fde-8073-b4c8fd87455d	((13, 15), 1)
10	4	dad1d6d9-83c1-4fde-8073-b4c8fd87455d	((2, 15), 1)
10	5	dad1d6d9-83c1-4fde-8073-b4c8fd87455d	((21, 17), 3)
10	6	dad1d6d9-83c1-4fde-8073-b4c8fd87455d	((21, 20), 3)
10	7	dad1d6d9-83c1-4fde-8073-b4c8fd87455d	((7, 14), 2)
10	8	dad1d6d9-83c1-4fde-8073-b4c8fd87455d	((2, 14), 0)
10	9	dad1d6d9-83c1-4fde-8073-b4c8fd87455d	(None, 3)
11	0	dad1d6d9-83c1-4fde-8073-b4c8fd87455d	((20, 14), 3)
11	1	dad1d6d9-83c1-4fde-8073-b4c8fd87455d	((2, 18), 1)
11	2	dad1d6d9-83c1-4fde-8073-b4c8fd87455d	((20, 18), 3)
11	3	dad1d6d9-83c1-4fde-8073-b4c8fd87455d	((13, 16), 1)
11	4	dad1d6d9-83c1-4fde-8073-b4c8fd87455d	((2, 16), 1)
11	5	dad1d6d9-83c1-4fde-8073-b4c8fd87455d	((20, 17), 0)
11	6	dad1d6d9-83c1-4fde-8073-b4c8fd87455d	((21, 19), 3)
11	7	dad1d6d9-83c1-4fde-8073-b4c8fd87455d	((8, 14), 2)
11	8	dad1d6d9-83c1-4fde-8073-b4c8fd87455d	((2, 15), 1)
11	9	dad1d6d9-83c1-4fde-8073-b4c8fd87455d	(None, 3)
12	0	dad1d6d9-83c1-4fde-8073-b4c8fd87455d	((19, 14), 0)
12	1	dad1d6d9-83c1-4fde-8073-b4c8fd87455d	((2, 19), 1)
12	2	dad1d6d9-83c1-4fde-8073-b4c8fd87455d	((20, 17), 3)
12	3	dad1d6d9-83c1-4fde-8073-b4c8fd87455d	((13, 17), 1)
12	4	dad1d6d9-83c1-4fde-8073-b4c8fd87455d	((2, 17), 1)
12	5	dad1d6d9-83c1-4fde-8073-b4c8fd87455d	((20, 16), 3)
12	6	dad1d6d9-83c1-4fde-8073-b4c8fd87455d	((21, 18), 3)
12	7	dad1d6d9-83c1-4fde-8073-b4c8fd87455d	((9, 14), 2)
12	8	dad1d6d9-83c1-4fde-8073-b4c8fd87455d	((2, 16), 1)
12	9	dad1d6d9-83c1-4fde-8073-b4c8fd87455d	(None, 3)
13	0	dad1d6d9-83c1-4fde-8073-b4c8fd87455d	((18, 14), 0)
13	1	dad1d6d9-83c1-4fde-8073-b4c8fd87455d	((3, 19), 2)
13	2	dad1d6d9-83c1-4fde-8073-b4c8fd87455d	((20, 16), 3)
13	3	dad1d6d9-83c1-4fde-8073-b4c8fd87455d	((13, 18), 1)
13	4	dad1d6d9-83c1-4fde-8073-b4c8fd87455d	((2, 18), 1)
13	5	dad1d6d9-83c1-4fde-8073-b4c8fd87455d	((20, 15), 3)
13	6	dad1d6d9-83c1-4fde-8073-b4c8fd87455d	((21, 17), 3)
13	7	dad1d6d9-83c1-4fde-8073-b4c8fd87455d	((10, 14), 2)
13	8	dad1d6d9-83c1-4fde-8073-b4c8fd87455d	((2, 17), 1)
13	9	dad1d6d9-83c1-4fde-8073-b4c8fd87455d	(None, 3)
14	0	dad1d6d9-83c1-4fde-8073-b4c8fd87455d	((17, 14), 0)
14	1	dad1d6d9-83c1-4fde-8073-b4c8fd87455d	((4, 19), 2)
14	2	dad1d6d9-83c1-4fde-8073-b4c8fd87455d	((20, 15), 3)
14	3	dad1d6d9-83c1-4fde-8073-b4c8fd87455d	((14, 18), 2)
14	4	dad1d6d9-83c1-4fde-8073-b4c8fd87455d	((2, 19), 1)
14	5	dad1d6d9-83c1-4fde-8073-b4c8fd87455d	((20, 14), 3)
14	6	dad1d6d9-83c1-4fde-8073-b4c8fd87455d	((20, 17), 0)
14	7	dad1d6d9-83c1-4fde-8073-b4c8fd87455d	((11, 14), 2)
14	8	dad1d6d9-83c1-4fde-8073-b4c8fd87455d	((2, 18), 1)
14	9	dad1d6d9-83c1-4fde-8073-b4c8fd87455d	(None, 3)
15	0	dad1d6d9-83c1-4fde-8073-b4c8fd87455d	((16, 14), 0)
15	1	dad1d6d9-83c1-4fde-8073-b4c8fd87455d	((5, 19), 2)
15	2	dad1d6d9-83c1-4fde-8073-b4c8fd87455d	((20, 14), 3)
15	3	dad1d6d9-83c1-4fde-8073-b4c8fd87455d	((14, 19), 1)
15	4	dad1d6d9-83c1-4fde-8073-b4c8fd87455d	((3, 19), 2)
15	5	dad1d6d9-83c1-4fde-8073-b4c8fd87455d	((19, 14), 0)
15	6	dad1d6d9-83c1-4fde-8073-b4c8fd87455d	((20, 16), 3)
15	7	dad1d6d9-83c1-4fde-8073-b4c8fd87455d	((12, 14), 2)
15	8	dad1d6d9-83c1-4fde-8073-b4c8fd87455d	((2, 19), 1)
15	9	dad1d6d9-83c1-4fde-8073-b4c8fd87455d	(None, 3)
16	0	dad1d6d9-83c1-4fde-8073-b4c8fd87455d	((15, 14), 0)
16	1	dad1d6d9-83c1-4fde-8073-b4c8fd87455d	((6, 19), 2)
16	2	dad1d6d9-83c1-4fde-8073-b4c8fd87455d	((19, 14), 0)
16	3	dad1d6d9-83c1-4fde-8073-b4c8fd87455d	((14, 20), 1)
16	4	dad1d6d9-83c1-4fde-8073-b4c8fd87455d	((4, 19), 2)
16	5	dad1d6d9-83c1-4fde-8073-b4c8fd87455d	((18, 14), 0)
16	6	dad1d6d9-83c1-4fde-8073-b4c8fd87455d	((20, 15), 3)
16	7	dad1d6d9-83c1-4fde-8073-b4c8fd87455d	((13, 14), 2)
16	8	dad1d6d9-83c1-4fde-8073-b4c8fd87455d	((3, 19), 2)
16	9	dad1d6d9-83c1-4fde-8073-b4c8fd87455d	((19, 20), 3)
17	0	dad1d6d9-83c1-4fde-8073-b4c8fd87455d	((14, 14), 0)
17	1	dad1d6d9-83c1-4fde-8073-b4c8fd87455d	((7, 19), 2)
17	2	dad1d6d9-83c1-4fde-8073-b4c8fd87455d	((18, 14), 0)
17	3	dad1d6d9-83c1-4fde-8073-b4c8fd87455d	((14, 21), 1)
17	4	dad1d6d9-83c1-4fde-8073-b4c8fd87455d	((5, 19), 2)
17	5	dad1d6d9-83c1-4fde-8073-b4c8fd87455d	((17, 14), 0)
17	6	dad1d6d9-83c1-4fde-8073-b4c8fd87455d	((20, 14), 3)
17	7	dad1d6d9-83c1-4fde-8073-b4c8fd87455d	((13, 15), 1)
17	8	dad1d6d9-83c1-4fde-8073-b4c8fd87455d	((4, 19), 2)
17	9	dad1d6d9-83c1-4fde-8073-b4c8fd87455d	((19, 19), 3)
18	0	dad1d6d9-83c1-4fde-8073-b4c8fd87455d	((13, 14), 0)
18	1	dad1d6d9-83c1-4fde-8073-b4c8fd87455d	((8, 19), 2)
18	2	dad1d6d9-83c1-4fde-8073-b4c8fd87455d	((17, 14), 0)
18	3	dad1d6d9-83c1-4fde-8073-b4c8fd87455d	((14, 22), 1)
18	4	dad1d6d9-83c1-4fde-8073-b4c8fd87455d	((6, 19), 2)
18	5	dad1d6d9-83c1-4fde-8073-b4c8fd87455d	((16, 14), 0)
18	6	dad1d6d9-83c1-4fde-8073-b4c8fd87455d	((19, 14), 0)
18	7	dad1d6d9-83c1-4fde-8073-b4c8fd87455d	((13, 16), 1)
18	8	dad1d6d9-83c1-4fde-8073-b4c8fd87455d	((5, 19), 2)
18	9	dad1d6d9-83c1-4fde-8073-b4c8fd87455d	((20, 19), 2)
19	0	dad1d6d9-83c1-4fde-8073-b4c8fd87455d	((12, 14), 0)
19	1	dad1d6d9-83c1-4fde-8073-b4c8fd87455d	((9, 19), 2)
19	2	dad1d6d9-83c1-4fde-8073-b4c8fd87455d	((16, 14), 0)
19	3	dad1d6d9-83c1-4fde-8073-b4c8fd87455d	((14, 23), 1)
19	4	dad1d6d9-83c1-4fde-8073-b4c8fd87455d	((7, 19), 2)
19	5	dad1d6d9-83c1-4fde-8073-b4c8fd87455d	((15, 14), 0)
19	6	dad1d6d9-83c1-4fde-8073-b4c8fd87455d	((18, 14), 0)
19	7	dad1d6d9-83c1-4fde-8073-b4c8fd87455d	((13, 17), 1)
19	8	dad1d6d9-83c1-4fde-8073-b4c8fd87455d	((6, 19), 2)
19	9	dad1d6d9-83c1-4fde-8073-b4c8fd87455d	((20, 18), 3)
20	0	dad1d6d9-83c1-4fde-8073-b4c8fd87455d	((11, 14), 0)
20	1	dad1d6d9-83c1-4fde-8073-b4c8fd87455d	((10, 19), 2)
20	2	dad1d6d9-83c1-4fde-8073-b4c8fd87455d	((15, 14), 0)
20	3	dad1d6d9-83c1-4fde-8073-b4c8fd87455d	((14, 24), 1)
20	4	dad1d6d9-83c1-4fde-8073-b4c8fd87455d	((8, 19), 2)
20	5	dad1d6d9-83c1-4fde-8073-b4c8fd87455d	((14, 14), 0)
20	6	dad1d6d9-83c1-4fde-8073-b4c8fd87455d	((17, 14), 0)
20	7	dad1d6d9-83c1-4fde-8073-b4c8fd87455d	((13, 18), 1)
20	8	dad1d6d9-83c1-4fde-8073-b4c8fd87455d	((7, 19), 2)
20	9	dad1d6d9-83c1-4fde-8073-b4c8fd87455d	((20, 17), 3)
21	0	dad1d6d9-83c1-4fde-8073-b4c8fd87455d	((10, 14), 0)
21	1	dad1d6d9-83c1-4fde-8073-b4c8fd87455d	((11, 19), 2)
21	2	dad1d6d9-83c1-4fde-8073-b4c8fd87455d	((14, 14), 0)
21	3	dad1d6d9-83c1-4fde-8073-b4c8fd87455d	((14, 25), 1)
21	4	dad1d6d9-83c1-4fde-8073-b4c8fd87455d	((9, 19), 2)
21	5	dad1d6d9-83c1-4fde-8073-b4c8fd87455d	((13, 14), 0)
21	6	dad1d6d9-83c1-4fde-8073-b4c8fd87455d	((16, 14), 0)
21	7	dad1d6d9-83c1-4fde-8073-b4c8fd87455d	((14, 18), 2)
21	8	dad1d6d9-83c1-4fde-8073-b4c8fd87455d	((8, 19), 2)
21	9	dad1d6d9-83c1-4fde-8073-b4c8fd87455d	((20, 16), 3)
22	0	dad1d6d9-83c1-4fde-8073-b4c8fd87455d	((10, 15), 1)
22	1	dad1d6d9-83c1-4fde-8073-b4c8fd87455d	((12, 19), 2)
22	2	dad1d6d9-83c1-4fde-8073-b4c8fd87455d	((13, 14), 0)
22	3	dad1d6d9-83c1-4fde-8073-b4c8fd87455d	((15, 25), 2)
22	4	dad1d6d9-83c1-4fde-8073-b4c8fd87455d	((10, 19), 2)
22	5	dad1d6d9-83c1-4fde-8073-b4c8fd87455d	((12, 14), 0)
22	6	dad1d6d9-83c1-4fde-8073-b4c8fd87455d	((15, 14), 0)
22	7	dad1d6d9-83c1-4fde-8073-b4c8fd87455d	((14, 19), 1)
22	8	dad1d6d9-83c1-4fde-8073-b4c8fd87455d	((9, 19), 2)
22	9	dad1d6d9-83c1-4fde-8073-b4c8fd87455d	((20, 15), 3)
23	0	dad1d6d9-83c1-4fde-8073-b4c8fd87455d	((9, 15), 0)
23	1	dad1d6d9-83c1-4fde-8073-b4c8fd87455d	((12, 18), 3)
23	2	dad1d6d9-83c1-4fde-8073-b4c8fd87455d	((12, 14), 0)
23	3	dad1d6d9-83c1-4fde-8073-b4c8fd87455d	((16, 25), 2)
23	4	dad1d6d9-83c1-4fde-8073-b4c8fd87455d	((11, 19), 2)
23	5	dad1d6d9-83c1-4fde-8073-b4c8fd87455d	((11, 14), 0)
23	6	dad1d6d9-83c1-4fde-8073-b4c8fd87455d	((14, 14), 0)
23	7	dad1d6d9-83c1-4fde-8073-b4c8fd87455d	((14, 20), 1)
23	8	dad1d6d9-83c1-4fde-8073-b4c8fd87455d	((10, 19), 2)
23	9	dad1d6d9-83c1-4fde-8073-b4c8fd87455d	((20, 14), 3)
24	0	dad1d6d9-83c1-4fde-8073-b4c8fd87455d	((8, 15), 0)
24	1	dad1d6d9-83c1-4fde-8073-b4c8fd87455d	((12, 17), 3)
24	2	dad1d6d9-83c1-4fde-8073-b4c8fd87455d	((11, 14), 0)
24	3	dad1d6d9-83c1-4fde-8073-b4c8fd87455d	((17, 25), 2)
24	4	dad1d6d9-83c1-4fde-8073-b4c8fd87455d	((12, 19), 2)
24	5	dad1d6d9-83c1-4fde-8073-b4c8fd87455d	((10, 14), 0)
24	6	dad1d6d9-83c1-4fde-8073-b4c8fd87455d	((13, 14), 0)
24	7	dad1d6d9-83c1-4fde-8073-b4c8fd87455d	((14, 21), 1)
24	8	dad1d6d9-83c1-4fde-8073-b4c8fd87455d	((11, 19), 2)
24	9	dad1d6d9-83c1-4fde-8073-b4c8fd87455d	((19, 14), 0)
25	0	dad1d6d9-83c1-4fde-8073-b4c8fd87455d	(None, 0)
25	1	dad1d6d9-83c1-4fde-8073-b4c8fd87455d	((12, 16), 3)
25	2	dad1d6d9-83c1-4fde-8073-b4c8fd87455d	((10, 14), 0)
25	3	dad1d6d9-83c1-4fde-8073-b4c8fd87455d	((18, 25), 2)
25	4	dad1d6d9-83c1-4fde-8073-b4c8fd87455d	((12, 18), 3)
25	5	dad1d6d9-83c1-4fde-8073-b4c8fd87455d	((10, 15), 1)
25	6	dad1d6d9-83c1-4fde-8073-b4c8fd87455d	((12, 14), 0)
25	7	dad1d6d9-83c1-4fde-8073-b4c8fd87455d	((14, 22), 1)
25	8	dad1d6d9-83c1-4fde-8073-b4c8fd87455d	((12, 19), 2)
25	9	dad1d6d9-83c1-4fde-8073-b4c8fd87455d	((18, 14), 0)
26	0	dad1d6d9-83c1-4fde-8073-b4c8fd87455d	(None, 0)
26	1	dad1d6d9-83c1-4fde-8073-b4c8fd87455d	((13, 16), 2)
26	2	dad1d6d9-83c1-4fde-8073-b4c8fd87455d	((10, 15), 1)
26	3	dad1d6d9-83c1-4fde-8073-b4c8fd87455d	((19, 25), 2)
26	4	dad1d6d9-83c1-4fde-8073-b4c8fd87455d	((12, 17), 3)
26	5	dad1d6d9-83c1-4fde-8073-b4c8fd87455d	((9, 15), 0)
26	6	dad1d6d9-83c1-4fde-8073-b4c8fd87455d	((11, 14), 0)
26	7	dad1d6d9-83c1-4fde-8073-b4c8fd87455d	((14, 23), 1)
26	8	dad1d6d9-83c1-4fde-8073-b4c8fd87455d	((12, 18), 3)
26	9	dad1d6d9-83c1-4fde-8073-b4c8fd87455d	((17, 14), 0)
27	0	dad1d6d9-83c1-4fde-8073-b4c8fd87455d	(None, 0)
27	1	dad1d6d9-83c1-4fde-8073-b4c8fd87455d	((14, 16), 2)
27	2	dad1d6d9-83c1-4fde-8073-b4c8fd87455d	((9, 15), 0)
27	3	dad1d6d9-83c1-4fde-8073-b4c8fd87455d	((20, 25), 2)
27	4	dad1d6d9-83c1-4fde-8073-b4c8fd87455d	((12, 16), 3)
27	5	dad1d6d9-83c1-4fde-8073-b4c8fd87455d	((8, 15), 0)
27	6	dad1d6d9-83c1-4fde-8073-b4c8fd87455d	((10, 14), 0)
27	7	dad1d6d9-83c1-4fde-8073-b4c8fd87455d	((14, 24), 1)
27	8	dad1d6d9-83c1-4fde-8073-b4c8fd87455d	((12, 17), 3)
27	9	dad1d6d9-83c1-4fde-8073-b4c8fd87455d	((16, 14), 0)
28	0	dad1d6d9-83c1-4fde-8073-b4c8fd87455d	(None, 0)
28	1	dad1d6d9-83c1-4fde-8073-b4c8fd87455d	((15, 16), 2)
28	2	dad1d6d9-83c1-4fde-8073-b4c8fd87455d	((8, 15), 0)
28	3	dad1d6d9-83c1-4fde-8073-b4c8fd87455d	((21, 25), 2)
28	4	dad1d6d9-83c1-4fde-8073-b4c8fd87455d	((13, 16), 2)
28	5	dad1d6d9-83c1-4fde-8073-b4c8fd87455d	(None, 0)
28	6	dad1d6d9-83c1-4fde-8073-b4c8fd87455d	((10, 15), 1)
28	7	dad1d6d9-83c1-4fde-8073-b4c8fd87455d	((14, 25), 1)
28	8	dad1d6d9-83c1-4fde-8073-b4c8fd87455d	((12, 16), 3)
28	9	dad1d6d9-83c1-4fde-8073-b4c8fd87455d	((15, 14), 0)
29	0	dad1d6d9-83c1-4fde-8073-b4c8fd87455d	(None, 0)
29	1	dad1d6d9-83c1-4fde-8073-b4c8fd87455d	((15, 15), 3)
29	2	dad1d6d9-83c1-4fde-8073-b4c8fd87455d	(None, 0)
29	3	dad1d6d9-83c1-4fde-8073-b4c8fd87455d	((21, 24), 3)
29	4	dad1d6d9-83c1-4fde-8073-b4c8fd87455d	((14, 16), 2)
29	5	dad1d6d9-83c1-4fde-8073-b4c8fd87455d	(None, 0)
29	6	dad1d6d9-83c1-4fde-8073-b4c8fd87455d	((9, 15), 0)
29	7	dad1d6d9-83c1-4fde-8073-b4c8fd87455d	((15, 25), 2)
29	8	dad1d6d9-83c1-4fde-8073-b4c8fd87455d	((13, 16), 2)
29	9	dad1d6d9-83c1-4fde-8073-b4c8fd87455d	((14, 14), 0)
30	0	dad1d6d9-83c1-4fde-8073-b4c8fd87455d	(None, 0)
30	1	dad1d6d9-83c1-4fde-8073-b4c8fd87455d	((16, 15), 2)
30	2	dad1d6d9-83c1-4fde-8073-b4c8fd87455d	(None, 0)
30	3	dad1d6d9-83c1-4fde-8073-b4c8fd87455d	((21, 23), 3)
30	4	dad1d6d9-83c1-4fde-8073-b4c8fd87455d	((15, 16), 2)
30	5	dad1d6d9-83c1-4fde-8073-b4c8fd87455d	(None, 0)
30	6	dad1d6d9-83c1-4fde-8073-b4c8fd87455d	((8, 15), 0)
30	7	dad1d6d9-83c1-4fde-8073-b4c8fd87455d	((16, 25), 2)
30	8	dad1d6d9-83c1-4fde-8073-b4c8fd87455d	((14, 16), 2)
30	9	dad1d6d9-83c1-4fde-8073-b4c8fd87455d	((13, 14), 0)
31	0	dad1d6d9-83c1-4fde-8073-b4c8fd87455d	(None, 0)
31	1	dad1d6d9-83c1-4fde-8073-b4c8fd87455d	((17, 15), 2)
31	2	dad1d6d9-83c1-4fde-8073-b4c8fd87455d	(None, 0)
31	3	dad1d6d9-83c1-4fde-8073-b4c8fd87455d	((21, 22), 3)
31	4	dad1d6d9-83c1-4fde-8073-b4c8fd87455d	((15, 15), 3)
31	5	dad1d6d9-83c1-4fde-8073-b4c8fd87455d	(None, 0)
31	6	dad1d6d9-83c1-4fde-8073-b4c8fd87455d	(None, 0)
31	7	dad1d6d9-83c1-4fde-8073-b4c8fd87455d	((17, 25), 2)
31	8	dad1d6d9-83c1-4fde-8073-b4c8fd87455d	((15, 16), 2)
31	9	dad1d6d9-83c1-4fde-8073-b4c8fd87455d	((12, 14), 0)
32	0	dad1d6d9-83c1-4fde-8073-b4c8fd87455d	(None, 0)
32	1	dad1d6d9-83c1-4fde-8073-b4c8fd87455d	((18, 15), 2)
32	2	dad1d6d9-83c1-4fde-8073-b4c8fd87455d	(None, 0)
32	3	dad1d6d9-83c1-4fde-8073-b4c8fd87455d	((21, 21), 3)
32	4	dad1d6d9-83c1-4fde-8073-b4c8fd87455d	((16, 15), 2)
32	5	dad1d6d9-83c1-4fde-8073-b4c8fd87455d	(None, 0)
32	6	dad1d6d9-83c1-4fde-8073-b4c8fd87455d	(None, 0)
32	7	dad1d6d9-83c1-4fde-8073-b4c8fd87455d	((18, 25), 2)
32	8	dad1d6d9-83c1-4fde-8073-b4c8fd87455d	((15, 15), 3)
32	9	dad1d6d9-83c1-4fde-8073-b4c8fd87455d	((11, 14), 0)
33	0	dad1d6d9-83c1-4fde-8073-b4c8fd87455d	(None, 0)
33	1	dad1d6d9-83c1-4fde-8073-b4c8fd87455d	((19, 15), 2)
33	2	dad1d6d9-83c1-4fde-8073-b4c8fd87455d	(None, 0)
33	3	dad1d6d9-83c1-4fde-8073-b4c8fd87455d	((22, 21), 2)
33	4	dad1d6d9-83c1-4fde-8073-b4c8fd87455d	((17, 15), 2)
33	5	dad1d6d9-83c1-4fde-8073-b4c8fd87455d	(None, 0)
33	6	dad1d6d9-83c1-4fde-8073-b4c8fd87455d	(None, 0)
33	7	dad1d6d9-83c1-4fde-8073-b4c8fd87455d	((19, 25), 2)
33	8	dad1d6d9-83c1-4fde-8073-b4c8fd87455d	((16, 15), 2)
33	9	dad1d6d9-83c1-4fde-8073-b4c8fd87455d	((10, 14), 0)
34	0	dad1d6d9-83c1-4fde-8073-b4c8fd87455d	(None, 0)
34	1	dad1d6d9-83c1-4fde-8073-b4c8fd87455d	((20, 15), 2)
34	2	dad1d6d9-83c1-4fde-8073-b4c8fd87455d	(None, 0)
34	3	dad1d6d9-83c1-4fde-8073-b4c8fd87455d	(None, 3)
34	4	dad1d6d9-83c1-4fde-8073-b4c8fd87455d	((18, 15), 2)
34	5	dad1d6d9-83c1-4fde-8073-b4c8fd87455d	(None, 0)
34	6	dad1d6d9-83c1-4fde-8073-b4c8fd87455d	(None, 0)
34	7	dad1d6d9-83c1-4fde-8073-b4c8fd87455d	((20, 25), 2)
34	8	dad1d6d9-83c1-4fde-8073-b4c8fd87455d	((17, 15), 2)
34	9	dad1d6d9-83c1-4fde-8073-b4c8fd87455d	((10, 15), 1)
35	0	dad1d6d9-83c1-4fde-8073-b4c8fd87455d	(None, 0)
35	1	dad1d6d9-83c1-4fde-8073-b4c8fd87455d	((20, 16), 1)
35	2	dad1d6d9-83c1-4fde-8073-b4c8fd87455d	(None, 0)
35	3	dad1d6d9-83c1-4fde-8073-b4c8fd87455d	(None, 3)
35	4	dad1d6d9-83c1-4fde-8073-b4c8fd87455d	((19, 15), 2)
35	5	dad1d6d9-83c1-4fde-8073-b4c8fd87455d	(None, 0)
35	6	dad1d6d9-83c1-4fde-8073-b4c8fd87455d	(None, 0)
35	7	dad1d6d9-83c1-4fde-8073-b4c8fd87455d	((20, 24), 3)
35	8	dad1d6d9-83c1-4fde-8073-b4c8fd87455d	((18, 15), 2)
35	9	dad1d6d9-83c1-4fde-8073-b4c8fd87455d	((9, 15), 0)
36	0	dad1d6d9-83c1-4fde-8073-b4c8fd87455d	(None, 0)
36	1	dad1d6d9-83c1-4fde-8073-b4c8fd87455d	((20, 17), 1)
36	2	dad1d6d9-83c1-4fde-8073-b4c8fd87455d	(None, 0)
36	3	dad1d6d9-83c1-4fde-8073-b4c8fd87455d	(None, 3)
36	4	dad1d6d9-83c1-4fde-8073-b4c8fd87455d	((20, 15), 2)
36	5	dad1d6d9-83c1-4fde-8073-b4c8fd87455d	(None, 0)
36	6	dad1d6d9-83c1-4fde-8073-b4c8fd87455d	(None, 0)
36	7	dad1d6d9-83c1-4fde-8073-b4c8fd87455d	((20, 23), 3)
36	8	dad1d6d9-83c1-4fde-8073-b4c8fd87455d	((19, 15), 2)
36	9	dad1d6d9-83c1-4fde-8073-b4c8fd87455d	((8, 15), 0)
37	0	dad1d6d9-83c1-4fde-8073-b4c8fd87455d	(None, 0)
37	1	dad1d6d9-83c1-4fde-8073-b4c8fd87455d	((21, 17), 2)
37	2	dad1d6d9-83c1-4fde-8073-b4c8fd87455d	(None, 0)
37	3	dad1d6d9-83c1-4fde-8073-b4c8fd87455d	(None, 3)
37	4	dad1d6d9-83c1-4fde-8073-b4c8fd87455d	((20, 16), 1)
37	5	dad1d6d9-83c1-4fde-8073-b4c8fd87455d	(None, 0)
37	6	dad1d6d9-83c1-4fde-8073-b4c8fd87455d	(None, 0)
37	7	dad1d6d9-83c1-4fde-8073-b4c8fd87455d	((20, 22), 3)
37	8	dad1d6d9-83c1-4fde-8073-b4c8fd87455d	((20, 15), 2)
37	9	dad1d6d9-83c1-4fde-8073-b4c8fd87455d	(None, 0)
38	0	dad1d6d9-83c1-4fde-8073-b4c8fd87455d	(None, 0)
38	1	dad1d6d9-83c1-4fde-8073-b4c8fd87455d	((21, 18), 1)
38	2	dad1d6d9-83c1-4fde-8073-b4c8fd87455d	(None, 0)
38	3	dad1d6d9-83c1-4fde-8073-b4c8fd87455d	(None, 3)
38	4	dad1d6d9-83c1-4fde-8073-b4c8fd87455d	((20, 17), 1)
38	5	dad1d6d9-83c1-4fde-8073-b4c8fd87455d	(None, 0)
38	6	dad1d6d9-83c1-4fde-8073-b4c8fd87455d	(None, 0)
38	7	dad1d6d9-83c1-4fde-8073-b4c8fd87455d	((20, 21), 3)
38	8	dad1d6d9-83c1-4fde-8073-b4c8fd87455d	((20, 16), 1)
38	9	dad1d6d9-83c1-4fde-8073-b4c8fd87455d	(None, 0)
39	0	dad1d6d9-83c1-4fde-8073-b4c8fd87455d	(None, 0)
39	1	dad1d6d9-83c1-4fde-8073-b4c8fd87455d	((21, 19), 1)
39	2	dad1d6d9-83c1-4fde-8073-b4c8fd87455d	(None, 0)
39	3	dad1d6d9-83c1-4fde-8073-b4c8fd87455d	(None, 3)
39	4	dad1d6d9-83c1-4fde-8073-b4c8fd87455d	((21, 17), 2)
39	5	dad1d6d9-83c1-4fde-8073-b4c8fd87455d	(None, 0)
39	6	dad1d6d9-83c1-4fde-8073-b4c8fd87455d	(None, 0)
39	7	dad1d6d9-83c1-4fde-8073-b4c8fd87455d	(None, 3)
39	8	dad1d6d9-83c1-4fde-8073-b4c8fd87455d	((20, 17), 1)
39	9	dad1d6d9-83c1-4fde-8073-b4c8fd87455d	(None, 0)
40	0	dad1d6d9-83c1-4fde-8073-b4c8fd87455d	(None, 0)
40	1	dad1d6d9-83c1-4fde-8073-b4c8fd87455d	((22, 19), 2)
40	2	dad1d6d9-83c1-4fde-8073-b4c8fd87455d	(None, 0)
40	3	dad1d6d9-83c1-4fde-8073-b4c8fd87455d	(None, 3)
40	4	dad1d6d9-83c1-4fde-8073-b4c8fd87455d	((21, 18), 1)
40	5	dad1d6d9-83c1-4fde-8073-b4c8fd87455d	(None, 0)
40	6	dad1d6d9-83c1-4fde-8073-b4c8fd87455d	(None, 0)
40	7	dad1d6d9-83c1-4fde-8073-b4c8fd87455d	(None, 3)
40	8	dad1d6d9-83c1-4fde-8073-b4c8fd87455d	((21, 17), 2)
40	9	dad1d6d9-83c1-4fde-8073-b4c8fd87455d	(None, 0)
41	0	dad1d6d9-83c1-4fde-8073-b4c8fd87455d	(None, 0)
41	1	dad1d6d9-83c1-4fde-8073-b4c8fd87455d	(None, 1)
41	2	dad1d6d9-83c1-4fde-8073-b4c8fd87455d	(None, 0)
41	3	dad1d6d9-83c1-4fde-8073-b4c8fd87455d	(None, 3)
41	4	dad1d6d9-83c1-4fde-8073-b4c8fd87455d	((21, 19), 1)
41	5	dad1d6d9-83c1-4fde-8073-b4c8fd87455d	(None, 0)
41	6	dad1d6d9-83c1-4fde-8073-b4c8fd87455d	(None, 0)
41	7	dad1d6d9-83c1-4fde-8073-b4c8fd87455d	(None, 3)
41	8	dad1d6d9-83c1-4fde-8073-b4c8fd87455d	((21, 18), 1)
41	9	dad1d6d9-83c1-4fde-8073-b4c8fd87455d	(None, 0)
42	0	dad1d6d9-83c1-4fde-8073-b4c8fd87455d	(None, 0)
42	1	dad1d6d9-83c1-4fde-8073-b4c8fd87455d	(None, 1)
42	2	dad1d6d9-83c1-4fde-8073-b4c8fd87455d	(None, 0)
42	3	dad1d6d9-83c1-4fde-8073-b4c8fd87455d	(None, 3)
42	4	dad1d6d9-83c1-4fde-8073-b4c8fd87455d	((22, 19), 2)
42	5	dad1d6d9-83c1-4fde-8073-b4c8fd87455d	(None, 0)
42	6	dad1d6d9-83c1-4fde-8073-b4c8fd87455d	(None, 0)
42	7	dad1d6d9-83c1-4fde-8073-b4c8fd87455d	(None, 3)
42	8	dad1d6d9-83c1-4fde-8073-b4c8fd87455d	((21, 19), 1)
42	9	dad1d6d9-83c1-4fde-8073-b4c8fd87455d	(None, 0)
43	0	dad1d6d9-83c1-4fde-8073-b4c8fd87455d	(None, 0)
43	1	dad1d6d9-83c1-4fde-8073-b4c8fd87455d	(None, 1)
43	2	dad1d6d9-83c1-4fde-8073-b4c8fd87455d	(None, 0)
43	3	dad1d6d9-83c1-4fde-8073-b4c8fd87455d	(None, 3)
43	4	dad1d6d9-83c1-4fde-8073-b4c8fd87455d	(None, 1)
43	5	dad1d6d9-83c1-4fde-8073-b4c8fd87455d	(None, 0)
43	6	dad1d6d9-83c1-4fde-8073-b4c8fd87455d	(None, 0)
43	7	dad1d6d9-83c1-4fde-8073-b4c8fd87455d	(None, 3)
43	8	dad1d6d9-83c1-4fde-8073-b4c8fd87455d	((22, 19), 2)
43	9	dad1d6d9-83c1-4fde-8073-b4c8fd87455d	(None, 0)
44	0	dad1d6d9-83c1-4fde-8073-b4c8fd87455d	(None, 0)
44	1	dad1d6d9-83c1-4fde-8073-b4c8fd87455d	(None, 1)
44	2	dad1d6d9-83c1-4fde-8073-b4c8fd87455d	(None, 0)
44	3	dad1d6d9-83c1-4fde-8073-b4c8fd87455d	(None, 3)
44	4	dad1d6d9-83c1-4fde-8073-b4c8fd87455d	(None, 1)
44	5	dad1d6d9-83c1-4fde-8073-b4c8fd87455d	(None, 0)
44	6	dad1d6d9-83c1-4fde-8073-b4c8fd87455d	(None, 0)
44	7	dad1d6d9-83c1-4fde-8073-b4c8fd87455d	(None, 3)
44	8	dad1d6d9-83c1-4fde-8073-b4c8fd87455d	(None, 1)
44	9	dad1d6d9-83c1-4fde-8073-b4c8fd87455d	(None, 0)
1	0	7dd06d03-d082-4b98-80be-5f194b7a05fd	(None, 1)
1	1	7dd06d03-d082-4b98-80be-5f194b7a05fd	(None, 2)
1	2	7dd06d03-d082-4b98-80be-5f194b7a05fd	(None, 1)
1	3	7dd06d03-d082-4b98-80be-5f194b7a05fd	(None, 0)
1	4	7dd06d03-d082-4b98-80be-5f194b7a05fd	(None, 0)
1	5	7dd06d03-d082-4b98-80be-5f194b7a05fd	(None, 2)
1	6	7dd06d03-d082-4b98-80be-5f194b7a05fd	(None, 1)
1	7	7dd06d03-d082-4b98-80be-5f194b7a05fd	(None, 0)
1	8	7dd06d03-d082-4b98-80be-5f194b7a05fd	(None, 3)
1	9	7dd06d03-d082-4b98-80be-5f194b7a05fd	(None, 2)
2	0	7dd06d03-d082-4b98-80be-5f194b7a05fd	(None, 1)
2	1	7dd06d03-d082-4b98-80be-5f194b7a05fd	(None, 2)
2	2	7dd06d03-d082-4b98-80be-5f194b7a05fd	(None, 1)
2	3	7dd06d03-d082-4b98-80be-5f194b7a05fd	(None, 0)
2	4	7dd06d03-d082-4b98-80be-5f194b7a05fd	(None, 0)
2	5	7dd06d03-d082-4b98-80be-5f194b7a05fd	(None, 2)
2	6	7dd06d03-d082-4b98-80be-5f194b7a05fd	(None, 1)
2	7	7dd06d03-d082-4b98-80be-5f194b7a05fd	(None, 0)
2	8	7dd06d03-d082-4b98-80be-5f194b7a05fd	(None, 3)
2	9	7dd06d03-d082-4b98-80be-5f194b7a05fd	(None, 2)
3	0	7dd06d03-d082-4b98-80be-5f194b7a05fd	(None, 1)
3	1	7dd06d03-d082-4b98-80be-5f194b7a05fd	(None, 2)
3	2	7dd06d03-d082-4b98-80be-5f194b7a05fd	((19, 21), 1)
3	3	7dd06d03-d082-4b98-80be-5f194b7a05fd	(None, 0)
3	4	7dd06d03-d082-4b98-80be-5f194b7a05fd	(None, 0)
3	5	7dd06d03-d082-4b98-80be-5f194b7a05fd	(None, 2)
3	6	7dd06d03-d082-4b98-80be-5f194b7a05fd	(None, 1)
3	7	7dd06d03-d082-4b98-80be-5f194b7a05fd	(None, 0)
3	8	7dd06d03-d082-4b98-80be-5f194b7a05fd	(None, 3)
3	9	7dd06d03-d082-4b98-80be-5f194b7a05fd	(None, 2)
4	0	7dd06d03-d082-4b98-80be-5f194b7a05fd	(None, 1)
4	1	7dd06d03-d082-4b98-80be-5f194b7a05fd	(None, 2)
4	2	7dd06d03-d082-4b98-80be-5f194b7a05fd	((19, 22), 1)
4	3	7dd06d03-d082-4b98-80be-5f194b7a05fd	(None, 0)
4	4	7dd06d03-d082-4b98-80be-5f194b7a05fd	(None, 0)
4	5	7dd06d03-d082-4b98-80be-5f194b7a05fd	(None, 2)
4	6	7dd06d03-d082-4b98-80be-5f194b7a05fd	(None, 1)
4	7	7dd06d03-d082-4b98-80be-5f194b7a05fd	(None, 0)
4	8	7dd06d03-d082-4b98-80be-5f194b7a05fd	(None, 3)
4	9	7dd06d03-d082-4b98-80be-5f194b7a05fd	(None, 2)
5	0	7dd06d03-d082-4b98-80be-5f194b7a05fd	(None, 1)
5	1	7dd06d03-d082-4b98-80be-5f194b7a05fd	(None, 2)
5	2	7dd06d03-d082-4b98-80be-5f194b7a05fd	((19, 23), 1)
5	3	7dd06d03-d082-4b98-80be-5f194b7a05fd	(None, 0)
5	4	7dd06d03-d082-4b98-80be-5f194b7a05fd	(None, 0)
5	5	7dd06d03-d082-4b98-80be-5f194b7a05fd	(None, 2)
5	6	7dd06d03-d082-4b98-80be-5f194b7a05fd	((19, 21), 1)
5	7	7dd06d03-d082-4b98-80be-5f194b7a05fd	(None, 0)
5	8	7dd06d03-d082-4b98-80be-5f194b7a05fd	(None, 3)
5	9	7dd06d03-d082-4b98-80be-5f194b7a05fd	(None, 2)
6	0	7dd06d03-d082-4b98-80be-5f194b7a05fd	(None, 1)
6	1	7dd06d03-d082-4b98-80be-5f194b7a05fd	(None, 2)
6	2	7dd06d03-d082-4b98-80be-5f194b7a05fd	((19, 24), 1)
6	3	7dd06d03-d082-4b98-80be-5f194b7a05fd	(None, 0)
6	4	7dd06d03-d082-4b98-80be-5f194b7a05fd	(None, 0)
6	5	7dd06d03-d082-4b98-80be-5f194b7a05fd	(None, 2)
6	6	7dd06d03-d082-4b98-80be-5f194b7a05fd	((19, 22), 1)
6	7	7dd06d03-d082-4b98-80be-5f194b7a05fd	(None, 0)
6	8	7dd06d03-d082-4b98-80be-5f194b7a05fd	(None, 3)
6	9	7dd06d03-d082-4b98-80be-5f194b7a05fd	(None, 2)
7	0	7dd06d03-d082-4b98-80be-5f194b7a05fd	((19, 21), 1)
7	1	7dd06d03-d082-4b98-80be-5f194b7a05fd	(None, 2)
7	2	7dd06d03-d082-4b98-80be-5f194b7a05fd	((19, 25), 1)
7	3	7dd06d03-d082-4b98-80be-5f194b7a05fd	(None, 0)
7	4	7dd06d03-d082-4b98-80be-5f194b7a05fd	(None, 0)
7	5	7dd06d03-d082-4b98-80be-5f194b7a05fd	(None, 2)
7	6	7dd06d03-d082-4b98-80be-5f194b7a05fd	((19, 23), 1)
7	7	7dd06d03-d082-4b98-80be-5f194b7a05fd	(None, 0)
7	8	7dd06d03-d082-4b98-80be-5f194b7a05fd	(None, 3)
7	9	7dd06d03-d082-4b98-80be-5f194b7a05fd	(None, 2)
8	0	7dd06d03-d082-4b98-80be-5f194b7a05fd	((19, 22), 1)
8	1	7dd06d03-d082-4b98-80be-5f194b7a05fd	(None, 2)
8	2	7dd06d03-d082-4b98-80be-5f194b7a05fd	((19, 26), 1)
8	3	7dd06d03-d082-4b98-80be-5f194b7a05fd	(None, 0)
8	4	7dd06d03-d082-4b98-80be-5f194b7a05fd	(None, 0)
8	5	7dd06d03-d082-4b98-80be-5f194b7a05fd	(None, 2)
8	6	7dd06d03-d082-4b98-80be-5f194b7a05fd	((19, 24), 1)
8	7	7dd06d03-d082-4b98-80be-5f194b7a05fd	(None, 0)
8	8	7dd06d03-d082-4b98-80be-5f194b7a05fd	(None, 3)
8	9	7dd06d03-d082-4b98-80be-5f194b7a05fd	(None, 2)
9	0	7dd06d03-d082-4b98-80be-5f194b7a05fd	((19, 23), 1)
9	1	7dd06d03-d082-4b98-80be-5f194b7a05fd	(None, 2)
9	2	7dd06d03-d082-4b98-80be-5f194b7a05fd	((18, 26), 0)
9	3	7dd06d03-d082-4b98-80be-5f194b7a05fd	(None, 0)
9	4	7dd06d03-d082-4b98-80be-5f194b7a05fd	(None, 0)
9	5	7dd06d03-d082-4b98-80be-5f194b7a05fd	(None, 2)
9	6	7dd06d03-d082-4b98-80be-5f194b7a05fd	((19, 25), 1)
9	7	7dd06d03-d082-4b98-80be-5f194b7a05fd	(None, 0)
9	8	7dd06d03-d082-4b98-80be-5f194b7a05fd	(None, 3)
9	9	7dd06d03-d082-4b98-80be-5f194b7a05fd	(None, 2)
10	0	7dd06d03-d082-4b98-80be-5f194b7a05fd	((19, 24), 1)
10	1	7dd06d03-d082-4b98-80be-5f194b7a05fd	(None, 2)
10	2	7dd06d03-d082-4b98-80be-5f194b7a05fd	((17, 26), 0)
10	3	7dd06d03-d082-4b98-80be-5f194b7a05fd	(None, 0)
10	4	7dd06d03-d082-4b98-80be-5f194b7a05fd	(None, 0)
10	5	7dd06d03-d082-4b98-80be-5f194b7a05fd	(None, 2)
10	6	7dd06d03-d082-4b98-80be-5f194b7a05fd	((19, 26), 1)
10	7	7dd06d03-d082-4b98-80be-5f194b7a05fd	(None, 0)
10	8	7dd06d03-d082-4b98-80be-5f194b7a05fd	(None, 3)
10	9	7dd06d03-d082-4b98-80be-5f194b7a05fd	(None, 2)
11	0	7dd06d03-d082-4b98-80be-5f194b7a05fd	((19, 25), 1)
11	1	7dd06d03-d082-4b98-80be-5f194b7a05fd	(None, 2)
11	2	7dd06d03-d082-4b98-80be-5f194b7a05fd	((16, 26), 0)
11	3	7dd06d03-d082-4b98-80be-5f194b7a05fd	(None, 0)
11	4	7dd06d03-d082-4b98-80be-5f194b7a05fd	(None, 0)
11	5	7dd06d03-d082-4b98-80be-5f194b7a05fd	(None, 2)
11	6	7dd06d03-d082-4b98-80be-5f194b7a05fd	((18, 26), 0)
11	7	7dd06d03-d082-4b98-80be-5f194b7a05fd	(None, 0)
11	8	7dd06d03-d082-4b98-80be-5f194b7a05fd	(None, 3)
11	9	7dd06d03-d082-4b98-80be-5f194b7a05fd	(None, 2)
12	0	7dd06d03-d082-4b98-80be-5f194b7a05fd	((19, 26), 1)
12	1	7dd06d03-d082-4b98-80be-5f194b7a05fd	(None, 2)
12	2	7dd06d03-d082-4b98-80be-5f194b7a05fd	((15, 26), 0)
12	3	7dd06d03-d082-4b98-80be-5f194b7a05fd	(None, 0)
12	4	7dd06d03-d082-4b98-80be-5f194b7a05fd	(None, 0)
12	5	7dd06d03-d082-4b98-80be-5f194b7a05fd	(None, 2)
12	6	7dd06d03-d082-4b98-80be-5f194b7a05fd	((17, 26), 0)
12	7	7dd06d03-d082-4b98-80be-5f194b7a05fd	(None, 0)
12	8	7dd06d03-d082-4b98-80be-5f194b7a05fd	(None, 3)
12	9	7dd06d03-d082-4b98-80be-5f194b7a05fd	(None, 2)
13	0	7dd06d03-d082-4b98-80be-5f194b7a05fd	((18, 26), 0)
13	1	7dd06d03-d082-4b98-80be-5f194b7a05fd	(None, 2)
13	2	7dd06d03-d082-4b98-80be-5f194b7a05fd	((14, 26), 0)
13	3	7dd06d03-d082-4b98-80be-5f194b7a05fd	(None, 0)
13	4	7dd06d03-d082-4b98-80be-5f194b7a05fd	(None, 0)
13	5	7dd06d03-d082-4b98-80be-5f194b7a05fd	(None, 2)
13	6	7dd06d03-d082-4b98-80be-5f194b7a05fd	((16, 26), 0)
13	7	7dd06d03-d082-4b98-80be-5f194b7a05fd	(None, 0)
13	8	7dd06d03-d082-4b98-80be-5f194b7a05fd	(None, 3)
13	9	7dd06d03-d082-4b98-80be-5f194b7a05fd	(None, 2)
14	0	7dd06d03-d082-4b98-80be-5f194b7a05fd	((17, 26), 0)
14	1	7dd06d03-d082-4b98-80be-5f194b7a05fd	(None, 2)
14	2	7dd06d03-d082-4b98-80be-5f194b7a05fd	((14, 25), 3)
14	3	7dd06d03-d082-4b98-80be-5f194b7a05fd	(None, 0)
14	4	7dd06d03-d082-4b98-80be-5f194b7a05fd	(None, 0)
14	5	7dd06d03-d082-4b98-80be-5f194b7a05fd	(None, 2)
14	6	7dd06d03-d082-4b98-80be-5f194b7a05fd	((15, 26), 0)
14	7	7dd06d03-d082-4b98-80be-5f194b7a05fd	(None, 0)
14	8	7dd06d03-d082-4b98-80be-5f194b7a05fd	(None, 3)
14	9	7dd06d03-d082-4b98-80be-5f194b7a05fd	(None, 2)
15	0	7dd06d03-d082-4b98-80be-5f194b7a05fd	((16, 26), 0)
15	1	7dd06d03-d082-4b98-80be-5f194b7a05fd	(None, 2)
15	2	7dd06d03-d082-4b98-80be-5f194b7a05fd	((14, 24), 3)
15	3	7dd06d03-d082-4b98-80be-5f194b7a05fd	(None, 0)
15	4	7dd06d03-d082-4b98-80be-5f194b7a05fd	(None, 0)
15	5	7dd06d03-d082-4b98-80be-5f194b7a05fd	(None, 2)
15	6	7dd06d03-d082-4b98-80be-5f194b7a05fd	((14, 26), 0)
15	7	7dd06d03-d082-4b98-80be-5f194b7a05fd	(None, 0)
15	8	7dd06d03-d082-4b98-80be-5f194b7a05fd	(None, 3)
15	9	7dd06d03-d082-4b98-80be-5f194b7a05fd	(None, 2)
16	0	7dd06d03-d082-4b98-80be-5f194b7a05fd	((15, 26), 0)
16	1	7dd06d03-d082-4b98-80be-5f194b7a05fd	(None, 2)
16	2	7dd06d03-d082-4b98-80be-5f194b7a05fd	((14, 23), 3)
16	3	7dd06d03-d082-4b98-80be-5f194b7a05fd	(None, 0)
16	4	7dd06d03-d082-4b98-80be-5f194b7a05fd	(None, 0)
16	5	7dd06d03-d082-4b98-80be-5f194b7a05fd	(None, 2)
16	6	7dd06d03-d082-4b98-80be-5f194b7a05fd	((14, 25), 3)
16	7	7dd06d03-d082-4b98-80be-5f194b7a05fd	(None, 0)
16	8	7dd06d03-d082-4b98-80be-5f194b7a05fd	(None, 3)
16	9	7dd06d03-d082-4b98-80be-5f194b7a05fd	(None, 2)
17	0	7dd06d03-d082-4b98-80be-5f194b7a05fd	((14, 26), 0)
17	1	7dd06d03-d082-4b98-80be-5f194b7a05fd	(None, 2)
17	2	7dd06d03-d082-4b98-80be-5f194b7a05fd	((14, 22), 3)
17	3	7dd06d03-d082-4b98-80be-5f194b7a05fd	(None, 0)
17	4	7dd06d03-d082-4b98-80be-5f194b7a05fd	(None, 0)
17	5	7dd06d03-d082-4b98-80be-5f194b7a05fd	(None, 2)
17	6	7dd06d03-d082-4b98-80be-5f194b7a05fd	((14, 24), 3)
17	7	7dd06d03-d082-4b98-80be-5f194b7a05fd	((8, 8), 0)
17	8	7dd06d03-d082-4b98-80be-5f194b7a05fd	(None, 3)
17	9	7dd06d03-d082-4b98-80be-5f194b7a05fd	(None, 2)
18	0	7dd06d03-d082-4b98-80be-5f194b7a05fd	((14, 25), 3)
18	1	7dd06d03-d082-4b98-80be-5f194b7a05fd	(None, 2)
18	2	7dd06d03-d082-4b98-80be-5f194b7a05fd	((14, 21), 3)
18	3	7dd06d03-d082-4b98-80be-5f194b7a05fd	(None, 0)
18	4	7dd06d03-d082-4b98-80be-5f194b7a05fd	(None, 0)
18	5	7dd06d03-d082-4b98-80be-5f194b7a05fd	(None, 2)
18	6	7dd06d03-d082-4b98-80be-5f194b7a05fd	((14, 23), 3)
18	7	7dd06d03-d082-4b98-80be-5f194b7a05fd	((7, 8), 0)
18	8	7dd06d03-d082-4b98-80be-5f194b7a05fd	(None, 3)
18	9	7dd06d03-d082-4b98-80be-5f194b7a05fd	(None, 2)
19	0	7dd06d03-d082-4b98-80be-5f194b7a05fd	((14, 24), 3)
19	1	7dd06d03-d082-4b98-80be-5f194b7a05fd	(None, 2)
19	2	7dd06d03-d082-4b98-80be-5f194b7a05fd	((14, 20), 3)
19	3	7dd06d03-d082-4b98-80be-5f194b7a05fd	(None, 0)
19	4	7dd06d03-d082-4b98-80be-5f194b7a05fd	(None, 0)
19	5	7dd06d03-d082-4b98-80be-5f194b7a05fd	(None, 2)
19	6	7dd06d03-d082-4b98-80be-5f194b7a05fd	((14, 22), 3)
19	7	7dd06d03-d082-4b98-80be-5f194b7a05fd	((6, 8), 0)
19	8	7dd06d03-d082-4b98-80be-5f194b7a05fd	(None, 3)
19	9	7dd06d03-d082-4b98-80be-5f194b7a05fd	(None, 2)
20	0	7dd06d03-d082-4b98-80be-5f194b7a05fd	((14, 23), 3)
20	1	7dd06d03-d082-4b98-80be-5f194b7a05fd	(None, 2)
20	2	7dd06d03-d082-4b98-80be-5f194b7a05fd	((14, 19), 3)
20	3	7dd06d03-d082-4b98-80be-5f194b7a05fd	(None, 0)
20	4	7dd06d03-d082-4b98-80be-5f194b7a05fd	(None, 0)
20	5	7dd06d03-d082-4b98-80be-5f194b7a05fd	(None, 2)
20	6	7dd06d03-d082-4b98-80be-5f194b7a05fd	((14, 21), 3)
20	7	7dd06d03-d082-4b98-80be-5f194b7a05fd	((5, 8), 0)
20	8	7dd06d03-d082-4b98-80be-5f194b7a05fd	(None, 3)
20	9	7dd06d03-d082-4b98-80be-5f194b7a05fd	(None, 2)
21	0	7dd06d03-d082-4b98-80be-5f194b7a05fd	((14, 22), 3)
21	1	7dd06d03-d082-4b98-80be-5f194b7a05fd	(None, 2)
21	2	7dd06d03-d082-4b98-80be-5f194b7a05fd	((14, 18), 3)
21	3	7dd06d03-d082-4b98-80be-5f194b7a05fd	(None, 0)
21	4	7dd06d03-d082-4b98-80be-5f194b7a05fd	(None, 0)
21	5	7dd06d03-d082-4b98-80be-5f194b7a05fd	(None, 2)
21	6	7dd06d03-d082-4b98-80be-5f194b7a05fd	((14, 20), 3)
21	7	7dd06d03-d082-4b98-80be-5f194b7a05fd	((4, 8), 0)
21	8	7dd06d03-d082-4b98-80be-5f194b7a05fd	(None, 3)
21	9	7dd06d03-d082-4b98-80be-5f194b7a05fd	(None, 2)
22	0	7dd06d03-d082-4b98-80be-5f194b7a05fd	((14, 21), 3)
22	1	7dd06d03-d082-4b98-80be-5f194b7a05fd	(None, 2)
22	2	7dd06d03-d082-4b98-80be-5f194b7a05fd	((14, 17), 3)
22	3	7dd06d03-d082-4b98-80be-5f194b7a05fd	(None, 0)
22	4	7dd06d03-d082-4b98-80be-5f194b7a05fd	(None, 0)
22	5	7dd06d03-d082-4b98-80be-5f194b7a05fd	(None, 2)
22	6	7dd06d03-d082-4b98-80be-5f194b7a05fd	((14, 19), 3)
22	7	7dd06d03-d082-4b98-80be-5f194b7a05fd	((3, 8), 0)
22	8	7dd06d03-d082-4b98-80be-5f194b7a05fd	(None, 3)
22	9	7dd06d03-d082-4b98-80be-5f194b7a05fd	(None, 2)
23	0	7dd06d03-d082-4b98-80be-5f194b7a05fd	((14, 20), 3)
23	1	7dd06d03-d082-4b98-80be-5f194b7a05fd	(None, 2)
23	2	7dd06d03-d082-4b98-80be-5f194b7a05fd	((14, 16), 3)
23	3	7dd06d03-d082-4b98-80be-5f194b7a05fd	((23, 9), 0)
23	4	7dd06d03-d082-4b98-80be-5f194b7a05fd	(None, 0)
23	5	7dd06d03-d082-4b98-80be-5f194b7a05fd	(None, 2)
23	6	7dd06d03-d082-4b98-80be-5f194b7a05fd	((14, 18), 3)
23	7	7dd06d03-d082-4b98-80be-5f194b7a05fd	((3, 9), 1)
23	8	7dd06d03-d082-4b98-80be-5f194b7a05fd	(None, 3)
23	9	7dd06d03-d082-4b98-80be-5f194b7a05fd	(None, 2)
24	0	7dd06d03-d082-4b98-80be-5f194b7a05fd	((14, 19), 3)
24	1	7dd06d03-d082-4b98-80be-5f194b7a05fd	(None, 2)
24	2	7dd06d03-d082-4b98-80be-5f194b7a05fd	((14, 15), 3)
24	3	7dd06d03-d082-4b98-80be-5f194b7a05fd	((22, 9), 0)
24	4	7dd06d03-d082-4b98-80be-5f194b7a05fd	(None, 0)
24	5	7dd06d03-d082-4b98-80be-5f194b7a05fd	(None, 2)
24	6	7dd06d03-d082-4b98-80be-5f194b7a05fd	((14, 17), 3)
24	7	7dd06d03-d082-4b98-80be-5f194b7a05fd	((3, 10), 1)
24	8	7dd06d03-d082-4b98-80be-5f194b7a05fd	(None, 3)
24	9	7dd06d03-d082-4b98-80be-5f194b7a05fd	(None, 2)
25	0	7dd06d03-d082-4b98-80be-5f194b7a05fd	((14, 18), 3)
25	1	7dd06d03-d082-4b98-80be-5f194b7a05fd	(None, 2)
25	2	7dd06d03-d082-4b98-80be-5f194b7a05fd	((14, 14), 3)
25	3	7dd06d03-d082-4b98-80be-5f194b7a05fd	((21, 9), 0)
25	4	7dd06d03-d082-4b98-80be-5f194b7a05fd	(None, 0)
25	5	7dd06d03-d082-4b98-80be-5f194b7a05fd	(None, 2)
25	6	7dd06d03-d082-4b98-80be-5f194b7a05fd	((14, 16), 3)
25	7	7dd06d03-d082-4b98-80be-5f194b7a05fd	((3, 11), 1)
25	8	7dd06d03-d082-4b98-80be-5f194b7a05fd	(None, 3)
25	9	7dd06d03-d082-4b98-80be-5f194b7a05fd	((23, 9), 2)
26	0	7dd06d03-d082-4b98-80be-5f194b7a05fd	((14, 17), 3)
26	1	7dd06d03-d082-4b98-80be-5f194b7a05fd	(None, 2)
26	2	7dd06d03-d082-4b98-80be-5f194b7a05fd	((14, 13), 3)
26	3	7dd06d03-d082-4b98-80be-5f194b7a05fd	((21, 10), 1)
26	4	7dd06d03-d082-4b98-80be-5f194b7a05fd	(None, 0)
26	5	7dd06d03-d082-4b98-80be-5f194b7a05fd	(None, 2)
26	6	7dd06d03-d082-4b98-80be-5f194b7a05fd	((14, 15), 3)
26	7	7dd06d03-d082-4b98-80be-5f194b7a05fd	((3, 12), 1)
26	8	7dd06d03-d082-4b98-80be-5f194b7a05fd	(None, 3)
26	9	7dd06d03-d082-4b98-80be-5f194b7a05fd	((24, 9), 2)
27	0	7dd06d03-d082-4b98-80be-5f194b7a05fd	((14, 16), 3)
27	1	7dd06d03-d082-4b98-80be-5f194b7a05fd	(None, 2)
27	2	7dd06d03-d082-4b98-80be-5f194b7a05fd	((14, 12), 3)
27	3	7dd06d03-d082-4b98-80be-5f194b7a05fd	((20, 10), 0)
27	4	7dd06d03-d082-4b98-80be-5f194b7a05fd	(None, 0)
27	5	7dd06d03-d082-4b98-80be-5f194b7a05fd	(None, 2)
27	6	7dd06d03-d082-4b98-80be-5f194b7a05fd	((14, 14), 3)
27	7	7dd06d03-d082-4b98-80be-5f194b7a05fd	((3, 13), 1)
27	8	7dd06d03-d082-4b98-80be-5f194b7a05fd	(None, 3)
27	9	7dd06d03-d082-4b98-80be-5f194b7a05fd	((25, 9), 2)
28	0	7dd06d03-d082-4b98-80be-5f194b7a05fd	((14, 15), 3)
28	1	7dd06d03-d082-4b98-80be-5f194b7a05fd	(None, 2)
28	2	7dd06d03-d082-4b98-80be-5f194b7a05fd	((14, 11), 3)
28	3	7dd06d03-d082-4b98-80be-5f194b7a05fd	((19, 10), 0)
28	4	7dd06d03-d082-4b98-80be-5f194b7a05fd	(None, 0)
28	5	7dd06d03-d082-4b98-80be-5f194b7a05fd	(None, 2)
28	6	7dd06d03-d082-4b98-80be-5f194b7a05fd	((14, 13), 3)
28	7	7dd06d03-d082-4b98-80be-5f194b7a05fd	((4, 13), 2)
28	8	7dd06d03-d082-4b98-80be-5f194b7a05fd	(None, 3)
28	9	7dd06d03-d082-4b98-80be-5f194b7a05fd	((26, 9), 2)
29	0	7dd06d03-d082-4b98-80be-5f194b7a05fd	((14, 14), 3)
29	1	7dd06d03-d082-4b98-80be-5f194b7a05fd	(None, 2)
29	2	7dd06d03-d082-4b98-80be-5f194b7a05fd	((15, 11), 2)
29	3	7dd06d03-d082-4b98-80be-5f194b7a05fd	((18, 10), 0)
29	4	7dd06d03-d082-4b98-80be-5f194b7a05fd	(None, 0)
29	5	7dd06d03-d082-4b98-80be-5f194b7a05fd	(None, 2)
29	6	7dd06d03-d082-4b98-80be-5f194b7a05fd	((14, 12), 3)
29	7	7dd06d03-d082-4b98-80be-5f194b7a05fd	((4, 14), 1)
29	8	7dd06d03-d082-4b98-80be-5f194b7a05fd	(None, 3)
29	9	7dd06d03-d082-4b98-80be-5f194b7a05fd	((27, 9), 2)
30	0	7dd06d03-d082-4b98-80be-5f194b7a05fd	((14, 13), 3)
30	1	7dd06d03-d082-4b98-80be-5f194b7a05fd	(None, 2)
30	2	7dd06d03-d082-4b98-80be-5f194b7a05fd	((16, 11), 2)
30	3	7dd06d03-d082-4b98-80be-5f194b7a05fd	((18, 11), 1)
30	4	7dd06d03-d082-4b98-80be-5f194b7a05fd	(None, 0)
30	5	7dd06d03-d082-4b98-80be-5f194b7a05fd	(None, 2)
30	6	7dd06d03-d082-4b98-80be-5f194b7a05fd	((14, 11), 3)
30	7	7dd06d03-d082-4b98-80be-5f194b7a05fd	((4, 15), 1)
30	8	7dd06d03-d082-4b98-80be-5f194b7a05fd	(None, 3)
30	9	7dd06d03-d082-4b98-80be-5f194b7a05fd	((28, 9), 2)
31	0	7dd06d03-d082-4b98-80be-5f194b7a05fd	((14, 12), 3)
31	1	7dd06d03-d082-4b98-80be-5f194b7a05fd	(None, 2)
31	2	7dd06d03-d082-4b98-80be-5f194b7a05fd	((17, 11), 2)
31	3	7dd06d03-d082-4b98-80be-5f194b7a05fd	((18, 12), 1)
31	4	7dd06d03-d082-4b98-80be-5f194b7a05fd	(None, 0)
31	5	7dd06d03-d082-4b98-80be-5f194b7a05fd	(None, 2)
31	6	7dd06d03-d082-4b98-80be-5f194b7a05fd	((15, 11), 2)
31	7	7dd06d03-d082-4b98-80be-5f194b7a05fd	((5, 15), 2)
31	8	7dd06d03-d082-4b98-80be-5f194b7a05fd	(None, 3)
31	9	7dd06d03-d082-4b98-80be-5f194b7a05fd	((28, 10), 1)
32	0	7dd06d03-d082-4b98-80be-5f194b7a05fd	((14, 11), 3)
32	1	7dd06d03-d082-4b98-80be-5f194b7a05fd	(None, 2)
32	2	7dd06d03-d082-4b98-80be-5f194b7a05fd	((18, 11), 2)
32	3	7dd06d03-d082-4b98-80be-5f194b7a05fd	((18, 13), 1)
32	4	7dd06d03-d082-4b98-80be-5f194b7a05fd	(None, 0)
32	5	7dd06d03-d082-4b98-80be-5f194b7a05fd	(None, 2)
32	6	7dd06d03-d082-4b98-80be-5f194b7a05fd	((16, 11), 2)
32	7	7dd06d03-d082-4b98-80be-5f194b7a05fd	((6, 15), 2)
32	8	7dd06d03-d082-4b98-80be-5f194b7a05fd	(None, 3)
32	9	7dd06d03-d082-4b98-80be-5f194b7a05fd	((28, 11), 1)
33	0	7dd06d03-d082-4b98-80be-5f194b7a05fd	((15, 11), 2)
33	1	7dd06d03-d082-4b98-80be-5f194b7a05fd	(None, 2)
33	2	7dd06d03-d082-4b98-80be-5f194b7a05fd	((18, 10), 3)
33	3	7dd06d03-d082-4b98-80be-5f194b7a05fd	((18, 14), 1)
33	4	7dd06d03-d082-4b98-80be-5f194b7a05fd	(None, 0)
33	5	7dd06d03-d082-4b98-80be-5f194b7a05fd	(None, 2)
33	6	7dd06d03-d082-4b98-80be-5f194b7a05fd	((17, 11), 2)
33	7	7dd06d03-d082-4b98-80be-5f194b7a05fd	((7, 15), 2)
33	8	7dd06d03-d082-4b98-80be-5f194b7a05fd	(None, 3)
33	9	7dd06d03-d082-4b98-80be-5f194b7a05fd	((28, 12), 1)
34	0	7dd06d03-d082-4b98-80be-5f194b7a05fd	((16, 11), 2)
34	1	7dd06d03-d082-4b98-80be-5f194b7a05fd	(None, 2)
34	2	7dd06d03-d082-4b98-80be-5f194b7a05fd	((19, 10), 2)
34	3	7dd06d03-d082-4b98-80be-5f194b7a05fd	((19, 14), 2)
34	4	7dd06d03-d082-4b98-80be-5f194b7a05fd	(None, 0)
34	5	7dd06d03-d082-4b98-80be-5f194b7a05fd	(None, 2)
34	6	7dd06d03-d082-4b98-80be-5f194b7a05fd	((18, 11), 2)
34	7	7dd06d03-d082-4b98-80be-5f194b7a05fd	((8, 15), 2)
34	8	7dd06d03-d082-4b98-80be-5f194b7a05fd	(None, 3)
34	9	7dd06d03-d082-4b98-80be-5f194b7a05fd	((28, 13), 1)
35	0	7dd06d03-d082-4b98-80be-5f194b7a05fd	((17, 11), 2)
35	1	7dd06d03-d082-4b98-80be-5f194b7a05fd	(None, 2)
35	2	7dd06d03-d082-4b98-80be-5f194b7a05fd	((20, 10), 2)
35	3	7dd06d03-d082-4b98-80be-5f194b7a05fd	((19, 15), 1)
35	4	7dd06d03-d082-4b98-80be-5f194b7a05fd	(None, 0)
35	5	7dd06d03-d082-4b98-80be-5f194b7a05fd	((23, 9), 2)
35	6	7dd06d03-d082-4b98-80be-5f194b7a05fd	((18, 10), 3)
35	7	7dd06d03-d082-4b98-80be-5f194b7a05fd	((9, 15), 2)
35	8	7dd06d03-d082-4b98-80be-5f194b7a05fd	(None, 3)
35	9	7dd06d03-d082-4b98-80be-5f194b7a05fd	((28, 14), 1)
36	0	7dd06d03-d082-4b98-80be-5f194b7a05fd	((18, 11), 2)
36	1	7dd06d03-d082-4b98-80be-5f194b7a05fd	(None, 2)
36	2	7dd06d03-d082-4b98-80be-5f194b7a05fd	((21, 10), 2)
36	3	7dd06d03-d082-4b98-80be-5f194b7a05fd	((19, 16), 1)
36	4	7dd06d03-d082-4b98-80be-5f194b7a05fd	(None, 0)
36	5	7dd06d03-d082-4b98-80be-5f194b7a05fd	((24, 9), 2)
36	6	7dd06d03-d082-4b98-80be-5f194b7a05fd	((19, 10), 2)
36	7	7dd06d03-d082-4b98-80be-5f194b7a05fd	((10, 15), 2)
36	8	7dd06d03-d082-4b98-80be-5f194b7a05fd	(None, 3)
36	9	7dd06d03-d082-4b98-80be-5f194b7a05fd	((27, 14), 0)
37	0	7dd06d03-d082-4b98-80be-5f194b7a05fd	((18, 10), 3)
37	1	7dd06d03-d082-4b98-80be-5f194b7a05fd	(None, 2)
37	2	7dd06d03-d082-4b98-80be-5f194b7a05fd	((22, 10), 2)
37	3	7dd06d03-d082-4b98-80be-5f194b7a05fd	((19, 17), 1)
37	4	7dd06d03-d082-4b98-80be-5f194b7a05fd	(None, 0)
37	5	7dd06d03-d082-4b98-80be-5f194b7a05fd	((25, 9), 2)
37	6	7dd06d03-d082-4b98-80be-5f194b7a05fd	((20, 10), 2)
37	7	7dd06d03-d082-4b98-80be-5f194b7a05fd	((11, 15), 2)
37	8	7dd06d03-d082-4b98-80be-5f194b7a05fd	(None, 3)
37	9	7dd06d03-d082-4b98-80be-5f194b7a05fd	((27, 15), 1)
38	0	7dd06d03-d082-4b98-80be-5f194b7a05fd	((19, 10), 2)
38	1	7dd06d03-d082-4b98-80be-5f194b7a05fd	(None, 2)
38	2	7dd06d03-d082-4b98-80be-5f194b7a05fd	(None, 2)
38	3	7dd06d03-d082-4b98-80be-5f194b7a05fd	((19, 18), 1)
38	4	7dd06d03-d082-4b98-80be-5f194b7a05fd	(None, 0)
38	5	7dd06d03-d082-4b98-80be-5f194b7a05fd	((26, 9), 2)
38	6	7dd06d03-d082-4b98-80be-5f194b7a05fd	((21, 10), 2)
38	7	7dd06d03-d082-4b98-80be-5f194b7a05fd	((12, 15), 2)
38	8	7dd06d03-d082-4b98-80be-5f194b7a05fd	(None, 3)
38	9	7dd06d03-d082-4b98-80be-5f194b7a05fd	((26, 15), 0)
39	0	7dd06d03-d082-4b98-80be-5f194b7a05fd	((20, 10), 2)
39	1	7dd06d03-d082-4b98-80be-5f194b7a05fd	(None, 2)
39	2	7dd06d03-d082-4b98-80be-5f194b7a05fd	(None, 2)
39	3	7dd06d03-d082-4b98-80be-5f194b7a05fd	((20, 18), 2)
39	4	7dd06d03-d082-4b98-80be-5f194b7a05fd	((8, 8), 0)
39	5	7dd06d03-d082-4b98-80be-5f194b7a05fd	((27, 9), 2)
39	6	7dd06d03-d082-4b98-80be-5f194b7a05fd	((22, 10), 2)
39	7	7dd06d03-d082-4b98-80be-5f194b7a05fd	((13, 15), 2)
39	8	7dd06d03-d082-4b98-80be-5f194b7a05fd	(None, 3)
39	9	7dd06d03-d082-4b98-80be-5f194b7a05fd	((25, 15), 0)
40	0	7dd06d03-d082-4b98-80be-5f194b7a05fd	((21, 10), 2)
40	1	7dd06d03-d082-4b98-80be-5f194b7a05fd	(None, 2)
40	2	7dd06d03-d082-4b98-80be-5f194b7a05fd	(None, 2)
40	3	7dd06d03-d082-4b98-80be-5f194b7a05fd	((20, 19), 1)
40	4	7dd06d03-d082-4b98-80be-5f194b7a05fd	((7, 8), 0)
40	5	7dd06d03-d082-4b98-80be-5f194b7a05fd	((28, 9), 2)
40	6	7dd06d03-d082-4b98-80be-5f194b7a05fd	((23, 10), 2)
40	7	7dd06d03-d082-4b98-80be-5f194b7a05fd	((14, 15), 2)
40	8	7dd06d03-d082-4b98-80be-5f194b7a05fd	(None, 3)
40	9	7dd06d03-d082-4b98-80be-5f194b7a05fd	((24, 15), 0)
41	0	7dd06d03-d082-4b98-80be-5f194b7a05fd	((22, 10), 2)
41	1	7dd06d03-d082-4b98-80be-5f194b7a05fd	(None, 2)
41	2	7dd06d03-d082-4b98-80be-5f194b7a05fd	(None, 2)
41	3	7dd06d03-d082-4b98-80be-5f194b7a05fd	((20, 20), 1)
41	4	7dd06d03-d082-4b98-80be-5f194b7a05fd	((6, 8), 0)
41	5	7dd06d03-d082-4b98-80be-5f194b7a05fd	((28, 10), 1)
41	6	7dd06d03-d082-4b98-80be-5f194b7a05fd	((24, 10), 2)
41	7	7dd06d03-d082-4b98-80be-5f194b7a05fd	((15, 15), 2)
41	8	7dd06d03-d082-4b98-80be-5f194b7a05fd	(None, 3)
41	9	7dd06d03-d082-4b98-80be-5f194b7a05fd	((23, 15), 0)
42	0	7dd06d03-d082-4b98-80be-5f194b7a05fd	((23, 10), 2)
42	1	7dd06d03-d082-4b98-80be-5f194b7a05fd	(None, 2)
42	2	7dd06d03-d082-4b98-80be-5f194b7a05fd	(None, 2)
42	3	7dd06d03-d082-4b98-80be-5f194b7a05fd	(None, 1)
42	4	7dd06d03-d082-4b98-80be-5f194b7a05fd	((5, 8), 0)
42	5	7dd06d03-d082-4b98-80be-5f194b7a05fd	((28, 11), 1)
42	6	7dd06d03-d082-4b98-80be-5f194b7a05fd	((25, 10), 2)
42	7	7dd06d03-d082-4b98-80be-5f194b7a05fd	((16, 15), 2)
42	8	7dd06d03-d082-4b98-80be-5f194b7a05fd	(None, 3)
42	9	7dd06d03-d082-4b98-80be-5f194b7a05fd	((22, 15), 0)
43	0	7dd06d03-d082-4b98-80be-5f194b7a05fd	((24, 10), 2)
43	1	7dd06d03-d082-4b98-80be-5f194b7a05fd	(None, 2)
43	2	7dd06d03-d082-4b98-80be-5f194b7a05fd	(None, 2)
43	3	7dd06d03-d082-4b98-80be-5f194b7a05fd	(None, 1)
43	4	7dd06d03-d082-4b98-80be-5f194b7a05fd	((4, 8), 0)
43	5	7dd06d03-d082-4b98-80be-5f194b7a05fd	((28, 12), 1)
43	6	7dd06d03-d082-4b98-80be-5f194b7a05fd	((26, 10), 2)
43	7	7dd06d03-d082-4b98-80be-5f194b7a05fd	((17, 15), 2)
43	8	7dd06d03-d082-4b98-80be-5f194b7a05fd	(None, 3)
43	9	7dd06d03-d082-4b98-80be-5f194b7a05fd	((21, 15), 0)
44	0	7dd06d03-d082-4b98-80be-5f194b7a05fd	((25, 10), 2)
44	1	7dd06d03-d082-4b98-80be-5f194b7a05fd	(None, 2)
44	2	7dd06d03-d082-4b98-80be-5f194b7a05fd	(None, 2)
44	3	7dd06d03-d082-4b98-80be-5f194b7a05fd	(None, 1)
44	4	7dd06d03-d082-4b98-80be-5f194b7a05fd	((3, 8), 0)
44	5	7dd06d03-d082-4b98-80be-5f194b7a05fd	((28, 13), 1)
44	6	7dd06d03-d082-4b98-80be-5f194b7a05fd	((27, 10), 2)
44	7	7dd06d03-d082-4b98-80be-5f194b7a05fd	((18, 15), 2)
44	8	7dd06d03-d082-4b98-80be-5f194b7a05fd	(None, 3)
44	9	7dd06d03-d082-4b98-80be-5f194b7a05fd	((20, 15), 0)
45	0	7dd06d03-d082-4b98-80be-5f194b7a05fd	((26, 10), 2)
45	1	7dd06d03-d082-4b98-80be-5f194b7a05fd	(None, 2)
45	2	7dd06d03-d082-4b98-80be-5f194b7a05fd	(None, 2)
45	3	7dd06d03-d082-4b98-80be-5f194b7a05fd	(None, 1)
45	4	7dd06d03-d082-4b98-80be-5f194b7a05fd	((3, 9), 1)
45	5	7dd06d03-d082-4b98-80be-5f194b7a05fd	((28, 14), 1)
45	6	7dd06d03-d082-4b98-80be-5f194b7a05fd	((28, 10), 2)
45	7	7dd06d03-d082-4b98-80be-5f194b7a05fd	((19, 15), 2)
45	8	7dd06d03-d082-4b98-80be-5f194b7a05fd	(None, 3)
45	9	7dd06d03-d082-4b98-80be-5f194b7a05fd	((20, 16), 1)
46	0	7dd06d03-d082-4b98-80be-5f194b7a05fd	((27, 10), 2)
46	1	7dd06d03-d082-4b98-80be-5f194b7a05fd	(None, 2)
46	2	7dd06d03-d082-4b98-80be-5f194b7a05fd	(None, 2)
46	3	7dd06d03-d082-4b98-80be-5f194b7a05fd	(None, 1)
46	4	7dd06d03-d082-4b98-80be-5f194b7a05fd	((3, 10), 1)
46	5	7dd06d03-d082-4b98-80be-5f194b7a05fd	((27, 14), 0)
46	6	7dd06d03-d082-4b98-80be-5f194b7a05fd	((28, 11), 1)
46	7	7dd06d03-d082-4b98-80be-5f194b7a05fd	((19, 16), 1)
46	8	7dd06d03-d082-4b98-80be-5f194b7a05fd	(None, 3)
46	9	7dd06d03-d082-4b98-80be-5f194b7a05fd	((20, 16), 1)
47	0	7dd06d03-d082-4b98-80be-5f194b7a05fd	((28, 10), 2)
47	1	7dd06d03-d082-4b98-80be-5f194b7a05fd	(None, 2)
47	2	7dd06d03-d082-4b98-80be-5f194b7a05fd	(None, 2)
47	3	7dd06d03-d082-4b98-80be-5f194b7a05fd	(None, 1)
47	4	7dd06d03-d082-4b98-80be-5f194b7a05fd	((3, 11), 1)
47	5	7dd06d03-d082-4b98-80be-5f194b7a05fd	((27, 15), 1)
47	6	7dd06d03-d082-4b98-80be-5f194b7a05fd	((28, 12), 1)
47	7	7dd06d03-d082-4b98-80be-5f194b7a05fd	((19, 17), 1)
47	8	7dd06d03-d082-4b98-80be-5f194b7a05fd	(None, 3)
47	9	7dd06d03-d082-4b98-80be-5f194b7a05fd	((19, 16), 0)
48	0	7dd06d03-d082-4b98-80be-5f194b7a05fd	((28, 11), 1)
48	1	7dd06d03-d082-4b98-80be-5f194b7a05fd	((8, 8), 2)
48	2	7dd06d03-d082-4b98-80be-5f194b7a05fd	(None, 2)
48	3	7dd06d03-d082-4b98-80be-5f194b7a05fd	(None, 1)
48	4	7dd06d03-d082-4b98-80be-5f194b7a05fd	((3, 12), 1)
48	5	7dd06d03-d082-4b98-80be-5f194b7a05fd	((26, 15), 0)
48	6	7dd06d03-d082-4b98-80be-5f194b7a05fd	((28, 13), 1)
48	7	7dd06d03-d082-4b98-80be-5f194b7a05fd	((19, 18), 1)
48	8	7dd06d03-d082-4b98-80be-5f194b7a05fd	(None, 3)
48	9	7dd06d03-d082-4b98-80be-5f194b7a05fd	((19, 17), 1)
49	0	7dd06d03-d082-4b98-80be-5f194b7a05fd	((28, 12), 1)
49	1	7dd06d03-d082-4b98-80be-5f194b7a05fd	((9, 8), 2)
49	2	7dd06d03-d082-4b98-80be-5f194b7a05fd	(None, 2)
49	3	7dd06d03-d082-4b98-80be-5f194b7a05fd	(None, 1)
49	4	7dd06d03-d082-4b98-80be-5f194b7a05fd	((3, 13), 1)
49	5	7dd06d03-d082-4b98-80be-5f194b7a05fd	((25, 15), 0)
49	6	7dd06d03-d082-4b98-80be-5f194b7a05fd	((28, 14), 1)
49	7	7dd06d03-d082-4b98-80be-5f194b7a05fd	((20, 18), 2)
49	8	7dd06d03-d082-4b98-80be-5f194b7a05fd	(None, 3)
49	9	7dd06d03-d082-4b98-80be-5f194b7a05fd	((19, 18), 1)
50	0	7dd06d03-d082-4b98-80be-5f194b7a05fd	((28, 13), 1)
50	1	7dd06d03-d082-4b98-80be-5f194b7a05fd	((10, 8), 2)
50	2	7dd06d03-d082-4b98-80be-5f194b7a05fd	(None, 2)
50	3	7dd06d03-d082-4b98-80be-5f194b7a05fd	(None, 1)
50	4	7dd06d03-d082-4b98-80be-5f194b7a05fd	((4, 13), 2)
50	5	7dd06d03-d082-4b98-80be-5f194b7a05fd	((24, 15), 0)
50	6	7dd06d03-d082-4b98-80be-5f194b7a05fd	((27, 14), 0)
50	7	7dd06d03-d082-4b98-80be-5f194b7a05fd	((20, 19), 1)
50	8	7dd06d03-d082-4b98-80be-5f194b7a05fd	(None, 3)
50	9	7dd06d03-d082-4b98-80be-5f194b7a05fd	((20, 18), 2)
51	0	7dd06d03-d082-4b98-80be-5f194b7a05fd	((28, 14), 1)
51	1	7dd06d03-d082-4b98-80be-5f194b7a05fd	((11, 8), 2)
51	2	7dd06d03-d082-4b98-80be-5f194b7a05fd	(None, 2)
51	3	7dd06d03-d082-4b98-80be-5f194b7a05fd	(None, 1)
51	4	7dd06d03-d082-4b98-80be-5f194b7a05fd	((4, 14), 1)
51	5	7dd06d03-d082-4b98-80be-5f194b7a05fd	((23, 15), 0)
51	6	7dd06d03-d082-4b98-80be-5f194b7a05fd	((27, 15), 1)
51	7	7dd06d03-d082-4b98-80be-5f194b7a05fd	((20, 20), 1)
51	8	7dd06d03-d082-4b98-80be-5f194b7a05fd	(None, 3)
51	9	7dd06d03-d082-4b98-80be-5f194b7a05fd	((20, 19), 1)
52	0	7dd06d03-d082-4b98-80be-5f194b7a05fd	((27, 14), 0)
52	1	7dd06d03-d082-4b98-80be-5f194b7a05fd	((12, 8), 2)
52	2	7dd06d03-d082-4b98-80be-5f194b7a05fd	(None, 2)
52	3	7dd06d03-d082-4b98-80be-5f194b7a05fd	(None, 1)
52	4	7dd06d03-d082-4b98-80be-5f194b7a05fd	((4, 15), 1)
52	5	7dd06d03-d082-4b98-80be-5f194b7a05fd	((22, 15), 0)
52	6	7dd06d03-d082-4b98-80be-5f194b7a05fd	((26, 15), 0)
52	7	7dd06d03-d082-4b98-80be-5f194b7a05fd	(None, 1)
52	8	7dd06d03-d082-4b98-80be-5f194b7a05fd	(None, 3)
52	9	7dd06d03-d082-4b98-80be-5f194b7a05fd	((20, 20), 1)
53	0	7dd06d03-d082-4b98-80be-5f194b7a05fd	((27, 15), 1)
53	1	7dd06d03-d082-4b98-80be-5f194b7a05fd	((13, 8), 2)
53	2	7dd06d03-d082-4b98-80be-5f194b7a05fd	(None, 2)
53	3	7dd06d03-d082-4b98-80be-5f194b7a05fd	(None, 1)
53	4	7dd06d03-d082-4b98-80be-5f194b7a05fd	((5, 15), 2)
53	5	7dd06d03-d082-4b98-80be-5f194b7a05fd	((21, 15), 0)
53	6	7dd06d03-d082-4b98-80be-5f194b7a05fd	((25, 15), 0)
53	7	7dd06d03-d082-4b98-80be-5f194b7a05fd	(None, 1)
53	8	7dd06d03-d082-4b98-80be-5f194b7a05fd	(None, 3)
53	9	7dd06d03-d082-4b98-80be-5f194b7a05fd	(None, 1)
54	0	7dd06d03-d082-4b98-80be-5f194b7a05fd	((26, 15), 0)
54	1	7dd06d03-d082-4b98-80be-5f194b7a05fd	((13, 9), 1)
54	2	7dd06d03-d082-4b98-80be-5f194b7a05fd	(None, 2)
54	3	7dd06d03-d082-4b98-80be-5f194b7a05fd	(None, 1)
54	4	7dd06d03-d082-4b98-80be-5f194b7a05fd	((6, 15), 2)
54	5	7dd06d03-d082-4b98-80be-5f194b7a05fd	((20, 15), 0)
54	6	7dd06d03-d082-4b98-80be-5f194b7a05fd	((24, 15), 0)
54	7	7dd06d03-d082-4b98-80be-5f194b7a05fd	(None, 1)
54	8	7dd06d03-d082-4b98-80be-5f194b7a05fd	(None, 3)
54	9	7dd06d03-d082-4b98-80be-5f194b7a05fd	(None, 1)
55	0	7dd06d03-d082-4b98-80be-5f194b7a05fd	((25, 15), 0)
55	1	7dd06d03-d082-4b98-80be-5f194b7a05fd	((13, 10), 1)
55	2	7dd06d03-d082-4b98-80be-5f194b7a05fd	(None, 2)
55	3	7dd06d03-d082-4b98-80be-5f194b7a05fd	(None, 1)
55	4	7dd06d03-d082-4b98-80be-5f194b7a05fd	((7, 15), 2)
55	5	7dd06d03-d082-4b98-80be-5f194b7a05fd	((20, 16), 1)
55	6	7dd06d03-d082-4b98-80be-5f194b7a05fd	((23, 15), 0)
55	7	7dd06d03-d082-4b98-80be-5f194b7a05fd	(None, 1)
55	8	7dd06d03-d082-4b98-80be-5f194b7a05fd	(None, 3)
55	9	7dd06d03-d082-4b98-80be-5f194b7a05fd	(None, 1)
56	0	7dd06d03-d082-4b98-80be-5f194b7a05fd	((24, 15), 0)
56	1	7dd06d03-d082-4b98-80be-5f194b7a05fd	((14, 10), 2)
56	2	7dd06d03-d082-4b98-80be-5f194b7a05fd	(None, 2)
56	3	7dd06d03-d082-4b98-80be-5f194b7a05fd	(None, 1)
56	4	7dd06d03-d082-4b98-80be-5f194b7a05fd	((8, 15), 2)
56	5	7dd06d03-d082-4b98-80be-5f194b7a05fd	((19, 16), 0)
56	6	7dd06d03-d082-4b98-80be-5f194b7a05fd	((22, 15), 0)
56	7	7dd06d03-d082-4b98-80be-5f194b7a05fd	(None, 1)
56	8	7dd06d03-d082-4b98-80be-5f194b7a05fd	(None, 3)
56	9	7dd06d03-d082-4b98-80be-5f194b7a05fd	(None, 1)
57	0	7dd06d03-d082-4b98-80be-5f194b7a05fd	((23, 15), 0)
57	1	7dd06d03-d082-4b98-80be-5f194b7a05fd	((15, 10), 2)
57	2	7dd06d03-d082-4b98-80be-5f194b7a05fd	(None, 2)
57	3	7dd06d03-d082-4b98-80be-5f194b7a05fd	(None, 1)
57	4	7dd06d03-d082-4b98-80be-5f194b7a05fd	((9, 15), 2)
57	5	7dd06d03-d082-4b98-80be-5f194b7a05fd	((18, 16), 0)
57	6	7dd06d03-d082-4b98-80be-5f194b7a05fd	((21, 15), 0)
57	7	7dd06d03-d082-4b98-80be-5f194b7a05fd	(None, 1)
57	8	7dd06d03-d082-4b98-80be-5f194b7a05fd	(None, 3)
57	9	7dd06d03-d082-4b98-80be-5f194b7a05fd	(None, 1)
58	0	7dd06d03-d082-4b98-80be-5f194b7a05fd	((22, 15), 0)
58	1	7dd06d03-d082-4b98-80be-5f194b7a05fd	((16, 10), 2)
58	2	7dd06d03-d082-4b98-80be-5f194b7a05fd	(None, 2)
58	3	7dd06d03-d082-4b98-80be-5f194b7a05fd	(None, 1)
58	4	7dd06d03-d082-4b98-80be-5f194b7a05fd	((10, 15), 2)
58	5	7dd06d03-d082-4b98-80be-5f194b7a05fd	((17, 16), 0)
58	6	7dd06d03-d082-4b98-80be-5f194b7a05fd	((20, 15), 0)
58	7	7dd06d03-d082-4b98-80be-5f194b7a05fd	(None, 1)
58	8	7dd06d03-d082-4b98-80be-5f194b7a05fd	(None, 3)
58	9	7dd06d03-d082-4b98-80be-5f194b7a05fd	(None, 1)
59	0	7dd06d03-d082-4b98-80be-5f194b7a05fd	((21, 15), 0)
59	1	7dd06d03-d082-4b98-80be-5f194b7a05fd	((17, 10), 2)
59	2	7dd06d03-d082-4b98-80be-5f194b7a05fd	(None, 2)
59	3	7dd06d03-d082-4b98-80be-5f194b7a05fd	(None, 1)
59	4	7dd06d03-d082-4b98-80be-5f194b7a05fd	((11, 15), 2)
59	5	7dd06d03-d082-4b98-80be-5f194b7a05fd	((16, 16), 0)
59	6	7dd06d03-d082-4b98-80be-5f194b7a05fd	((20, 16), 1)
59	7	7dd06d03-d082-4b98-80be-5f194b7a05fd	(None, 1)
59	8	7dd06d03-d082-4b98-80be-5f194b7a05fd	(None, 3)
59	9	7dd06d03-d082-4b98-80be-5f194b7a05fd	(None, 1)
60	0	7dd06d03-d082-4b98-80be-5f194b7a05fd	((20, 15), 0)
60	1	7dd06d03-d082-4b98-80be-5f194b7a05fd	((18, 10), 2)
60	2	7dd06d03-d082-4b98-80be-5f194b7a05fd	(None, 2)
60	3	7dd06d03-d082-4b98-80be-5f194b7a05fd	(None, 1)
60	4	7dd06d03-d082-4b98-80be-5f194b7a05fd	((12, 15), 2)
60	5	7dd06d03-d082-4b98-80be-5f194b7a05fd	((15, 16), 0)
60	6	7dd06d03-d082-4b98-80be-5f194b7a05fd	((19, 16), 0)
60	7	7dd06d03-d082-4b98-80be-5f194b7a05fd	(None, 1)
60	8	7dd06d03-d082-4b98-80be-5f194b7a05fd	(None, 3)
60	9	7dd06d03-d082-4b98-80be-5f194b7a05fd	(None, 1)
61	0	7dd06d03-d082-4b98-80be-5f194b7a05fd	((20, 16), 1)
61	1	7dd06d03-d082-4b98-80be-5f194b7a05fd	((19, 10), 2)
61	2	7dd06d03-d082-4b98-80be-5f194b7a05fd	(None, 2)
61	3	7dd06d03-d082-4b98-80be-5f194b7a05fd	(None, 1)
61	4	7dd06d03-d082-4b98-80be-5f194b7a05fd	((13, 15), 2)
61	5	7dd06d03-d082-4b98-80be-5f194b7a05fd	((14, 16), 0)
61	6	7dd06d03-d082-4b98-80be-5f194b7a05fd	((18, 16), 0)
61	7	7dd06d03-d082-4b98-80be-5f194b7a05fd	(None, 1)
61	8	7dd06d03-d082-4b98-80be-5f194b7a05fd	(None, 3)
61	9	7dd06d03-d082-4b98-80be-5f194b7a05fd	(None, 1)
62	0	7dd06d03-d082-4b98-80be-5f194b7a05fd	((19, 16), 0)
62	1	7dd06d03-d082-4b98-80be-5f194b7a05fd	((20, 10), 2)
62	2	7dd06d03-d082-4b98-80be-5f194b7a05fd	(None, 2)
62	3	7dd06d03-d082-4b98-80be-5f194b7a05fd	(None, 1)
62	4	7dd06d03-d082-4b98-80be-5f194b7a05fd	((14, 15), 2)
62	5	7dd06d03-d082-4b98-80be-5f194b7a05fd	((13, 16), 0)
62	6	7dd06d03-d082-4b98-80be-5f194b7a05fd	((17, 16), 0)
62	7	7dd06d03-d082-4b98-80be-5f194b7a05fd	(None, 1)
62	8	7dd06d03-d082-4b98-80be-5f194b7a05fd	(None, 3)
62	9	7dd06d03-d082-4b98-80be-5f194b7a05fd	(None, 1)
63	0	7dd06d03-d082-4b98-80be-5f194b7a05fd	((18, 16), 0)
63	1	7dd06d03-d082-4b98-80be-5f194b7a05fd	((21, 10), 2)
63	2	7dd06d03-d082-4b98-80be-5f194b7a05fd	(None, 2)
63	3	7dd06d03-d082-4b98-80be-5f194b7a05fd	(None, 1)
63	4	7dd06d03-d082-4b98-80be-5f194b7a05fd	((15, 15), 2)
63	5	7dd06d03-d082-4b98-80be-5f194b7a05fd	((12, 16), 0)
63	6	7dd06d03-d082-4b98-80be-5f194b7a05fd	((16, 16), 0)
63	7	7dd06d03-d082-4b98-80be-5f194b7a05fd	(None, 1)
63	8	7dd06d03-d082-4b98-80be-5f194b7a05fd	(None, 3)
63	9	7dd06d03-d082-4b98-80be-5f194b7a05fd	(None, 1)
64	0	7dd06d03-d082-4b98-80be-5f194b7a05fd	((17, 16), 0)
64	1	7dd06d03-d082-4b98-80be-5f194b7a05fd	((22, 10), 2)
64	2	7dd06d03-d082-4b98-80be-5f194b7a05fd	(None, 2)
64	3	7dd06d03-d082-4b98-80be-5f194b7a05fd	(None, 1)
64	4	7dd06d03-d082-4b98-80be-5f194b7a05fd	((16, 15), 2)
64	5	7dd06d03-d082-4b98-80be-5f194b7a05fd	((11, 16), 0)
64	6	7dd06d03-d082-4b98-80be-5f194b7a05fd	((15, 16), 0)
64	7	7dd06d03-d082-4b98-80be-5f194b7a05fd	(None, 1)
64	8	7dd06d03-d082-4b98-80be-5f194b7a05fd	(None, 3)
64	9	7dd06d03-d082-4b98-80be-5f194b7a05fd	(None, 1)
65	0	7dd06d03-d082-4b98-80be-5f194b7a05fd	((16, 16), 0)
65	1	7dd06d03-d082-4b98-80be-5f194b7a05fd	((23, 10), 2)
65	2	7dd06d03-d082-4b98-80be-5f194b7a05fd	(None, 2)
65	3	7dd06d03-d082-4b98-80be-5f194b7a05fd	(None, 1)
65	4	7dd06d03-d082-4b98-80be-5f194b7a05fd	((17, 15), 2)
65	5	7dd06d03-d082-4b98-80be-5f194b7a05fd	((10, 16), 0)
65	6	7dd06d03-d082-4b98-80be-5f194b7a05fd	((14, 16), 0)
65	7	7dd06d03-d082-4b98-80be-5f194b7a05fd	(None, 1)
65	8	7dd06d03-d082-4b98-80be-5f194b7a05fd	(None, 3)
65	9	7dd06d03-d082-4b98-80be-5f194b7a05fd	(None, 1)
66	0	7dd06d03-d082-4b98-80be-5f194b7a05fd	((15, 16), 0)
66	1	7dd06d03-d082-4b98-80be-5f194b7a05fd	((24, 10), 2)
66	2	7dd06d03-d082-4b98-80be-5f194b7a05fd	(None, 2)
66	3	7dd06d03-d082-4b98-80be-5f194b7a05fd	(None, 1)
66	4	7dd06d03-d082-4b98-80be-5f194b7a05fd	((18, 15), 2)
66	5	7dd06d03-d082-4b98-80be-5f194b7a05fd	((9, 16), 0)
66	6	7dd06d03-d082-4b98-80be-5f194b7a05fd	((13, 16), 0)
66	7	7dd06d03-d082-4b98-80be-5f194b7a05fd	(None, 1)
66	8	7dd06d03-d082-4b98-80be-5f194b7a05fd	(None, 3)
66	9	7dd06d03-d082-4b98-80be-5f194b7a05fd	(None, 1)
67	0	7dd06d03-d082-4b98-80be-5f194b7a05fd	((14, 16), 0)
67	1	7dd06d03-d082-4b98-80be-5f194b7a05fd	((25, 10), 2)
67	2	7dd06d03-d082-4b98-80be-5f194b7a05fd	(None, 2)
67	3	7dd06d03-d082-4b98-80be-5f194b7a05fd	(None, 1)
67	4	7dd06d03-d082-4b98-80be-5f194b7a05fd	((19, 15), 2)
67	5	7dd06d03-d082-4b98-80be-5f194b7a05fd	((8, 16), 0)
67	6	7dd06d03-d082-4b98-80be-5f194b7a05fd	((12, 16), 0)
67	7	7dd06d03-d082-4b98-80be-5f194b7a05fd	(None, 1)
67	8	7dd06d03-d082-4b98-80be-5f194b7a05fd	(None, 3)
67	9	7dd06d03-d082-4b98-80be-5f194b7a05fd	(None, 1)
68	0	7dd06d03-d082-4b98-80be-5f194b7a05fd	((13, 16), 0)
68	1	7dd06d03-d082-4b98-80be-5f194b7a05fd	((26, 10), 2)
68	2	7dd06d03-d082-4b98-80be-5f194b7a05fd	(None, 2)
68	3	7dd06d03-d082-4b98-80be-5f194b7a05fd	(None, 1)
68	4	7dd06d03-d082-4b98-80be-5f194b7a05fd	((19, 16), 1)
68	5	7dd06d03-d082-4b98-80be-5f194b7a05fd	((7, 16), 0)
68	6	7dd06d03-d082-4b98-80be-5f194b7a05fd	((11, 16), 0)
68	7	7dd06d03-d082-4b98-80be-5f194b7a05fd	(None, 1)
68	8	7dd06d03-d082-4b98-80be-5f194b7a05fd	(None, 3)
68	9	7dd06d03-d082-4b98-80be-5f194b7a05fd	(None, 1)
69	0	7dd06d03-d082-4b98-80be-5f194b7a05fd	((12, 16), 0)
69	1	7dd06d03-d082-4b98-80be-5f194b7a05fd	((27, 10), 2)
69	2	7dd06d03-d082-4b98-80be-5f194b7a05fd	(None, 2)
69	3	7dd06d03-d082-4b98-80be-5f194b7a05fd	(None, 1)
69	4	7dd06d03-d082-4b98-80be-5f194b7a05fd	((18, 16), 0)
69	5	7dd06d03-d082-4b98-80be-5f194b7a05fd	((6, 16), 0)
69	6	7dd06d03-d082-4b98-80be-5f194b7a05fd	((10, 16), 0)
69	7	7dd06d03-d082-4b98-80be-5f194b7a05fd	(None, 1)
69	8	7dd06d03-d082-4b98-80be-5f194b7a05fd	(None, 3)
69	9	7dd06d03-d082-4b98-80be-5f194b7a05fd	(None, 1)
70	0	7dd06d03-d082-4b98-80be-5f194b7a05fd	((11, 16), 0)
70	1	7dd06d03-d082-4b98-80be-5f194b7a05fd	((28, 10), 2)
70	2	7dd06d03-d082-4b98-80be-5f194b7a05fd	(None, 2)
70	3	7dd06d03-d082-4b98-80be-5f194b7a05fd	(None, 1)
70	4	7dd06d03-d082-4b98-80be-5f194b7a05fd	((17, 16), 0)
70	5	7dd06d03-d082-4b98-80be-5f194b7a05fd	((5, 16), 0)
70	6	7dd06d03-d082-4b98-80be-5f194b7a05fd	((9, 16), 0)
70	7	7dd06d03-d082-4b98-80be-5f194b7a05fd	(None, 1)
70	8	7dd06d03-d082-4b98-80be-5f194b7a05fd	(None, 3)
70	9	7dd06d03-d082-4b98-80be-5f194b7a05fd	(None, 1)
71	0	7dd06d03-d082-4b98-80be-5f194b7a05fd	((10, 16), 0)
71	1	7dd06d03-d082-4b98-80be-5f194b7a05fd	((28, 11), 1)
71	2	7dd06d03-d082-4b98-80be-5f194b7a05fd	(None, 2)
71	3	7dd06d03-d082-4b98-80be-5f194b7a05fd	(None, 1)
71	4	7dd06d03-d082-4b98-80be-5f194b7a05fd	((16, 16), 0)
71	5	7dd06d03-d082-4b98-80be-5f194b7a05fd	((4, 16), 0)
71	6	7dd06d03-d082-4b98-80be-5f194b7a05fd	((8, 16), 0)
71	7	7dd06d03-d082-4b98-80be-5f194b7a05fd	(None, 1)
71	8	7dd06d03-d082-4b98-80be-5f194b7a05fd	(None, 3)
71	9	7dd06d03-d082-4b98-80be-5f194b7a05fd	(None, 1)
72	0	7dd06d03-d082-4b98-80be-5f194b7a05fd	((9, 16), 0)
72	1	7dd06d03-d082-4b98-80be-5f194b7a05fd	((28, 12), 1)
72	2	7dd06d03-d082-4b98-80be-5f194b7a05fd	(None, 2)
72	3	7dd06d03-d082-4b98-80be-5f194b7a05fd	(None, 1)
72	4	7dd06d03-d082-4b98-80be-5f194b7a05fd	((15, 16), 0)
72	5	7dd06d03-d082-4b98-80be-5f194b7a05fd	((3, 16), 0)
72	6	7dd06d03-d082-4b98-80be-5f194b7a05fd	((7, 16), 0)
72	7	7dd06d03-d082-4b98-80be-5f194b7a05fd	(None, 1)
72	8	7dd06d03-d082-4b98-80be-5f194b7a05fd	(None, 3)
72	9	7dd06d03-d082-4b98-80be-5f194b7a05fd	(None, 1)
73	0	7dd06d03-d082-4b98-80be-5f194b7a05fd	((8, 16), 0)
73	1	7dd06d03-d082-4b98-80be-5f194b7a05fd	((28, 13), 1)
73	2	7dd06d03-d082-4b98-80be-5f194b7a05fd	(None, 2)
73	3	7dd06d03-d082-4b98-80be-5f194b7a05fd	(None, 1)
73	4	7dd06d03-d082-4b98-80be-5f194b7a05fd	((14, 16), 0)
73	5	7dd06d03-d082-4b98-80be-5f194b7a05fd	((3, 15), 3)
73	6	7dd06d03-d082-4b98-80be-5f194b7a05fd	((6, 16), 0)
73	7	7dd06d03-d082-4b98-80be-5f194b7a05fd	(None, 1)
73	8	7dd06d03-d082-4b98-80be-5f194b7a05fd	(None, 3)
73	9	7dd06d03-d082-4b98-80be-5f194b7a05fd	(None, 1)
74	0	7dd06d03-d082-4b98-80be-5f194b7a05fd	((7, 16), 0)
74	1	7dd06d03-d082-4b98-80be-5f194b7a05fd	((28, 14), 1)
74	2	7dd06d03-d082-4b98-80be-5f194b7a05fd	(None, 2)
74	3	7dd06d03-d082-4b98-80be-5f194b7a05fd	(None, 1)
74	4	7dd06d03-d082-4b98-80be-5f194b7a05fd	((13, 16), 0)
74	5	7dd06d03-d082-4b98-80be-5f194b7a05fd	((3, 14), 3)
74	6	7dd06d03-d082-4b98-80be-5f194b7a05fd	((5, 16), 0)
74	7	7dd06d03-d082-4b98-80be-5f194b7a05fd	(None, 1)
74	8	7dd06d03-d082-4b98-80be-5f194b7a05fd	(None, 3)
74	9	7dd06d03-d082-4b98-80be-5f194b7a05fd	(None, 1)
75	0	7dd06d03-d082-4b98-80be-5f194b7a05fd	((6, 16), 0)
75	1	7dd06d03-d082-4b98-80be-5f194b7a05fd	((28, 15), 1)
75	2	7dd06d03-d082-4b98-80be-5f194b7a05fd	(None, 2)
75	3	7dd06d03-d082-4b98-80be-5f194b7a05fd	(None, 1)
75	4	7dd06d03-d082-4b98-80be-5f194b7a05fd	((12, 16), 0)
75	5	7dd06d03-d082-4b98-80be-5f194b7a05fd	((3, 13), 3)
75	6	7dd06d03-d082-4b98-80be-5f194b7a05fd	((4, 16), 0)
75	7	7dd06d03-d082-4b98-80be-5f194b7a05fd	(None, 1)
75	8	7dd06d03-d082-4b98-80be-5f194b7a05fd	(None, 3)
75	9	7dd06d03-d082-4b98-80be-5f194b7a05fd	(None, 1)
76	0	7dd06d03-d082-4b98-80be-5f194b7a05fd	((5, 16), 0)
76	1	7dd06d03-d082-4b98-80be-5f194b7a05fd	((28, 16), 1)
76	2	7dd06d03-d082-4b98-80be-5f194b7a05fd	(None, 2)
76	3	7dd06d03-d082-4b98-80be-5f194b7a05fd	(None, 1)
76	4	7dd06d03-d082-4b98-80be-5f194b7a05fd	((11, 16), 0)
76	5	7dd06d03-d082-4b98-80be-5f194b7a05fd	((3, 12), 3)
76	6	7dd06d03-d082-4b98-80be-5f194b7a05fd	((3, 16), 0)
76	7	7dd06d03-d082-4b98-80be-5f194b7a05fd	(None, 1)
76	8	7dd06d03-d082-4b98-80be-5f194b7a05fd	(None, 3)
76	9	7dd06d03-d082-4b98-80be-5f194b7a05fd	(None, 1)
77	0	7dd06d03-d082-4b98-80be-5f194b7a05fd	((4, 16), 0)
77	1	7dd06d03-d082-4b98-80be-5f194b7a05fd	((27, 16), 0)
77	2	7dd06d03-d082-4b98-80be-5f194b7a05fd	(None, 2)
77	3	7dd06d03-d082-4b98-80be-5f194b7a05fd	(None, 1)
77	4	7dd06d03-d082-4b98-80be-5f194b7a05fd	((10, 16), 0)
77	5	7dd06d03-d082-4b98-80be-5f194b7a05fd	((3, 11), 3)
77	6	7dd06d03-d082-4b98-80be-5f194b7a05fd	((3, 15), 3)
77	7	7dd06d03-d082-4b98-80be-5f194b7a05fd	(None, 1)
77	8	7dd06d03-d082-4b98-80be-5f194b7a05fd	(None, 3)
77	9	7dd06d03-d082-4b98-80be-5f194b7a05fd	(None, 1)
78	0	7dd06d03-d082-4b98-80be-5f194b7a05fd	((3, 16), 0)
78	1	7dd06d03-d082-4b98-80be-5f194b7a05fd	((26, 16), 0)
78	2	7dd06d03-d082-4b98-80be-5f194b7a05fd	(None, 2)
78	3	7dd06d03-d082-4b98-80be-5f194b7a05fd	(None, 1)
78	4	7dd06d03-d082-4b98-80be-5f194b7a05fd	((9, 16), 0)
78	5	7dd06d03-d082-4b98-80be-5f194b7a05fd	((3, 10), 3)
78	6	7dd06d03-d082-4b98-80be-5f194b7a05fd	((3, 14), 3)
78	7	7dd06d03-d082-4b98-80be-5f194b7a05fd	(None, 1)
78	8	7dd06d03-d082-4b98-80be-5f194b7a05fd	((19, 21), 3)
78	9	7dd06d03-d082-4b98-80be-5f194b7a05fd	(None, 1)
79	0	7dd06d03-d082-4b98-80be-5f194b7a05fd	((3, 15), 3)
79	1	7dd06d03-d082-4b98-80be-5f194b7a05fd	((25, 16), 0)
79	2	7dd06d03-d082-4b98-80be-5f194b7a05fd	(None, 2)
79	3	7dd06d03-d082-4b98-80be-5f194b7a05fd	(None, 1)
79	4	7dd06d03-d082-4b98-80be-5f194b7a05fd	((8, 16), 0)
79	5	7dd06d03-d082-4b98-80be-5f194b7a05fd	((3, 9), 3)
79	6	7dd06d03-d082-4b98-80be-5f194b7a05fd	((3, 13), 3)
79	7	7dd06d03-d082-4b98-80be-5f194b7a05fd	(None, 1)
79	8	7dd06d03-d082-4b98-80be-5f194b7a05fd	((19, 20), 3)
79	9	7dd06d03-d082-4b98-80be-5f194b7a05fd	(None, 1)
80	0	7dd06d03-d082-4b98-80be-5f194b7a05fd	((3, 14), 3)
80	1	7dd06d03-d082-4b98-80be-5f194b7a05fd	((24, 16), 0)
80	2	7dd06d03-d082-4b98-80be-5f194b7a05fd	(None, 2)
80	3	7dd06d03-d082-4b98-80be-5f194b7a05fd	(None, 1)
80	4	7dd06d03-d082-4b98-80be-5f194b7a05fd	((7, 16), 0)
80	5	7dd06d03-d082-4b98-80be-5f194b7a05fd	((4, 9), 2)
80	6	7dd06d03-d082-4b98-80be-5f194b7a05fd	((3, 12), 3)
80	7	7dd06d03-d082-4b98-80be-5f194b7a05fd	(None, 1)
80	8	7dd06d03-d082-4b98-80be-5f194b7a05fd	((19, 19), 3)
80	9	7dd06d03-d082-4b98-80be-5f194b7a05fd	(None, 1)
81	0	7dd06d03-d082-4b98-80be-5f194b7a05fd	((3, 13), 3)
81	1	7dd06d03-d082-4b98-80be-5f194b7a05fd	((23, 16), 0)
81	2	7dd06d03-d082-4b98-80be-5f194b7a05fd	(None, 2)
81	3	7dd06d03-d082-4b98-80be-5f194b7a05fd	(None, 1)
81	4	7dd06d03-d082-4b98-80be-5f194b7a05fd	((6, 16), 0)
81	5	7dd06d03-d082-4b98-80be-5f194b7a05fd	((5, 9), 2)
81	6	7dd06d03-d082-4b98-80be-5f194b7a05fd	((3, 11), 3)
81	7	7dd06d03-d082-4b98-80be-5f194b7a05fd	(None, 1)
81	8	7dd06d03-d082-4b98-80be-5f194b7a05fd	((19, 18), 3)
81	9	7dd06d03-d082-4b98-80be-5f194b7a05fd	(None, 1)
82	0	7dd06d03-d082-4b98-80be-5f194b7a05fd	((3, 12), 3)
82	1	7dd06d03-d082-4b98-80be-5f194b7a05fd	((22, 16), 0)
82	2	7dd06d03-d082-4b98-80be-5f194b7a05fd	(None, 2)
82	3	7dd06d03-d082-4b98-80be-5f194b7a05fd	(None, 1)
82	4	7dd06d03-d082-4b98-80be-5f194b7a05fd	((5, 16), 0)
82	5	7dd06d03-d082-4b98-80be-5f194b7a05fd	((6, 9), 2)
82	6	7dd06d03-d082-4b98-80be-5f194b7a05fd	((3, 10), 3)
82	7	7dd06d03-d082-4b98-80be-5f194b7a05fd	(None, 1)
82	8	7dd06d03-d082-4b98-80be-5f194b7a05fd	((19, 17), 3)
82	9	7dd06d03-d082-4b98-80be-5f194b7a05fd	(None, 1)
83	0	7dd06d03-d082-4b98-80be-5f194b7a05fd	((3, 11), 3)
83	1	7dd06d03-d082-4b98-80be-5f194b7a05fd	((21, 16), 0)
83	2	7dd06d03-d082-4b98-80be-5f194b7a05fd	(None, 2)
83	3	7dd06d03-d082-4b98-80be-5f194b7a05fd	(None, 1)
83	4	7dd06d03-d082-4b98-80be-5f194b7a05fd	((4, 16), 0)
83	5	7dd06d03-d082-4b98-80be-5f194b7a05fd	((7, 9), 2)
83	6	7dd06d03-d082-4b98-80be-5f194b7a05fd	((3, 9), 3)
83	7	7dd06d03-d082-4b98-80be-5f194b7a05fd	(None, 1)
83	8	7dd06d03-d082-4b98-80be-5f194b7a05fd	((19, 16), 3)
83	9	7dd06d03-d082-4b98-80be-5f194b7a05fd	(None, 1)
84	0	7dd06d03-d082-4b98-80be-5f194b7a05fd	((3, 10), 3)
84	1	7dd06d03-d082-4b98-80be-5f194b7a05fd	((20, 16), 0)
84	2	7dd06d03-d082-4b98-80be-5f194b7a05fd	(None, 2)
84	3	7dd06d03-d082-4b98-80be-5f194b7a05fd	(None, 1)
84	4	7dd06d03-d082-4b98-80be-5f194b7a05fd	((3, 16), 0)
84	5	7dd06d03-d082-4b98-80be-5f194b7a05fd	(None, 2)
84	6	7dd06d03-d082-4b98-80be-5f194b7a05fd	((3, 8), 3)
84	7	7dd06d03-d082-4b98-80be-5f194b7a05fd	(None, 1)
84	8	7dd06d03-d082-4b98-80be-5f194b7a05fd	((19, 15), 3)
84	9	7dd06d03-d082-4b98-80be-5f194b7a05fd	(None, 1)
85	0	7dd06d03-d082-4b98-80be-5f194b7a05fd	((3, 9), 3)
85	1	7dd06d03-d082-4b98-80be-5f194b7a05fd	((19, 16), 0)
85	2	7dd06d03-d082-4b98-80be-5f194b7a05fd	(None, 2)
85	3	7dd06d03-d082-4b98-80be-5f194b7a05fd	(None, 1)
85	4	7dd06d03-d082-4b98-80be-5f194b7a05fd	((3, 15), 3)
85	5	7dd06d03-d082-4b98-80be-5f194b7a05fd	(None, 2)
85	6	7dd06d03-d082-4b98-80be-5f194b7a05fd	((4, 8), 2)
85	7	7dd06d03-d082-4b98-80be-5f194b7a05fd	(None, 1)
85	8	7dd06d03-d082-4b98-80be-5f194b7a05fd	((19, 14), 3)
85	9	7dd06d03-d082-4b98-80be-5f194b7a05fd	(None, 1)
86	0	7dd06d03-d082-4b98-80be-5f194b7a05fd	((3, 8), 3)
86	1	7dd06d03-d082-4b98-80be-5f194b7a05fd	((19, 17), 1)
86	2	7dd06d03-d082-4b98-80be-5f194b7a05fd	(None, 2)
86	3	7dd06d03-d082-4b98-80be-5f194b7a05fd	(None, 1)
86	4	7dd06d03-d082-4b98-80be-5f194b7a05fd	((3, 14), 3)
86	5	7dd06d03-d082-4b98-80be-5f194b7a05fd	(None, 2)
86	6	7dd06d03-d082-4b98-80be-5f194b7a05fd	((5, 8), 2)
86	7	7dd06d03-d082-4b98-80be-5f194b7a05fd	(None, 1)
86	8	7dd06d03-d082-4b98-80be-5f194b7a05fd	((18, 14), 0)
86	9	7dd06d03-d082-4b98-80be-5f194b7a05fd	(None, 1)
87	0	7dd06d03-d082-4b98-80be-5f194b7a05fd	((4, 8), 2)
87	1	7dd06d03-d082-4b98-80be-5f194b7a05fd	((19, 18), 1)
87	2	7dd06d03-d082-4b98-80be-5f194b7a05fd	(None, 2)
87	3	7dd06d03-d082-4b98-80be-5f194b7a05fd	(None, 1)
87	4	7dd06d03-d082-4b98-80be-5f194b7a05fd	((3, 13), 3)
87	5	7dd06d03-d082-4b98-80be-5f194b7a05fd	(None, 2)
87	6	7dd06d03-d082-4b98-80be-5f194b7a05fd	((5, 9), 1)
87	7	7dd06d03-d082-4b98-80be-5f194b7a05fd	(None, 1)
87	8	7dd06d03-d082-4b98-80be-5f194b7a05fd	((18, 13), 3)
87	9	7dd06d03-d082-4b98-80be-5f194b7a05fd	(None, 1)
88	0	7dd06d03-d082-4b98-80be-5f194b7a05fd	((5, 8), 2)
88	1	7dd06d03-d082-4b98-80be-5f194b7a05fd	((20, 18), 2)
88	2	7dd06d03-d082-4b98-80be-5f194b7a05fd	(None, 2)
88	3	7dd06d03-d082-4b98-80be-5f194b7a05fd	(None, 1)
88	4	7dd06d03-d082-4b98-80be-5f194b7a05fd	((3, 12), 3)
88	5	7dd06d03-d082-4b98-80be-5f194b7a05fd	(None, 2)
88	6	7dd06d03-d082-4b98-80be-5f194b7a05fd	((6, 9), 2)
88	7	7dd06d03-d082-4b98-80be-5f194b7a05fd	(None, 1)
88	8	7dd06d03-d082-4b98-80be-5f194b7a05fd	((18, 12), 3)
88	9	7dd06d03-d082-4b98-80be-5f194b7a05fd	(None, 1)
89	0	7dd06d03-d082-4b98-80be-5f194b7a05fd	((5, 9), 1)
89	1	7dd06d03-d082-4b98-80be-5f194b7a05fd	((20, 19), 1)
89	2	7dd06d03-d082-4b98-80be-5f194b7a05fd	(None, 2)
89	3	7dd06d03-d082-4b98-80be-5f194b7a05fd	(None, 1)
89	4	7dd06d03-d082-4b98-80be-5f194b7a05fd	((3, 11), 3)
89	5	7dd06d03-d082-4b98-80be-5f194b7a05fd	(None, 2)
89	6	7dd06d03-d082-4b98-80be-5f194b7a05fd	((7, 9), 2)
89	7	7dd06d03-d082-4b98-80be-5f194b7a05fd	(None, 1)
89	8	7dd06d03-d082-4b98-80be-5f194b7a05fd	((18, 11), 3)
89	9	7dd06d03-d082-4b98-80be-5f194b7a05fd	(None, 1)
90	0	7dd06d03-d082-4b98-80be-5f194b7a05fd	((6, 9), 2)
90	1	7dd06d03-d082-4b98-80be-5f194b7a05fd	((20, 20), 1)
90	2	7dd06d03-d082-4b98-80be-5f194b7a05fd	(None, 2)
90	3	7dd06d03-d082-4b98-80be-5f194b7a05fd	(None, 1)
90	4	7dd06d03-d082-4b98-80be-5f194b7a05fd	((3, 10), 3)
90	5	7dd06d03-d082-4b98-80be-5f194b7a05fd	(None, 2)
90	6	7dd06d03-d082-4b98-80be-5f194b7a05fd	(None, 2)
90	7	7dd06d03-d082-4b98-80be-5f194b7a05fd	(None, 1)
90	8	7dd06d03-d082-4b98-80be-5f194b7a05fd	((18, 10), 3)
90	9	7dd06d03-d082-4b98-80be-5f194b7a05fd	(None, 1)
91	0	7dd06d03-d082-4b98-80be-5f194b7a05fd	((7, 9), 2)
91	1	7dd06d03-d082-4b98-80be-5f194b7a05fd	(None, 1)
91	2	7dd06d03-d082-4b98-80be-5f194b7a05fd	(None, 2)
91	3	7dd06d03-d082-4b98-80be-5f194b7a05fd	(None, 1)
91	4	7dd06d03-d082-4b98-80be-5f194b7a05fd	((3, 9), 3)
91	5	7dd06d03-d082-4b98-80be-5f194b7a05fd	(None, 2)
91	6	7dd06d03-d082-4b98-80be-5f194b7a05fd	(None, 2)
91	7	7dd06d03-d082-4b98-80be-5f194b7a05fd	(None, 1)
91	8	7dd06d03-d082-4b98-80be-5f194b7a05fd	((19, 10), 2)
91	9	7dd06d03-d082-4b98-80be-5f194b7a05fd	(None, 1)
92	0	7dd06d03-d082-4b98-80be-5f194b7a05fd	(None, 2)
92	1	7dd06d03-d082-4b98-80be-5f194b7a05fd	(None, 1)
92	2	7dd06d03-d082-4b98-80be-5f194b7a05fd	(None, 2)
92	3	7dd06d03-d082-4b98-80be-5f194b7a05fd	(None, 1)
92	4	7dd06d03-d082-4b98-80be-5f194b7a05fd	((3, 8), 3)
92	5	7dd06d03-d082-4b98-80be-5f194b7a05fd	(None, 2)
92	6	7dd06d03-d082-4b98-80be-5f194b7a05fd	(None, 2)
92	7	7dd06d03-d082-4b98-80be-5f194b7a05fd	(None, 1)
92	8	7dd06d03-d082-4b98-80be-5f194b7a05fd	((20, 10), 2)
92	9	7dd06d03-d082-4b98-80be-5f194b7a05fd	(None, 1)
93	0	7dd06d03-d082-4b98-80be-5f194b7a05fd	(None, 2)
93	1	7dd06d03-d082-4b98-80be-5f194b7a05fd	(None, 1)
93	2	7dd06d03-d082-4b98-80be-5f194b7a05fd	(None, 2)
93	3	7dd06d03-d082-4b98-80be-5f194b7a05fd	(None, 1)
93	4	7dd06d03-d082-4b98-80be-5f194b7a05fd	((4, 8), 2)
93	5	7dd06d03-d082-4b98-80be-5f194b7a05fd	(None, 2)
93	6	7dd06d03-d082-4b98-80be-5f194b7a05fd	(None, 2)
93	7	7dd06d03-d082-4b98-80be-5f194b7a05fd	(None, 1)
93	8	7dd06d03-d082-4b98-80be-5f194b7a05fd	((21, 10), 2)
93	9	7dd06d03-d082-4b98-80be-5f194b7a05fd	(None, 1)
94	0	7dd06d03-d082-4b98-80be-5f194b7a05fd	(None, 2)
94	1	7dd06d03-d082-4b98-80be-5f194b7a05fd	(None, 1)
94	2	7dd06d03-d082-4b98-80be-5f194b7a05fd	(None, 2)
94	3	7dd06d03-d082-4b98-80be-5f194b7a05fd	(None, 1)
94	4	7dd06d03-d082-4b98-80be-5f194b7a05fd	((5, 8), 2)
94	5	7dd06d03-d082-4b98-80be-5f194b7a05fd	(None, 2)
94	6	7dd06d03-d082-4b98-80be-5f194b7a05fd	(None, 2)
94	7	7dd06d03-d082-4b98-80be-5f194b7a05fd	(None, 1)
94	8	7dd06d03-d082-4b98-80be-5f194b7a05fd	((22, 10), 2)
94	9	7dd06d03-d082-4b98-80be-5f194b7a05fd	(None, 1)
95	0	7dd06d03-d082-4b98-80be-5f194b7a05fd	(None, 2)
95	1	7dd06d03-d082-4b98-80be-5f194b7a05fd	(None, 1)
95	2	7dd06d03-d082-4b98-80be-5f194b7a05fd	(None, 2)
95	3	7dd06d03-d082-4b98-80be-5f194b7a05fd	(None, 1)
95	4	7dd06d03-d082-4b98-80be-5f194b7a05fd	((6, 8), 2)
95	5	7dd06d03-d082-4b98-80be-5f194b7a05fd	(None, 2)
95	6	7dd06d03-d082-4b98-80be-5f194b7a05fd	(None, 2)
95	7	7dd06d03-d082-4b98-80be-5f194b7a05fd	(None, 1)
95	8	7dd06d03-d082-4b98-80be-5f194b7a05fd	(None, 2)
95	9	7dd06d03-d082-4b98-80be-5f194b7a05fd	(None, 1)
96	0	7dd06d03-d082-4b98-80be-5f194b7a05fd	(None, 2)
96	1	7dd06d03-d082-4b98-80be-5f194b7a05fd	(None, 1)
96	2	7dd06d03-d082-4b98-80be-5f194b7a05fd	(None, 2)
96	3	7dd06d03-d082-4b98-80be-5f194b7a05fd	(None, 1)
96	4	7dd06d03-d082-4b98-80be-5f194b7a05fd	((7, 8), 2)
96	5	7dd06d03-d082-4b98-80be-5f194b7a05fd	(None, 2)
96	6	7dd06d03-d082-4b98-80be-5f194b7a05fd	(None, 2)
96	7	7dd06d03-d082-4b98-80be-5f194b7a05fd	(None, 1)
96	8	7dd06d03-d082-4b98-80be-5f194b7a05fd	(None, 2)
96	9	7dd06d03-d082-4b98-80be-5f194b7a05fd	(None, 1)
97	0	7dd06d03-d082-4b98-80be-5f194b7a05fd	(None, 2)
97	1	7dd06d03-d082-4b98-80be-5f194b7a05fd	(None, 1)
97	2	7dd06d03-d082-4b98-80be-5f194b7a05fd	(None, 2)
97	3	7dd06d03-d082-4b98-80be-5f194b7a05fd	(None, 1)
97	4	7dd06d03-d082-4b98-80be-5f194b7a05fd	((8, 8), 2)
97	5	7dd06d03-d082-4b98-80be-5f194b7a05fd	(None, 2)
97	6	7dd06d03-d082-4b98-80be-5f194b7a05fd	(None, 2)
97	7	7dd06d03-d082-4b98-80be-5f194b7a05fd	(None, 1)
97	8	7dd06d03-d082-4b98-80be-5f194b7a05fd	(None, 2)
97	9	7dd06d03-d082-4b98-80be-5f194b7a05fd	(None, 1)
98	0	7dd06d03-d082-4b98-80be-5f194b7a05fd	(None, 2)
98	1	7dd06d03-d082-4b98-80be-5f194b7a05fd	(None, 1)
98	2	7dd06d03-d082-4b98-80be-5f194b7a05fd	(None, 2)
98	3	7dd06d03-d082-4b98-80be-5f194b7a05fd	(None, 1)
98	4	7dd06d03-d082-4b98-80be-5f194b7a05fd	((9, 8), 2)
98	5	7dd06d03-d082-4b98-80be-5f194b7a05fd	(None, 2)
98	6	7dd06d03-d082-4b98-80be-5f194b7a05fd	(None, 2)
98	7	7dd06d03-d082-4b98-80be-5f194b7a05fd	(None, 1)
98	8	7dd06d03-d082-4b98-80be-5f194b7a05fd	(None, 2)
98	9	7dd06d03-d082-4b98-80be-5f194b7a05fd	(None, 1)
99	0	7dd06d03-d082-4b98-80be-5f194b7a05fd	(None, 2)
99	1	7dd06d03-d082-4b98-80be-5f194b7a05fd	(None, 1)
99	2	7dd06d03-d082-4b98-80be-5f194b7a05fd	(None, 2)
99	3	7dd06d03-d082-4b98-80be-5f194b7a05fd	(None, 1)
99	4	7dd06d03-d082-4b98-80be-5f194b7a05fd	((10, 8), 2)
99	5	7dd06d03-d082-4b98-80be-5f194b7a05fd	(None, 2)
99	6	7dd06d03-d082-4b98-80be-5f194b7a05fd	(None, 2)
99	7	7dd06d03-d082-4b98-80be-5f194b7a05fd	(None, 1)
99	8	7dd06d03-d082-4b98-80be-5f194b7a05fd	(None, 2)
99	9	7dd06d03-d082-4b98-80be-5f194b7a05fd	(None, 1)
100	0	7dd06d03-d082-4b98-80be-5f194b7a05fd	(None, 2)
100	1	7dd06d03-d082-4b98-80be-5f194b7a05fd	(None, 1)
100	2	7dd06d03-d082-4b98-80be-5f194b7a05fd	(None, 2)
100	3	7dd06d03-d082-4b98-80be-5f194b7a05fd	(None, 1)
100	4	7dd06d03-d082-4b98-80be-5f194b7a05fd	((11, 8), 2)
100	5	7dd06d03-d082-4b98-80be-5f194b7a05fd	(None, 2)
100	6	7dd06d03-d082-4b98-80be-5f194b7a05fd	(None, 2)
100	7	7dd06d03-d082-4b98-80be-5f194b7a05fd	(None, 1)
100	8	7dd06d03-d082-4b98-80be-5f194b7a05fd	(None, 2)
100	9	7dd06d03-d082-4b98-80be-5f194b7a05fd	(None, 1)
101	0	7dd06d03-d082-4b98-80be-5f194b7a05fd	(None, 2)
101	1	7dd06d03-d082-4b98-80be-5f194b7a05fd	(None, 1)
101	2	7dd06d03-d082-4b98-80be-5f194b7a05fd	(None, 2)
101	3	7dd06d03-d082-4b98-80be-5f194b7a05fd	(None, 1)
101	4	7dd06d03-d082-4b98-80be-5f194b7a05fd	((12, 8), 2)
101	5	7dd06d03-d082-4b98-80be-5f194b7a05fd	(None, 2)
101	6	7dd06d03-d082-4b98-80be-5f194b7a05fd	(None, 2)
101	7	7dd06d03-d082-4b98-80be-5f194b7a05fd	(None, 1)
101	8	7dd06d03-d082-4b98-80be-5f194b7a05fd	(None, 2)
101	9	7dd06d03-d082-4b98-80be-5f194b7a05fd	(None, 1)
102	0	7dd06d03-d082-4b98-80be-5f194b7a05fd	(None, 2)
102	1	7dd06d03-d082-4b98-80be-5f194b7a05fd	(None, 1)
102	2	7dd06d03-d082-4b98-80be-5f194b7a05fd	(None, 2)
102	3	7dd06d03-d082-4b98-80be-5f194b7a05fd	(None, 1)
102	4	7dd06d03-d082-4b98-80be-5f194b7a05fd	((13, 8), 2)
102	5	7dd06d03-d082-4b98-80be-5f194b7a05fd	(None, 2)
102	6	7dd06d03-d082-4b98-80be-5f194b7a05fd	(None, 2)
102	7	7dd06d03-d082-4b98-80be-5f194b7a05fd	(None, 1)
102	8	7dd06d03-d082-4b98-80be-5f194b7a05fd	(None, 2)
102	9	7dd06d03-d082-4b98-80be-5f194b7a05fd	(None, 1)
103	0	7dd06d03-d082-4b98-80be-5f194b7a05fd	(None, 2)
103	1	7dd06d03-d082-4b98-80be-5f194b7a05fd	(None, 1)
103	2	7dd06d03-d082-4b98-80be-5f194b7a05fd	(None, 2)
103	3	7dd06d03-d082-4b98-80be-5f194b7a05fd	(None, 1)
103	4	7dd06d03-d082-4b98-80be-5f194b7a05fd	((13, 9), 1)
103	5	7dd06d03-d082-4b98-80be-5f194b7a05fd	(None, 2)
103	6	7dd06d03-d082-4b98-80be-5f194b7a05fd	(None, 2)
103	7	7dd06d03-d082-4b98-80be-5f194b7a05fd	(None, 1)
103	8	7dd06d03-d082-4b98-80be-5f194b7a05fd	(None, 2)
103	9	7dd06d03-d082-4b98-80be-5f194b7a05fd	(None, 1)
104	0	7dd06d03-d082-4b98-80be-5f194b7a05fd	(None, 2)
104	1	7dd06d03-d082-4b98-80be-5f194b7a05fd	(None, 1)
104	2	7dd06d03-d082-4b98-80be-5f194b7a05fd	(None, 2)
104	3	7dd06d03-d082-4b98-80be-5f194b7a05fd	(None, 1)
104	4	7dd06d03-d082-4b98-80be-5f194b7a05fd	((13, 10), 1)
104	5	7dd06d03-d082-4b98-80be-5f194b7a05fd	(None, 2)
104	6	7dd06d03-d082-4b98-80be-5f194b7a05fd	(None, 2)
104	7	7dd06d03-d082-4b98-80be-5f194b7a05fd	(None, 1)
104	8	7dd06d03-d082-4b98-80be-5f194b7a05fd	(None, 2)
104	9	7dd06d03-d082-4b98-80be-5f194b7a05fd	(None, 1)
105	0	7dd06d03-d082-4b98-80be-5f194b7a05fd	(None, 2)
105	1	7dd06d03-d082-4b98-80be-5f194b7a05fd	(None, 1)
105	2	7dd06d03-d082-4b98-80be-5f194b7a05fd	(None, 2)
105	3	7dd06d03-d082-4b98-80be-5f194b7a05fd	(None, 1)
105	4	7dd06d03-d082-4b98-80be-5f194b7a05fd	((14, 10), 2)
105	5	7dd06d03-d082-4b98-80be-5f194b7a05fd	(None, 2)
105	6	7dd06d03-d082-4b98-80be-5f194b7a05fd	(None, 2)
105	7	7dd06d03-d082-4b98-80be-5f194b7a05fd	(None, 1)
105	8	7dd06d03-d082-4b98-80be-5f194b7a05fd	(None, 2)
105	9	7dd06d03-d082-4b98-80be-5f194b7a05fd	(None, 1)
106	0	7dd06d03-d082-4b98-80be-5f194b7a05fd	(None, 2)
106	1	7dd06d03-d082-4b98-80be-5f194b7a05fd	(None, 1)
106	2	7dd06d03-d082-4b98-80be-5f194b7a05fd	(None, 2)
106	3	7dd06d03-d082-4b98-80be-5f194b7a05fd	(None, 1)
106	4	7dd06d03-d082-4b98-80be-5f194b7a05fd	((15, 10), 2)
106	5	7dd06d03-d082-4b98-80be-5f194b7a05fd	(None, 2)
106	6	7dd06d03-d082-4b98-80be-5f194b7a05fd	(None, 2)
106	7	7dd06d03-d082-4b98-80be-5f194b7a05fd	(None, 1)
106	8	7dd06d03-d082-4b98-80be-5f194b7a05fd	(None, 2)
106	9	7dd06d03-d082-4b98-80be-5f194b7a05fd	(None, 1)
107	0	7dd06d03-d082-4b98-80be-5f194b7a05fd	(None, 2)
107	1	7dd06d03-d082-4b98-80be-5f194b7a05fd	(None, 1)
107	2	7dd06d03-d082-4b98-80be-5f194b7a05fd	(None, 2)
107	3	7dd06d03-d082-4b98-80be-5f194b7a05fd	(None, 1)
107	4	7dd06d03-d082-4b98-80be-5f194b7a05fd	((16, 10), 2)
107	5	7dd06d03-d082-4b98-80be-5f194b7a05fd	(None, 2)
107	6	7dd06d03-d082-4b98-80be-5f194b7a05fd	(None, 2)
107	7	7dd06d03-d082-4b98-80be-5f194b7a05fd	(None, 1)
107	8	7dd06d03-d082-4b98-80be-5f194b7a05fd	(None, 2)
107	9	7dd06d03-d082-4b98-80be-5f194b7a05fd	(None, 1)
108	0	7dd06d03-d082-4b98-80be-5f194b7a05fd	(None, 2)
108	1	7dd06d03-d082-4b98-80be-5f194b7a05fd	(None, 1)
108	2	7dd06d03-d082-4b98-80be-5f194b7a05fd	(None, 2)
108	3	7dd06d03-d082-4b98-80be-5f194b7a05fd	(None, 1)
108	4	7dd06d03-d082-4b98-80be-5f194b7a05fd	((17, 10), 2)
108	5	7dd06d03-d082-4b98-80be-5f194b7a05fd	(None, 2)
108	6	7dd06d03-d082-4b98-80be-5f194b7a05fd	(None, 2)
108	7	7dd06d03-d082-4b98-80be-5f194b7a05fd	(None, 1)
108	8	7dd06d03-d082-4b98-80be-5f194b7a05fd	(None, 2)
108	9	7dd06d03-d082-4b98-80be-5f194b7a05fd	(None, 1)
109	0	7dd06d03-d082-4b98-80be-5f194b7a05fd	(None, 2)
109	1	7dd06d03-d082-4b98-80be-5f194b7a05fd	(None, 1)
109	2	7dd06d03-d082-4b98-80be-5f194b7a05fd	(None, 2)
109	3	7dd06d03-d082-4b98-80be-5f194b7a05fd	(None, 1)
109	4	7dd06d03-d082-4b98-80be-5f194b7a05fd	((18, 10), 2)
109	5	7dd06d03-d082-4b98-80be-5f194b7a05fd	(None, 2)
109	6	7dd06d03-d082-4b98-80be-5f194b7a05fd	(None, 2)
109	7	7dd06d03-d082-4b98-80be-5f194b7a05fd	(None, 1)
109	8	7dd06d03-d082-4b98-80be-5f194b7a05fd	(None, 2)
109	9	7dd06d03-d082-4b98-80be-5f194b7a05fd	(None, 1)
110	0	7dd06d03-d082-4b98-80be-5f194b7a05fd	(None, 2)
110	1	7dd06d03-d082-4b98-80be-5f194b7a05fd	(None, 1)
110	2	7dd06d03-d082-4b98-80be-5f194b7a05fd	(None, 2)
110	3	7dd06d03-d082-4b98-80be-5f194b7a05fd	(None, 1)
110	4	7dd06d03-d082-4b98-80be-5f194b7a05fd	((19, 10), 2)
110	5	7dd06d03-d082-4b98-80be-5f194b7a05fd	(None, 2)
110	6	7dd06d03-d082-4b98-80be-5f194b7a05fd	(None, 2)
110	7	7dd06d03-d082-4b98-80be-5f194b7a05fd	(None, 1)
110	8	7dd06d03-d082-4b98-80be-5f194b7a05fd	(None, 2)
110	9	7dd06d03-d082-4b98-80be-5f194b7a05fd	(None, 1)
111	0	7dd06d03-d082-4b98-80be-5f194b7a05fd	(None, 2)
111	1	7dd06d03-d082-4b98-80be-5f194b7a05fd	(None, 1)
111	2	7dd06d03-d082-4b98-80be-5f194b7a05fd	(None, 2)
111	3	7dd06d03-d082-4b98-80be-5f194b7a05fd	(None, 1)
111	4	7dd06d03-d082-4b98-80be-5f194b7a05fd	((20, 10), 2)
111	5	7dd06d03-d082-4b98-80be-5f194b7a05fd	(None, 2)
111	6	7dd06d03-d082-4b98-80be-5f194b7a05fd	(None, 2)
111	7	7dd06d03-d082-4b98-80be-5f194b7a05fd	(None, 1)
111	8	7dd06d03-d082-4b98-80be-5f194b7a05fd	(None, 2)
111	9	7dd06d03-d082-4b98-80be-5f194b7a05fd	(None, 1)
112	0	7dd06d03-d082-4b98-80be-5f194b7a05fd	(None, 2)
112	1	7dd06d03-d082-4b98-80be-5f194b7a05fd	(None, 1)
112	2	7dd06d03-d082-4b98-80be-5f194b7a05fd	(None, 2)
112	3	7dd06d03-d082-4b98-80be-5f194b7a05fd	(None, 1)
112	4	7dd06d03-d082-4b98-80be-5f194b7a05fd	((21, 10), 2)
112	5	7dd06d03-d082-4b98-80be-5f194b7a05fd	(None, 2)
112	6	7dd06d03-d082-4b98-80be-5f194b7a05fd	(None, 2)
112	7	7dd06d03-d082-4b98-80be-5f194b7a05fd	(None, 1)
112	8	7dd06d03-d082-4b98-80be-5f194b7a05fd	(None, 2)
112	9	7dd06d03-d082-4b98-80be-5f194b7a05fd	(None, 1)
113	0	7dd06d03-d082-4b98-80be-5f194b7a05fd	(None, 2)
113	1	7dd06d03-d082-4b98-80be-5f194b7a05fd	(None, 1)
113	2	7dd06d03-d082-4b98-80be-5f194b7a05fd	(None, 2)
113	3	7dd06d03-d082-4b98-80be-5f194b7a05fd	(None, 1)
113	4	7dd06d03-d082-4b98-80be-5f194b7a05fd	((22, 10), 2)
113	5	7dd06d03-d082-4b98-80be-5f194b7a05fd	(None, 2)
113	6	7dd06d03-d082-4b98-80be-5f194b7a05fd	(None, 2)
113	7	7dd06d03-d082-4b98-80be-5f194b7a05fd	(None, 1)
113	8	7dd06d03-d082-4b98-80be-5f194b7a05fd	(None, 2)
113	9	7dd06d03-d082-4b98-80be-5f194b7a05fd	(None, 1)
114	0	7dd06d03-d082-4b98-80be-5f194b7a05fd	(None, 2)
114	1	7dd06d03-d082-4b98-80be-5f194b7a05fd	(None, 1)
114	2	7dd06d03-d082-4b98-80be-5f194b7a05fd	(None, 2)
114	3	7dd06d03-d082-4b98-80be-5f194b7a05fd	(None, 1)
114	4	7dd06d03-d082-4b98-80be-5f194b7a05fd	(None, 2)
114	5	7dd06d03-d082-4b98-80be-5f194b7a05fd	(None, 2)
114	6	7dd06d03-d082-4b98-80be-5f194b7a05fd	(None, 2)
114	7	7dd06d03-d082-4b98-80be-5f194b7a05fd	(None, 1)
114	8	7dd06d03-d082-4b98-80be-5f194b7a05fd	(None, 2)
114	9	7dd06d03-d082-4b98-80be-5f194b7a05fd	(None, 1)
1	0	37c9c341-4769-4dd2-9015-730219c359df	(None, 1)
1	1	37c9c341-4769-4dd2-9015-730219c359df	(None, 2)
1	2	37c9c341-4769-4dd2-9015-730219c359df	(None, 3)
1	3	37c9c341-4769-4dd2-9015-730219c359df	(None, 2)
1	4	37c9c341-4769-4dd2-9015-730219c359df	(None, 1)
1	5	37c9c341-4769-4dd2-9015-730219c359df	(None, 2)
1	6	37c9c341-4769-4dd2-9015-730219c359df	(None, 2)
1	7	37c9c341-4769-4dd2-9015-730219c359df	(None, 3)
1	8	37c9c341-4769-4dd2-9015-730219c359df	(None, 0)
1	9	37c9c341-4769-4dd2-9015-730219c359df	(None, 3)
2	0	37c9c341-4769-4dd2-9015-730219c359df	((14, 18), 1)
2	1	37c9c341-4769-4dd2-9015-730219c359df	(None, 2)
2	2	37c9c341-4769-4dd2-9015-730219c359df	(None, 3)
2	3	37c9c341-4769-4dd2-9015-730219c359df	(None, 2)
2	4	37c9c341-4769-4dd2-9015-730219c359df	(None, 1)
2	5	37c9c341-4769-4dd2-9015-730219c359df	(None, 2)
2	6	37c9c341-4769-4dd2-9015-730219c359df	(None, 2)
2	7	37c9c341-4769-4dd2-9015-730219c359df	(None, 3)
2	8	37c9c341-4769-4dd2-9015-730219c359df	(None, 0)
2	9	37c9c341-4769-4dd2-9015-730219c359df	(None, 3)
3	0	37c9c341-4769-4dd2-9015-730219c359df	((14, 19), 1)
3	1	37c9c341-4769-4dd2-9015-730219c359df	(None, 2)
3	2	37c9c341-4769-4dd2-9015-730219c359df	(None, 3)
3	3	37c9c341-4769-4dd2-9015-730219c359df	(None, 2)
3	4	37c9c341-4769-4dd2-9015-730219c359df	((14, 18), 1)
3	5	37c9c341-4769-4dd2-9015-730219c359df	(None, 2)
3	6	37c9c341-4769-4dd2-9015-730219c359df	(None, 2)
3	7	37c9c341-4769-4dd2-9015-730219c359df	(None, 3)
3	8	37c9c341-4769-4dd2-9015-730219c359df	(None, 0)
3	9	37c9c341-4769-4dd2-9015-730219c359df	(None, 3)
4	0	37c9c341-4769-4dd2-9015-730219c359df	((14, 20), 1)
4	1	37c9c341-4769-4dd2-9015-730219c359df	(None, 2)
4	2	37c9c341-4769-4dd2-9015-730219c359df	(None, 3)
4	3	37c9c341-4769-4dd2-9015-730219c359df	(None, 2)
4	4	37c9c341-4769-4dd2-9015-730219c359df	((14, 19), 1)
4	5	37c9c341-4769-4dd2-9015-730219c359df	(None, 2)
4	6	37c9c341-4769-4dd2-9015-730219c359df	(None, 2)
4	7	37c9c341-4769-4dd2-9015-730219c359df	(None, 3)
4	8	37c9c341-4769-4dd2-9015-730219c359df	(None, 0)
4	9	37c9c341-4769-4dd2-9015-730219c359df	(None, 3)
5	0	37c9c341-4769-4dd2-9015-730219c359df	((14, 21), 1)
5	1	37c9c341-4769-4dd2-9015-730219c359df	(None, 2)
5	2	37c9c341-4769-4dd2-9015-730219c359df	(None, 3)
5	3	37c9c341-4769-4dd2-9015-730219c359df	(None, 2)
5	4	37c9c341-4769-4dd2-9015-730219c359df	((14, 20), 1)
5	5	37c9c341-4769-4dd2-9015-730219c359df	(None, 2)
5	6	37c9c341-4769-4dd2-9015-730219c359df	(None, 2)
5	7	37c9c341-4769-4dd2-9015-730219c359df	(None, 3)
5	8	37c9c341-4769-4dd2-9015-730219c359df	(None, 0)
5	9	37c9c341-4769-4dd2-9015-730219c359df	(None, 3)
6	0	37c9c341-4769-4dd2-9015-730219c359df	((14, 22), 1)
6	1	37c9c341-4769-4dd2-9015-730219c359df	(None, 2)
6	2	37c9c341-4769-4dd2-9015-730219c359df	(None, 3)
6	3	37c9c341-4769-4dd2-9015-730219c359df	(None, 2)
6	4	37c9c341-4769-4dd2-9015-730219c359df	((14, 21), 1)
6	5	37c9c341-4769-4dd2-9015-730219c359df	(None, 2)
6	6	37c9c341-4769-4dd2-9015-730219c359df	(None, 2)
6	7	37c9c341-4769-4dd2-9015-730219c359df	(None, 3)
6	8	37c9c341-4769-4dd2-9015-730219c359df	(None, 0)
6	9	37c9c341-4769-4dd2-9015-730219c359df	(None, 3)
7	0	37c9c341-4769-4dd2-9015-730219c359df	((14, 23), 1)
7	1	37c9c341-4769-4dd2-9015-730219c359df	(None, 2)
7	2	37c9c341-4769-4dd2-9015-730219c359df	(None, 3)
7	3	37c9c341-4769-4dd2-9015-730219c359df	(None, 2)
7	4	37c9c341-4769-4dd2-9015-730219c359df	((14, 22), 1)
7	5	37c9c341-4769-4dd2-9015-730219c359df	(None, 2)
7	6	37c9c341-4769-4dd2-9015-730219c359df	(None, 2)
7	7	37c9c341-4769-4dd2-9015-730219c359df	(None, 3)
7	8	37c9c341-4769-4dd2-9015-730219c359df	(None, 0)
7	9	37c9c341-4769-4dd2-9015-730219c359df	(None, 3)
8	0	37c9c341-4769-4dd2-9015-730219c359df	((15, 23), 2)
8	1	37c9c341-4769-4dd2-9015-730219c359df	(None, 2)
8	2	37c9c341-4769-4dd2-9015-730219c359df	(None, 3)
8	3	37c9c341-4769-4dd2-9015-730219c359df	(None, 2)
8	4	37c9c341-4769-4dd2-9015-730219c359df	((14, 23), 1)
8	5	37c9c341-4769-4dd2-9015-730219c359df	(None, 2)
8	6	37c9c341-4769-4dd2-9015-730219c359df	(None, 2)
8	7	37c9c341-4769-4dd2-9015-730219c359df	(None, 3)
8	8	37c9c341-4769-4dd2-9015-730219c359df	(None, 0)
8	9	37c9c341-4769-4dd2-9015-730219c359df	(None, 3)
9	0	37c9c341-4769-4dd2-9015-730219c359df	((16, 23), 2)
9	1	37c9c341-4769-4dd2-9015-730219c359df	(None, 2)
9	2	37c9c341-4769-4dd2-9015-730219c359df	(None, 3)
9	3	37c9c341-4769-4dd2-9015-730219c359df	(None, 2)
9	4	37c9c341-4769-4dd2-9015-730219c359df	((15, 23), 2)
9	5	37c9c341-4769-4dd2-9015-730219c359df	(None, 2)
9	6	37c9c341-4769-4dd2-9015-730219c359df	(None, 2)
9	7	37c9c341-4769-4dd2-9015-730219c359df	(None, 3)
9	8	37c9c341-4769-4dd2-9015-730219c359df	(None, 0)
9	9	37c9c341-4769-4dd2-9015-730219c359df	(None, 3)
10	0	37c9c341-4769-4dd2-9015-730219c359df	((17, 23), 2)
10	1	37c9c341-4769-4dd2-9015-730219c359df	(None, 2)
10	2	37c9c341-4769-4dd2-9015-730219c359df	(None, 3)
10	3	37c9c341-4769-4dd2-9015-730219c359df	(None, 2)
10	4	37c9c341-4769-4dd2-9015-730219c359df	((16, 23), 2)
10	5	37c9c341-4769-4dd2-9015-730219c359df	(None, 2)
10	6	37c9c341-4769-4dd2-9015-730219c359df	(None, 2)
10	7	37c9c341-4769-4dd2-9015-730219c359df	(None, 3)
10	8	37c9c341-4769-4dd2-9015-730219c359df	(None, 0)
10	9	37c9c341-4769-4dd2-9015-730219c359df	(None, 3)
11	0	37c9c341-4769-4dd2-9015-730219c359df	((18, 23), 2)
11	1	37c9c341-4769-4dd2-9015-730219c359df	(None, 2)
11	2	37c9c341-4769-4dd2-9015-730219c359df	(None, 3)
11	3	37c9c341-4769-4dd2-9015-730219c359df	(None, 2)
11	4	37c9c341-4769-4dd2-9015-730219c359df	((17, 23), 2)
11	5	37c9c341-4769-4dd2-9015-730219c359df	((22, 7), 2)
11	6	37c9c341-4769-4dd2-9015-730219c359df	(None, 2)
11	7	37c9c341-4769-4dd2-9015-730219c359df	(None, 3)
11	8	37c9c341-4769-4dd2-9015-730219c359df	(None, 0)
11	9	37c9c341-4769-4dd2-9015-730219c359df	(None, 3)
12	0	37c9c341-4769-4dd2-9015-730219c359df	((19, 23), 2)
12	1	37c9c341-4769-4dd2-9015-730219c359df	(None, 2)
12	2	37c9c341-4769-4dd2-9015-730219c359df	(None, 3)
12	3	37c9c341-4769-4dd2-9015-730219c359df	(None, 2)
12	4	37c9c341-4769-4dd2-9015-730219c359df	((18, 23), 2)
12	5	37c9c341-4769-4dd2-9015-730219c359df	((23, 7), 2)
12	6	37c9c341-4769-4dd2-9015-730219c359df	(None, 2)
12	7	37c9c341-4769-4dd2-9015-730219c359df	(None, 3)
12	8	37c9c341-4769-4dd2-9015-730219c359df	(None, 0)
12	9	37c9c341-4769-4dd2-9015-730219c359df	(None, 3)
13	0	37c9c341-4769-4dd2-9015-730219c359df	((19, 22), 3)
13	1	37c9c341-4769-4dd2-9015-730219c359df	(None, 2)
13	2	37c9c341-4769-4dd2-9015-730219c359df	(None, 3)
13	3	37c9c341-4769-4dd2-9015-730219c359df	(None, 2)
13	4	37c9c341-4769-4dd2-9015-730219c359df	((19, 23), 2)
13	5	37c9c341-4769-4dd2-9015-730219c359df	((24, 7), 2)
13	6	37c9c341-4769-4dd2-9015-730219c359df	(None, 2)
13	7	37c9c341-4769-4dd2-9015-730219c359df	(None, 3)
13	8	37c9c341-4769-4dd2-9015-730219c359df	(None, 0)
13	9	37c9c341-4769-4dd2-9015-730219c359df	(None, 3)
14	0	37c9c341-4769-4dd2-9015-730219c359df	((19, 21), 3)
14	1	37c9c341-4769-4dd2-9015-730219c359df	(None, 2)
14	2	37c9c341-4769-4dd2-9015-730219c359df	(None, 3)
14	3	37c9c341-4769-4dd2-9015-730219c359df	(None, 2)
14	4	37c9c341-4769-4dd2-9015-730219c359df	((19, 22), 3)
14	5	37c9c341-4769-4dd2-9015-730219c359df	((25, 7), 2)
14	6	37c9c341-4769-4dd2-9015-730219c359df	(None, 2)
14	7	37c9c341-4769-4dd2-9015-730219c359df	(None, 3)
14	8	37c9c341-4769-4dd2-9015-730219c359df	(None, 0)
14	9	37c9c341-4769-4dd2-9015-730219c359df	(None, 3)
15	0	37c9c341-4769-4dd2-9015-730219c359df	((19, 20), 3)
15	1	37c9c341-4769-4dd2-9015-730219c359df	((22, 7), 2)
15	2	37c9c341-4769-4dd2-9015-730219c359df	(None, 3)
15	3	37c9c341-4769-4dd2-9015-730219c359df	(None, 2)
15	4	37c9c341-4769-4dd2-9015-730219c359df	((19, 21), 3)
15	5	37c9c341-4769-4dd2-9015-730219c359df	((26, 7), 2)
15	6	37c9c341-4769-4dd2-9015-730219c359df	((10, 5), 2)
15	7	37c9c341-4769-4dd2-9015-730219c359df	(None, 3)
15	8	37c9c341-4769-4dd2-9015-730219c359df	(None, 0)
15	9	37c9c341-4769-4dd2-9015-730219c359df	(None, 3)
16	0	37c9c341-4769-4dd2-9015-730219c359df	((19, 19), 3)
16	1	37c9c341-4769-4dd2-9015-730219c359df	((23, 7), 2)
16	2	37c9c341-4769-4dd2-9015-730219c359df	(None, 3)
16	3	37c9c341-4769-4dd2-9015-730219c359df	(None, 2)
16	4	37c9c341-4769-4dd2-9015-730219c359df	((19, 20), 3)
16	5	37c9c341-4769-4dd2-9015-730219c359df	((27, 7), 2)
16	6	37c9c341-4769-4dd2-9015-730219c359df	((11, 5), 2)
16	7	37c9c341-4769-4dd2-9015-730219c359df	(None, 3)
16	8	37c9c341-4769-4dd2-9015-730219c359df	(None, 0)
16	9	37c9c341-4769-4dd2-9015-730219c359df	(None, 3)
17	0	37c9c341-4769-4dd2-9015-730219c359df	((19, 18), 3)
17	1	37c9c341-4769-4dd2-9015-730219c359df	((24, 7), 2)
17	2	37c9c341-4769-4dd2-9015-730219c359df	(None, 3)
17	3	37c9c341-4769-4dd2-9015-730219c359df	(None, 2)
17	4	37c9c341-4769-4dd2-9015-730219c359df	((19, 19), 3)
17	5	37c9c341-4769-4dd2-9015-730219c359df	((27, 8), 1)
17	6	37c9c341-4769-4dd2-9015-730219c359df	((11, 6), 1)
17	7	37c9c341-4769-4dd2-9015-730219c359df	(None, 3)
17	8	37c9c341-4769-4dd2-9015-730219c359df	(None, 0)
17	9	37c9c341-4769-4dd2-9015-730219c359df	(None, 3)
18	0	37c9c341-4769-4dd2-9015-730219c359df	((19, 17), 3)
18	1	37c9c341-4769-4dd2-9015-730219c359df	((25, 7), 2)
18	2	37c9c341-4769-4dd2-9015-730219c359df	(None, 3)
18	3	37c9c341-4769-4dd2-9015-730219c359df	(None, 2)
18	4	37c9c341-4769-4dd2-9015-730219c359df	((19, 18), 3)
18	5	37c9c341-4769-4dd2-9015-730219c359df	((27, 9), 1)
18	6	37c9c341-4769-4dd2-9015-730219c359df	((12, 6), 2)
18	7	37c9c341-4769-4dd2-9015-730219c359df	(None, 3)
18	8	37c9c341-4769-4dd2-9015-730219c359df	(None, 0)
18	9	37c9c341-4769-4dd2-9015-730219c359df	(None, 3)
19	0	37c9c341-4769-4dd2-9015-730219c359df	((19, 16), 3)
19	1	37c9c341-4769-4dd2-9015-730219c359df	((26, 7), 2)
19	2	37c9c341-4769-4dd2-9015-730219c359df	(None, 3)
19	3	37c9c341-4769-4dd2-9015-730219c359df	(None, 2)
19	4	37c9c341-4769-4dd2-9015-730219c359df	((19, 17), 3)
19	5	37c9c341-4769-4dd2-9015-730219c359df	((27, 10), 1)
19	6	37c9c341-4769-4dd2-9015-730219c359df	((12, 7), 1)
19	7	37c9c341-4769-4dd2-9015-730219c359df	(None, 3)
19	8	37c9c341-4769-4dd2-9015-730219c359df	(None, 0)
19	9	37c9c341-4769-4dd2-9015-730219c359df	(None, 3)
20	0	37c9c341-4769-4dd2-9015-730219c359df	((19, 15), 3)
20	1	37c9c341-4769-4dd2-9015-730219c359df	((27, 7), 2)
20	2	37c9c341-4769-4dd2-9015-730219c359df	(None, 3)
20	3	37c9c341-4769-4dd2-9015-730219c359df	(None, 2)
20	4	37c9c341-4769-4dd2-9015-730219c359df	((19, 16), 3)
20	5	37c9c341-4769-4dd2-9015-730219c359df	((27, 11), 1)
20	6	37c9c341-4769-4dd2-9015-730219c359df	((13, 7), 2)
20	7	37c9c341-4769-4dd2-9015-730219c359df	(None, 3)
20	8	37c9c341-4769-4dd2-9015-730219c359df	(None, 0)
20	9	37c9c341-4769-4dd2-9015-730219c359df	(None, 3)
21	0	37c9c341-4769-4dd2-9015-730219c359df	((19, 14), 3)
21	1	37c9c341-4769-4dd2-9015-730219c359df	((27, 8), 1)
21	2	37c9c341-4769-4dd2-9015-730219c359df	(None, 3)
21	3	37c9c341-4769-4dd2-9015-730219c359df	(None, 2)
21	4	37c9c341-4769-4dd2-9015-730219c359df	((19, 15), 3)
21	5	37c9c341-4769-4dd2-9015-730219c359df	((27, 12), 1)
21	6	37c9c341-4769-4dd2-9015-730219c359df	((14, 7), 2)
21	7	37c9c341-4769-4dd2-9015-730219c359df	(None, 3)
21	8	37c9c341-4769-4dd2-9015-730219c359df	(None, 0)
21	9	37c9c341-4769-4dd2-9015-730219c359df	(None, 3)
22	0	37c9c341-4769-4dd2-9015-730219c359df	((19, 13), 3)
22	1	37c9c341-4769-4dd2-9015-730219c359df	((27, 9), 1)
22	2	37c9c341-4769-4dd2-9015-730219c359df	(None, 3)
22	3	37c9c341-4769-4dd2-9015-730219c359df	(None, 2)
22	4	37c9c341-4769-4dd2-9015-730219c359df	((19, 14), 3)
22	5	37c9c341-4769-4dd2-9015-730219c359df	((27, 13), 1)
22	6	37c9c341-4769-4dd2-9015-730219c359df	((15, 7), 2)
22	7	37c9c341-4769-4dd2-9015-730219c359df	(None, 3)
22	8	37c9c341-4769-4dd2-9015-730219c359df	(None, 0)
22	9	37c9c341-4769-4dd2-9015-730219c359df	(None, 3)
23	0	37c9c341-4769-4dd2-9015-730219c359df	((19, 12), 3)
23	1	37c9c341-4769-4dd2-9015-730219c359df	((27, 10), 1)
23	2	37c9c341-4769-4dd2-9015-730219c359df	(None, 3)
23	3	37c9c341-4769-4dd2-9015-730219c359df	(None, 2)
23	4	37c9c341-4769-4dd2-9015-730219c359df	((19, 13), 3)
23	5	37c9c341-4769-4dd2-9015-730219c359df	((26, 13), 0)
23	6	37c9c341-4769-4dd2-9015-730219c359df	((15, 8), 1)
23	7	37c9c341-4769-4dd2-9015-730219c359df	(None, 3)
23	8	37c9c341-4769-4dd2-9015-730219c359df	(None, 0)
23	9	37c9c341-4769-4dd2-9015-730219c359df	(None, 3)
24	0	37c9c341-4769-4dd2-9015-730219c359df	((18, 12), 0)
24	1	37c9c341-4769-4dd2-9015-730219c359df	((27, 11), 1)
24	2	37c9c341-4769-4dd2-9015-730219c359df	(None, 3)
24	3	37c9c341-4769-4dd2-9015-730219c359df	(None, 2)
24	4	37c9c341-4769-4dd2-9015-730219c359df	((19, 12), 3)
24	5	37c9c341-4769-4dd2-9015-730219c359df	((25, 13), 0)
24	6	37c9c341-4769-4dd2-9015-730219c359df	((15, 9), 1)
24	7	37c9c341-4769-4dd2-9015-730219c359df	(None, 3)
24	8	37c9c341-4769-4dd2-9015-730219c359df	(None, 0)
24	9	37c9c341-4769-4dd2-9015-730219c359df	(None, 3)
25	0	37c9c341-4769-4dd2-9015-730219c359df	((17, 12), 0)
25	1	37c9c341-4769-4dd2-9015-730219c359df	((27, 12), 1)
25	2	37c9c341-4769-4dd2-9015-730219c359df	(None, 3)
25	3	37c9c341-4769-4dd2-9015-730219c359df	(None, 2)
25	4	37c9c341-4769-4dd2-9015-730219c359df	((18, 12), 0)
25	5	37c9c341-4769-4dd2-9015-730219c359df	((24, 13), 0)
25	6	37c9c341-4769-4dd2-9015-730219c359df	((15, 10), 1)
25	7	37c9c341-4769-4dd2-9015-730219c359df	(None, 3)
25	8	37c9c341-4769-4dd2-9015-730219c359df	(None, 0)
25	9	37c9c341-4769-4dd2-9015-730219c359df	(None, 3)
26	0	37c9c341-4769-4dd2-9015-730219c359df	((17, 11), 3)
26	1	37c9c341-4769-4dd2-9015-730219c359df	((27, 13), 1)
26	2	37c9c341-4769-4dd2-9015-730219c359df	(None, 3)
26	3	37c9c341-4769-4dd2-9015-730219c359df	(None, 2)
26	4	37c9c341-4769-4dd2-9015-730219c359df	((17, 12), 0)
26	5	37c9c341-4769-4dd2-9015-730219c359df	((23, 13), 0)
26	6	37c9c341-4769-4dd2-9015-730219c359df	((15, 11), 1)
26	7	37c9c341-4769-4dd2-9015-730219c359df	(None, 3)
26	8	37c9c341-4769-4dd2-9015-730219c359df	(None, 0)
26	9	37c9c341-4769-4dd2-9015-730219c359df	(None, 3)
27	0	37c9c341-4769-4dd2-9015-730219c359df	((17, 10), 3)
27	1	37c9c341-4769-4dd2-9015-730219c359df	((26, 13), 0)
27	2	37c9c341-4769-4dd2-9015-730219c359df	(None, 3)
27	3	37c9c341-4769-4dd2-9015-730219c359df	(None, 2)
27	4	37c9c341-4769-4dd2-9015-730219c359df	((17, 11), 3)
27	5	37c9c341-4769-4dd2-9015-730219c359df	((22, 13), 0)
27	6	37c9c341-4769-4dd2-9015-730219c359df	((14, 11), 0)
27	7	37c9c341-4769-4dd2-9015-730219c359df	(None, 3)
27	8	37c9c341-4769-4dd2-9015-730219c359df	(None, 0)
27	9	37c9c341-4769-4dd2-9015-730219c359df	(None, 3)
28	0	37c9c341-4769-4dd2-9015-730219c359df	((17, 9), 3)
28	1	37c9c341-4769-4dd2-9015-730219c359df	((25, 13), 0)
28	2	37c9c341-4769-4dd2-9015-730219c359df	(None, 3)
28	3	37c9c341-4769-4dd2-9015-730219c359df	(None, 2)
28	4	37c9c341-4769-4dd2-9015-730219c359df	((17, 10), 3)
28	5	37c9c341-4769-4dd2-9015-730219c359df	((21, 13), 0)
28	6	37c9c341-4769-4dd2-9015-730219c359df	((14, 12), 1)
28	7	37c9c341-4769-4dd2-9015-730219c359df	(None, 3)
28	8	37c9c341-4769-4dd2-9015-730219c359df	(None, 0)
28	9	37c9c341-4769-4dd2-9015-730219c359df	(None, 3)
29	0	37c9c341-4769-4dd2-9015-730219c359df	((17, 8), 3)
29	1	37c9c341-4769-4dd2-9015-730219c359df	((24, 13), 0)
29	2	37c9c341-4769-4dd2-9015-730219c359df	(None, 3)
29	3	37c9c341-4769-4dd2-9015-730219c359df	(None, 2)
29	4	37c9c341-4769-4dd2-9015-730219c359df	((17, 9), 3)
29	5	37c9c341-4769-4dd2-9015-730219c359df	((20, 13), 0)
29	6	37c9c341-4769-4dd2-9015-730219c359df	((14, 13), 1)
29	7	37c9c341-4769-4dd2-9015-730219c359df	(None, 3)
29	8	37c9c341-4769-4dd2-9015-730219c359df	(None, 0)
29	9	37c9c341-4769-4dd2-9015-730219c359df	(None, 3)
30	0	37c9c341-4769-4dd2-9015-730219c359df	((17, 7), 3)
30	1	37c9c341-4769-4dd2-9015-730219c359df	((23, 13), 0)
30	2	37c9c341-4769-4dd2-9015-730219c359df	(None, 3)
30	3	37c9c341-4769-4dd2-9015-730219c359df	(None, 2)
30	4	37c9c341-4769-4dd2-9015-730219c359df	((17, 8), 3)
30	5	37c9c341-4769-4dd2-9015-730219c359df	((19, 13), 0)
30	6	37c9c341-4769-4dd2-9015-730219c359df	((14, 14), 1)
30	7	37c9c341-4769-4dd2-9015-730219c359df	(None, 3)
30	8	37c9c341-4769-4dd2-9015-730219c359df	(None, 0)
30	9	37c9c341-4769-4dd2-9015-730219c359df	(None, 3)
31	0	37c9c341-4769-4dd2-9015-730219c359df	((17, 6), 3)
31	1	37c9c341-4769-4dd2-9015-730219c359df	((22, 13), 0)
31	2	37c9c341-4769-4dd2-9015-730219c359df	(None, 3)
31	3	37c9c341-4769-4dd2-9015-730219c359df	(None, 2)
31	4	37c9c341-4769-4dd2-9015-730219c359df	((17, 7), 3)
31	5	37c9c341-4769-4dd2-9015-730219c359df	((18, 13), 0)
31	6	37c9c341-4769-4dd2-9015-730219c359df	((14, 15), 1)
31	7	37c9c341-4769-4dd2-9015-730219c359df	(None, 3)
31	8	37c9c341-4769-4dd2-9015-730219c359df	(None, 0)
31	9	37c9c341-4769-4dd2-9015-730219c359df	(None, 3)
32	0	37c9c341-4769-4dd2-9015-730219c359df	((16, 6), 0)
32	1	37c9c341-4769-4dd2-9015-730219c359df	((21, 13), 0)
32	2	37c9c341-4769-4dd2-9015-730219c359df	(None, 3)
32	3	37c9c341-4769-4dd2-9015-730219c359df	(None, 2)
32	4	37c9c341-4769-4dd2-9015-730219c359df	((17, 6), 3)
32	5	37c9c341-4769-4dd2-9015-730219c359df	((17, 13), 0)
32	6	37c9c341-4769-4dd2-9015-730219c359df	((15, 15), 2)
32	7	37c9c341-4769-4dd2-9015-730219c359df	(None, 3)
32	8	37c9c341-4769-4dd2-9015-730219c359df	(None, 0)
32	9	37c9c341-4769-4dd2-9015-730219c359df	(None, 3)
33	0	37c9c341-4769-4dd2-9015-730219c359df	((15, 6), 0)
33	1	37c9c341-4769-4dd2-9015-730219c359df	((20, 13), 0)
33	2	37c9c341-4769-4dd2-9015-730219c359df	(None, 3)
33	3	37c9c341-4769-4dd2-9015-730219c359df	(None, 2)
33	4	37c9c341-4769-4dd2-9015-730219c359df	((16, 6), 0)
33	5	37c9c341-4769-4dd2-9015-730219c359df	((16, 13), 0)
33	6	37c9c341-4769-4dd2-9015-730219c359df	((15, 16), 1)
33	7	37c9c341-4769-4dd2-9015-730219c359df	(None, 3)
33	8	37c9c341-4769-4dd2-9015-730219c359df	(None, 0)
33	9	37c9c341-4769-4dd2-9015-730219c359df	(None, 3)
34	0	37c9c341-4769-4dd2-9015-730219c359df	((14, 6), 0)
34	1	37c9c341-4769-4dd2-9015-730219c359df	((19, 13), 0)
34	2	37c9c341-4769-4dd2-9015-730219c359df	(None, 3)
34	3	37c9c341-4769-4dd2-9015-730219c359df	(None, 2)
34	4	37c9c341-4769-4dd2-9015-730219c359df	((15, 6), 0)
34	5	37c9c341-4769-4dd2-9015-730219c359df	((15, 13), 0)
34	6	37c9c341-4769-4dd2-9015-730219c359df	((15, 17), 1)
34	7	37c9c341-4769-4dd2-9015-730219c359df	(None, 3)
34	8	37c9c341-4769-4dd2-9015-730219c359df	(None, 0)
34	9	37c9c341-4769-4dd2-9015-730219c359df	(None, 3)
35	0	37c9c341-4769-4dd2-9015-730219c359df	((13, 6), 0)
35	1	37c9c341-4769-4dd2-9015-730219c359df	((18, 13), 0)
35	2	37c9c341-4769-4dd2-9015-730219c359df	(None, 3)
35	3	37c9c341-4769-4dd2-9015-730219c359df	(None, 2)
35	4	37c9c341-4769-4dd2-9015-730219c359df	((14, 6), 0)
35	5	37c9c341-4769-4dd2-9015-730219c359df	((14, 13), 0)
35	6	37c9c341-4769-4dd2-9015-730219c359df	(None, 1)
35	7	37c9c341-4769-4dd2-9015-730219c359df	(None, 3)
35	8	37c9c341-4769-4dd2-9015-730219c359df	(None, 0)
35	9	37c9c341-4769-4dd2-9015-730219c359df	(None, 3)
36	0	37c9c341-4769-4dd2-9015-730219c359df	((12, 6), 0)
36	1	37c9c341-4769-4dd2-9015-730219c359df	((17, 13), 0)
36	2	37c9c341-4769-4dd2-9015-730219c359df	(None, 3)
36	3	37c9c341-4769-4dd2-9015-730219c359df	(None, 2)
36	4	37c9c341-4769-4dd2-9015-730219c359df	((13, 6), 0)
36	5	37c9c341-4769-4dd2-9015-730219c359df	((14, 12), 3)
36	6	37c9c341-4769-4dd2-9015-730219c359df	(None, 1)
36	7	37c9c341-4769-4dd2-9015-730219c359df	(None, 3)
36	8	37c9c341-4769-4dd2-9015-730219c359df	(None, 0)
36	9	37c9c341-4769-4dd2-9015-730219c359df	(None, 3)
37	0	37c9c341-4769-4dd2-9015-730219c359df	((11, 6), 0)
37	1	37c9c341-4769-4dd2-9015-730219c359df	((16, 13), 0)
37	2	37c9c341-4769-4dd2-9015-730219c359df	(None, 3)
37	3	37c9c341-4769-4dd2-9015-730219c359df	(None, 2)
37	4	37c9c341-4769-4dd2-9015-730219c359df	((12, 6), 0)
37	5	37c9c341-4769-4dd2-9015-730219c359df	((14, 11), 3)
37	6	37c9c341-4769-4dd2-9015-730219c359df	(None, 1)
37	7	37c9c341-4769-4dd2-9015-730219c359df	(None, 3)
37	8	37c9c341-4769-4dd2-9015-730219c359df	(None, 0)
37	9	37c9c341-4769-4dd2-9015-730219c359df	(None, 3)
38	0	37c9c341-4769-4dd2-9015-730219c359df	((10, 6), 0)
38	1	37c9c341-4769-4dd2-9015-730219c359df	((15, 13), 0)
38	2	37c9c341-4769-4dd2-9015-730219c359df	(None, 3)
38	3	37c9c341-4769-4dd2-9015-730219c359df	(None, 2)
38	4	37c9c341-4769-4dd2-9015-730219c359df	((11, 6), 0)
38	5	37c9c341-4769-4dd2-9015-730219c359df	((15, 11), 2)
38	6	37c9c341-4769-4dd2-9015-730219c359df	(None, 1)
38	7	37c9c341-4769-4dd2-9015-730219c359df	(None, 3)
38	8	37c9c341-4769-4dd2-9015-730219c359df	(None, 0)
38	9	37c9c341-4769-4dd2-9015-730219c359df	(None, 3)
39	0	37c9c341-4769-4dd2-9015-730219c359df	((9, 6), 0)
39	1	37c9c341-4769-4dd2-9015-730219c359df	((14, 13), 0)
39	2	37c9c341-4769-4dd2-9015-730219c359df	(None, 3)
39	3	37c9c341-4769-4dd2-9015-730219c359df	(None, 2)
39	4	37c9c341-4769-4dd2-9015-730219c359df	((10, 6), 0)
39	5	37c9c341-4769-4dd2-9015-730219c359df	((15, 10), 3)
39	6	37c9c341-4769-4dd2-9015-730219c359df	(None, 1)
39	7	37c9c341-4769-4dd2-9015-730219c359df	(None, 3)
39	8	37c9c341-4769-4dd2-9015-730219c359df	(None, 0)
39	9	37c9c341-4769-4dd2-9015-730219c359df	(None, 3)
40	0	37c9c341-4769-4dd2-9015-730219c359df	((8, 6), 0)
40	1	37c9c341-4769-4dd2-9015-730219c359df	((14, 12), 3)
40	2	37c9c341-4769-4dd2-9015-730219c359df	(None, 3)
40	3	37c9c341-4769-4dd2-9015-730219c359df	(None, 2)
40	4	37c9c341-4769-4dd2-9015-730219c359df	((9, 6), 0)
40	5	37c9c341-4769-4dd2-9015-730219c359df	((15, 9), 3)
40	6	37c9c341-4769-4dd2-9015-730219c359df	(None, 1)
40	7	37c9c341-4769-4dd2-9015-730219c359df	(None, 3)
40	8	37c9c341-4769-4dd2-9015-730219c359df	((22, 7), 0)
40	9	37c9c341-4769-4dd2-9015-730219c359df	(None, 3)
41	0	37c9c341-4769-4dd2-9015-730219c359df	((7, 6), 0)
41	1	37c9c341-4769-4dd2-9015-730219c359df	((14, 11), 3)
41	2	37c9c341-4769-4dd2-9015-730219c359df	(None, 3)
41	3	37c9c341-4769-4dd2-9015-730219c359df	(None, 2)
41	4	37c9c341-4769-4dd2-9015-730219c359df	((8, 6), 0)
41	5	37c9c341-4769-4dd2-9015-730219c359df	((15, 8), 3)
41	6	37c9c341-4769-4dd2-9015-730219c359df	(None, 1)
41	7	37c9c341-4769-4dd2-9015-730219c359df	(None, 3)
41	8	37c9c341-4769-4dd2-9015-730219c359df	((21, 7), 0)
41	9	37c9c341-4769-4dd2-9015-730219c359df	(None, 3)
42	0	37c9c341-4769-4dd2-9015-730219c359df	((6, 6), 0)
42	1	37c9c341-4769-4dd2-9015-730219c359df	((15, 11), 2)
42	2	37c9c341-4769-4dd2-9015-730219c359df	(None, 3)
42	3	37c9c341-4769-4dd2-9015-730219c359df	(None, 2)
42	4	37c9c341-4769-4dd2-9015-730219c359df	((7, 6), 0)
42	5	37c9c341-4769-4dd2-9015-730219c359df	((15, 7), 3)
42	6	37c9c341-4769-4dd2-9015-730219c359df	(None, 1)
42	7	37c9c341-4769-4dd2-9015-730219c359df	(None, 3)
42	8	37c9c341-4769-4dd2-9015-730219c359df	((20, 7), 0)
42	9	37c9c341-4769-4dd2-9015-730219c359df	(None, 3)
43	0	37c9c341-4769-4dd2-9015-730219c359df	((5, 6), 0)
43	1	37c9c341-4769-4dd2-9015-730219c359df	((15, 10), 3)
43	2	37c9c341-4769-4dd2-9015-730219c359df	(None, 3)
43	3	37c9c341-4769-4dd2-9015-730219c359df	(None, 2)
43	4	37c9c341-4769-4dd2-9015-730219c359df	((6, 6), 0)
43	5	37c9c341-4769-4dd2-9015-730219c359df	((14, 7), 0)
43	6	37c9c341-4769-4dd2-9015-730219c359df	(None, 1)
43	7	37c9c341-4769-4dd2-9015-730219c359df	(None, 3)
43	8	37c9c341-4769-4dd2-9015-730219c359df	((19, 7), 0)
43	9	37c9c341-4769-4dd2-9015-730219c359df	(None, 3)
44	0	37c9c341-4769-4dd2-9015-730219c359df	((5, 7), 1)
44	1	37c9c341-4769-4dd2-9015-730219c359df	((15, 9), 3)
44	2	37c9c341-4769-4dd2-9015-730219c359df	(None, 3)
44	3	37c9c341-4769-4dd2-9015-730219c359df	(None, 2)
44	4	37c9c341-4769-4dd2-9015-730219c359df	((5, 6), 0)
44	5	37c9c341-4769-4dd2-9015-730219c359df	((13, 7), 0)
44	6	37c9c341-4769-4dd2-9015-730219c359df	(None, 1)
44	7	37c9c341-4769-4dd2-9015-730219c359df	(None, 3)
44	8	37c9c341-4769-4dd2-9015-730219c359df	((18, 7), 0)
44	9	37c9c341-4769-4dd2-9015-730219c359df	(None, 3)
45	0	37c9c341-4769-4dd2-9015-730219c359df	((5, 8), 1)
45	1	37c9c341-4769-4dd2-9015-730219c359df	((15, 8), 3)
45	2	37c9c341-4769-4dd2-9015-730219c359df	(None, 3)
45	3	37c9c341-4769-4dd2-9015-730219c359df	(None, 2)
45	4	37c9c341-4769-4dd2-9015-730219c359df	((5, 7), 1)
45	5	37c9c341-4769-4dd2-9015-730219c359df	((12, 7), 0)
45	6	37c9c341-4769-4dd2-9015-730219c359df	(None, 1)
45	7	37c9c341-4769-4dd2-9015-730219c359df	(None, 3)
45	8	37c9c341-4769-4dd2-9015-730219c359df	((17, 7), 0)
45	9	37c9c341-4769-4dd2-9015-730219c359df	(None, 3)
46	0	37c9c341-4769-4dd2-9015-730219c359df	((5, 9), 1)
46	1	37c9c341-4769-4dd2-9015-730219c359df	((15, 7), 3)
46	2	37c9c341-4769-4dd2-9015-730219c359df	(None, 3)
46	3	37c9c341-4769-4dd2-9015-730219c359df	(None, 2)
46	4	37c9c341-4769-4dd2-9015-730219c359df	((5, 8), 1)
46	5	37c9c341-4769-4dd2-9015-730219c359df	((11, 7), 0)
46	6	37c9c341-4769-4dd2-9015-730219c359df	(None, 1)
46	7	37c9c341-4769-4dd2-9015-730219c359df	(None, 3)
46	8	37c9c341-4769-4dd2-9015-730219c359df	((16, 7), 0)
46	9	37c9c341-4769-4dd2-9015-730219c359df	((14, 18), 3)
47	0	37c9c341-4769-4dd2-9015-730219c359df	((5, 10), 1)
47	1	37c9c341-4769-4dd2-9015-730219c359df	((14, 7), 0)
47	2	37c9c341-4769-4dd2-9015-730219c359df	((14, 18), 3)
47	3	37c9c341-4769-4dd2-9015-730219c359df	(None, 2)
47	4	37c9c341-4769-4dd2-9015-730219c359df	((5, 9), 1)
47	5	37c9c341-4769-4dd2-9015-730219c359df	((10, 7), 0)
47	6	37c9c341-4769-4dd2-9015-730219c359df	(None, 1)
47	7	37c9c341-4769-4dd2-9015-730219c359df	(None, 3)
47	8	37c9c341-4769-4dd2-9015-730219c359df	((15, 7), 0)
47	9	37c9c341-4769-4dd2-9015-730219c359df	((14, 17), 3)
48	0	37c9c341-4769-4dd2-9015-730219c359df	((5, 11), 1)
48	1	37c9c341-4769-4dd2-9015-730219c359df	((13, 7), 0)
48	2	37c9c341-4769-4dd2-9015-730219c359df	((14, 17), 3)
48	3	37c9c341-4769-4dd2-9015-730219c359df	(None, 2)
48	4	37c9c341-4769-4dd2-9015-730219c359df	((5, 10), 1)
48	5	37c9c341-4769-4dd2-9015-730219c359df	((9, 7), 0)
48	6	37c9c341-4769-4dd2-9015-730219c359df	(None, 1)
48	7	37c9c341-4769-4dd2-9015-730219c359df	(None, 3)
48	8	37c9c341-4769-4dd2-9015-730219c359df	((14, 7), 0)
48	9	37c9c341-4769-4dd2-9015-730219c359df	((14, 16), 3)
49	0	37c9c341-4769-4dd2-9015-730219c359df	((5, 12), 1)
49	1	37c9c341-4769-4dd2-9015-730219c359df	((12, 7), 0)
49	2	37c9c341-4769-4dd2-9015-730219c359df	((14, 16), 3)
49	3	37c9c341-4769-4dd2-9015-730219c359df	(None, 2)
49	4	37c9c341-4769-4dd2-9015-730219c359df	((5, 11), 1)
49	5	37c9c341-4769-4dd2-9015-730219c359df	((8, 7), 0)
49	6	37c9c341-4769-4dd2-9015-730219c359df	(None, 1)
49	7	37c9c341-4769-4dd2-9015-730219c359df	(None, 3)
49	8	37c9c341-4769-4dd2-9015-730219c359df	((13, 7), 0)
49	9	37c9c341-4769-4dd2-9015-730219c359df	((14, 15), 3)
50	0	37c9c341-4769-4dd2-9015-730219c359df	((5, 13), 1)
50	1	37c9c341-4769-4dd2-9015-730219c359df	((11, 7), 0)
50	2	37c9c341-4769-4dd2-9015-730219c359df	((14, 15), 3)
50	3	37c9c341-4769-4dd2-9015-730219c359df	(None, 2)
50	4	37c9c341-4769-4dd2-9015-730219c359df	((5, 12), 1)
50	5	37c9c341-4769-4dd2-9015-730219c359df	((7, 7), 0)
50	6	37c9c341-4769-4dd2-9015-730219c359df	(None, 1)
50	7	37c9c341-4769-4dd2-9015-730219c359df	(None, 3)
50	8	37c9c341-4769-4dd2-9015-730219c359df	((12, 7), 0)
50	9	37c9c341-4769-4dd2-9015-730219c359df	((14, 14), 3)
51	0	37c9c341-4769-4dd2-9015-730219c359df	((6, 13), 2)
51	1	37c9c341-4769-4dd2-9015-730219c359df	((10, 7), 0)
51	2	37c9c341-4769-4dd2-9015-730219c359df	((14, 14), 3)
51	3	37c9c341-4769-4dd2-9015-730219c359df	(None, 2)
51	4	37c9c341-4769-4dd2-9015-730219c359df	((5, 13), 1)
51	5	37c9c341-4769-4dd2-9015-730219c359df	((6, 7), 0)
51	6	37c9c341-4769-4dd2-9015-730219c359df	(None, 1)
51	7	37c9c341-4769-4dd2-9015-730219c359df	(None, 3)
51	8	37c9c341-4769-4dd2-9015-730219c359df	((11, 7), 0)
51	9	37c9c341-4769-4dd2-9015-730219c359df	((14, 13), 3)
52	0	37c9c341-4769-4dd2-9015-730219c359df	((7, 13), 2)
52	1	37c9c341-4769-4dd2-9015-730219c359df	((9, 7), 0)
52	2	37c9c341-4769-4dd2-9015-730219c359df	((14, 13), 3)
52	3	37c9c341-4769-4dd2-9015-730219c359df	(None, 2)
52	4	37c9c341-4769-4dd2-9015-730219c359df	((6, 13), 2)
52	5	37c9c341-4769-4dd2-9015-730219c359df	((5, 7), 0)
52	6	37c9c341-4769-4dd2-9015-730219c359df	(None, 1)
52	7	37c9c341-4769-4dd2-9015-730219c359df	(None, 3)
52	8	37c9c341-4769-4dd2-9015-730219c359df	((10, 7), 0)
52	9	37c9c341-4769-4dd2-9015-730219c359df	((13, 13), 0)
53	0	37c9c341-4769-4dd2-9015-730219c359df	((8, 13), 2)
53	1	37c9c341-4769-4dd2-9015-730219c359df	((8, 7), 0)
53	2	37c9c341-4769-4dd2-9015-730219c359df	((14, 12), 3)
53	3	37c9c341-4769-4dd2-9015-730219c359df	(None, 2)
53	4	37c9c341-4769-4dd2-9015-730219c359df	((7, 13), 2)
53	5	37c9c341-4769-4dd2-9015-730219c359df	((5, 8), 1)
53	6	37c9c341-4769-4dd2-9015-730219c359df	(None, 1)
53	7	37c9c341-4769-4dd2-9015-730219c359df	(None, 3)
53	8	37c9c341-4769-4dd2-9015-730219c359df	((9, 7), 0)
53	9	37c9c341-4769-4dd2-9015-730219c359df	((13, 12), 3)
54	0	37c9c341-4769-4dd2-9015-730219c359df	((9, 13), 2)
54	1	37c9c341-4769-4dd2-9015-730219c359df	((7, 7), 0)
54	2	37c9c341-4769-4dd2-9015-730219c359df	((14, 11), 3)
54	3	37c9c341-4769-4dd2-9015-730219c359df	(None, 2)
54	4	37c9c341-4769-4dd2-9015-730219c359df	((8, 13), 2)
54	5	37c9c341-4769-4dd2-9015-730219c359df	((5, 9), 1)
54	6	37c9c341-4769-4dd2-9015-730219c359df	(None, 1)
54	7	37c9c341-4769-4dd2-9015-730219c359df	(None, 3)
54	8	37c9c341-4769-4dd2-9015-730219c359df	((8, 7), 0)
54	9	37c9c341-4769-4dd2-9015-730219c359df	((12, 12), 0)
55	0	37c9c341-4769-4dd2-9015-730219c359df	((10, 13), 2)
55	1	37c9c341-4769-4dd2-9015-730219c359df	((6, 7), 0)
55	2	37c9c341-4769-4dd2-9015-730219c359df	((15, 11), 2)
55	3	37c9c341-4769-4dd2-9015-730219c359df	(None, 2)
55	4	37c9c341-4769-4dd2-9015-730219c359df	((9, 13), 2)
55	5	37c9c341-4769-4dd2-9015-730219c359df	((5, 10), 1)
55	6	37c9c341-4769-4dd2-9015-730219c359df	(None, 1)
55	7	37c9c341-4769-4dd2-9015-730219c359df	(None, 3)
55	8	37c9c341-4769-4dd2-9015-730219c359df	((7, 7), 0)
55	9	37c9c341-4769-4dd2-9015-730219c359df	((11, 12), 0)
56	0	37c9c341-4769-4dd2-9015-730219c359df	((11, 13), 2)
56	1	37c9c341-4769-4dd2-9015-730219c359df	((5, 7), 0)
56	2	37c9c341-4769-4dd2-9015-730219c359df	((15, 10), 3)
56	3	37c9c341-4769-4dd2-9015-730219c359df	((10, 5), 2)
56	4	37c9c341-4769-4dd2-9015-730219c359df	((10, 13), 2)
56	5	37c9c341-4769-4dd2-9015-730219c359df	((5, 11), 1)
56	6	37c9c341-4769-4dd2-9015-730219c359df	(None, 1)
56	7	37c9c341-4769-4dd2-9015-730219c359df	(None, 3)
56	8	37c9c341-4769-4dd2-9015-730219c359df	((6, 7), 0)
56	9	37c9c341-4769-4dd2-9015-730219c359df	((10, 12), 0)
57	0	37c9c341-4769-4dd2-9015-730219c359df	((12, 13), 2)
57	1	37c9c341-4769-4dd2-9015-730219c359df	((5, 8), 1)
57	2	37c9c341-4769-4dd2-9015-730219c359df	((15, 9), 3)
57	3	37c9c341-4769-4dd2-9015-730219c359df	((11, 5), 2)
57	4	37c9c341-4769-4dd2-9015-730219c359df	((11, 13), 2)
57	5	37c9c341-4769-4dd2-9015-730219c359df	((5, 12), 1)
57	6	37c9c341-4769-4dd2-9015-730219c359df	(None, 1)
57	7	37c9c341-4769-4dd2-9015-730219c359df	(None, 3)
57	8	37c9c341-4769-4dd2-9015-730219c359df	((5, 7), 0)
57	9	37c9c341-4769-4dd2-9015-730219c359df	((9, 12), 0)
58	0	37c9c341-4769-4dd2-9015-730219c359df	((13, 13), 2)
58	1	37c9c341-4769-4dd2-9015-730219c359df	((5, 9), 1)
58	2	37c9c341-4769-4dd2-9015-730219c359df	((15, 8), 3)
58	3	37c9c341-4769-4dd2-9015-730219c359df	((11, 6), 1)
58	4	37c9c341-4769-4dd2-9015-730219c359df	((12, 13), 2)
58	5	37c9c341-4769-4dd2-9015-730219c359df	((5, 13), 1)
58	6	37c9c341-4769-4dd2-9015-730219c359df	(None, 1)
58	7	37c9c341-4769-4dd2-9015-730219c359df	(None, 3)
58	8	37c9c341-4769-4dd2-9015-730219c359df	((5, 8), 1)
58	9	37c9c341-4769-4dd2-9015-730219c359df	((8, 12), 0)
59	0	37c9c341-4769-4dd2-9015-730219c359df	((14, 13), 2)
59	1	37c9c341-4769-4dd2-9015-730219c359df	((5, 10), 1)
59	2	37c9c341-4769-4dd2-9015-730219c359df	((15, 7), 3)
59	3	37c9c341-4769-4dd2-9015-730219c359df	((12, 6), 2)
59	4	37c9c341-4769-4dd2-9015-730219c359df	((13, 13), 2)
59	5	37c9c341-4769-4dd2-9015-730219c359df	((6, 13), 2)
59	6	37c9c341-4769-4dd2-9015-730219c359df	(None, 1)
59	7	37c9c341-4769-4dd2-9015-730219c359df	(None, 3)
59	8	37c9c341-4769-4dd2-9015-730219c359df	((5, 9), 1)
59	9	37c9c341-4769-4dd2-9015-730219c359df	((7, 12), 0)
60	0	37c9c341-4769-4dd2-9015-730219c359df	((15, 13), 2)
60	1	37c9c341-4769-4dd2-9015-730219c359df	((5, 11), 1)
60	2	37c9c341-4769-4dd2-9015-730219c359df	((14, 7), 0)
60	3	37c9c341-4769-4dd2-9015-730219c359df	((13, 6), 2)
60	4	37c9c341-4769-4dd2-9015-730219c359df	((14, 13), 2)
60	5	37c9c341-4769-4dd2-9015-730219c359df	((7, 13), 2)
60	6	37c9c341-4769-4dd2-9015-730219c359df	(None, 1)
60	7	37c9c341-4769-4dd2-9015-730219c359df	(None, 3)
60	8	37c9c341-4769-4dd2-9015-730219c359df	((5, 10), 1)
60	9	37c9c341-4769-4dd2-9015-730219c359df	((6, 12), 0)
61	0	37c9c341-4769-4dd2-9015-730219c359df	((16, 13), 2)
61	1	37c9c341-4769-4dd2-9015-730219c359df	((5, 12), 1)
61	2	37c9c341-4769-4dd2-9015-730219c359df	((13, 7), 0)
61	3	37c9c341-4769-4dd2-9015-730219c359df	((14, 6), 2)
61	4	37c9c341-4769-4dd2-9015-730219c359df	((15, 13), 2)
61	5	37c9c341-4769-4dd2-9015-730219c359df	((8, 13), 2)
61	6	37c9c341-4769-4dd2-9015-730219c359df	(None, 1)
61	7	37c9c341-4769-4dd2-9015-730219c359df	(None, 3)
61	8	37c9c341-4769-4dd2-9015-730219c359df	((5, 11), 1)
61	9	37c9c341-4769-4dd2-9015-730219c359df	((6, 11), 3)
62	0	37c9c341-4769-4dd2-9015-730219c359df	((17, 13), 2)
62	1	37c9c341-4769-4dd2-9015-730219c359df	((5, 13), 1)
62	2	37c9c341-4769-4dd2-9015-730219c359df	((12, 7), 0)
62	3	37c9c341-4769-4dd2-9015-730219c359df	((15, 6), 2)
62	4	37c9c341-4769-4dd2-9015-730219c359df	((16, 13), 2)
62	5	37c9c341-4769-4dd2-9015-730219c359df	((9, 13), 2)
62	6	37c9c341-4769-4dd2-9015-730219c359df	(None, 1)
62	7	37c9c341-4769-4dd2-9015-730219c359df	(None, 3)
62	8	37c9c341-4769-4dd2-9015-730219c359df	((5, 12), 1)
62	9	37c9c341-4769-4dd2-9015-730219c359df	((5, 11), 0)
63	0	37c9c341-4769-4dd2-9015-730219c359df	((18, 13), 2)
63	1	37c9c341-4769-4dd2-9015-730219c359df	((6, 13), 2)
63	2	37c9c341-4769-4dd2-9015-730219c359df	((11, 7), 0)
63	3	37c9c341-4769-4dd2-9015-730219c359df	((16, 6), 2)
63	4	37c9c341-4769-4dd2-9015-730219c359df	((17, 13), 2)
63	5	37c9c341-4769-4dd2-9015-730219c359df	((10, 13), 2)
63	6	37c9c341-4769-4dd2-9015-730219c359df	(None, 1)
63	7	37c9c341-4769-4dd2-9015-730219c359df	(None, 3)
63	8	37c9c341-4769-4dd2-9015-730219c359df	((5, 13), 1)
63	9	37c9c341-4769-4dd2-9015-730219c359df	((5, 10), 3)
64	0	37c9c341-4769-4dd2-9015-730219c359df	((19, 13), 2)
64	1	37c9c341-4769-4dd2-9015-730219c359df	((7, 13), 2)
64	2	37c9c341-4769-4dd2-9015-730219c359df	((11, 8), 1)
64	3	37c9c341-4769-4dd2-9015-730219c359df	((17, 6), 2)
64	4	37c9c341-4769-4dd2-9015-730219c359df	((18, 13), 2)
64	5	37c9c341-4769-4dd2-9015-730219c359df	((11, 13), 2)
64	6	37c9c341-4769-4dd2-9015-730219c359df	(None, 1)
64	7	37c9c341-4769-4dd2-9015-730219c359df	(None, 3)
64	8	37c9c341-4769-4dd2-9015-730219c359df	((6, 13), 2)
64	9	37c9c341-4769-4dd2-9015-730219c359df	((5, 9), 3)
65	0	37c9c341-4769-4dd2-9015-730219c359df	((20, 13), 2)
65	1	37c9c341-4769-4dd2-9015-730219c359df	((8, 13), 2)
65	2	37c9c341-4769-4dd2-9015-730219c359df	(None, 0)
65	3	37c9c341-4769-4dd2-9015-730219c359df	((17, 7), 1)
65	4	37c9c341-4769-4dd2-9015-730219c359df	((19, 13), 2)
65	5	37c9c341-4769-4dd2-9015-730219c359df	((12, 13), 2)
65	6	37c9c341-4769-4dd2-9015-730219c359df	(None, 1)
65	7	37c9c341-4769-4dd2-9015-730219c359df	(None, 3)
65	8	37c9c341-4769-4dd2-9015-730219c359df	((7, 13), 2)
65	9	37c9c341-4769-4dd2-9015-730219c359df	((5, 8), 3)
66	0	37c9c341-4769-4dd2-9015-730219c359df	((21, 13), 2)
66	1	37c9c341-4769-4dd2-9015-730219c359df	((9, 13), 2)
66	2	37c9c341-4769-4dd2-9015-730219c359df	(None, 0)
66	3	37c9c341-4769-4dd2-9015-730219c359df	((17, 8), 1)
66	4	37c9c341-4769-4dd2-9015-730219c359df	((20, 13), 2)
66	5	37c9c341-4769-4dd2-9015-730219c359df	((13, 13), 2)
66	6	37c9c341-4769-4dd2-9015-730219c359df	(None, 1)
66	7	37c9c341-4769-4dd2-9015-730219c359df	(None, 3)
66	8	37c9c341-4769-4dd2-9015-730219c359df	((8, 13), 2)
66	9	37c9c341-4769-4dd2-9015-730219c359df	((5, 7), 3)
67	0	37c9c341-4769-4dd2-9015-730219c359df	((22, 13), 2)
67	1	37c9c341-4769-4dd2-9015-730219c359df	((10, 13), 2)
67	2	37c9c341-4769-4dd2-9015-730219c359df	(None, 0)
67	3	37c9c341-4769-4dd2-9015-730219c359df	((17, 9), 1)
67	4	37c9c341-4769-4dd2-9015-730219c359df	((21, 13), 2)
67	5	37c9c341-4769-4dd2-9015-730219c359df	((14, 13), 2)
67	6	37c9c341-4769-4dd2-9015-730219c359df	(None, 1)
67	7	37c9c341-4769-4dd2-9015-730219c359df	(None, 3)
67	8	37c9c341-4769-4dd2-9015-730219c359df	((9, 13), 2)
67	9	37c9c341-4769-4dd2-9015-730219c359df	((6, 7), 2)
68	0	37c9c341-4769-4dd2-9015-730219c359df	((23, 13), 2)
68	1	37c9c341-4769-4dd2-9015-730219c359df	((11, 13), 2)
68	2	37c9c341-4769-4dd2-9015-730219c359df	(None, 0)
68	3	37c9c341-4769-4dd2-9015-730219c359df	((17, 10), 1)
68	4	37c9c341-4769-4dd2-9015-730219c359df	((22, 13), 2)
68	5	37c9c341-4769-4dd2-9015-730219c359df	((14, 14), 1)
68	6	37c9c341-4769-4dd2-9015-730219c359df	(None, 1)
68	7	37c9c341-4769-4dd2-9015-730219c359df	(None, 3)
68	8	37c9c341-4769-4dd2-9015-730219c359df	((10, 13), 2)
68	9	37c9c341-4769-4dd2-9015-730219c359df	((7, 7), 2)
69	0	37c9c341-4769-4dd2-9015-730219c359df	((24, 13), 2)
69	1	37c9c341-4769-4dd2-9015-730219c359df	((12, 13), 2)
69	2	37c9c341-4769-4dd2-9015-730219c359df	(None, 0)
69	3	37c9c341-4769-4dd2-9015-730219c359df	((17, 11), 1)
69	4	37c9c341-4769-4dd2-9015-730219c359df	((23, 13), 2)
69	5	37c9c341-4769-4dd2-9015-730219c359df	((14, 15), 1)
69	6	37c9c341-4769-4dd2-9015-730219c359df	(None, 1)
69	7	37c9c341-4769-4dd2-9015-730219c359df	(None, 3)
69	8	37c9c341-4769-4dd2-9015-730219c359df	((11, 13), 2)
69	9	37c9c341-4769-4dd2-9015-730219c359df	((8, 7), 2)
70	0	37c9c341-4769-4dd2-9015-730219c359df	((25, 13), 2)
70	1	37c9c341-4769-4dd2-9015-730219c359df	((13, 13), 2)
70	2	37c9c341-4769-4dd2-9015-730219c359df	(None, 0)
70	3	37c9c341-4769-4dd2-9015-730219c359df	((17, 12), 1)
70	4	37c9c341-4769-4dd2-9015-730219c359df	((24, 13), 2)
70	5	37c9c341-4769-4dd2-9015-730219c359df	((15, 15), 2)
70	6	37c9c341-4769-4dd2-9015-730219c359df	(None, 1)
70	7	37c9c341-4769-4dd2-9015-730219c359df	(None, 3)
70	8	37c9c341-4769-4dd2-9015-730219c359df	((12, 13), 2)
70	9	37c9c341-4769-4dd2-9015-730219c359df	((9, 7), 2)
71	0	37c9c341-4769-4dd2-9015-730219c359df	((26, 13), 2)
71	1	37c9c341-4769-4dd2-9015-730219c359df	((14, 13), 2)
71	2	37c9c341-4769-4dd2-9015-730219c359df	(None, 0)
71	3	37c9c341-4769-4dd2-9015-730219c359df	((18, 12), 2)
71	4	37c9c341-4769-4dd2-9015-730219c359df	((25, 13), 2)
71	5	37c9c341-4769-4dd2-9015-730219c359df	((15, 16), 1)
71	6	37c9c341-4769-4dd2-9015-730219c359df	(None, 1)
71	7	37c9c341-4769-4dd2-9015-730219c359df	(None, 3)
71	8	37c9c341-4769-4dd2-9015-730219c359df	((13, 13), 2)
71	9	37c9c341-4769-4dd2-9015-730219c359df	((10, 7), 2)
72	0	37c9c341-4769-4dd2-9015-730219c359df	((27, 13), 2)
72	1	37c9c341-4769-4dd2-9015-730219c359df	((14, 14), 1)
72	2	37c9c341-4769-4dd2-9015-730219c359df	(None, 0)
72	3	37c9c341-4769-4dd2-9015-730219c359df	((19, 12), 2)
72	4	37c9c341-4769-4dd2-9015-730219c359df	((26, 13), 2)
72	5	37c9c341-4769-4dd2-9015-730219c359df	((15, 17), 1)
72	6	37c9c341-4769-4dd2-9015-730219c359df	(None, 1)
72	7	37c9c341-4769-4dd2-9015-730219c359df	(None, 3)
72	8	37c9c341-4769-4dd2-9015-730219c359df	((14, 13), 2)
72	9	37c9c341-4769-4dd2-9015-730219c359df	((11, 7), 2)
73	0	37c9c341-4769-4dd2-9015-730219c359df	((27, 12), 3)
73	1	37c9c341-4769-4dd2-9015-730219c359df	((14, 15), 1)
73	2	37c9c341-4769-4dd2-9015-730219c359df	(None, 0)
73	3	37c9c341-4769-4dd2-9015-730219c359df	((19, 13), 1)
73	4	37c9c341-4769-4dd2-9015-730219c359df	((27, 13), 2)
73	5	37c9c341-4769-4dd2-9015-730219c359df	(None, 1)
73	6	37c9c341-4769-4dd2-9015-730219c359df	(None, 1)
73	7	37c9c341-4769-4dd2-9015-730219c359df	(None, 3)
73	8	37c9c341-4769-4dd2-9015-730219c359df	((14, 14), 1)
73	9	37c9c341-4769-4dd2-9015-730219c359df	((12, 7), 2)
74	0	37c9c341-4769-4dd2-9015-730219c359df	((27, 11), 3)
74	1	37c9c341-4769-4dd2-9015-730219c359df	((15, 15), 2)
74	2	37c9c341-4769-4dd2-9015-730219c359df	(None, 0)
74	3	37c9c341-4769-4dd2-9015-730219c359df	((19, 14), 1)
74	4	37c9c341-4769-4dd2-9015-730219c359df	((27, 12), 3)
74	5	37c9c341-4769-4dd2-9015-730219c359df	(None, 1)
74	6	37c9c341-4769-4dd2-9015-730219c359df	(None, 1)
74	7	37c9c341-4769-4dd2-9015-730219c359df	(None, 3)
74	8	37c9c341-4769-4dd2-9015-730219c359df	((14, 15), 1)
74	9	37c9c341-4769-4dd2-9015-730219c359df	((13, 7), 2)
75	0	37c9c341-4769-4dd2-9015-730219c359df	((27, 10), 3)
75	1	37c9c341-4769-4dd2-9015-730219c359df	((15, 16), 1)
75	2	37c9c341-4769-4dd2-9015-730219c359df	(None, 0)
75	3	37c9c341-4769-4dd2-9015-730219c359df	((19, 15), 1)
75	4	37c9c341-4769-4dd2-9015-730219c359df	((27, 11), 3)
75	5	37c9c341-4769-4dd2-9015-730219c359df	(None, 1)
75	6	37c9c341-4769-4dd2-9015-730219c359df	(None, 1)
75	7	37c9c341-4769-4dd2-9015-730219c359df	(None, 3)
75	8	37c9c341-4769-4dd2-9015-730219c359df	((15, 15), 2)
75	9	37c9c341-4769-4dd2-9015-730219c359df	((14, 7), 2)
76	0	37c9c341-4769-4dd2-9015-730219c359df	((27, 9), 3)
76	1	37c9c341-4769-4dd2-9015-730219c359df	((15, 17), 1)
76	2	37c9c341-4769-4dd2-9015-730219c359df	(None, 0)
76	3	37c9c341-4769-4dd2-9015-730219c359df	((19, 16), 1)
76	4	37c9c341-4769-4dd2-9015-730219c359df	((27, 10), 3)
76	5	37c9c341-4769-4dd2-9015-730219c359df	(None, 1)
76	6	37c9c341-4769-4dd2-9015-730219c359df	(None, 1)
76	7	37c9c341-4769-4dd2-9015-730219c359df	(None, 3)
76	8	37c9c341-4769-4dd2-9015-730219c359df	((15, 16), 1)
76	9	37c9c341-4769-4dd2-9015-730219c359df	((15, 7), 2)
77	0	37c9c341-4769-4dd2-9015-730219c359df	((27, 8), 3)
77	1	37c9c341-4769-4dd2-9015-730219c359df	(None, 1)
77	2	37c9c341-4769-4dd2-9015-730219c359df	(None, 0)
77	3	37c9c341-4769-4dd2-9015-730219c359df	((19, 17), 1)
77	4	37c9c341-4769-4dd2-9015-730219c359df	((27, 9), 3)
77	5	37c9c341-4769-4dd2-9015-730219c359df	(None, 1)
77	6	37c9c341-4769-4dd2-9015-730219c359df	(None, 1)
77	7	37c9c341-4769-4dd2-9015-730219c359df	(None, 3)
77	8	37c9c341-4769-4dd2-9015-730219c359df	((15, 17), 1)
77	9	37c9c341-4769-4dd2-9015-730219c359df	((16, 7), 2)
78	0	37c9c341-4769-4dd2-9015-730219c359df	((27, 7), 3)
78	1	37c9c341-4769-4dd2-9015-730219c359df	(None, 1)
78	2	37c9c341-4769-4dd2-9015-730219c359df	(None, 0)
78	3	37c9c341-4769-4dd2-9015-730219c359df	((19, 18), 1)
78	4	37c9c341-4769-4dd2-9015-730219c359df	((27, 8), 3)
78	5	37c9c341-4769-4dd2-9015-730219c359df	(None, 1)
78	6	37c9c341-4769-4dd2-9015-730219c359df	(None, 1)
78	7	37c9c341-4769-4dd2-9015-730219c359df	(None, 3)
78	8	37c9c341-4769-4dd2-9015-730219c359df	(None, 1)
78	9	37c9c341-4769-4dd2-9015-730219c359df	((17, 7), 2)
79	0	37c9c341-4769-4dd2-9015-730219c359df	((26, 7), 0)
79	1	37c9c341-4769-4dd2-9015-730219c359df	(None, 1)
79	2	37c9c341-4769-4dd2-9015-730219c359df	(None, 0)
79	3	37c9c341-4769-4dd2-9015-730219c359df	((19, 19), 1)
79	4	37c9c341-4769-4dd2-9015-730219c359df	((27, 7), 3)
79	5	37c9c341-4769-4dd2-9015-730219c359df	(None, 1)
79	6	37c9c341-4769-4dd2-9015-730219c359df	(None, 1)
79	7	37c9c341-4769-4dd2-9015-730219c359df	(None, 3)
79	8	37c9c341-4769-4dd2-9015-730219c359df	(None, 1)
79	9	37c9c341-4769-4dd2-9015-730219c359df	((18, 7), 2)
80	0	37c9c341-4769-4dd2-9015-730219c359df	((25, 7), 0)
80	1	37c9c341-4769-4dd2-9015-730219c359df	(None, 1)
80	2	37c9c341-4769-4dd2-9015-730219c359df	(None, 0)
80	3	37c9c341-4769-4dd2-9015-730219c359df	((19, 20), 1)
80	4	37c9c341-4769-4dd2-9015-730219c359df	((26, 7), 0)
80	5	37c9c341-4769-4dd2-9015-730219c359df	(None, 1)
80	6	37c9c341-4769-4dd2-9015-730219c359df	(None, 1)
80	7	37c9c341-4769-4dd2-9015-730219c359df	(None, 3)
80	8	37c9c341-4769-4dd2-9015-730219c359df	(None, 1)
80	9	37c9c341-4769-4dd2-9015-730219c359df	((19, 7), 2)
81	0	37c9c341-4769-4dd2-9015-730219c359df	((25, 8), 1)
81	1	37c9c341-4769-4dd2-9015-730219c359df	(None, 1)
81	2	37c9c341-4769-4dd2-9015-730219c359df	(None, 0)
81	3	37c9c341-4769-4dd2-9015-730219c359df	((19, 21), 1)
81	4	37c9c341-4769-4dd2-9015-730219c359df	((25, 7), 0)
81	5	37c9c341-4769-4dd2-9015-730219c359df	(None, 1)
81	6	37c9c341-4769-4dd2-9015-730219c359df	(None, 1)
81	7	37c9c341-4769-4dd2-9015-730219c359df	(None, 3)
81	8	37c9c341-4769-4dd2-9015-730219c359df	(None, 1)
81	9	37c9c341-4769-4dd2-9015-730219c359df	((19, 8), 1)
82	0	37c9c341-4769-4dd2-9015-730219c359df	((24, 8), 0)
82	1	37c9c341-4769-4dd2-9015-730219c359df	(None, 1)
82	2	37c9c341-4769-4dd2-9015-730219c359df	(None, 0)
82	3	37c9c341-4769-4dd2-9015-730219c359df	((19, 22), 1)
82	4	37c9c341-4769-4dd2-9015-730219c359df	((25, 8), 1)
82	5	37c9c341-4769-4dd2-9015-730219c359df	(None, 1)
82	6	37c9c341-4769-4dd2-9015-730219c359df	(None, 1)
82	7	37c9c341-4769-4dd2-9015-730219c359df	(None, 3)
82	8	37c9c341-4769-4dd2-9015-730219c359df	(None, 1)
82	9	37c9c341-4769-4dd2-9015-730219c359df	((20, 8), 2)
83	0	37c9c341-4769-4dd2-9015-730219c359df	((23, 8), 0)
83	1	37c9c341-4769-4dd2-9015-730219c359df	(None, 1)
83	2	37c9c341-4769-4dd2-9015-730219c359df	(None, 0)
83	3	37c9c341-4769-4dd2-9015-730219c359df	((19, 23), 1)
83	4	37c9c341-4769-4dd2-9015-730219c359df	((24, 8), 0)
83	5	37c9c341-4769-4dd2-9015-730219c359df	(None, 1)
83	6	37c9c341-4769-4dd2-9015-730219c359df	(None, 1)
83	7	37c9c341-4769-4dd2-9015-730219c359df	(None, 3)
83	8	37c9c341-4769-4dd2-9015-730219c359df	(None, 1)
83	9	37c9c341-4769-4dd2-9015-730219c359df	((21, 8), 2)
84	0	37c9c341-4769-4dd2-9015-730219c359df	(None, 0)
84	1	37c9c341-4769-4dd2-9015-730219c359df	(None, 1)
84	2	37c9c341-4769-4dd2-9015-730219c359df	(None, 0)
84	3	37c9c341-4769-4dd2-9015-730219c359df	((18, 23), 0)
84	4	37c9c341-4769-4dd2-9015-730219c359df	((23, 8), 0)
84	5	37c9c341-4769-4dd2-9015-730219c359df	(None, 1)
84	6	37c9c341-4769-4dd2-9015-730219c359df	(None, 1)
84	7	37c9c341-4769-4dd2-9015-730219c359df	((14, 18), 3)
84	8	37c9c341-4769-4dd2-9015-730219c359df	(None, 1)
84	9	37c9c341-4769-4dd2-9015-730219c359df	((21, 8), 2)
85	0	37c9c341-4769-4dd2-9015-730219c359df	(None, 0)
85	1	37c9c341-4769-4dd2-9015-730219c359df	(None, 1)
85	2	37c9c341-4769-4dd2-9015-730219c359df	(None, 0)
85	3	37c9c341-4769-4dd2-9015-730219c359df	((17, 23), 0)
85	4	37c9c341-4769-4dd2-9015-730219c359df	(None, 0)
85	5	37c9c341-4769-4dd2-9015-730219c359df	(None, 1)
85	6	37c9c341-4769-4dd2-9015-730219c359df	(None, 1)
85	7	37c9c341-4769-4dd2-9015-730219c359df	((14, 17), 3)
85	8	37c9c341-4769-4dd2-9015-730219c359df	(None, 1)
85	9	37c9c341-4769-4dd2-9015-730219c359df	((21, 8), 2)
86	0	37c9c341-4769-4dd2-9015-730219c359df	(None, 0)
86	1	37c9c341-4769-4dd2-9015-730219c359df	(None, 1)
86	2	37c9c341-4769-4dd2-9015-730219c359df	(None, 0)
86	3	37c9c341-4769-4dd2-9015-730219c359df	((16, 23), 0)
86	4	37c9c341-4769-4dd2-9015-730219c359df	(None, 0)
86	5	37c9c341-4769-4dd2-9015-730219c359df	(None, 1)
86	6	37c9c341-4769-4dd2-9015-730219c359df	(None, 1)
86	7	37c9c341-4769-4dd2-9015-730219c359df	((14, 16), 3)
86	8	37c9c341-4769-4dd2-9015-730219c359df	(None, 1)
86	9	37c9c341-4769-4dd2-9015-730219c359df	(None, 2)
87	0	37c9c341-4769-4dd2-9015-730219c359df	(None, 0)
87	1	37c9c341-4769-4dd2-9015-730219c359df	(None, 1)
87	2	37c9c341-4769-4dd2-9015-730219c359df	(None, 0)
87	3	37c9c341-4769-4dd2-9015-730219c359df	((15, 23), 0)
87	4	37c9c341-4769-4dd2-9015-730219c359df	(None, 0)
87	5	37c9c341-4769-4dd2-9015-730219c359df	(None, 1)
87	6	37c9c341-4769-4dd2-9015-730219c359df	(None, 1)
87	7	37c9c341-4769-4dd2-9015-730219c359df	((14, 15), 3)
87	8	37c9c341-4769-4dd2-9015-730219c359df	(None, 1)
87	9	37c9c341-4769-4dd2-9015-730219c359df	(None, 2)
88	0	37c9c341-4769-4dd2-9015-730219c359df	(None, 0)
88	1	37c9c341-4769-4dd2-9015-730219c359df	(None, 1)
88	2	37c9c341-4769-4dd2-9015-730219c359df	(None, 0)
88	3	37c9c341-4769-4dd2-9015-730219c359df	((14, 23), 0)
88	4	37c9c341-4769-4dd2-9015-730219c359df	(None, 0)
88	5	37c9c341-4769-4dd2-9015-730219c359df	(None, 1)
88	6	37c9c341-4769-4dd2-9015-730219c359df	(None, 1)
88	7	37c9c341-4769-4dd2-9015-730219c359df	((14, 14), 3)
88	8	37c9c341-4769-4dd2-9015-730219c359df	(None, 1)
88	9	37c9c341-4769-4dd2-9015-730219c359df	(None, 2)
89	0	37c9c341-4769-4dd2-9015-730219c359df	(None, 0)
89	1	37c9c341-4769-4dd2-9015-730219c359df	(None, 1)
89	2	37c9c341-4769-4dd2-9015-730219c359df	(None, 0)
89	3	37c9c341-4769-4dd2-9015-730219c359df	((14, 22), 3)
89	4	37c9c341-4769-4dd2-9015-730219c359df	(None, 0)
89	5	37c9c341-4769-4dd2-9015-730219c359df	(None, 1)
89	6	37c9c341-4769-4dd2-9015-730219c359df	(None, 1)
89	7	37c9c341-4769-4dd2-9015-730219c359df	((14, 13), 3)
89	8	37c9c341-4769-4dd2-9015-730219c359df	(None, 1)
89	9	37c9c341-4769-4dd2-9015-730219c359df	(None, 2)
90	0	37c9c341-4769-4dd2-9015-730219c359df	(None, 0)
90	1	37c9c341-4769-4dd2-9015-730219c359df	(None, 1)
90	2	37c9c341-4769-4dd2-9015-730219c359df	(None, 0)
90	3	37c9c341-4769-4dd2-9015-730219c359df	((14, 21), 3)
90	4	37c9c341-4769-4dd2-9015-730219c359df	(None, 0)
90	5	37c9c341-4769-4dd2-9015-730219c359df	(None, 1)
90	6	37c9c341-4769-4dd2-9015-730219c359df	(None, 1)
90	7	37c9c341-4769-4dd2-9015-730219c359df	((14, 12), 3)
90	8	37c9c341-4769-4dd2-9015-730219c359df	(None, 1)
90	9	37c9c341-4769-4dd2-9015-730219c359df	(None, 2)
91	0	37c9c341-4769-4dd2-9015-730219c359df	(None, 0)
91	1	37c9c341-4769-4dd2-9015-730219c359df	(None, 1)
91	2	37c9c341-4769-4dd2-9015-730219c359df	(None, 0)
91	3	37c9c341-4769-4dd2-9015-730219c359df	((15, 21), 2)
91	4	37c9c341-4769-4dd2-9015-730219c359df	(None, 0)
91	5	37c9c341-4769-4dd2-9015-730219c359df	(None, 1)
91	6	37c9c341-4769-4dd2-9015-730219c359df	(None, 1)
91	7	37c9c341-4769-4dd2-9015-730219c359df	((14, 11), 3)
91	8	37c9c341-4769-4dd2-9015-730219c359df	(None, 1)
91	9	37c9c341-4769-4dd2-9015-730219c359df	(None, 2)
92	0	37c9c341-4769-4dd2-9015-730219c359df	(None, 0)
92	1	37c9c341-4769-4dd2-9015-730219c359df	(None, 1)
92	2	37c9c341-4769-4dd2-9015-730219c359df	(None, 0)
92	3	37c9c341-4769-4dd2-9015-730219c359df	((15, 20), 3)
92	4	37c9c341-4769-4dd2-9015-730219c359df	(None, 0)
92	5	37c9c341-4769-4dd2-9015-730219c359df	(None, 1)
92	6	37c9c341-4769-4dd2-9015-730219c359df	(None, 1)
92	7	37c9c341-4769-4dd2-9015-730219c359df	((15, 11), 2)
92	8	37c9c341-4769-4dd2-9015-730219c359df	(None, 1)
92	9	37c9c341-4769-4dd2-9015-730219c359df	(None, 2)
93	0	37c9c341-4769-4dd2-9015-730219c359df	(None, 0)
93	1	37c9c341-4769-4dd2-9015-730219c359df	(None, 1)
93	2	37c9c341-4769-4dd2-9015-730219c359df	(None, 0)
93	3	37c9c341-4769-4dd2-9015-730219c359df	((15, 19), 3)
93	4	37c9c341-4769-4dd2-9015-730219c359df	(None, 0)
93	5	37c9c341-4769-4dd2-9015-730219c359df	(None, 1)
93	6	37c9c341-4769-4dd2-9015-730219c359df	(None, 1)
93	7	37c9c341-4769-4dd2-9015-730219c359df	((15, 10), 3)
93	8	37c9c341-4769-4dd2-9015-730219c359df	(None, 1)
93	9	37c9c341-4769-4dd2-9015-730219c359df	(None, 2)
94	0	37c9c341-4769-4dd2-9015-730219c359df	(None, 0)
94	1	37c9c341-4769-4dd2-9015-730219c359df	(None, 1)
94	2	37c9c341-4769-4dd2-9015-730219c359df	(None, 0)
94	3	37c9c341-4769-4dd2-9015-730219c359df	(None, 3)
94	4	37c9c341-4769-4dd2-9015-730219c359df	(None, 0)
94	5	37c9c341-4769-4dd2-9015-730219c359df	(None, 1)
94	6	37c9c341-4769-4dd2-9015-730219c359df	(None, 1)
94	7	37c9c341-4769-4dd2-9015-730219c359df	((15, 9), 3)
94	8	37c9c341-4769-4dd2-9015-730219c359df	(None, 1)
94	9	37c9c341-4769-4dd2-9015-730219c359df	(None, 2)
95	0	37c9c341-4769-4dd2-9015-730219c359df	(None, 0)
95	1	37c9c341-4769-4dd2-9015-730219c359df	(None, 1)
95	2	37c9c341-4769-4dd2-9015-730219c359df	(None, 0)
95	3	37c9c341-4769-4dd2-9015-730219c359df	(None, 3)
95	4	37c9c341-4769-4dd2-9015-730219c359df	(None, 0)
95	5	37c9c341-4769-4dd2-9015-730219c359df	(None, 1)
95	6	37c9c341-4769-4dd2-9015-730219c359df	(None, 1)
95	7	37c9c341-4769-4dd2-9015-730219c359df	((15, 8), 3)
95	8	37c9c341-4769-4dd2-9015-730219c359df	(None, 1)
95	9	37c9c341-4769-4dd2-9015-730219c359df	(None, 2)
96	0	37c9c341-4769-4dd2-9015-730219c359df	(None, 0)
96	1	37c9c341-4769-4dd2-9015-730219c359df	(None, 1)
96	2	37c9c341-4769-4dd2-9015-730219c359df	(None, 0)
96	3	37c9c341-4769-4dd2-9015-730219c359df	(None, 3)
96	4	37c9c341-4769-4dd2-9015-730219c359df	(None, 0)
96	5	37c9c341-4769-4dd2-9015-730219c359df	(None, 1)
96	6	37c9c341-4769-4dd2-9015-730219c359df	(None, 1)
96	7	37c9c341-4769-4dd2-9015-730219c359df	((15, 7), 3)
96	8	37c9c341-4769-4dd2-9015-730219c359df	(None, 1)
96	9	37c9c341-4769-4dd2-9015-730219c359df	(None, 2)
97	0	37c9c341-4769-4dd2-9015-730219c359df	(None, 0)
97	1	37c9c341-4769-4dd2-9015-730219c359df	(None, 1)
97	2	37c9c341-4769-4dd2-9015-730219c359df	(None, 0)
97	3	37c9c341-4769-4dd2-9015-730219c359df	(None, 3)
97	4	37c9c341-4769-4dd2-9015-730219c359df	(None, 0)
97	5	37c9c341-4769-4dd2-9015-730219c359df	(None, 1)
97	6	37c9c341-4769-4dd2-9015-730219c359df	(None, 1)
97	7	37c9c341-4769-4dd2-9015-730219c359df	((14, 7), 0)
97	8	37c9c341-4769-4dd2-9015-730219c359df	(None, 1)
97	9	37c9c341-4769-4dd2-9015-730219c359df	(None, 2)
98	0	37c9c341-4769-4dd2-9015-730219c359df	(None, 0)
98	1	37c9c341-4769-4dd2-9015-730219c359df	(None, 1)
98	2	37c9c341-4769-4dd2-9015-730219c359df	(None, 0)
98	3	37c9c341-4769-4dd2-9015-730219c359df	(None, 3)
98	4	37c9c341-4769-4dd2-9015-730219c359df	(None, 0)
98	5	37c9c341-4769-4dd2-9015-730219c359df	(None, 1)
98	6	37c9c341-4769-4dd2-9015-730219c359df	(None, 1)
98	7	37c9c341-4769-4dd2-9015-730219c359df	((13, 7), 0)
98	8	37c9c341-4769-4dd2-9015-730219c359df	(None, 1)
98	9	37c9c341-4769-4dd2-9015-730219c359df	(None, 2)
99	0	37c9c341-4769-4dd2-9015-730219c359df	(None, 0)
99	1	37c9c341-4769-4dd2-9015-730219c359df	(None, 1)
99	2	37c9c341-4769-4dd2-9015-730219c359df	(None, 0)
99	3	37c9c341-4769-4dd2-9015-730219c359df	(None, 3)
99	4	37c9c341-4769-4dd2-9015-730219c359df	(None, 0)
99	5	37c9c341-4769-4dd2-9015-730219c359df	(None, 1)
99	6	37c9c341-4769-4dd2-9015-730219c359df	(None, 1)
99	7	37c9c341-4769-4dd2-9015-730219c359df	((12, 7), 0)
99	8	37c9c341-4769-4dd2-9015-730219c359df	(None, 1)
99	9	37c9c341-4769-4dd2-9015-730219c359df	(None, 2)
100	0	37c9c341-4769-4dd2-9015-730219c359df	(None, 0)
100	1	37c9c341-4769-4dd2-9015-730219c359df	(None, 1)
100	2	37c9c341-4769-4dd2-9015-730219c359df	(None, 0)
100	3	37c9c341-4769-4dd2-9015-730219c359df	(None, 3)
100	4	37c9c341-4769-4dd2-9015-730219c359df	(None, 0)
100	5	37c9c341-4769-4dd2-9015-730219c359df	(None, 1)
100	6	37c9c341-4769-4dd2-9015-730219c359df	(None, 1)
100	7	37c9c341-4769-4dd2-9015-730219c359df	((12, 6), 3)
100	8	37c9c341-4769-4dd2-9015-730219c359df	(None, 1)
100	9	37c9c341-4769-4dd2-9015-730219c359df	(None, 2)
101	0	37c9c341-4769-4dd2-9015-730219c359df	(None, 0)
101	1	37c9c341-4769-4dd2-9015-730219c359df	(None, 1)
101	2	37c9c341-4769-4dd2-9015-730219c359df	(None, 0)
101	3	37c9c341-4769-4dd2-9015-730219c359df	(None, 3)
101	4	37c9c341-4769-4dd2-9015-730219c359df	(None, 0)
101	5	37c9c341-4769-4dd2-9015-730219c359df	(None, 1)
101	6	37c9c341-4769-4dd2-9015-730219c359df	(None, 1)
101	7	37c9c341-4769-4dd2-9015-730219c359df	((11, 6), 0)
101	8	37c9c341-4769-4dd2-9015-730219c359df	(None, 1)
101	9	37c9c341-4769-4dd2-9015-730219c359df	(None, 2)
102	0	37c9c341-4769-4dd2-9015-730219c359df	(None, 0)
102	1	37c9c341-4769-4dd2-9015-730219c359df	(None, 1)
102	2	37c9c341-4769-4dd2-9015-730219c359df	(None, 0)
102	3	37c9c341-4769-4dd2-9015-730219c359df	(None, 3)
102	4	37c9c341-4769-4dd2-9015-730219c359df	(None, 0)
102	5	37c9c341-4769-4dd2-9015-730219c359df	(None, 1)
102	6	37c9c341-4769-4dd2-9015-730219c359df	(None, 1)
102	7	37c9c341-4769-4dd2-9015-730219c359df	(None, 0)
102	8	37c9c341-4769-4dd2-9015-730219c359df	(None, 1)
102	9	37c9c341-4769-4dd2-9015-730219c359df	(None, 2)
1	0	6e7e8453-a311-43ae-91a4-f2604951a69e	(None, 2)
1	1	6e7e8453-a311-43ae-91a4-f2604951a69e	(None, 1)
1	2	6e7e8453-a311-43ae-91a4-f2604951a69e	(None, 3)
1	3	6e7e8453-a311-43ae-91a4-f2604951a69e	(None, 0)
1	4	6e7e8453-a311-43ae-91a4-f2604951a69e	(None, 3)
1	5	6e7e8453-a311-43ae-91a4-f2604951a69e	(None, 0)
1	6	6e7e8453-a311-43ae-91a4-f2604951a69e	(None, 2)
1	7	6e7e8453-a311-43ae-91a4-f2604951a69e	(None, 0)
1	8	6e7e8453-a311-43ae-91a4-f2604951a69e	(None, 0)
1	9	6e7e8453-a311-43ae-91a4-f2604951a69e	(None, 3)
2	0	6e7e8453-a311-43ae-91a4-f2604951a69e	(None, 2)
2	1	6e7e8453-a311-43ae-91a4-f2604951a69e	(None, 1)
2	2	6e7e8453-a311-43ae-91a4-f2604951a69e	(None, 3)
2	3	6e7e8453-a311-43ae-91a4-f2604951a69e	(None, 0)
2	4	6e7e8453-a311-43ae-91a4-f2604951a69e	(None, 3)
2	5	6e7e8453-a311-43ae-91a4-f2604951a69e	((5, 22), 0)
2	6	6e7e8453-a311-43ae-91a4-f2604951a69e	(None, 2)
2	7	6e7e8453-a311-43ae-91a4-f2604951a69e	(None, 0)
2	8	6e7e8453-a311-43ae-91a4-f2604951a69e	(None, 0)
2	9	6e7e8453-a311-43ae-91a4-f2604951a69e	(None, 3)
3	0	6e7e8453-a311-43ae-91a4-f2604951a69e	(None, 2)
3	1	6e7e8453-a311-43ae-91a4-f2604951a69e	(None, 1)
3	2	6e7e8453-a311-43ae-91a4-f2604951a69e	(None, 3)
3	3	6e7e8453-a311-43ae-91a4-f2604951a69e	(None, 0)
3	4	6e7e8453-a311-43ae-91a4-f2604951a69e	(None, 3)
3	5	6e7e8453-a311-43ae-91a4-f2604951a69e	((4, 22), 0)
3	6	6e7e8453-a311-43ae-91a4-f2604951a69e	(None, 2)
3	7	6e7e8453-a311-43ae-91a4-f2604951a69e	(None, 0)
3	8	6e7e8453-a311-43ae-91a4-f2604951a69e	(None, 0)
3	9	6e7e8453-a311-43ae-91a4-f2604951a69e	(None, 3)
4	0	6e7e8453-a311-43ae-91a4-f2604951a69e	(None, 2)
4	1	6e7e8453-a311-43ae-91a4-f2604951a69e	(None, 1)
4	2	6e7e8453-a311-43ae-91a4-f2604951a69e	(None, 3)
4	3	6e7e8453-a311-43ae-91a4-f2604951a69e	(None, 0)
4	4	6e7e8453-a311-43ae-91a4-f2604951a69e	(None, 3)
4	5	6e7e8453-a311-43ae-91a4-f2604951a69e	((3, 22), 0)
4	6	6e7e8453-a311-43ae-91a4-f2604951a69e	(None, 2)
4	7	6e7e8453-a311-43ae-91a4-f2604951a69e	(None, 0)
4	8	6e7e8453-a311-43ae-91a4-f2604951a69e	(None, 0)
4	9	6e7e8453-a311-43ae-91a4-f2604951a69e	(None, 3)
5	0	6e7e8453-a311-43ae-91a4-f2604951a69e	(None, 2)
5	1	6e7e8453-a311-43ae-91a4-f2604951a69e	(None, 1)
5	2	6e7e8453-a311-43ae-91a4-f2604951a69e	(None, 3)
5	3	6e7e8453-a311-43ae-91a4-f2604951a69e	(None, 0)
5	4	6e7e8453-a311-43ae-91a4-f2604951a69e	((22, 5), 3)
5	5	6e7e8453-a311-43ae-91a4-f2604951a69e	((2, 22), 0)
5	6	6e7e8453-a311-43ae-91a4-f2604951a69e	(None, 2)
5	7	6e7e8453-a311-43ae-91a4-f2604951a69e	(None, 0)
5	8	6e7e8453-a311-43ae-91a4-f2604951a69e	(None, 0)
5	9	6e7e8453-a311-43ae-91a4-f2604951a69e	(None, 3)
6	0	6e7e8453-a311-43ae-91a4-f2604951a69e	(None, 2)
6	1	6e7e8453-a311-43ae-91a4-f2604951a69e	(None, 1)
6	2	6e7e8453-a311-43ae-91a4-f2604951a69e	(None, 3)
6	3	6e7e8453-a311-43ae-91a4-f2604951a69e	(None, 0)
6	4	6e7e8453-a311-43ae-91a4-f2604951a69e	((22, 4), 3)
6	5	6e7e8453-a311-43ae-91a4-f2604951a69e	((1, 22), 0)
6	6	6e7e8453-a311-43ae-91a4-f2604951a69e	(None, 2)
6	7	6e7e8453-a311-43ae-91a4-f2604951a69e	(None, 0)
6	8	6e7e8453-a311-43ae-91a4-f2604951a69e	(None, 0)
6	9	6e7e8453-a311-43ae-91a4-f2604951a69e	(None, 3)
7	0	6e7e8453-a311-43ae-91a4-f2604951a69e	(None, 2)
7	1	6e7e8453-a311-43ae-91a4-f2604951a69e	(None, 1)
7	2	6e7e8453-a311-43ae-91a4-f2604951a69e	(None, 3)
7	3	6e7e8453-a311-43ae-91a4-f2604951a69e	((16, 20), 0)
7	4	6e7e8453-a311-43ae-91a4-f2604951a69e	((22, 3), 3)
7	5	6e7e8453-a311-43ae-91a4-f2604951a69e	((0, 22), 0)
7	6	6e7e8453-a311-43ae-91a4-f2604951a69e	(None, 2)
7	7	6e7e8453-a311-43ae-91a4-f2604951a69e	(None, 0)
7	8	6e7e8453-a311-43ae-91a4-f2604951a69e	(None, 0)
7	9	6e7e8453-a311-43ae-91a4-f2604951a69e	(None, 3)
8	0	6e7e8453-a311-43ae-91a4-f2604951a69e	(None, 2)
8	1	6e7e8453-a311-43ae-91a4-f2604951a69e	(None, 1)
8	2	6e7e8453-a311-43ae-91a4-f2604951a69e	(None, 3)
8	3	6e7e8453-a311-43ae-91a4-f2604951a69e	((15, 20), 0)
8	4	6e7e8453-a311-43ae-91a4-f2604951a69e	((22, 2), 3)
8	5	6e7e8453-a311-43ae-91a4-f2604951a69e	((0, 21), 3)
8	6	6e7e8453-a311-43ae-91a4-f2604951a69e	(None, 2)
8	7	6e7e8453-a311-43ae-91a4-f2604951a69e	(None, 0)
8	8	6e7e8453-a311-43ae-91a4-f2604951a69e	(None, 0)
8	9	6e7e8453-a311-43ae-91a4-f2604951a69e	(None, 3)
9	0	6e7e8453-a311-43ae-91a4-f2604951a69e	(None, 2)
9	1	6e7e8453-a311-43ae-91a4-f2604951a69e	(None, 1)
9	2	6e7e8453-a311-43ae-91a4-f2604951a69e	(None, 3)
9	3	6e7e8453-a311-43ae-91a4-f2604951a69e	((14, 20), 0)
9	4	6e7e8453-a311-43ae-91a4-f2604951a69e	((22, 1), 3)
9	5	6e7e8453-a311-43ae-91a4-f2604951a69e	((0, 20), 3)
9	6	6e7e8453-a311-43ae-91a4-f2604951a69e	(None, 2)
9	7	6e7e8453-a311-43ae-91a4-f2604951a69e	(None, 0)
9	8	6e7e8453-a311-43ae-91a4-f2604951a69e	(None, 0)
9	9	6e7e8453-a311-43ae-91a4-f2604951a69e	((22, 5), 3)
10	0	6e7e8453-a311-43ae-91a4-f2604951a69e	(None, 2)
10	1	6e7e8453-a311-43ae-91a4-f2604951a69e	(None, 1)
10	2	6e7e8453-a311-43ae-91a4-f2604951a69e	(None, 3)
10	3	6e7e8453-a311-43ae-91a4-f2604951a69e	((13, 20), 0)
10	4	6e7e8453-a311-43ae-91a4-f2604951a69e	((22, 0), 3)
10	5	6e7e8453-a311-43ae-91a4-f2604951a69e	((0, 19), 3)
10	6	6e7e8453-a311-43ae-91a4-f2604951a69e	(None, 2)
10	7	6e7e8453-a311-43ae-91a4-f2604951a69e	(None, 0)
10	8	6e7e8453-a311-43ae-91a4-f2604951a69e	(None, 0)
10	9	6e7e8453-a311-43ae-91a4-f2604951a69e	((22, 4), 3)
11	0	6e7e8453-a311-43ae-91a4-f2604951a69e	(None, 2)
11	1	6e7e8453-a311-43ae-91a4-f2604951a69e	(None, 1)
11	2	6e7e8453-a311-43ae-91a4-f2604951a69e	((22, 5), 3)
11	3	6e7e8453-a311-43ae-91a4-f2604951a69e	((12, 20), 0)
11	4	6e7e8453-a311-43ae-91a4-f2604951a69e	((21, 0), 0)
11	5	6e7e8453-a311-43ae-91a4-f2604951a69e	((0, 18), 3)
11	6	6e7e8453-a311-43ae-91a4-f2604951a69e	(None, 2)
11	7	6e7e8453-a311-43ae-91a4-f2604951a69e	(None, 0)
11	8	6e7e8453-a311-43ae-91a4-f2604951a69e	(None, 0)
11	9	6e7e8453-a311-43ae-91a4-f2604951a69e	((22, 3), 3)
12	0	6e7e8453-a311-43ae-91a4-f2604951a69e	(None, 2)
12	1	6e7e8453-a311-43ae-91a4-f2604951a69e	(None, 1)
12	2	6e7e8453-a311-43ae-91a4-f2604951a69e	((22, 4), 3)
12	3	6e7e8453-a311-43ae-91a4-f2604951a69e	((11, 20), 0)
12	4	6e7e8453-a311-43ae-91a4-f2604951a69e	((20, 0), 0)
12	5	6e7e8453-a311-43ae-91a4-f2604951a69e	((0, 17), 3)
12	6	6e7e8453-a311-43ae-91a4-f2604951a69e	(None, 2)
12	7	6e7e8453-a311-43ae-91a4-f2604951a69e	(None, 0)
12	8	6e7e8453-a311-43ae-91a4-f2604951a69e	(None, 0)
12	9	6e7e8453-a311-43ae-91a4-f2604951a69e	((22, 2), 3)
13	0	6e7e8453-a311-43ae-91a4-f2604951a69e	(None, 2)
13	1	6e7e8453-a311-43ae-91a4-f2604951a69e	(None, 1)
13	2	6e7e8453-a311-43ae-91a4-f2604951a69e	((22, 3), 3)
13	3	6e7e8453-a311-43ae-91a4-f2604951a69e	((11, 21), 1)
13	4	6e7e8453-a311-43ae-91a4-f2604951a69e	((19, 0), 0)
13	5	6e7e8453-a311-43ae-91a4-f2604951a69e	((1, 17), 2)
13	6	6e7e8453-a311-43ae-91a4-f2604951a69e	(None, 2)
13	7	6e7e8453-a311-43ae-91a4-f2604951a69e	(None, 0)
13	8	6e7e8453-a311-43ae-91a4-f2604951a69e	(None, 0)
13	9	6e7e8453-a311-43ae-91a4-f2604951a69e	((22, 1), 3)
14	0	6e7e8453-a311-43ae-91a4-f2604951a69e	(None, 2)
14	1	6e7e8453-a311-43ae-91a4-f2604951a69e	(None, 1)
14	2	6e7e8453-a311-43ae-91a4-f2604951a69e	((22, 2), 3)
14	3	6e7e8453-a311-43ae-91a4-f2604951a69e	((11, 22), 1)
14	4	6e7e8453-a311-43ae-91a4-f2604951a69e	((18, 0), 0)
14	5	6e7e8453-a311-43ae-91a4-f2604951a69e	((2, 17), 2)
14	6	6e7e8453-a311-43ae-91a4-f2604951a69e	(None, 2)
14	7	6e7e8453-a311-43ae-91a4-f2604951a69e	(None, 0)
14	8	6e7e8453-a311-43ae-91a4-f2604951a69e	(None, 0)
14	9	6e7e8453-a311-43ae-91a4-f2604951a69e	((22, 0), 3)
15	0	6e7e8453-a311-43ae-91a4-f2604951a69e	(None, 2)
15	1	6e7e8453-a311-43ae-91a4-f2604951a69e	(None, 1)
15	2	6e7e8453-a311-43ae-91a4-f2604951a69e	((22, 1), 3)
15	3	6e7e8453-a311-43ae-91a4-f2604951a69e	((11, 23), 1)
15	4	6e7e8453-a311-43ae-91a4-f2604951a69e	((17, 0), 0)
15	5	6e7e8453-a311-43ae-91a4-f2604951a69e	((3, 17), 2)
15	6	6e7e8453-a311-43ae-91a4-f2604951a69e	(None, 2)
15	7	6e7e8453-a311-43ae-91a4-f2604951a69e	(None, 0)
15	8	6e7e8453-a311-43ae-91a4-f2604951a69e	((16, 20), 0)
15	9	6e7e8453-a311-43ae-91a4-f2604951a69e	((21, 0), 0)
16	0	6e7e8453-a311-43ae-91a4-f2604951a69e	(None, 2)
16	1	6e7e8453-a311-43ae-91a4-f2604951a69e	(None, 1)
16	2	6e7e8453-a311-43ae-91a4-f2604951a69e	((22, 0), 3)
16	3	6e7e8453-a311-43ae-91a4-f2604951a69e	((10, 23), 0)
16	4	6e7e8453-a311-43ae-91a4-f2604951a69e	((17, 1), 1)
16	5	6e7e8453-a311-43ae-91a4-f2604951a69e	((4, 17), 2)
16	6	6e7e8453-a311-43ae-91a4-f2604951a69e	(None, 2)
16	7	6e7e8453-a311-43ae-91a4-f2604951a69e	(None, 0)
16	8	6e7e8453-a311-43ae-91a4-f2604951a69e	((15, 20), 0)
16	9	6e7e8453-a311-43ae-91a4-f2604951a69e	((20, 0), 0)
17	0	6e7e8453-a311-43ae-91a4-f2604951a69e	(None, 2)
17	1	6e7e8453-a311-43ae-91a4-f2604951a69e	(None, 1)
17	2	6e7e8453-a311-43ae-91a4-f2604951a69e	((21, 0), 0)
17	3	6e7e8453-a311-43ae-91a4-f2604951a69e	((10, 22), 3)
17	4	6e7e8453-a311-43ae-91a4-f2604951a69e	((17, 2), 1)
17	5	6e7e8453-a311-43ae-91a4-f2604951a69e	((5, 17), 2)
17	6	6e7e8453-a311-43ae-91a4-f2604951a69e	(None, 2)
17	7	6e7e8453-a311-43ae-91a4-f2604951a69e	(None, 0)
17	8	6e7e8453-a311-43ae-91a4-f2604951a69e	((14, 20), 0)
17	9	6e7e8453-a311-43ae-91a4-f2604951a69e	((19, 0), 0)
18	0	6e7e8453-a311-43ae-91a4-f2604951a69e	(None, 2)
18	1	6e7e8453-a311-43ae-91a4-f2604951a69e	(None, 1)
18	2	6e7e8453-a311-43ae-91a4-f2604951a69e	((20, 0), 0)
18	3	6e7e8453-a311-43ae-91a4-f2604951a69e	((10, 21), 3)
18	4	6e7e8453-a311-43ae-91a4-f2604951a69e	((17, 3), 1)
18	5	6e7e8453-a311-43ae-91a4-f2604951a69e	((6, 17), 2)
18	6	6e7e8453-a311-43ae-91a4-f2604951a69e	(None, 2)
18	7	6e7e8453-a311-43ae-91a4-f2604951a69e	(None, 0)
18	8	6e7e8453-a311-43ae-91a4-f2604951a69e	((13, 20), 0)
18	9	6e7e8453-a311-43ae-91a4-f2604951a69e	((18, 0), 0)
19	0	6e7e8453-a311-43ae-91a4-f2604951a69e	(None, 2)
19	1	6e7e8453-a311-43ae-91a4-f2604951a69e	(None, 1)
19	2	6e7e8453-a311-43ae-91a4-f2604951a69e	((19, 0), 0)
19	3	6e7e8453-a311-43ae-91a4-f2604951a69e	((11, 21), 2)
19	4	6e7e8453-a311-43ae-91a4-f2604951a69e	((17, 4), 1)
19	5	6e7e8453-a311-43ae-91a4-f2604951a69e	((7, 17), 2)
19	6	6e7e8453-a311-43ae-91a4-f2604951a69e	(None, 2)
19	7	6e7e8453-a311-43ae-91a4-f2604951a69e	(None, 0)
19	8	6e7e8453-a311-43ae-91a4-f2604951a69e	((12, 20), 0)
19	9	6e7e8453-a311-43ae-91a4-f2604951a69e	((17, 0), 0)
20	0	6e7e8453-a311-43ae-91a4-f2604951a69e	(None, 2)
20	1	6e7e8453-a311-43ae-91a4-f2604951a69e	(None, 1)
20	2	6e7e8453-a311-43ae-91a4-f2604951a69e	((18, 0), 0)
20	3	6e7e8453-a311-43ae-91a4-f2604951a69e	((12, 21), 2)
20	4	6e7e8453-a311-43ae-91a4-f2604951a69e	((17, 5), 1)
20	5	6e7e8453-a311-43ae-91a4-f2604951a69e	((8, 17), 2)
20	6	6e7e8453-a311-43ae-91a4-f2604951a69e	(None, 2)
20	7	6e7e8453-a311-43ae-91a4-f2604951a69e	(None, 0)
20	8	6e7e8453-a311-43ae-91a4-f2604951a69e	((11, 20), 0)
20	9	6e7e8453-a311-43ae-91a4-f2604951a69e	((17, 1), 1)
21	0	6e7e8453-a311-43ae-91a4-f2604951a69e	(None, 2)
21	1	6e7e8453-a311-43ae-91a4-f2604951a69e	(None, 1)
21	2	6e7e8453-a311-43ae-91a4-f2604951a69e	((17, 0), 0)
21	3	6e7e8453-a311-43ae-91a4-f2604951a69e	((13, 21), 2)
21	4	6e7e8453-a311-43ae-91a4-f2604951a69e	((17, 6), 1)
21	5	6e7e8453-a311-43ae-91a4-f2604951a69e	((9, 17), 2)
21	6	6e7e8453-a311-43ae-91a4-f2604951a69e	(None, 2)
21	7	6e7e8453-a311-43ae-91a4-f2604951a69e	(None, 0)
21	8	6e7e8453-a311-43ae-91a4-f2604951a69e	((11, 21), 1)
21	9	6e7e8453-a311-43ae-91a4-f2604951a69e	((17, 2), 1)
22	0	6e7e8453-a311-43ae-91a4-f2604951a69e	(None, 2)
22	1	6e7e8453-a311-43ae-91a4-f2604951a69e	(None, 1)
22	2	6e7e8453-a311-43ae-91a4-f2604951a69e	((17, 1), 1)
22	3	6e7e8453-a311-43ae-91a4-f2604951a69e	((14, 21), 2)
22	4	6e7e8453-a311-43ae-91a4-f2604951a69e	((17, 7), 1)
22	5	6e7e8453-a311-43ae-91a4-f2604951a69e	((10, 17), 2)
22	6	6e7e8453-a311-43ae-91a4-f2604951a69e	(None, 2)
22	7	6e7e8453-a311-43ae-91a4-f2604951a69e	(None, 0)
22	8	6e7e8453-a311-43ae-91a4-f2604951a69e	((11, 22), 1)
22	9	6e7e8453-a311-43ae-91a4-f2604951a69e	((17, 3), 1)
23	0	6e7e8453-a311-43ae-91a4-f2604951a69e	(None, 2)
23	1	6e7e8453-a311-43ae-91a4-f2604951a69e	(None, 1)
23	2	6e7e8453-a311-43ae-91a4-f2604951a69e	((17, 2), 1)
23	3	6e7e8453-a311-43ae-91a4-f2604951a69e	((15, 21), 2)
23	4	6e7e8453-a311-43ae-91a4-f2604951a69e	((17, 8), 1)
23	5	6e7e8453-a311-43ae-91a4-f2604951a69e	((10, 18), 1)
23	6	6e7e8453-a311-43ae-91a4-f2604951a69e	(None, 2)
23	7	6e7e8453-a311-43ae-91a4-f2604951a69e	(None, 0)
23	8	6e7e8453-a311-43ae-91a4-f2604951a69e	((11, 23), 1)
23	9	6e7e8453-a311-43ae-91a4-f2604951a69e	((17, 4), 1)
24	0	6e7e8453-a311-43ae-91a4-f2604951a69e	(None, 2)
24	1	6e7e8453-a311-43ae-91a4-f2604951a69e	(None, 1)
24	2	6e7e8453-a311-43ae-91a4-f2604951a69e	((17, 3), 1)
24	3	6e7e8453-a311-43ae-91a4-f2604951a69e	((16, 21), 2)
24	4	6e7e8453-a311-43ae-91a4-f2604951a69e	((17, 9), 1)
24	5	6e7e8453-a311-43ae-91a4-f2604951a69e	((10, 19), 1)
24	6	6e7e8453-a311-43ae-91a4-f2604951a69e	(None, 2)
24	7	6e7e8453-a311-43ae-91a4-f2604951a69e	(None, 0)
24	8	6e7e8453-a311-43ae-91a4-f2604951a69e	((10, 23), 0)
24	9	6e7e8453-a311-43ae-91a4-f2604951a69e	((17, 5), 1)
25	0	6e7e8453-a311-43ae-91a4-f2604951a69e	(None, 2)
25	1	6e7e8453-a311-43ae-91a4-f2604951a69e	((22, 5), 1)
25	2	6e7e8453-a311-43ae-91a4-f2604951a69e	((17, 4), 1)
25	3	6e7e8453-a311-43ae-91a4-f2604951a69e	((17, 21), 2)
25	4	6e7e8453-a311-43ae-91a4-f2604951a69e	((17, 10), 1)
25	5	6e7e8453-a311-43ae-91a4-f2604951a69e	((10, 20), 1)
25	6	6e7e8453-a311-43ae-91a4-f2604951a69e	(None, 2)
25	7	6e7e8453-a311-43ae-91a4-f2604951a69e	(None, 0)
25	8	6e7e8453-a311-43ae-91a4-f2604951a69e	((10, 22), 3)
25	9	6e7e8453-a311-43ae-91a4-f2604951a69e	((17, 6), 1)
26	0	6e7e8453-a311-43ae-91a4-f2604951a69e	(None, 2)
26	1	6e7e8453-a311-43ae-91a4-f2604951a69e	((22, 6), 1)
26	2	6e7e8453-a311-43ae-91a4-f2604951a69e	((17, 5), 1)
26	3	6e7e8453-a311-43ae-91a4-f2604951a69e	((18, 21), 2)
26	4	6e7e8453-a311-43ae-91a4-f2604951a69e	((17, 11), 1)
26	5	6e7e8453-a311-43ae-91a4-f2604951a69e	((10, 21), 1)
26	6	6e7e8453-a311-43ae-91a4-f2604951a69e	(None, 2)
26	7	6e7e8453-a311-43ae-91a4-f2604951a69e	(None, 0)
26	8	6e7e8453-a311-43ae-91a4-f2604951a69e	((10, 22), 3)
26	9	6e7e8453-a311-43ae-91a4-f2604951a69e	((17, 7), 1)
27	0	6e7e8453-a311-43ae-91a4-f2604951a69e	(None, 2)
27	1	6e7e8453-a311-43ae-91a4-f2604951a69e	((22, 7), 1)
27	2	6e7e8453-a311-43ae-91a4-f2604951a69e	((17, 6), 1)
27	3	6e7e8453-a311-43ae-91a4-f2604951a69e	((19, 21), 2)
27	4	6e7e8453-a311-43ae-91a4-f2604951a69e	((17, 12), 1)
27	5	6e7e8453-a311-43ae-91a4-f2604951a69e	((11, 21), 2)
27	6	6e7e8453-a311-43ae-91a4-f2604951a69e	(None, 2)
27	7	6e7e8453-a311-43ae-91a4-f2604951a69e	(None, 0)
27	8	6e7e8453-a311-43ae-91a4-f2604951a69e	((10, 21), 3)
27	9	6e7e8453-a311-43ae-91a4-f2604951a69e	((17, 8), 1)
28	0	6e7e8453-a311-43ae-91a4-f2604951a69e	(None, 2)
28	1	6e7e8453-a311-43ae-91a4-f2604951a69e	((22, 8), 1)
28	2	6e7e8453-a311-43ae-91a4-f2604951a69e	((17, 7), 1)
28	3	6e7e8453-a311-43ae-91a4-f2604951a69e	((20, 21), 2)
28	4	6e7e8453-a311-43ae-91a4-f2604951a69e	((17, 13), 1)
28	5	6e7e8453-a311-43ae-91a4-f2604951a69e	((12, 21), 2)
28	6	6e7e8453-a311-43ae-91a4-f2604951a69e	(None, 2)
28	7	6e7e8453-a311-43ae-91a4-f2604951a69e	(None, 0)
28	8	6e7e8453-a311-43ae-91a4-f2604951a69e	((11, 21), 2)
28	9	6e7e8453-a311-43ae-91a4-f2604951a69e	((17, 9), 1)
29	0	6e7e8453-a311-43ae-91a4-f2604951a69e	(None, 2)
29	1	6e7e8453-a311-43ae-91a4-f2604951a69e	((22, 9), 1)
29	2	6e7e8453-a311-43ae-91a4-f2604951a69e	((17, 8), 1)
29	3	6e7e8453-a311-43ae-91a4-f2604951a69e	((21, 21), 2)
29	4	6e7e8453-a311-43ae-91a4-f2604951a69e	((17, 14), 1)
29	5	6e7e8453-a311-43ae-91a4-f2604951a69e	((13, 21), 2)
29	6	6e7e8453-a311-43ae-91a4-f2604951a69e	(None, 2)
29	7	6e7e8453-a311-43ae-91a4-f2604951a69e	(None, 0)
29	8	6e7e8453-a311-43ae-91a4-f2604951a69e	((12, 21), 2)
29	9	6e7e8453-a311-43ae-91a4-f2604951a69e	((17, 10), 1)
30	0	6e7e8453-a311-43ae-91a4-f2604951a69e	(None, 2)
30	1	6e7e8453-a311-43ae-91a4-f2604951a69e	((22, 10), 1)
30	2	6e7e8453-a311-43ae-91a4-f2604951a69e	((17, 9), 1)
30	3	6e7e8453-a311-43ae-91a4-f2604951a69e	((22, 21), 2)
30	4	6e7e8453-a311-43ae-91a4-f2604951a69e	((17, 15), 1)
30	5	6e7e8453-a311-43ae-91a4-f2604951a69e	((14, 21), 2)
30	6	6e7e8453-a311-43ae-91a4-f2604951a69e	(None, 2)
30	7	6e7e8453-a311-43ae-91a4-f2604951a69e	(None, 0)
30	8	6e7e8453-a311-43ae-91a4-f2604951a69e	((13, 21), 2)
30	9	6e7e8453-a311-43ae-91a4-f2604951a69e	((17, 11), 1)
31	0	6e7e8453-a311-43ae-91a4-f2604951a69e	(None, 2)
31	1	6e7e8453-a311-43ae-91a4-f2604951a69e	((21, 10), 0)
31	2	6e7e8453-a311-43ae-91a4-f2604951a69e	((17, 10), 1)
31	3	6e7e8453-a311-43ae-91a4-f2604951a69e	((22, 20), 3)
31	4	6e7e8453-a311-43ae-91a4-f2604951a69e	((16, 15), 0)
31	5	6e7e8453-a311-43ae-91a4-f2604951a69e	((15, 21), 2)
31	6	6e7e8453-a311-43ae-91a4-f2604951a69e	(None, 2)
31	7	6e7e8453-a311-43ae-91a4-f2604951a69e	(None, 0)
31	8	6e7e8453-a311-43ae-91a4-f2604951a69e	((14, 21), 2)
31	9	6e7e8453-a311-43ae-91a4-f2604951a69e	((17, 12), 1)
32	0	6e7e8453-a311-43ae-91a4-f2604951a69e	(None, 2)
32	1	6e7e8453-a311-43ae-91a4-f2604951a69e	((21, 11), 1)
32	2	6e7e8453-a311-43ae-91a4-f2604951a69e	((17, 11), 1)
32	3	6e7e8453-a311-43ae-91a4-f2604951a69e	((22, 19), 3)
32	4	6e7e8453-a311-43ae-91a4-f2604951a69e	((15, 15), 0)
32	5	6e7e8453-a311-43ae-91a4-f2604951a69e	((16, 21), 2)
32	6	6e7e8453-a311-43ae-91a4-f2604951a69e	(None, 2)
32	7	6e7e8453-a311-43ae-91a4-f2604951a69e	(None, 0)
32	8	6e7e8453-a311-43ae-91a4-f2604951a69e	((15, 21), 2)
32	9	6e7e8453-a311-43ae-91a4-f2604951a69e	((17, 13), 1)
33	0	6e7e8453-a311-43ae-91a4-f2604951a69e	(None, 2)
33	1	6e7e8453-a311-43ae-91a4-f2604951a69e	((21, 12), 1)
33	2	6e7e8453-a311-43ae-91a4-f2604951a69e	((17, 12), 1)
33	3	6e7e8453-a311-43ae-91a4-f2604951a69e	((22, 18), 3)
33	4	6e7e8453-a311-43ae-91a4-f2604951a69e	((14, 15), 0)
33	5	6e7e8453-a311-43ae-91a4-f2604951a69e	((17, 21), 2)
33	6	6e7e8453-a311-43ae-91a4-f2604951a69e	(None, 2)
33	7	6e7e8453-a311-43ae-91a4-f2604951a69e	(None, 0)
33	8	6e7e8453-a311-43ae-91a4-f2604951a69e	((16, 21), 2)
33	9	6e7e8453-a311-43ae-91a4-f2604951a69e	((17, 14), 1)
34	0	6e7e8453-a311-43ae-91a4-f2604951a69e	((16, 20), 2)
34	1	6e7e8453-a311-43ae-91a4-f2604951a69e	((21, 13), 1)
34	2	6e7e8453-a311-43ae-91a4-f2604951a69e	((17, 13), 1)
34	3	6e7e8453-a311-43ae-91a4-f2604951a69e	((22, 17), 3)
34	4	6e7e8453-a311-43ae-91a4-f2604951a69e	((13, 15), 0)
34	5	6e7e8453-a311-43ae-91a4-f2604951a69e	((18, 21), 2)
34	6	6e7e8453-a311-43ae-91a4-f2604951a69e	(None, 2)
34	7	6e7e8453-a311-43ae-91a4-f2604951a69e	(None, 0)
34	8	6e7e8453-a311-43ae-91a4-f2604951a69e	((17, 21), 2)
34	9	6e7e8453-a311-43ae-91a4-f2604951a69e	((17, 15), 1)
35	0	6e7e8453-a311-43ae-91a4-f2604951a69e	((17, 20), 2)
35	1	6e7e8453-a311-43ae-91a4-f2604951a69e	((21, 14), 1)
35	2	6e7e8453-a311-43ae-91a4-f2604951a69e	((17, 14), 1)
35	3	6e7e8453-a311-43ae-91a4-f2604951a69e	((22, 16), 3)
35	4	6e7e8453-a311-43ae-91a4-f2604951a69e	((12, 15), 0)
35	5	6e7e8453-a311-43ae-91a4-f2604951a69e	((19, 21), 2)
35	6	6e7e8453-a311-43ae-91a4-f2604951a69e	(None, 2)
35	7	6e7e8453-a311-43ae-91a4-f2604951a69e	(None, 0)
35	8	6e7e8453-a311-43ae-91a4-f2604951a69e	((18, 21), 2)
35	9	6e7e8453-a311-43ae-91a4-f2604951a69e	((16, 15), 0)
36	0	6e7e8453-a311-43ae-91a4-f2604951a69e	((18, 20), 2)
36	1	6e7e8453-a311-43ae-91a4-f2604951a69e	((21, 15), 1)
36	2	6e7e8453-a311-43ae-91a4-f2604951a69e	((17, 15), 1)
36	3	6e7e8453-a311-43ae-91a4-f2604951a69e	((22, 15), 3)
36	4	6e7e8453-a311-43ae-91a4-f2604951a69e	((11, 15), 0)
36	5	6e7e8453-a311-43ae-91a4-f2604951a69e	((20, 21), 2)
36	6	6e7e8453-a311-43ae-91a4-f2604951a69e	(None, 2)
36	7	6e7e8453-a311-43ae-91a4-f2604951a69e	(None, 0)
36	8	6e7e8453-a311-43ae-91a4-f2604951a69e	((19, 21), 2)
36	9	6e7e8453-a311-43ae-91a4-f2604951a69e	((15, 15), 0)
37	0	6e7e8453-a311-43ae-91a4-f2604951a69e	((19, 20), 2)
37	1	6e7e8453-a311-43ae-91a4-f2604951a69e	((21, 16), 1)
37	2	6e7e8453-a311-43ae-91a4-f2604951a69e	((16, 15), 0)
37	3	6e7e8453-a311-43ae-91a4-f2604951a69e	((22, 14), 3)
37	4	6e7e8453-a311-43ae-91a4-f2604951a69e	((11, 16), 1)
37	5	6e7e8453-a311-43ae-91a4-f2604951a69e	((21, 21), 2)
37	6	6e7e8453-a311-43ae-91a4-f2604951a69e	(None, 2)
37	7	6e7e8453-a311-43ae-91a4-f2604951a69e	((16, 20), 0)
37	8	6e7e8453-a311-43ae-91a4-f2604951a69e	((20, 21), 2)
37	9	6e7e8453-a311-43ae-91a4-f2604951a69e	((14, 15), 0)
38	0	6e7e8453-a311-43ae-91a4-f2604951a69e	((20, 20), 2)
38	1	6e7e8453-a311-43ae-91a4-f2604951a69e	((21, 17), 1)
38	2	6e7e8453-a311-43ae-91a4-f2604951a69e	((15, 15), 0)
38	3	6e7e8453-a311-43ae-91a4-f2604951a69e	((22, 13), 3)
38	4	6e7e8453-a311-43ae-91a4-f2604951a69e	((11, 17), 1)
38	5	6e7e8453-a311-43ae-91a4-f2604951a69e	((22, 21), 2)
38	6	6e7e8453-a311-43ae-91a4-f2604951a69e	(None, 2)
38	7	6e7e8453-a311-43ae-91a4-f2604951a69e	((15, 20), 0)
38	8	6e7e8453-a311-43ae-91a4-f2604951a69e	((21, 21), 2)
38	9	6e7e8453-a311-43ae-91a4-f2604951a69e	((13, 15), 0)
39	0	6e7e8453-a311-43ae-91a4-f2604951a69e	((21, 20), 2)
39	1	6e7e8453-a311-43ae-91a4-f2604951a69e	((21, 18), 1)
39	2	6e7e8453-a311-43ae-91a4-f2604951a69e	((14, 15), 0)
39	3	6e7e8453-a311-43ae-91a4-f2604951a69e	((22, 12), 3)
39	4	6e7e8453-a311-43ae-91a4-f2604951a69e	((11, 18), 1)
39	5	6e7e8453-a311-43ae-91a4-f2604951a69e	((22, 20), 3)
39	6	6e7e8453-a311-43ae-91a4-f2604951a69e	(None, 2)
39	7	6e7e8453-a311-43ae-91a4-f2604951a69e	((14, 20), 0)
39	8	6e7e8453-a311-43ae-91a4-f2604951a69e	((22, 21), 2)
39	9	6e7e8453-a311-43ae-91a4-f2604951a69e	((12, 15), 0)
40	0	6e7e8453-a311-43ae-91a4-f2604951a69e	((22, 20), 2)
40	1	6e7e8453-a311-43ae-91a4-f2604951a69e	((21, 19), 1)
40	2	6e7e8453-a311-43ae-91a4-f2604951a69e	((13, 15), 0)
40	3	6e7e8453-a311-43ae-91a4-f2604951a69e	((22, 11), 3)
40	4	6e7e8453-a311-43ae-91a4-f2604951a69e	((11, 19), 1)
40	5	6e7e8453-a311-43ae-91a4-f2604951a69e	((22, 19), 3)
40	6	6e7e8453-a311-43ae-91a4-f2604951a69e	(None, 2)
40	7	6e7e8453-a311-43ae-91a4-f2604951a69e	((13, 20), 0)
40	8	6e7e8453-a311-43ae-91a4-f2604951a69e	((22, 21), 2)
40	9	6e7e8453-a311-43ae-91a4-f2604951a69e	((11, 15), 0)
41	0	6e7e8453-a311-43ae-91a4-f2604951a69e	((22, 19), 3)
41	1	6e7e8453-a311-43ae-91a4-f2604951a69e	((21, 20), 1)
41	2	6e7e8453-a311-43ae-91a4-f2604951a69e	((12, 15), 0)
41	3	6e7e8453-a311-43ae-91a4-f2604951a69e	((22, 10), 3)
41	4	6e7e8453-a311-43ae-91a4-f2604951a69e	((11, 20), 1)
41	5	6e7e8453-a311-43ae-91a4-f2604951a69e	((22, 18), 3)
41	6	6e7e8453-a311-43ae-91a4-f2604951a69e	(None, 2)
41	7	6e7e8453-a311-43ae-91a4-f2604951a69e	((12, 20), 0)
41	8	6e7e8453-a311-43ae-91a4-f2604951a69e	((22, 20), 3)
41	9	6e7e8453-a311-43ae-91a4-f2604951a69e	((11, 16), 1)
42	0	6e7e8453-a311-43ae-91a4-f2604951a69e	((22, 18), 3)
42	1	6e7e8453-a311-43ae-91a4-f2604951a69e	((20, 20), 0)
42	2	6e7e8453-a311-43ae-91a4-f2604951a69e	((11, 15), 0)
42	3	6e7e8453-a311-43ae-91a4-f2604951a69e	((22, 9), 3)
42	4	6e7e8453-a311-43ae-91a4-f2604951a69e	((11, 21), 1)
42	5	6e7e8453-a311-43ae-91a4-f2604951a69e	((22, 17), 3)
42	6	6e7e8453-a311-43ae-91a4-f2604951a69e	(None, 2)
42	7	6e7e8453-a311-43ae-91a4-f2604951a69e	((11, 20), 0)
42	8	6e7e8453-a311-43ae-91a4-f2604951a69e	((22, 19), 3)
42	9	6e7e8453-a311-43ae-91a4-f2604951a69e	((11, 17), 1)
43	0	6e7e8453-a311-43ae-91a4-f2604951a69e	((22, 17), 3)
43	1	6e7e8453-a311-43ae-91a4-f2604951a69e	((19, 20), 0)
43	2	6e7e8453-a311-43ae-91a4-f2604951a69e	((11, 16), 1)
43	3	6e7e8453-a311-43ae-91a4-f2604951a69e	((22, 8), 3)
43	4	6e7e8453-a311-43ae-91a4-f2604951a69e	((11, 22), 1)
43	5	6e7e8453-a311-43ae-91a4-f2604951a69e	((22, 16), 3)
43	6	6e7e8453-a311-43ae-91a4-f2604951a69e	(None, 2)
43	7	6e7e8453-a311-43ae-91a4-f2604951a69e	((11, 21), 1)
43	8	6e7e8453-a311-43ae-91a4-f2604951a69e	((22, 18), 3)
43	9	6e7e8453-a311-43ae-91a4-f2604951a69e	((11, 18), 1)
44	0	6e7e8453-a311-43ae-91a4-f2604951a69e	((22, 16), 3)
44	1	6e7e8453-a311-43ae-91a4-f2604951a69e	((19, 21), 1)
44	2	6e7e8453-a311-43ae-91a4-f2604951a69e	((11, 17), 1)
44	3	6e7e8453-a311-43ae-91a4-f2604951a69e	((23, 8), 2)
44	4	6e7e8453-a311-43ae-91a4-f2604951a69e	((11, 23), 1)
44	5	6e7e8453-a311-43ae-91a4-f2604951a69e	((22, 15), 3)
44	6	6e7e8453-a311-43ae-91a4-f2604951a69e	(None, 2)
44	7	6e7e8453-a311-43ae-91a4-f2604951a69e	((11, 22), 1)
44	8	6e7e8453-a311-43ae-91a4-f2604951a69e	((22, 17), 3)
44	9	6e7e8453-a311-43ae-91a4-f2604951a69e	((11, 19), 1)
45	0	6e7e8453-a311-43ae-91a4-f2604951a69e	((22, 15), 3)
45	1	6e7e8453-a311-43ae-91a4-f2604951a69e	((18, 21), 0)
45	2	6e7e8453-a311-43ae-91a4-f2604951a69e	((11, 18), 1)
45	3	6e7e8453-a311-43ae-91a4-f2604951a69e	((23, 7), 3)
45	4	6e7e8453-a311-43ae-91a4-f2604951a69e	((10, 23), 0)
45	5	6e7e8453-a311-43ae-91a4-f2604951a69e	((22, 14), 3)
45	6	6e7e8453-a311-43ae-91a4-f2604951a69e	(None, 2)
45	7	6e7e8453-a311-43ae-91a4-f2604951a69e	((11, 23), 1)
45	8	6e7e8453-a311-43ae-91a4-f2604951a69e	((22, 16), 3)
45	9	6e7e8453-a311-43ae-91a4-f2604951a69e	((11, 20), 1)
46	0	6e7e8453-a311-43ae-91a4-f2604951a69e	((22, 14), 3)
46	1	6e7e8453-a311-43ae-91a4-f2604951a69e	((17, 21), 0)
46	2	6e7e8453-a311-43ae-91a4-f2604951a69e	((11, 19), 1)
46	3	6e7e8453-a311-43ae-91a4-f2604951a69e	((23, 6), 3)
46	4	6e7e8453-a311-43ae-91a4-f2604951a69e	((9, 23), 0)
46	5	6e7e8453-a311-43ae-91a4-f2604951a69e	((22, 13), 3)
46	6	6e7e8453-a311-43ae-91a4-f2604951a69e	(None, 2)
46	7	6e7e8453-a311-43ae-91a4-f2604951a69e	((10, 23), 0)
46	8	6e7e8453-a311-43ae-91a4-f2604951a69e	((22, 15), 3)
46	9	6e7e8453-a311-43ae-91a4-f2604951a69e	((11, 21), 1)
47	0	6e7e8453-a311-43ae-91a4-f2604951a69e	((22, 13), 3)
47	1	6e7e8453-a311-43ae-91a4-f2604951a69e	(None, 0)
47	2	6e7e8453-a311-43ae-91a4-f2604951a69e	((11, 20), 1)
47	3	6e7e8453-a311-43ae-91a4-f2604951a69e	(None, 3)
47	4	6e7e8453-a311-43ae-91a4-f2604951a69e	((8, 23), 0)
47	5	6e7e8453-a311-43ae-91a4-f2604951a69e	((22, 12), 3)
47	6	6e7e8453-a311-43ae-91a4-f2604951a69e	(None, 2)
47	7	6e7e8453-a311-43ae-91a4-f2604951a69e	((9, 23), 0)
47	8	6e7e8453-a311-43ae-91a4-f2604951a69e	((22, 14), 3)
47	9	6e7e8453-a311-43ae-91a4-f2604951a69e	((11, 22), 1)
48	0	6e7e8453-a311-43ae-91a4-f2604951a69e	((22, 12), 3)
48	1	6e7e8453-a311-43ae-91a4-f2604951a69e	(None, 0)
48	2	6e7e8453-a311-43ae-91a4-f2604951a69e	((11, 21), 1)
48	3	6e7e8453-a311-43ae-91a4-f2604951a69e	(None, 3)
48	4	6e7e8453-a311-43ae-91a4-f2604951a69e	((7, 23), 0)
48	5	6e7e8453-a311-43ae-91a4-f2604951a69e	((22, 11), 3)
48	6	6e7e8453-a311-43ae-91a4-f2604951a69e	(None, 2)
48	7	6e7e8453-a311-43ae-91a4-f2604951a69e	((8, 23), 0)
48	8	6e7e8453-a311-43ae-91a4-f2604951a69e	((22, 13), 3)
48	9	6e7e8453-a311-43ae-91a4-f2604951a69e	((11, 23), 1)
49	0	6e7e8453-a311-43ae-91a4-f2604951a69e	((22, 11), 3)
49	1	6e7e8453-a311-43ae-91a4-f2604951a69e	(None, 0)
49	2	6e7e8453-a311-43ae-91a4-f2604951a69e	((11, 22), 1)
49	3	6e7e8453-a311-43ae-91a4-f2604951a69e	(None, 3)
49	4	6e7e8453-a311-43ae-91a4-f2604951a69e	((6, 23), 0)
49	5	6e7e8453-a311-43ae-91a4-f2604951a69e	((22, 10), 3)
49	6	6e7e8453-a311-43ae-91a4-f2604951a69e	(None, 2)
49	7	6e7e8453-a311-43ae-91a4-f2604951a69e	((7, 23), 0)
49	8	6e7e8453-a311-43ae-91a4-f2604951a69e	((22, 12), 3)
49	9	6e7e8453-a311-43ae-91a4-f2604951a69e	((10, 23), 0)
50	0	6e7e8453-a311-43ae-91a4-f2604951a69e	((22, 10), 3)
50	1	6e7e8453-a311-43ae-91a4-f2604951a69e	(None, 0)
50	2	6e7e8453-a311-43ae-91a4-f2604951a69e	((11, 23), 1)
50	3	6e7e8453-a311-43ae-91a4-f2604951a69e	(None, 3)
50	4	6e7e8453-a311-43ae-91a4-f2604951a69e	(None, 0)
50	5	6e7e8453-a311-43ae-91a4-f2604951a69e	((22, 9), 3)
50	6	6e7e8453-a311-43ae-91a4-f2604951a69e	(None, 2)
50	7	6e7e8453-a311-43ae-91a4-f2604951a69e	((6, 23), 0)
50	8	6e7e8453-a311-43ae-91a4-f2604951a69e	((22, 11), 3)
50	9	6e7e8453-a311-43ae-91a4-f2604951a69e	((10, 22), 3)
51	0	6e7e8453-a311-43ae-91a4-f2604951a69e	((22, 9), 3)
51	1	6e7e8453-a311-43ae-91a4-f2604951a69e	(None, 0)
51	2	6e7e8453-a311-43ae-91a4-f2604951a69e	((10, 23), 0)
51	3	6e7e8453-a311-43ae-91a4-f2604951a69e	(None, 3)
51	4	6e7e8453-a311-43ae-91a4-f2604951a69e	(None, 0)
51	5	6e7e8453-a311-43ae-91a4-f2604951a69e	((22, 8), 3)
51	6	6e7e8453-a311-43ae-91a4-f2604951a69e	(None, 2)
51	7	6e7e8453-a311-43ae-91a4-f2604951a69e	(None, 0)
51	8	6e7e8453-a311-43ae-91a4-f2604951a69e	((22, 10), 3)
51	9	6e7e8453-a311-43ae-91a4-f2604951a69e	((10, 21), 3)
52	0	6e7e8453-a311-43ae-91a4-f2604951a69e	((22, 8), 3)
52	1	6e7e8453-a311-43ae-91a4-f2604951a69e	(None, 0)
52	2	6e7e8453-a311-43ae-91a4-f2604951a69e	((10, 22), 3)
52	3	6e7e8453-a311-43ae-91a4-f2604951a69e	(None, 3)
52	4	6e7e8453-a311-43ae-91a4-f2604951a69e	(None, 0)
52	5	6e7e8453-a311-43ae-91a4-f2604951a69e	((23, 8), 2)
52	6	6e7e8453-a311-43ae-91a4-f2604951a69e	(None, 2)
52	7	6e7e8453-a311-43ae-91a4-f2604951a69e	(None, 0)
52	8	6e7e8453-a311-43ae-91a4-f2604951a69e	((22, 9), 3)
52	9	6e7e8453-a311-43ae-91a4-f2604951a69e	((11, 21), 2)
53	0	6e7e8453-a311-43ae-91a4-f2604951a69e	((23, 8), 2)
53	1	6e7e8453-a311-43ae-91a4-f2604951a69e	(None, 0)
53	2	6e7e8453-a311-43ae-91a4-f2604951a69e	((10, 21), 3)
53	3	6e7e8453-a311-43ae-91a4-f2604951a69e	(None, 3)
53	4	6e7e8453-a311-43ae-91a4-f2604951a69e	(None, 0)
53	5	6e7e8453-a311-43ae-91a4-f2604951a69e	((23, 7), 3)
53	6	6e7e8453-a311-43ae-91a4-f2604951a69e	(None, 2)
53	7	6e7e8453-a311-43ae-91a4-f2604951a69e	(None, 0)
53	8	6e7e8453-a311-43ae-91a4-f2604951a69e	((22, 8), 3)
53	9	6e7e8453-a311-43ae-91a4-f2604951a69e	((12, 21), 2)
54	0	6e7e8453-a311-43ae-91a4-f2604951a69e	((23, 7), 3)
54	1	6e7e8453-a311-43ae-91a4-f2604951a69e	(None, 0)
54	2	6e7e8453-a311-43ae-91a4-f2604951a69e	((11, 21), 2)
54	3	6e7e8453-a311-43ae-91a4-f2604951a69e	(None, 3)
54	4	6e7e8453-a311-43ae-91a4-f2604951a69e	(None, 0)
54	5	6e7e8453-a311-43ae-91a4-f2604951a69e	((23, 6), 3)
54	6	6e7e8453-a311-43ae-91a4-f2604951a69e	(None, 2)
54	7	6e7e8453-a311-43ae-91a4-f2604951a69e	(None, 0)
54	8	6e7e8453-a311-43ae-91a4-f2604951a69e	((23, 8), 2)
54	9	6e7e8453-a311-43ae-91a4-f2604951a69e	((13, 21), 2)
55	0	6e7e8453-a311-43ae-91a4-f2604951a69e	((23, 6), 3)
55	1	6e7e8453-a311-43ae-91a4-f2604951a69e	(None, 0)
55	2	6e7e8453-a311-43ae-91a4-f2604951a69e	((12, 21), 2)
55	3	6e7e8453-a311-43ae-91a4-f2604951a69e	(None, 3)
55	4	6e7e8453-a311-43ae-91a4-f2604951a69e	(None, 0)
55	5	6e7e8453-a311-43ae-91a4-f2604951a69e	(None, 3)
55	6	6e7e8453-a311-43ae-91a4-f2604951a69e	(None, 2)
55	7	6e7e8453-a311-43ae-91a4-f2604951a69e	(None, 0)
55	8	6e7e8453-a311-43ae-91a4-f2604951a69e	((23, 7), 3)
55	9	6e7e8453-a311-43ae-91a4-f2604951a69e	((14, 21), 2)
56	0	6e7e8453-a311-43ae-91a4-f2604951a69e	(None, 3)
56	1	6e7e8453-a311-43ae-91a4-f2604951a69e	(None, 0)
56	2	6e7e8453-a311-43ae-91a4-f2604951a69e	((13, 21), 2)
56	3	6e7e8453-a311-43ae-91a4-f2604951a69e	(None, 3)
56	4	6e7e8453-a311-43ae-91a4-f2604951a69e	(None, 0)
56	5	6e7e8453-a311-43ae-91a4-f2604951a69e	(None, 3)
56	6	6e7e8453-a311-43ae-91a4-f2604951a69e	((5, 22), 2)
56	7	6e7e8453-a311-43ae-91a4-f2604951a69e	(None, 0)
56	8	6e7e8453-a311-43ae-91a4-f2604951a69e	((23, 6), 3)
56	9	6e7e8453-a311-43ae-91a4-f2604951a69e	((15, 21), 2)
57	0	6e7e8453-a311-43ae-91a4-f2604951a69e	(None, 3)
57	1	6e7e8453-a311-43ae-91a4-f2604951a69e	(None, 0)
57	2	6e7e8453-a311-43ae-91a4-f2604951a69e	((14, 21), 2)
57	3	6e7e8453-a311-43ae-91a4-f2604951a69e	(None, 3)
57	4	6e7e8453-a311-43ae-91a4-f2604951a69e	(None, 0)
57	5	6e7e8453-a311-43ae-91a4-f2604951a69e	(None, 3)
57	6	6e7e8453-a311-43ae-91a4-f2604951a69e	((6, 22), 2)
57	7	6e7e8453-a311-43ae-91a4-f2604951a69e	(None, 0)
57	8	6e7e8453-a311-43ae-91a4-f2604951a69e	(None, 3)
57	9	6e7e8453-a311-43ae-91a4-f2604951a69e	(None, 2)
58	0	6e7e8453-a311-43ae-91a4-f2604951a69e	(None, 3)
58	1	6e7e8453-a311-43ae-91a4-f2604951a69e	(None, 0)
58	2	6e7e8453-a311-43ae-91a4-f2604951a69e	((15, 21), 2)
58	3	6e7e8453-a311-43ae-91a4-f2604951a69e	(None, 3)
58	4	6e7e8453-a311-43ae-91a4-f2604951a69e	(None, 0)
58	5	6e7e8453-a311-43ae-91a4-f2604951a69e	(None, 3)
58	6	6e7e8453-a311-43ae-91a4-f2604951a69e	((7, 22), 2)
58	7	6e7e8453-a311-43ae-91a4-f2604951a69e	(None, 0)
58	8	6e7e8453-a311-43ae-91a4-f2604951a69e	(None, 3)
58	9	6e7e8453-a311-43ae-91a4-f2604951a69e	(None, 2)
59	0	6e7e8453-a311-43ae-91a4-f2604951a69e	(None, 3)
59	1	6e7e8453-a311-43ae-91a4-f2604951a69e	(None, 0)
59	2	6e7e8453-a311-43ae-91a4-f2604951a69e	(None, 2)
59	3	6e7e8453-a311-43ae-91a4-f2604951a69e	(None, 3)
59	4	6e7e8453-a311-43ae-91a4-f2604951a69e	(None, 0)
59	5	6e7e8453-a311-43ae-91a4-f2604951a69e	(None, 3)
59	6	6e7e8453-a311-43ae-91a4-f2604951a69e	((8, 22), 2)
59	7	6e7e8453-a311-43ae-91a4-f2604951a69e	(None, 0)
59	8	6e7e8453-a311-43ae-91a4-f2604951a69e	(None, 3)
59	9	6e7e8453-a311-43ae-91a4-f2604951a69e	(None, 2)
60	0	6e7e8453-a311-43ae-91a4-f2604951a69e	(None, 3)
60	1	6e7e8453-a311-43ae-91a4-f2604951a69e	(None, 0)
60	2	6e7e8453-a311-43ae-91a4-f2604951a69e	(None, 2)
60	3	6e7e8453-a311-43ae-91a4-f2604951a69e	(None, 3)
60	4	6e7e8453-a311-43ae-91a4-f2604951a69e	(None, 0)
60	5	6e7e8453-a311-43ae-91a4-f2604951a69e	(None, 3)
60	6	6e7e8453-a311-43ae-91a4-f2604951a69e	((9, 22), 2)
60	7	6e7e8453-a311-43ae-91a4-f2604951a69e	(None, 0)
60	8	6e7e8453-a311-43ae-91a4-f2604951a69e	(None, 3)
60	9	6e7e8453-a311-43ae-91a4-f2604951a69e	(None, 2)
61	0	6e7e8453-a311-43ae-91a4-f2604951a69e	(None, 3)
61	1	6e7e8453-a311-43ae-91a4-f2604951a69e	(None, 0)
61	2	6e7e8453-a311-43ae-91a4-f2604951a69e	(None, 2)
61	3	6e7e8453-a311-43ae-91a4-f2604951a69e	(None, 3)
61	4	6e7e8453-a311-43ae-91a4-f2604951a69e	(None, 0)
61	5	6e7e8453-a311-43ae-91a4-f2604951a69e	(None, 3)
61	6	6e7e8453-a311-43ae-91a4-f2604951a69e	((10, 22), 2)
61	7	6e7e8453-a311-43ae-91a4-f2604951a69e	(None, 0)
61	8	6e7e8453-a311-43ae-91a4-f2604951a69e	(None, 3)
61	9	6e7e8453-a311-43ae-91a4-f2604951a69e	(None, 2)
62	0	6e7e8453-a311-43ae-91a4-f2604951a69e	(None, 3)
62	1	6e7e8453-a311-43ae-91a4-f2604951a69e	(None, 0)
62	2	6e7e8453-a311-43ae-91a4-f2604951a69e	(None, 2)
62	3	6e7e8453-a311-43ae-91a4-f2604951a69e	(None, 3)
62	4	6e7e8453-a311-43ae-91a4-f2604951a69e	(None, 0)
62	5	6e7e8453-a311-43ae-91a4-f2604951a69e	(None, 3)
62	6	6e7e8453-a311-43ae-91a4-f2604951a69e	((11, 22), 2)
62	7	6e7e8453-a311-43ae-91a4-f2604951a69e	(None, 0)
62	8	6e7e8453-a311-43ae-91a4-f2604951a69e	(None, 3)
62	9	6e7e8453-a311-43ae-91a4-f2604951a69e	(None, 2)
63	0	6e7e8453-a311-43ae-91a4-f2604951a69e	(None, 3)
63	1	6e7e8453-a311-43ae-91a4-f2604951a69e	(None, 0)
63	2	6e7e8453-a311-43ae-91a4-f2604951a69e	(None, 2)
63	3	6e7e8453-a311-43ae-91a4-f2604951a69e	(None, 3)
63	4	6e7e8453-a311-43ae-91a4-f2604951a69e	(None, 0)
63	5	6e7e8453-a311-43ae-91a4-f2604951a69e	(None, 3)
63	6	6e7e8453-a311-43ae-91a4-f2604951a69e	((11, 21), 3)
63	7	6e7e8453-a311-43ae-91a4-f2604951a69e	(None, 0)
63	8	6e7e8453-a311-43ae-91a4-f2604951a69e	(None, 3)
63	9	6e7e8453-a311-43ae-91a4-f2604951a69e	(None, 2)
64	0	6e7e8453-a311-43ae-91a4-f2604951a69e	(None, 3)
64	1	6e7e8453-a311-43ae-91a4-f2604951a69e	(None, 0)
64	2	6e7e8453-a311-43ae-91a4-f2604951a69e	(None, 2)
64	3	6e7e8453-a311-43ae-91a4-f2604951a69e	(None, 3)
64	4	6e7e8453-a311-43ae-91a4-f2604951a69e	(None, 0)
64	5	6e7e8453-a311-43ae-91a4-f2604951a69e	(None, 3)
64	6	6e7e8453-a311-43ae-91a4-f2604951a69e	((12, 21), 2)
64	7	6e7e8453-a311-43ae-91a4-f2604951a69e	(None, 0)
64	8	6e7e8453-a311-43ae-91a4-f2604951a69e	(None, 3)
64	9	6e7e8453-a311-43ae-91a4-f2604951a69e	(None, 2)
65	0	6e7e8453-a311-43ae-91a4-f2604951a69e	(None, 3)
65	1	6e7e8453-a311-43ae-91a4-f2604951a69e	(None, 0)
65	2	6e7e8453-a311-43ae-91a4-f2604951a69e	(None, 2)
65	3	6e7e8453-a311-43ae-91a4-f2604951a69e	(None, 3)
65	4	6e7e8453-a311-43ae-91a4-f2604951a69e	(None, 0)
65	5	6e7e8453-a311-43ae-91a4-f2604951a69e	(None, 3)
65	6	6e7e8453-a311-43ae-91a4-f2604951a69e	((13, 21), 2)
65	7	6e7e8453-a311-43ae-91a4-f2604951a69e	(None, 0)
65	8	6e7e8453-a311-43ae-91a4-f2604951a69e	(None, 3)
65	9	6e7e8453-a311-43ae-91a4-f2604951a69e	(None, 2)
66	0	6e7e8453-a311-43ae-91a4-f2604951a69e	(None, 3)
66	1	6e7e8453-a311-43ae-91a4-f2604951a69e	(None, 0)
66	2	6e7e8453-a311-43ae-91a4-f2604951a69e	(None, 2)
66	3	6e7e8453-a311-43ae-91a4-f2604951a69e	(None, 3)
66	4	6e7e8453-a311-43ae-91a4-f2604951a69e	(None, 0)
66	5	6e7e8453-a311-43ae-91a4-f2604951a69e	(None, 3)
66	6	6e7e8453-a311-43ae-91a4-f2604951a69e	((14, 21), 2)
66	7	6e7e8453-a311-43ae-91a4-f2604951a69e	(None, 0)
66	8	6e7e8453-a311-43ae-91a4-f2604951a69e	(None, 3)
66	9	6e7e8453-a311-43ae-91a4-f2604951a69e	(None, 2)
67	0	6e7e8453-a311-43ae-91a4-f2604951a69e	(None, 3)
67	1	6e7e8453-a311-43ae-91a4-f2604951a69e	(None, 0)
67	2	6e7e8453-a311-43ae-91a4-f2604951a69e	(None, 2)
67	3	6e7e8453-a311-43ae-91a4-f2604951a69e	(None, 3)
67	4	6e7e8453-a311-43ae-91a4-f2604951a69e	(None, 0)
67	5	6e7e8453-a311-43ae-91a4-f2604951a69e	(None, 3)
67	6	6e7e8453-a311-43ae-91a4-f2604951a69e	((15, 21), 2)
67	7	6e7e8453-a311-43ae-91a4-f2604951a69e	(None, 0)
67	8	6e7e8453-a311-43ae-91a4-f2604951a69e	(None, 3)
67	9	6e7e8453-a311-43ae-91a4-f2604951a69e	(None, 2)
68	0	6e7e8453-a311-43ae-91a4-f2604951a69e	(None, 3)
68	1	6e7e8453-a311-43ae-91a4-f2604951a69e	(None, 0)
68	2	6e7e8453-a311-43ae-91a4-f2604951a69e	(None, 2)
68	3	6e7e8453-a311-43ae-91a4-f2604951a69e	(None, 3)
68	4	6e7e8453-a311-43ae-91a4-f2604951a69e	(None, 0)
68	5	6e7e8453-a311-43ae-91a4-f2604951a69e	(None, 3)
68	6	6e7e8453-a311-43ae-91a4-f2604951a69e	(None, 2)
68	7	6e7e8453-a311-43ae-91a4-f2604951a69e	(None, 0)
68	8	6e7e8453-a311-43ae-91a4-f2604951a69e	(None, 3)
68	9	6e7e8453-a311-43ae-91a4-f2604951a69e	(None, 2)
